Customer_ID,Tenure_Months,Contract_Type,Monthly_Charges,Total_Support_Tickets,Login_Frequency_Days,Payment_Delay_Days,Segment,Churn,Tenure_Cohort
CUST_0001,52,Multi-Year,3720.032722995046,3,8.0,0,Enterprise,0,Loyal
CUST_0002,15,Monthly,3747.094367382621,2,23.0,5,SMB,1,Mid-Tenure
CUST_0003,61,Annual,1770.7869954762216,3,5.0,0,Enterprise,0,Loyal
CUST_0004,21,Annual,4258.879073863026,2,5.0,0,SMB,0,Mid-Tenure
CUST_0005,24,Monthly,1925.802246426485,3,27.0,0,SMB,0,Mid-Tenure
CUST_0006,3,Monthly,3762.91905793944,4,15.0,0,SMB,1,New
CUST_0007,22,Monthly,1044.498953804299,1,1.0,2,SMB,0,Mid-Tenure
CUST_0008,53,Monthly,1259.1573926168555,2,28.0,0,SMB,0,Loyal
CUST_0009,2,Monthly,1921.0804002871303,4,15.0,0,SMB,0,New
CUST_0010,30,Annual,3172.431954505377,3,2.0,0,Enterprise,0,Mid-Tenure
CUST_0011,38,Annual,3404.801684654147,0,21.0,0,SMB,0,Loyal
CUST_0012,2,Annual,2283.602773853637,4,29.0,0,Enterprise,0,New
CUST_0013,64,Multi-Year,850.2761889973132,3,15.0,0,SMB,0,Loyal
CUST_0014,60,Monthly,2181.355934417259,0,11.0,0,SMB,0,Loyal
CUST_0015,21,Monthly,3599.453821816182,2,2.0,0,SMB,1,Mid-Tenure
CUST_0016,33,Annual,2757.103924579053,3,10.0,0,Enterprise,0,Mid-Tenure
CUST_0017,58,Monthly,1220.8838594244924,3,10.0,2,Enterprise,0,Loyal
CUST_0018,22,Monthly,535.0278662103522,3,22.0,0,SMB,0,Mid-Tenure
CUST_0019,49,Monthly,3888.4172778325255,3,29.0,0,SMB,0,Loyal
CUST_0020,59,Monthly,978.6567487335967,4,15.0,0,SMB,0,Loyal
CUST_0021,42,Multi-Year,870.5711478392848,4,4.0,0,SMB,0,Loyal
CUST_0022,60,Monthly,512.1554757537356,3,19.0,0,SMB,0,Loyal
CUST_0023,15,Monthly,2446.705966806173,3,7.0,0,SMB,0,Mid-Tenure
CUST_0024,62,Monthly,2764.687554053665,6,10.0,0,SMB,1,Loyal
CUST_0025,62,Annual,3369.4882076686577,1,10.0,0,SMB,0,Loyal
CUST_0026,47,Monthly,1832.2872832066364,4,17.0,2,SMB,0,Loyal
CUST_0027,62,Annual,3696.9112237405097,1,18.0,2,SMB,0,Loyal
CUST_0028,51,Monthly,1261.993358331237,2,9.0,0,SMB,1,Loyal
CUST_0029,55,Monthly,4243.955238996563,4,27.0,0,SMB,0,Loyal
CUST_0030,64,Annual,3073.317480007005,1,3.0,0,SMB,0,Loyal
CUST_0031,3,Monthly,3127.504205174218,1,27.0,2,Enterprise,0,New
CUST_0032,51,Monthly,1443.9893620059865,1,9.0,10,SMB,1,Loyal
CUST_0033,7,Monthly,833.4893718517471,1,13.0,0,Enterprise,0,New
CUST_0034,21,Multi-Year,2591.2616138630215,3,5.0,0,SMB,0,Mid-Tenure
CUST_0035,39,Monthly,3270.2537836506153,2,4.0,2,Enterprise,0,Loyal
CUST_0036,18,Annual,927.7090639775852,6,14.0,2,SMB,1,Mid-Tenure
CUST_0037,4,Monthly,4777.40513537675,1,4.0,0,Enterprise,0,New
CUST_0038,60,Monthly,4911.864621047631,1,22.0,0,SMB,1,Loyal
CUST_0039,14,Monthly,2954.555129266214,2,23.0,0,SMB,0,Mid-Tenure
CUST_0040,9,Multi-Year,4775.311198730328,2,5.0,0,SMB,0,New
CUST_0041,53,Monthly,1307.5035691138387,3,29.0,0,SMB,0,Loyal
CUST_0042,2,Monthly,614.3930833078621,0,18.0,0,SMB,0,New
CUST_0043,60,Monthly,677.3429088067546,3,15.0,2,Enterprise,0,Loyal
CUST_0044,71,Monthly,3143.8061574205058,0,29.0,2,SMB,0,Loyal
CUST_0045,44,Monthly,777.3884754657058,1,16.0,2,SMB,0,Loyal
CUST_0046,8,Annual,4813.455230708392,4,13.0,0,Enterprise,0,New
CUST_0047,47,Monthly,1138.6994484172938,2,10.0,0,SMB,0,Loyal
CUST_0048,35,Monthly,1871.2526272384039,1,13.0,0,SMB,1,Mid-Tenure
CUST_0049,36,Annual,4201.330108992568,2,4.0,0,Enterprise,0,Mid-Tenure
CUST_0050,50,Monthly,1484.3314539684188,3,12.0,0,SMB,0,Loyal
CUST_0051,4,Monthly,1593.3580630455676,2,11.0,0,SMB,1,New
CUST_0052,2,Monthly,3390.390301059582,2,25.0,0,Enterprise,0,New
CUST_0053,6,Annual,1742.3873982016803,4,23.0,0,SMB,0,New
CUST_0054,54,Monthly,1478.5143530346513,3,18.0,0,SMB,0,Loyal
CUST_0055,4,Monthly,1643.7997143754587,2,9.0,0,SMB,0,New
CUST_0056,54,Monthly,2707.9137470332707,2,12.0,0,SMB,0,Loyal
CUST_0057,63,Annual,4847.44942729167,0,14.0,2,SMB,0,Loyal
CUST_0058,18,Monthly,4245.070737025528,3,19.0,0,Enterprise,0,Mid-Tenure
CUST_0059,44,Annual,1780.746190520797,3,12.0,0,Enterprise,0,Loyal
CUST_0060,34,Multi-Year,2135.17943824144,1,3.0,0,SMB,0,Mid-Tenure
CUST_0061,62,Annual,2590.3051272683483,4,21.0,2,SMB,0,Loyal
CUST_0062,14,Monthly,4905.183411576457,1,8.0,0,SMB,0,Mid-Tenure
CUST_0063,48,Monthly,1275.7571075107207,1,25.0,2,SMB,0,Loyal
CUST_0064,15,Monthly,2108.673965713473,2,18.0,0,Enterprise,0,Mid-Tenure
CUST_0065,62,Monthly,3782.417422922217,1,19.0,0,Enterprise,0,Loyal
CUST_0066,40,Monthly,4837.746804210245,4,21.0,10,Enterprise,1,Loyal
CUST_0067,53,Annual,1200.5384574390696,0,21.0,0,SMB,0,Loyal
CUST_0068,24,Monthly,1523.209793874556,3,6.0,0,SMB,1,Mid-Tenure
CUST_0069,26,Monthly,1515.626034756936,4,14.0,0,SMB,0,Mid-Tenure
CUST_0070,60,Annual,594.1941327143309,1,16.0,0,SMB,0,Loyal
CUST_0071,41,Annual,3218.5203124142727,3,13.0,0,SMB,0,Loyal
CUST_0072,29,Monthly,3518.163833656522,3,13.0,0,Enterprise,1,Mid-Tenure
CUST_0073,15,Multi-Year,3211.36650556364,3,8.0,0,SMB,0,Mid-Tenure
CUST_0074,45,Monthly,820.9534523576646,5,15.0,5,SMB,0,Loyal
CUST_0075,65,Annual,811.5355658553426,0,1.0,0,SMB,0,Loyal
CUST_0076,71,Annual,1446.7394952235582,5,13.0,0,Enterprise,0,Loyal
CUST_0077,9,Annual,1806.3253206451159,3,3.0,0,Enterprise,0,New
CUST_0078,1,Annual,4039.446451595213,1,2.0,0,SMB,0,New
CUST_0079,8,Monthly,1217.256195870145,1,2.0,0,Enterprise,0,New
CUST_0080,63,Monthly,698.4149737888946,3,10.0,0,SMB,0,Loyal
CUST_0081,11,Annual,2272.9437847087484,2,4.0,5,SMB,0,New
CUST_0082,8,Monthly,2373.7647656386416,1,15.0,0,SMB,1,New
CUST_0083,35,Multi-Year,2529.0830218502942,3,22.0,0,SMB,0,Mid-Tenure
CUST_0084,35,Monthly,4221.065948121359,7,28.0,0,SMB,0,Mid-Tenure
CUST_0085,33,Monthly,941.0243669192378,2,27.0,0,SMB,0,Mid-Tenure
CUST_0086,5,Monthly,3667.7393708988293,3,22.0,2,SMB,0,New
CUST_0087,41,Monthly,2020.7550697038084,2,29.0,0,SMB,0,Loyal
CUST_0088,28,Annual,1894.9106139596147,4,29.0,0,SMB,0,Mid-Tenure
CUST_0089,7,Annual,4696.444067386909,2,22.0,2,Enterprise,0,New
CUST_0090,12,Annual,1618.1083598753391,6,18.0,5,SMB,1,New
CUST_0091,34,Multi-Year,3391.3932590271484,6,8.0,0,SMB,0,Mid-Tenure
CUST_0092,33,Multi-Year,1738.0749081924143,5,21.0,2,SMB,0,Mid-Tenure
CUST_0093,48,Multi-Year,2782.147471881733,3,10.0,0,SMB,0,Loyal
CUST_0094,23,Monthly,4038.3180166832503,3,11.0,0,SMB,1,Mid-Tenure
CUST_0095,62,Annual,4467.751355823173,2,26.0,0,SMB,0,Loyal
CUST_0096,37,Monthly,4274.137581327726,3,25.0,0,SMB,0,Loyal
CUST_0097,44,Monthly,3119.813312650879,0,26.0,0,Enterprise,0,Loyal
CUST_0098,35,Annual,1619.6734190219995,1,7.0,0,SMB,0,Mid-Tenure
CUST_0099,65,Monthly,3475.550224678396,2,13.0,0,Enterprise,0,Loyal
CUST_0100,47,Monthly,3694.572706008236,1,29.0,0,SMB,1,Loyal
CUST_0101,3,Monthly,548.1139555107563,4,16.0,0,SMB,0,New
CUST_0102,1,Monthly,2476.4472991934354,3,19.0,2,SMB,0,New
CUST_0103,5,Multi-Year,4294.6791926979395,3,14.0,0,SMB,0,New
CUST_0104,14,Monthly,2703.1441830937133,4,14.0,0,SMB,0,Mid-Tenure
CUST_0105,27,Monthly,1901.189489734945,2,22.0,0,SMB,1,Mid-Tenure
CUST_0106,9,Monthly,4423.089969610983,7,11.0,0,SMB,0,New
CUST_0107,15,Monthly,1201.4631388841258,2,8.0,0,SMB,0,Mid-Tenure
CUST_0108,42,Multi-Year,1429.0035458729017,2,11.0,15,SMB,0,Loyal
CUST_0109,51,Monthly,3593.1756512126,1,18.0,0,SMB,0,Loyal
CUST_0110,63,Annual,2085.961736869587,4,11.0,2,SMB,0,Loyal
CUST_0111,52,Annual,3708.5757608020053,2,10.0,0,SMB,0,Loyal
CUST_0112,4,Multi-Year,1209.6662956677135,2,27.0,5,Enterprise,0,New
CUST_0113,23,Annual,1635.2109032038068,1,5.0,0,SMB,0,Mid-Tenure
CUST_0114,15,Multi-Year,1204.913202636351,1,7.0,5,SMB,0,Mid-Tenure
CUST_0115,43,Monthly,4788.096411035794,4,10.0,0,SMB,0,Loyal
CUST_0116,29,Monthly,2324.3178238291584,2,2.0,0,SMB,1,Mid-Tenure
CUST_0117,36,Monthly,2017.489594596017,3,15.0,0,SMB,0,Mid-Tenure
CUST_0118,13,Multi-Year,563.9097027684412,0,5.0,0,SMB,0,Mid-Tenure
CUST_0119,32,Monthly,1190.3791073489933,3,8.0,0,Enterprise,0,Mid-Tenure
CUST_0120,71,Monthly,2395.111353091248,0,8.0,0,SMB,0,Loyal
CUST_0121,59,Monthly,808.2625665735234,2,5.0,2,SMB,0,Loyal
CUST_0122,28,Monthly,2798.3269827779764,2,4.0,0,SMB,0,Mid-Tenure
CUST_0123,66,Monthly,2547.569473090015,2,0.0,0,SMB,0,Loyal
CUST_0124,42,Multi-Year,3952.2566315495837,2,2.0,0,SMB,0,Loyal
CUST_0125,45,Monthly,3469.112156301425,2,2.0,0,SMB,1,Loyal
CUST_0126,62,Annual,2506.762873942582,2,11.0,0,SMB,0,Loyal
CUST_0127,57,Annual,1510.9731504728215,1,3.0,0,SMB,0,Loyal
CUST_0128,6,Monthly,3770.8860470801283,1,20.0,0,SMB,0,New
CUST_0129,28,Monthly,3685.3794655439187,2,15.0,0,SMB,0,Mid-Tenure
CUST_0130,28,Monthly,1189.8327223192432,1,10.0,0,SMB,0,Mid-Tenure
CUST_0131,44,Monthly,4616.383241414313,4,7.0,5,Enterprise,0,Loyal
CUST_0132,30,Annual,789.8230220676943,2,28.0,0,SMB,0,Mid-Tenure
CUST_0133,62,Monthly,747.6696900172228,4,26.0,0,SMB,1,Loyal
CUST_0134,62,Monthly,1343.0768794809214,2,8.0,0,SMB,1,Loyal
CUST_0135,1,Annual,4592.5735912194705,1,27.0,0,Enterprise,1,New
CUST_0136,27,Multi-Year,2839.991558166148,2,29.0,0,SMB,0,Mid-Tenure
CUST_0137,62,Multi-Year,4045.7341430280503,7,13.0,15,SMB,1,Loyal
CUST_0138,3,Multi-Year,1525.2943463442527,1,22.0,15,SMB,1,New
CUST_0139,70,Annual,2705.9988859418336,7,28.0,0,SMB,0,Loyal
CUST_0140,27,Monthly,2112.30258630747,1,25.0,0,SMB,0,Mid-Tenure
CUST_0141,9,Annual,4225.228731797867,4,21.0,5,SMB,0,New
CUST_0142,62,Monthly,601.7199771165198,2,14.0,0,SMB,0,Loyal
CUST_0143,37,Annual,1597.292284847474,2,18.0,0,Enterprise,0,Loyal
CUST_0144,51,Annual,1186.5840093607044,3,8.0,0,Enterprise,0,Loyal
CUST_0145,44,Monthly,4366.350674247062,5,25.0,0,SMB,0,Loyal
CUST_0146,24,Annual,2603.9473236219455,5,16.0,15,SMB,1,Mid-Tenure
CUST_0147,59,Multi-Year,2318.990197519473,1,8.0,2,Enterprise,0,Loyal
CUST_0148,32,Monthly,2522.6724294548594,3,2.0,0,Enterprise,0,Mid-Tenure
CUST_0149,52,Multi-Year,4873.660478160508,2,24.0,2,Enterprise,0,Loyal
CUST_0150,62,Monthly,4326.2032745116585,4,15.0,0,SMB,0,Loyal
CUST_0151,58,Annual,3678.659473326384,3,12.0,5,SMB,0,Loyal
CUST_0152,52,Monthly,1807.1553165046457,0,25.0,0,SMB,0,Loyal
CUST_0153,12,Annual,1243.278497833015,2,16.0,0,Enterprise,0,New
CUST_0154,39,Multi-Year,4646.45133061004,3,23.0,0,SMB,0,Loyal
CUST_0155,2,Multi-Year,2403.839852584173,3,21.0,0,SMB,0,New
CUST_0156,3,Annual,1754.4010976088312,5,29.0,0,SMB,1,New
CUST_0157,56,Monthly,2619.1437188793593,0,24.0,0,SMB,0,Loyal
CUST_0158,59,Multi-Year,4630.313402691585,6,3.0,15,Enterprise,1,Loyal
CUST_0159,2,Monthly,2241.8029102608193,2,27.0,5,SMB,1,New
CUST_0160,2,Multi-Year,3031.8844876164476,2,20.0,0,SMB,0,New
CUST_0161,54,Monthly,4113.34835498855,3,21.0,5,Enterprise,1,Loyal
CUST_0162,1,Monthly,2422.0963897177608,4,27.0,10,SMB,1,New
CUST_0163,19,Annual,1550.9381086686574,0,8.0,0,Enterprise,0,Mid-Tenure
CUST_0164,2,Monthly,4975.365867723651,4,21.0,0,SMB,0,New
CUST_0165,53,Monthly,4804.568858534718,2,8.0,5,SMB,0,Loyal
CUST_0166,44,Monthly,4295.6562610648125,4,17.0,0,SMB,0,Loyal
CUST_0167,32,Monthly,3597.6824572366513,1,13.0,0,SMB,0,Mid-Tenure
CUST_0168,70,Monthly,1826.8953263136364,2,19.0,0,SMB,0,Loyal
CUST_0169,32,Monthly,4610.3582217381445,2,2.0,0,Enterprise,0,Mid-Tenure
CUST_0170,68,Monthly,1740.0050155455294,0,3.0,10,SMB,0,Loyal
CUST_0171,55,Monthly,4103.642726045746,1,0.0,0,SMB,0,Loyal
CUST_0172,56,Annual,4632.161755735879,3,17.0,5,Enterprise,0,Loyal
CUST_0173,17,Monthly,3213.5172819346017,3,3.0,2,SMB,0,Mid-Tenure
CUST_0174,38,Multi-Year,4113.752980510305,1,9.0,0,SMB,0,Loyal
CUST_0175,24,Multi-Year,4062.62794640786,2,3.0,2,SMB,0,Mid-Tenure
CUST_0176,69,Monthly,1369.2098800444096,1,20.0,0,SMB,0,Loyal
CUST_0177,70,Annual,3505.660131182381,3,24.0,0,SMB,0,Loyal
CUST_0178,11,Multi-Year,920.605716069996,3,16.0,2,Enterprise,1,New
CUST_0179,16,Multi-Year,2785.325644118666,1,7.0,0,SMB,0,Mid-Tenure
CUST_0180,59,Annual,1230.0599666325988,3,18.0,2,SMB,0,Loyal
CUST_0181,70,Monthly,2373.5727445839425,0,8.0,0,SMB,0,Loyal
CUST_0182,3,Annual,4248.41933614297,2,15.0,2,SMB,0,New
CUST_0183,20,Annual,4942.25527833592,4,26.0,0,SMB,0,Mid-Tenure
CUST_0184,59,Annual,1930.8192424682798,2,23.0,0,SMB,0,Loyal
CUST_0185,36,Monthly,2893.800644524295,3,23.0,0,Enterprise,1,Mid-Tenure
CUST_0186,19,Multi-Year,2800.8411096671985,3,24.0,0,SMB,0,Mid-Tenure
CUST_0187,67,Multi-Year,4794.806794239797,2,14.0,0,SMB,0,Loyal
CUST_0188,19,Monthly,2653.626795947481,3,19.0,0,Enterprise,1,Mid-Tenure
CUST_0189,20,Monthly,3645.97792429864,1,15.0,0,SMB,0,Mid-Tenure
CUST_0190,71,Monthly,4648.051548988367,1,27.0,0,SMB,0,Loyal
CUST_0191,52,Multi-Year,2180.20351791578,2,20.0,0,Enterprise,0,Loyal
CUST_0192,33,Annual,4559.5500721042445,4,11.0,0,SMB,0,Mid-Tenure
CUST_0193,40,Annual,4628.552998509561,5,22.0,10,SMB,0,Loyal
CUST_0194,39,Monthly,4687.981267852088,4,17.0,10,SMB,1,Loyal
CUST_0195,1,Annual,1717.0078346214189,2,6.0,0,Enterprise,0,New
CUST_0196,11,Monthly,2301.6001742148133,2,15.0,0,SMB,0,New
CUST_0197,57,Monthly,4416.781587015659,0,27.0,0,Enterprise,0,Loyal
CUST_0198,50,Annual,2116.2282092618843,1,18.0,0,SMB,0,Loyal
CUST_0199,23,Multi-Year,3201.138648200773,4,5.0,0,Enterprise,0,Mid-Tenure
CUST_0200,31,Multi-Year,1031.2452826702338,2,28.0,0,SMB,0,Mid-Tenure
CUST_0201,42,Multi-Year,753.2374465005835,4,5.0,0,SMB,0,Loyal
CUST_0202,7,Monthly,2353.9729527147765,1,5.0,0,SMB,0,New
CUST_0203,16,Monthly,3105.1243966672287,4,25.0,0,SMB,1,Mid-Tenure
CUST_0204,60,Annual,2267.146010115236,5,14.0,0,SMB,0,Loyal
CUST_0205,2,Multi-Year,3099.8109657237887,3,1.0,5,SMB,0,New
CUST_0206,1,Monthly,2817.8796927730327,1,8.0,5,Enterprise,0,New
CUST_0207,48,Monthly,3585.6825317873413,2,7.0,5,SMB,0,Loyal
CUST_0208,12,Monthly,3422.895939794254,1,6.0,0,Enterprise,0,New
CUST_0209,69,Annual,2409.1056644296104,2,26.0,0,SMB,0,Loyal
CUST_0210,37,Monthly,2412.4785818893847,2,29.0,0,SMB,0,Loyal
CUST_0211,32,Monthly,1133.502530055044,5,27.0,0,Enterprise,0,Mid-Tenure
CUST_0212,9,Monthly,2809.5735744340664,1,27.0,0,Enterprise,0,New
CUST_0213,19,Monthly,3142.306076610635,0,15.0,5,SMB,1,Mid-Tenure
CUST_0214,48,Multi-Year,2644.202288092218,2,14.0,15,SMB,0,Loyal
CUST_0215,3,Monthly,1965.6830078914954,3,8.0,2,SMB,1,New
CUST_0216,20,Annual,3747.4184491328115,2,19.0,2,SMB,0,Mid-Tenure
CUST_0217,24,Annual,835.9774009035083,3,14.0,0,SMB,0,Mid-Tenure
CUST_0218,54,Multi-Year,4614.9816638932125,1,1.0,2,SMB,0,Loyal
CUST_0219,33,Monthly,592.8954779560697,3,19.0,10,SMB,1,Mid-Tenure
CUST_0220,24,Multi-Year,4830.575600472251,4,13.0,0,SMB,0,Mid-Tenure
CUST_0221,36,Annual,2580.600204205981,0,27.0,0,SMB,0,Mid-Tenure
CUST_0222,38,Multi-Year,2357.0147480159353,3,25.0,0,SMB,0,Loyal
CUST_0223,25,Multi-Year,1653.9980785843466,9,10.0,0,Enterprise,0,Mid-Tenure
CUST_0224,18,Monthly,545.3201067452743,3,29.0,0,SMB,0,Mid-Tenure
CUST_0225,66,Monthly,1736.5561898980989,3,2.0,5,SMB,0,Loyal
CUST_0226,54,Monthly,992.2996645715027,2,1.0,0,Enterprise,1,Loyal
CUST_0227,35,Annual,3469.193792120276,5,17.0,0,SMB,0,Mid-Tenure
CUST_0228,61,Monthly,1935.837375443268,1,13.0,0,SMB,0,Loyal
CUST_0229,41,Monthly,3952.306977816477,4,23.0,0,SMB,0,Loyal
CUST_0230,33,Monthly,1431.122843057526,0,28.0,0,SMB,1,Mid-Tenure
CUST_0231,68,Monthly,4551.056858444493,6,4.0,2,SMB,1,Loyal
CUST_0232,33,Monthly,2853.4168179762464,2,11.0,0,Enterprise,1,Mid-Tenure
CUST_0233,14,Monthly,1015.2778841104164,1,13.0,10,Enterprise,1,Mid-Tenure
CUST_0234,21,Monthly,2303.803560440655,2,5.0,0,SMB,0,Mid-Tenure
CUST_0235,48,Monthly,1430.4223583139274,2,7.0,0,SMB,0,Loyal
CUST_0236,20,Monthly,1398.5844177568065,4,6.0,5,SMB,0,Mid-Tenure
CUST_0237,8,Monthly,2778.6638194349403,4,6.0,15,SMB,1,New
CUST_0238,7,Multi-Year,3523.5140703636766,1,11.0,0,Enterprise,0,New
CUST_0239,67,Annual,4602.281924765427,4,28.0,2,SMB,0,Loyal
CUST_0240,17,Monthly,2759.7290484364403,3,6.0,0,SMB,0,Mid-Tenure
CUST_0241,33,Monthly,4846.2744877624855,2,11.0,0,SMB,0,Mid-Tenure
CUST_0242,48,Multi-Year,4737.3568343301595,2,26.0,0,SMB,0,Loyal
CUST_0243,59,Multi-Year,4392.781384929622,2,15.0,0,Enterprise,0,Loyal
CUST_0244,22,Multi-Year,2749.8976923308837,1,26.0,0,SMB,0,Mid-Tenure
CUST_0245,30,Annual,1134.0677465959259,2,6.0,0,SMB,0,Mid-Tenure
CUST_0246,38,Monthly,1480.570114169232,2,7.0,0,SMB,0,Loyal
CUST_0247,51,Monthly,3414.5150122038904,2,0.0,0,SMB,0,Loyal
CUST_0248,54,Monthly,2397.897411278883,2,12.0,0,SMB,0,Loyal
CUST_0249,8,Multi-Year,1160.607342892984,2,18.0,2,Enterprise,0,New
CUST_0250,27,Annual,2655.472701376897,4,0.0,0,SMB,0,Mid-Tenure
CUST_0251,27,Annual,578.4374547592066,2,23.0,0,SMB,0,Mid-Tenure
CUST_0252,21,Monthly,3802.5291690481695,1,17.0,15,Enterprise,1,Mid-Tenure
CUST_0253,30,Multi-Year,831.1158252036089,1,6.0,0,SMB,0,Mid-Tenure
CUST_0254,28,Monthly,3331.0112896045357,1,21.0,0,SMB,1,Mid-Tenure
CUST_0255,64,Monthly,4068.5463843151974,3,26.0,0,SMB,0,Loyal
CUST_0256,69,Monthly,1096.8974350428448,0,16.0,0,SMB,0,Loyal
CUST_0257,61,Annual,2833.8741079970564,2,27.0,0,SMB,0,Loyal
CUST_0258,48,Monthly,4005.803814617613,3,14.0,2,SMB,0,Loyal
CUST_0259,19,Multi-Year,1672.8505464065063,4,21.0,0,SMB,0,Mid-Tenure
CUST_0260,4,Monthly,1233.124668507286,4,24.0,0,SMB,1,New
CUST_0261,35,Annual,2015.6859993535559,2,18.0,0,SMB,0,Mid-Tenure
CUST_0262,64,Annual,2996.146294624921,4,27.0,0,SMB,0,Loyal
CUST_0263,49,Monthly,3088.758176846375,3,22.0,2,SMB,0,Loyal
CUST_0264,17,Multi-Year,1088.9435005595915,7,3.0,5,Enterprise,0,Mid-Tenure
CUST_0265,44,Annual,2559.0598145328727,3,16.0,0,Enterprise,0,Loyal
CUST_0266,30,Annual,1707.2698799276952,1,6.0,2,SMB,1,Mid-Tenure
CUST_0267,46,Multi-Year,4289.108981292278,1,15.0,2,Enterprise,0,Loyal
CUST_0268,6,Annual,1911.0880942881383,3,16.0,0,SMB,0,New
CUST_0269,37,Monthly,4274.170360402368,1,26.0,10,Enterprise,0,Loyal
CUST_0270,24,Annual,2428.5407567080647,3,19.0,5,SMB,0,Mid-Tenure
CUST_0271,46,Monthly,3769.63594621904,2,28.0,0,SMB,0,Loyal
CUST_0272,53,Monthly,2795.2710284486466,1,14.0,0,Enterprise,0,Loyal
CUST_0273,60,Monthly,3298.8318085893943,0,8.0,2,Enterprise,0,Loyal
CUST_0274,63,Annual,2279.1042988762238,1,20.0,0,SMB,0,Loyal
CUST_0275,32,Annual,3956.930455133708,1,22.0,5,Enterprise,0,Mid-Tenure
CUST_0276,33,Monthly,2413.3522260814625,0,12.0,0,SMB,0,Mid-Tenure
CUST_0277,67,Annual,2558.5774096361984,1,6.0,0,SMB,0,Loyal
CUST_0278,18,Multi-Year,2829.5540070393076,3,27.0,0,SMB,0,Mid-Tenure
CUST_0279,25,Monthly,4243.208532736926,1,18.0,0,SMB,0,Mid-Tenure
CUST_0280,54,Monthly,3467.205178706592,1,28.0,0,Enterprise,0,Loyal
CUST_0281,58,Annual,2071.221739545874,3,10.0,2,Enterprise,0,Loyal
CUST_0282,67,Monthly,3516.4383529169427,1,7.0,0,SMB,0,Loyal
CUST_0283,46,Annual,3390.9195785385978,3,16.0,0,SMB,0,Loyal
CUST_0284,24,Monthly,4689.586741458669,7,3.0,0,SMB,0,Mid-Tenure
CUST_0285,32,Monthly,4286.373962114075,3,25.0,0,SMB,0,Mid-Tenure
CUST_0286,47,Annual,3413.5111568806165,3,3.0,2,SMB,0,Loyal
CUST_0287,23,Annual,2036.7819980781962,2,17.0,2,SMB,0,Mid-Tenure
CUST_0288,66,Multi-Year,4008.094019875713,1,21.0,0,SMB,0,Loyal
CUST_0289,27,Multi-Year,3088.4373187826045,8,16.0,0,Enterprise,0,Mid-Tenure
CUST_0290,2,Annual,4933.714946454057,4,2.0,0,SMB,0,New
CUST_0291,17,Annual,1613.7775785641181,2,8.0,0,SMB,0,Mid-Tenure
CUST_0292,33,Monthly,858.4512841889913,3,27.0,2,Enterprise,1,Mid-Tenure
CUST_0293,9,Annual,814.5131534957645,1,25.0,0,SMB,0,New
CUST_0294,43,Monthly,3380.1367475825614,1,5.0,0,SMB,0,Loyal
CUST_0295,48,Multi-Year,4726.6710301018575,1,1.0,0,SMB,0,Loyal
CUST_0296,39,Monthly,508.69361431177333,1,27.0,10,SMB,0,Loyal
CUST_0297,42,Annual,3765.9697113099983,4,11.0,15,Enterprise,0,Loyal
CUST_0298,26,Monthly,3456.7933213982546,3,14.0,10,SMB,1,Mid-Tenure
CUST_0299,50,Annual,3795.368864987596,2,8.0,2,Enterprise,0,Loyal
CUST_0300,25,Multi-Year,2099.32433043051,2,28.0,2,SMB,0,Mid-Tenure
CUST_0301,24,Monthly,4192.234000960349,4,1.0,2,SMB,0,Mid-Tenure
CUST_0302,13,Multi-Year,701.1811913848787,3,11.0,5,SMB,0,Mid-Tenure
CUST_0303,60,Monthly,3899.439952799124,2,15.0,10,Enterprise,1,Loyal
CUST_0304,7,Annual,1701.8237360708947,4,6.0,0,SMB,1,New
CUST_0305,57,Multi-Year,2645.769986861322,3,0.0,0,SMB,0,Loyal
CUST_0306,36,Monthly,4201.863222007492,3,20.0,0,SMB,0,Mid-Tenure
CUST_0307,45,Multi-Year,1721.1156583601166,5,6.0,0,SMB,0,Loyal
CUST_0308,20,Monthly,1333.4338023975206,1,2.0,2,SMB,0,Mid-Tenure
CUST_0309,65,Monthly,3565.909334065479,2,19.0,5,SMB,0,Loyal
CUST_0310,8,Multi-Year,2900.2770117806203,4,4.0,0,Enterprise,0,New
CUST_0311,16,Monthly,2814.81740935783,5,2.0,0,Enterprise,1,Mid-Tenure
CUST_0312,14,Multi-Year,1655.4628199206093,1,14.0,15,SMB,0,Mid-Tenure
CUST_0313,15,Multi-Year,656.9613761901245,5,5.0,0,SMB,1,Mid-Tenure
CUST_0314,66,Monthly,2346.2111224927257,3,14.0,0,SMB,0,Loyal
CUST_0315,32,Annual,979.5176621049559,3,2.0,2,SMB,0,Mid-Tenure
CUST_0316,63,Monthly,4576.95117792141,1,23.0,0,SMB,0,Loyal
CUST_0317,51,Monthly,685.6264556227874,3,22.0,0,SMB,0,Loyal
CUST_0318,25,Monthly,2442.4288438297162,4,0.0,0,Enterprise,0,Mid-Tenure
CUST_0319,58,Monthly,735.1051266537254,1,1.0,0,SMB,1,Loyal
CUST_0320,63,Monthly,929.9474355414484,3,3.0,0,SMB,0,Loyal
CUST_0321,62,Monthly,3464.900001149099,5,20.0,0,Enterprise,0,Loyal
CUST_0322,22,Multi-Year,3412.0006743834256,0,13.0,0,Enterprise,0,Mid-Tenure
CUST_0323,58,Multi-Year,648.734876957479,1,13.0,0,SMB,0,Loyal
CUST_0324,58,Annual,505.0916380439159,1,26.0,2,SMB,1,Loyal
CUST_0325,49,Annual,854.681347592528,2,29.0,0,SMB,0,Loyal
CUST_0326,52,Multi-Year,3933.4950397037396,3,9.0,0,SMB,0,Loyal
CUST_0327,42,Monthly,3130.594127381782,2,10.0,0,Enterprise,1,Loyal
CUST_0328,70,Annual,671.5321033482122,0,3.0,0,Enterprise,0,Loyal
CUST_0329,15,Multi-Year,2696.436571427723,2,14.0,0,Enterprise,0,Mid-Tenure
CUST_0330,54,Monthly,3704.1321067450313,5,19.0,0,SMB,0,Loyal
CUST_0331,60,Annual,4410.281275703628,5,29.0,10,SMB,0,Loyal
CUST_0332,8,Multi-Year,4703.164207965548,3,24.0,5,SMB,0,New
CUST_0333,53,Multi-Year,1973.4825332932999,4,3.0,0,SMB,0,Loyal
CUST_0334,60,Annual,1111.2459278596957,3,19.0,0,SMB,0,Loyal
CUST_0335,5,Monthly,1566.1666432915135,2,19.0,0,SMB,1,New
CUST_0336,68,Monthly,3992.7717141810067,2,15.0,0,SMB,0,Loyal
CUST_0337,6,Monthly,4871.678967690398,2,1.0,2,SMB,0,New
CUST_0338,47,Annual,2598.7712781217124,2,12.0,0,SMB,0,Loyal
CUST_0339,55,Monthly,1874.089460965054,4,7.0,2,SMB,0,Loyal
CUST_0340,40,Multi-Year,2431.357618820155,1,12.0,10,SMB,1,Loyal
CUST_0341,52,Monthly,1871.659150903096,3,29.0,0,SMB,0,Loyal
CUST_0342,16,Monthly,1654.1938544321943,0,19.0,0,SMB,0,Mid-Tenure
CUST_0343,13,Monthly,3171.878385832308,4,20.0,0,Enterprise,1,Mid-Tenure
CUST_0344,30,Annual,570.8119116809498,5,7.0,0,SMB,1,Mid-Tenure
CUST_0345,19,Monthly,1667.9851189924468,4,29.0,5,Enterprise,1,Mid-Tenure
CUST_0346,17,Monthly,3476.2193503024505,4,3.0,0,Enterprise,0,Mid-Tenure
CUST_0347,63,Monthly,644.2821333806226,2,4.0,0,SMB,0,Loyal
CUST_0348,19,Monthly,874.4081742902074,2,20.0,2,SMB,0,Mid-Tenure
CUST_0349,58,Monthly,1820.2826515360316,3,5.0,0,SMB,0,Loyal
CUST_0350,55,Multi-Year,4450.121593740432,3,22.0,0,SMB,0,Loyal
CUST_0351,62,Annual,3941.987720743833,2,18.0,0,SMB,0,Loyal
CUST_0352,23,Monthly,599.7048323730959,2,29.0,0,Enterprise,1,Mid-Tenure
CUST_0353,9,Multi-Year,2757.7076750982133,1,9.0,0,SMB,0,New
CUST_0354,12,Multi-Year,1736.0937229433755,2,26.0,0,Enterprise,0,New
CUST_0355,1,Annual,3418.905465779283,3,2.0,0,Enterprise,0,New
CUST_0356,58,Annual,3746.9924716705755,2,12.0,0,SMB,0,Loyal
CUST_0357,1,Multi-Year,4382.881597081771,2,8.0,0,SMB,0,New
CUST_0358,34,Multi-Year,2639.373066968064,3,16.0,10,SMB,1,Mid-Tenure
CUST_0359,48,Annual,4975.02539845513,3,9.0,0,SMB,0,Loyal
CUST_0360,1,Monthly,4909.937482791992,3,11.0,0,SMB,0,New
CUST_0361,16,Annual,4469.750260119649,4,12.0,10,Enterprise,0,Mid-Tenure
CUST_0362,61,Annual,3086.9127282113186,1,23.0,15,SMB,1,Loyal
CUST_0363,64,Monthly,2291.0289687671675,2,9.0,2,SMB,0,Loyal
CUST_0364,63,Monthly,2139.7383956290323,2,18.0,0,Enterprise,1,Loyal
CUST_0365,69,Multi-Year,554.5613753948518,3,20.0,0,SMB,0,Loyal
CUST_0366,22,Annual,1621.2852375906493,4,18.0,0,SMB,0,Mid-Tenure
CUST_0367,67,Monthly,3734.637057271241,2,25.0,2,SMB,0,Loyal
CUST_0368,26,Annual,3216.3444495187996,1,16.0,0,SMB,0,Mid-Tenure
CUST_0369,16,Monthly,4623.899851253901,3,25.0,0,Enterprise,0,Mid-Tenure
CUST_0370,51,Monthly,725.1002011245104,5,29.0,0,Enterprise,1,Loyal
CUST_0371,57,Annual,1198.7447142979877,6,4.0,0,SMB,0,Loyal
CUST_0372,29,Monthly,4051.597052084586,1,7.0,0,SMB,0,Mid-Tenure
CUST_0373,69,Monthly,2113.284340379002,1,4.0,2,SMB,0,Loyal
CUST_0374,47,Multi-Year,1032.5540017304506,3,14.0,2,SMB,0,Loyal
CUST_0375,62,Monthly,4984.027272950401,3,3.0,0,SMB,0,Loyal
CUST_0376,69,Monthly,4042.626362012133,1,24.0,5,SMB,0,Loyal
CUST_0377,16,Multi-Year,2339.334665411551,3,12.0,0,SMB,1,Mid-Tenure
CUST_0378,48,Annual,4205.063646257631,2,16.0,0,Enterprise,0,Loyal
CUST_0379,39,Annual,3562.71741553619,5,4.0,0,SMB,0,Loyal
CUST_0380,33,Multi-Year,4054.88641806425,4,0.0,0,SMB,0,Mid-Tenure
CUST_0381,23,Monthly,4168.428699045424,3,21.0,0,Enterprise,0,Mid-Tenure
CUST_0382,10,Annual,881.2790748064306,0,14.0,0,SMB,1,New
CUST_0383,69,Annual,3303.3779945964307,3,9.0,10,SMB,0,Loyal
CUST_0384,34,Multi-Year,530.5349883957242,5,24.0,5,SMB,0,Mid-Tenure
CUST_0385,52,Annual,695.5531083552678,3,10.0,0,Enterprise,0,Loyal
CUST_0386,10,Annual,4567.910040751283,1,29.0,0,SMB,0,New
CUST_0387,19,Monthly,2874.036746105625,2,17.0,0,SMB,0,Mid-Tenure
CUST_0388,58,Monthly,3811.5589364083617,4,28.0,0,SMB,0,Loyal
CUST_0389,1,Annual,4273.2544569941565,2,12.0,0,Enterprise,0,New
CUST_0390,69,Annual,4773.140454040633,4,19.0,0,SMB,0,Loyal
CUST_0391,4,Annual,4412.087815652581,2,23.0,0,SMB,0,New
CUST_0392,16,Monthly,2674.9015191378226,2,29.0,0,SMB,1,Mid-Tenure
CUST_0393,24,Annual,2011.8663832123016,2,15.0,0,SMB,0,Mid-Tenure
CUST_0394,2,Annual,1195.2195629271719,0,18.0,2,Enterprise,0,New
CUST_0395,32,Multi-Year,2301.44667119276,3,29.0,2,SMB,0,Mid-Tenure
CUST_0396,24,Annual,2149.2211062252354,2,22.0,0,SMB,0,Mid-Tenure
CUST_0397,12,Multi-Year,3018.08678880143,1,11.0,0,Enterprise,0,New
CUST_0398,50,Multi-Year,3494.7923394074605,4,22.0,5,Enterprise,0,Loyal
CUST_0399,35,Annual,4902.464644002714,2,13.0,0,SMB,0,Mid-Tenure
CUST_0400,33,Annual,3777.737837453296,3,1.0,0,SMB,0,Mid-Tenure
CUST_0401,33,Multi-Year,3396.868395993155,0,27.0,0,SMB,0,Mid-Tenure
CUST_0402,61,Annual,2007.9159542075415,3,9.0,0,Enterprise,0,Loyal
CUST_0403,51,Multi-Year,655.2674442424669,3,3.0,0,Enterprise,0,Loyal
CUST_0404,43,Annual,1796.563079846113,4,0.0,0,SMB,0,Loyal
CUST_0405,12,Annual,3958.0155520682797,2,23.0,0,Enterprise,0,New
CUST_0406,67,Monthly,1423.7237336171079,2,25.0,2,Enterprise,0,Loyal
CUST_0407,65,Monthly,3704.8468715335152,1,25.0,0,Enterprise,0,Loyal
CUST_0408,33,Multi-Year,3109.0092915623713,5,24.0,0,SMB,0,Mid-Tenure
CUST_0409,40,Annual,1273.355913877092,1,16.0,0,Enterprise,0,Loyal
CUST_0410,43,Annual,1677.3116283132347,1,10.0,0,Enterprise,0,Loyal
CUST_0411,44,Multi-Year,2733.366215689144,4,6.0,0,SMB,0,Loyal
CUST_0412,29,Annual,2382.6861729853135,0,16.0,0,Enterprise,0,Mid-Tenure
CUST_0413,13,Annual,4003.537313960418,2,27.0,0,SMB,0,Mid-Tenure
CUST_0414,12,Annual,3804.8208914446113,2,16.0,0,SMB,0,New
CUST_0415,46,Annual,3085.585265628577,2,8.0,2,Enterprise,0,Loyal
CUST_0416,2,Monthly,4200.236201628163,0,9.0,2,SMB,1,New
CUST_0417,35,Monthly,3032.012933079389,1,25.0,0,Enterprise,0,Mid-Tenure
CUST_0418,8,Monthly,4839.75165495767,2,5.0,0,SMB,0,New
CUST_0419,26,Monthly,1477.5084461798665,2,16.0,10,SMB,1,Mid-Tenure
CUST_0420,34,Annual,3713.5939712096874,3,15.0,0,SMB,0,Mid-Tenure
CUST_0421,7,Monthly,2164.748594245106,1,6.0,5,SMB,1,New
CUST_0422,68,Monthly,1755.3478748908724,2,18.0,0,SMB,0,Loyal
CUST_0423,58,Monthly,1311.743641854708,1,25.0,0,SMB,0,Loyal
CUST_0424,29,Monthly,2986.2656431769474,5,3.0,0,SMB,0,Mid-Tenure
CUST_0425,36,Annual,1469.6124473714508,1,29.0,2,SMB,0,Mid-Tenure
CUST_0426,21,Multi-Year,1401.5788315178265,1,19.0,0,Enterprise,0,Mid-Tenure
CUST_0427,36,Annual,4957.39357287718,1,23.0,2,SMB,0,Mid-Tenure
CUST_0428,10,Monthly,4107.863375805924,2,16.0,2,SMB,0,New
CUST_0429,24,Monthly,3867.2456911446893,1,23.0,0,SMB,0,Mid-Tenure
CUST_0430,64,Monthly,4073.272816472397,1,8.0,0,SMB,0,Loyal
CUST_0431,49,Annual,4860.152931734341,1,10.0,0,Enterprise,0,Loyal
CUST_0432,36,Monthly,3079.745099389416,1,22.0,0,SMB,1,Mid-Tenure
CUST_0433,24,Annual,1491.0974483128725,4,0.0,5,SMB,0,Mid-Tenure
CUST_0434,23,Monthly,4379.9433833895755,2,6.0,0,SMB,1,Mid-Tenure
CUST_0435,62,Multi-Year,3842.288282543406,2,21.0,0,SMB,0,Loyal
CUST_0436,37,Monthly,2364.3874055037786,2,4.0,0,SMB,0,Loyal
CUST_0437,12,Monthly,2631.0627435859087,0,4.0,5,Enterprise,0,New
CUST_0438,55,Multi-Year,2350.635793154911,3,0.0,0,SMB,0,Loyal
CUST_0439,13,Monthly,4684.739721030519,0,5.0,15,SMB,1,Mid-Tenure
CUST_0440,23,Monthly,2045.8922517423237,3,12.0,2,SMB,0,Mid-Tenure
CUST_0441,30,Annual,4835.679253952776,4,14.0,5,Enterprise,0,Mid-Tenure
CUST_0442,17,Annual,4596.222970642774,3,3.0,0,Enterprise,0,Mid-Tenure
CUST_0443,62,Annual,3337.34514011678,3,29.0,0,SMB,0,Loyal
CUST_0444,13,Monthly,3109.197978950336,6,29.0,0,SMB,0,Mid-Tenure
CUST_0445,59,Monthly,2165.401760314869,3,16.0,0,SMB,0,Loyal
CUST_0446,19,Monthly,582.5227505479245,0,27.0,2,SMB,1,Mid-Tenure
CUST_0447,49,Monthly,1074.3043380698896,5,23.0,0,SMB,1,Loyal
CUST_0448,12,Multi-Year,3894.040955072969,2,23.0,0,Enterprise,1,New
CUST_0449,61,Annual,2621.9305696467436,2,27.0,0,Enterprise,0,Loyal
CUST_0450,19,Monthly,1174.2716038458566,2,12.0,0,Enterprise,1,Mid-Tenure
CUST_0451,9,Annual,1687.8238435934195,1,10.0,0,SMB,0,New
CUST_0452,71,Monthly,4765.266049311499,3,3.0,0,Enterprise,0,Loyal
CUST_0453,28,Multi-Year,2152.0977588961928,1,28.0,0,SMB,0,Mid-Tenure
CUST_0454,52,Monthly,4584.56875348619,1,6.0,0,SMB,0,Loyal
CUST_0455,16,Monthly,1870.861245321095,6,18.0,0,SMB,0,Mid-Tenure
CUST_0456,69,Annual,2944.490424652224,0,23.0,0,SMB,0,Loyal
CUST_0457,12,Annual,592.1468751298905,2,6.0,0,Enterprise,0,New
CUST_0458,25,Annual,2848.437996681096,1,13.0,2,SMB,0,Mid-Tenure
CUST_0459,52,Monthly,3366.239047747836,2,20.0,2,SMB,0,Loyal
CUST_0460,53,Monthly,1554.3729470173007,5,15.0,0,SMB,0,Loyal
CUST_0461,23,Monthly,3105.2172929241065,1,20.0,0,Enterprise,0,Mid-Tenure
CUST_0462,16,Monthly,3412.254974229435,2,8.0,0,Enterprise,0,Mid-Tenure
CUST_0463,57,Multi-Year,3590.9873527179043,5,21.0,5,SMB,0,Loyal
CUST_0464,39,Monthly,3993.8149490994642,4,21.0,2,SMB,0,Loyal
CUST_0465,53,Monthly,1901.0265931823742,1,1.0,0,Enterprise,0,Loyal
CUST_0466,42,Annual,3054.996303943452,4,26.0,5,SMB,0,Loyal
CUST_0467,58,Monthly,4917.105633940675,3,15.0,0,Enterprise,1,Loyal
CUST_0468,39,Annual,4541.648767993207,3,4.0,0,Enterprise,0,Loyal
CUST_0469,14,Multi-Year,4786.9944264426495,1,11.0,10,SMB,0,Mid-Tenure
CUST_0470,5,Monthly,2237.6137933785712,6,19.0,0,Enterprise,0,New
CUST_0471,35,Multi-Year,4041.1764765349776,3,25.0,0,SMB,0,Mid-Tenure
CUST_0472,18,Annual,3289.540782921565,3,14.0,2,Enterprise,0,Mid-Tenure
CUST_0473,9,Monthly,872.307873780085,2,2.0,0,SMB,0,New
CUST_0474,58,Monthly,4207.911751206794,5,8.0,5,Enterprise,1,Loyal
CUST_0475,17,Monthly,3546.955743608141,0,26.0,0,Enterprise,0,Mid-Tenure
CUST_0476,7,Annual,1395.1281178187005,3,27.0,0,SMB,1,New
CUST_0477,46,Annual,858.8235084325761,2,6.0,0,SMB,0,Loyal
CUST_0478,13,Multi-Year,4266.599587917488,2,3.0,0,SMB,0,Mid-Tenure
CUST_0479,40,Multi-Year,855.0582327104048,3,24.0,5,Enterprise,0,Loyal
CUST_0480,42,Annual,911.0923941489648,2,8.0,2,Enterprise,0,Loyal
CUST_0481,9,Annual,2423.3372955694185,2,27.0,0,Enterprise,0,New
CUST_0482,50,Monthly,1106.590227887647,2,14.0,0,SMB,1,Loyal
CUST_0483,27,Annual,4611.5131884922375,2,22.0,2,SMB,0,Mid-Tenure
CUST_0484,66,Monthly,2616.277713184565,3,20.0,2,SMB,0,Loyal
CUST_0485,5,Annual,3061.1794129455716,1,28.0,2,SMB,0,New
CUST_0486,29,Monthly,4676.477402651393,3,24.0,0,SMB,0,Mid-Tenure
CUST_0487,37,Monthly,2886.1845153725685,2,29.0,0,Enterprise,0,Loyal
CUST_0488,38,Monthly,2091.160156807933,3,28.0,5,SMB,0,Loyal
CUST_0489,8,Monthly,4087.197976171243,1,6.0,2,Enterprise,0,New
CUST_0490,65,Annual,2492.8258886384483,4,24.0,0,SMB,0,Loyal
CUST_0491,17,Monthly,1933.1124152103744,1,10.0,0,SMB,0,Mid-Tenure
CUST_0492,71,Annual,3754.5325637249057,3,18.0,0,SMB,0,Loyal
CUST_0493,45,Monthly,4107.225544758694,3,10.0,2,SMB,0,Loyal
CUST_0494,4,Annual,4062.7227541292214,3,24.0,2,Enterprise,0,New
CUST_0495,36,Monthly,4899.534863579184,3,0.0,5,SMB,0,Mid-Tenure
CUST_0496,70,Monthly,4040.001269937332,1,20.0,0,SMB,0,Loyal
CUST_0497,31,Annual,3964.700461769088,4,12.0,0,Enterprise,0,Mid-Tenure
CUST_0498,19,Monthly,4358.6836418129915,3,12.0,5,Enterprise,0,Mid-Tenure
CUST_0499,61,Monthly,500.83337882949263,5,1.0,0,SMB,1,Loyal
CUST_0500,54,Monthly,2130.9413503449678,1,16.0,0,SMB,0,Loyal
CUST_0501,39,Monthly,3819.2139321548993,3,29.0,0,SMB,0,Loyal
CUST_0502,19,Annual,3198.735549996248,2,18.0,5,SMB,0,Mid-Tenure
CUST_0503,39,Monthly,1299.0740118422796,1,22.0,0,SMB,0,Loyal
CUST_0504,67,Annual,1866.7989008984541,3,14.0,0,Enterprise,0,Loyal
CUST_0505,45,Multi-Year,2015.5667498694806,2,18.0,0,SMB,0,Loyal
CUST_0506,13,Monthly,3055.226500275422,1,9.0,0,SMB,1,Mid-Tenure
CUST_0507,58,Multi-Year,4242.192333984844,5,9.0,0,SMB,0,Loyal
CUST_0508,20,Annual,4696.213008999559,3,26.0,0,Enterprise,0,Mid-Tenure
CUST_0509,61,Annual,3875.415857841376,5,8.0,5,SMB,0,Loyal
CUST_0510,39,Annual,4293.276755795645,2,18.0,0,SMB,0,Loyal
CUST_0511,1,Annual,2615.4318130318225,5,10.0,0,SMB,0,New
CUST_0512,3,Annual,2253.9889383002933,4,5.0,5,SMB,0,New
CUST_0513,62,Monthly,2267.188394648976,3,1.0,0,SMB,0,Loyal
CUST_0514,63,Monthly,3272.173377529807,3,23.0,0,SMB,1,Loyal
CUST_0515,25,Monthly,1059.0651750011407,0,9.0,0,SMB,0,Mid-Tenure
CUST_0516,56,Monthly,3107.7238225561755,2,14.0,2,SMB,0,Loyal
CUST_0517,33,Monthly,3493.097870826765,4,4.0,2,SMB,1,Mid-Tenure
CUST_0518,38,Monthly,2475.0893309280746,3,17.0,0,Enterprise,0,Loyal
CUST_0519,6,Monthly,4789.252295470254,5,29.0,0,SMB,0,New
CUST_0520,58,Annual,3236.9597257080886,1,29.0,2,Enterprise,0,Loyal
CUST_0521,44,Multi-Year,1489.9976250648133,6,6.0,0,SMB,0,Loyal
CUST_0522,45,Multi-Year,2656.473158450823,6,2.0,2,Enterprise,0,Loyal
CUST_0523,32,Monthly,3539.3199671088228,5,29.0,0,SMB,1,Mid-Tenure
CUST_0524,45,Annual,1956.3310606121554,3,20.0,0,SMB,0,Loyal
CUST_0525,61,Multi-Year,858.3872283006042,2,26.0,0,Enterprise,0,Loyal
CUST_0526,47,Monthly,3125.4603561989825,2,24.0,0,Enterprise,0,Loyal
CUST_0527,21,Monthly,4765.41575878856,1,15.0,0,Enterprise,1,Mid-Tenure
CUST_0528,36,Multi-Year,2682.823935034282,4,16.0,0,Enterprise,0,Mid-Tenure
CUST_0529,19,Annual,4577.490862911671,3,1.0,0,SMB,0,Mid-Tenure
CUST_0530,20,Monthly,4257.606147672623,1,15.0,0,SMB,0,Mid-Tenure
CUST_0531,57,Monthly,1163.357526352925,3,20.0,0,SMB,0,Loyal
CUST_0532,18,Monthly,3686.7646482600685,5,29.0,0,SMB,1,Mid-Tenure
CUST_0533,47,Multi-Year,2459.594862823903,0,19.0,2,Enterprise,0,Loyal
CUST_0534,49,Annual,1626.108463683216,3,0.0,5,SMB,0,Loyal
CUST_0535,14,Monthly,3591.2226005001635,4,13.0,0,Enterprise,1,Mid-Tenure
CUST_0536,15,Monthly,3841.973233953896,1,15.0,0,SMB,0,Mid-Tenure
CUST_0537,31,Annual,1309.5334343067746,2,22.0,0,SMB,0,Mid-Tenure
CUST_0538,1,Annual,4615.001069252938,3,8.0,0,SMB,0,New
CUST_0539,54,Monthly,3880.1625977814842,0,16.0,0,SMB,1,Loyal
CUST_0540,3,Multi-Year,4700.189746138859,4,7.0,0,Enterprise,0,New
CUST_0541,16,Monthly,1926.8294844366094,3,8.0,2,Enterprise,0,Mid-Tenure
CUST_0542,57,Monthly,4727.007570843441,1,1.0,0,SMB,1,Loyal
CUST_0543,12,Annual,2158.3294602727137,1,12.0,0,Enterprise,0,New
CUST_0544,16,Monthly,742.8639264232628,5,0.0,5,SMB,1,Mid-Tenure
CUST_0545,24,Multi-Year,3933.362249190605,1,21.0,0,Enterprise,0,Mid-Tenure
CUST_0546,28,Annual,3665.7866483975336,3,29.0,0,SMB,0,Mid-Tenure
CUST_0547,8,Annual,3190.599465184996,1,6.0,0,SMB,0,New
CUST_0548,36,Monthly,2704.521849728783,3,17.0,15,SMB,0,Mid-Tenure
CUST_0549,8,Monthly,644.7437164518412,1,20.0,0,SMB,0,New
CUST_0550,58,Monthly,3310.6876318406944,1,4.0,0,SMB,0,Loyal
CUST_0551,60,Annual,2375.7557685025713,3,6.0,2,SMB,0,Loyal
CUST_0552,50,Annual,3020.9423123342526,2,11.0,0,SMB,0,Loyal
CUST_0553,28,Multi-Year,2431.946038854363,2,26.0,2,SMB,0,Mid-Tenure
CUST_0554,41,Annual,4847.252597443396,2,16.0,0,SMB,0,Loyal
CUST_0555,64,Multi-Year,3218.4900551788123,4,25.0,10,SMB,0,Loyal
CUST_0556,27,Annual,3871.5634877111024,3,23.0,2,Enterprise,0,Mid-Tenure
CUST_0557,63,Monthly,4713.561263619875,2,4.0,0,SMB,0,Loyal
CUST_0558,17,Monthly,3162.1969531253285,1,11.0,0,SMB,0,Mid-Tenure
CUST_0559,33,Annual,554.2813302008034,2,18.0,5,SMB,0,Mid-Tenure
CUST_0560,29,Monthly,654.3125523974406,5,12.0,0,SMB,0,Mid-Tenure
CUST_0561,13,Monthly,3660.522953458378,3,15.0,0,SMB,0,Mid-Tenure
CUST_0562,46,Annual,1755.8831126807756,2,28.0,2,SMB,0,Loyal
CUST_0563,35,Multi-Year,3107.2087730657695,5,24.0,0,SMB,1,Mid-Tenure
CUST_0564,6,Monthly,1410.2473149080101,5,26.0,0,SMB,1,New
CUST_0565,69,Annual,1716.1199377777136,1,18.0,0,SMB,0,Loyal
CUST_0566,47,Multi-Year,2770.884751766339,3,22.0,0,Enterprise,0,Loyal
CUST_0567,25,Monthly,4890.06258510237,0,9.0,0,Enterprise,0,Mid-Tenure
CUST_0568,66,Monthly,3273.2172014413622,1,11.0,0,SMB,1,Loyal
CUST_0569,10,Monthly,4712.666470308604,3,6.0,2,SMB,0,New
CUST_0570,56,Annual,4817.2093447412635,2,13.0,0,Enterprise,0,Loyal
CUST_0571,30,Annual,1436.4949838922835,3,9.0,0,Enterprise,0,Mid-Tenure
CUST_0572,5,Multi-Year,1900.37121111025,2,27.0,2,Enterprise,1,New
CUST_0573,33,Annual,3964.9652654841684,4,7.0,0,SMB,0,Mid-Tenure
CUST_0574,65,Monthly,4400.438010311047,4,14.0,0,SMB,0,Loyal
CUST_0575,18,Monthly,2836.520348852875,2,25.0,2,SMB,0,Mid-Tenure
CUST_0576,49,Annual,4969.517302762471,5,15.0,0,Enterprise,1,Loyal
CUST_0577,11,Monthly,552.0748943987162,2,7.0,0,Enterprise,0,New
CUST_0578,26,Monthly,1848.1669501334704,2,3.0,0,SMB,0,Mid-Tenure
CUST_0579,63,Monthly,3304.227891850609,2,29.0,0,SMB,0,Loyal
CUST_0580,59,Monthly,2611.8045992186726,5,16.0,2,SMB,0,Loyal
CUST_0581,27,Monthly,1024.7133489296034,2,3.0,0,Enterprise,0,Mid-Tenure
CUST_0582,49,Monthly,2155.041884662536,3,21.0,0,SMB,0,Loyal
CUST_0583,33,Monthly,614.5121448276757,0,25.0,5,SMB,1,Mid-Tenure
CUST_0584,1,Monthly,3392.3572073387572,4,10.0,0,SMB,1,New
CUST_0585,21,Annual,4517.341443483599,2,12.0,0,SMB,0,Mid-Tenure
CUST_0586,55,Multi-Year,4481.933557025564,3,5.0,0,SMB,0,Loyal
CUST_0587,6,Monthly,3647.950131944959,2,21.0,0,Enterprise,1,New
CUST_0588,69,Annual,2595.9658797406737,1,13.0,0,SMB,0,Loyal
CUST_0589,5,Monthly,2804.1422841117037,2,27.0,0,SMB,0,New
CUST_0590,3,Annual,1116.1347079804832,6,6.0,0,SMB,0,New
CUST_0591,53,Multi-Year,2034.5769190364135,4,11.0,0,SMB,0,Loyal
CUST_0592,23,Annual,1344.7763397422314,3,26.0,0,SMB,0,Mid-Tenure
CUST_0593,53,Multi-Year,4195.400915074795,2,0.0,10,SMB,0,Loyal
CUST_0594,37,Monthly,4616.392556020819,5,9.0,0,Enterprise,0,Loyal
CUST_0595,17,Monthly,2916.1546763905267,1,0.0,0,Enterprise,0,Mid-Tenure
CUST_0596,1,Multi-Year,3774.9381823082485,3,15.0,0,SMB,0,New
CUST_0597,51,Monthly,1046.5914690820737,0,6.0,0,SMB,1,Loyal
CUST_0598,45,Monthly,3238.405894747573,1,27.0,0,SMB,1,Loyal
CUST_0599,4,Annual,3662.559596200307,3,19.0,15,Enterprise,1,New
CUST_0600,62,Multi-Year,2537.4565828013037,0,5.0,2,Enterprise,0,Loyal
CUST_0601,65,Multi-Year,1594.7288801181437,1,21.0,0,SMB,0,Loyal
CUST_0602,32,Monthly,4448.185342436262,2,24.0,0,SMB,0,Mid-Tenure
CUST_0603,34,Multi-Year,3843.089239791751,4,17.0,0,SMB,1,Mid-Tenure
CUST_0604,39,Monthly,4549.357768321377,1,19.0,0,SMB,0,Loyal
CUST_0605,26,Monthly,4182.8119137402055,2,3.0,0,SMB,1,Mid-Tenure
CUST_0606,34,Annual,4956.684933104882,3,22.0,0,SMB,0,Mid-Tenure
CUST_0607,54,Monthly,1364.7772994650204,2,15.0,0,SMB,0,Loyal
CUST_0608,3,Monthly,890.3649551178834,4,0.0,0,SMB,1,New
CUST_0609,50,Annual,2016.5125610176633,5,20.0,0,Enterprise,0,Loyal
CUST_0610,12,Monthly,1080.518787604665,3,29.0,5,SMB,0,New
CUST_0611,65,Monthly,2854.0855080780098,0,26.0,5,Enterprise,0,Loyal
CUST_0612,54,Monthly,3348.630074334841,1,19.0,0,SMB,0,Loyal
CUST_0613,5,Monthly,3102.2987682803164,2,1.0,0,SMB,1,New
CUST_0614,57,Monthly,1666.5806092562157,1,15.0,0,SMB,0,Loyal
CUST_0615,17,Annual,4589.708139359585,3,20.0,2,SMB,0,Mid-Tenure
CUST_0616,47,Annual,595.275636809203,2,8.0,10,SMB,1,Loyal
CUST_0617,23,Monthly,2066.0600919357184,3,14.0,5,SMB,1,Mid-Tenure
CUST_0618,14,Multi-Year,3735.4661392912744,2,23.0,0,SMB,0,Mid-Tenure
CUST_0619,66,Monthly,3951.1801685712176,1,15.0,0,Enterprise,0,Loyal
CUST_0620,51,Monthly,2372.5334499433693,2,8.0,0,SMB,0,Loyal
CUST_0621,38,Multi-Year,576.0941596536519,3,6.0,0,SMB,0,Loyal
CUST_0622,64,Monthly,3281.1965560568183,1,9.0,0,Enterprise,0,Loyal
CUST_0623,38,Multi-Year,783.9260653244708,3,6.0,0,Enterprise,0,Loyal
CUST_0624,50,Monthly,985.3509926908152,4,29.0,2,SMB,0,Loyal
CUST_0625,30,Annual,3426.128238407855,4,29.0,2,SMB,0,Mid-Tenure
CUST_0626,51,Monthly,1906.1974676428467,1,12.0,0,SMB,0,Loyal
CUST_0627,63,Monthly,2066.135687187138,6,1.0,5,SMB,1,Loyal
CUST_0628,52,Monthly,2690.6318464245956,3,11.0,0,SMB,0,Loyal
CUST_0629,38,Annual,4903.602776867183,6,12.0,5,SMB,0,Loyal
CUST_0630,30,Annual,4844.489993324197,6,2.0,5,Enterprise,0,Mid-Tenure
CUST_0631,51,Multi-Year,2373.174497120338,4,10.0,0,SMB,0,Loyal
CUST_0632,5,Monthly,1694.7464774822697,4,25.0,0,SMB,1,New
CUST_0633,29,Monthly,1861.664686988521,4,7.0,0,SMB,0,Mid-Tenure
CUST_0634,4,Monthly,1709.5158417272185,2,10.0,2,SMB,0,New
CUST_0635,10,Annual,2895.1061321380134,1,17.0,0,SMB,0,New
CUST_0636,56,Multi-Year,3230.8691351041784,1,6.0,5,SMB,0,Loyal
CUST_0637,17,Monthly,2699.507247033497,0,11.0,0,SMB,0,Mid-Tenure
CUST_0638,17,Annual,2335.9746301166856,2,5.0,0,Enterprise,0,Mid-Tenure
CUST_0639,69,Monthly,1450.7826690647198,2,27.0,15,SMB,1,Loyal
CUST_0640,34,Annual,2671.27516121951,3,9.0,0,SMB,0,Mid-Tenure
CUST_0641,6,Multi-Year,2034.9622121110613,2,19.0,0,Enterprise,0,New
CUST_0642,53,Monthly,2937.1795825925433,5,26.0,0,Enterprise,0,Loyal
CUST_0643,66,Monthly,3538.3523698023077,2,14.0,0,SMB,0,Loyal
CUST_0644,43,Multi-Year,3349.9047849647477,2,19.0,0,Enterprise,0,Loyal
CUST_0645,23,Multi-Year,2581.20594682517,4,14.0,0,SMB,0,Mid-Tenure
CUST_0646,55,Annual,3002.235909259824,5,18.0,0,SMB,0,Loyal
CUST_0647,16,Annual,1781.8525893234187,2,29.0,2,SMB,1,Mid-Tenure
CUST_0648,8,Monthly,609.0811656007536,3,5.0,0,SMB,1,New
CUST_0649,4,Annual,3312.5875437564687,2,18.0,2,SMB,0,New
CUST_0650,4,Multi-Year,1636.5585161195913,0,14.0,0,SMB,0,New
CUST_0651,56,Annual,3510.2916953072354,2,24.0,0,Enterprise,0,Loyal
CUST_0652,25,Monthly,3861.538248186317,4,19.0,0,SMB,1,Mid-Tenure
CUST_0653,67,Monthly,4621.6748574670155,2,19.0,0,SMB,0,Loyal
CUST_0654,67,Monthly,4811.552579658259,2,17.0,0,SMB,0,Loyal
CUST_0655,27,Monthly,547.3672083936565,4,1.0,0,Enterprise,0,Mid-Tenure
CUST_0656,32,Monthly,4956.683942095869,3,6.0,15,Enterprise,1,Mid-Tenure
CUST_0657,50,Monthly,3573.5824332237244,3,4.0,0,SMB,1,Loyal
CUST_0658,61,Monthly,3395.8587216838514,1,2.0,0,Enterprise,0,Loyal
CUST_0659,51,Monthly,568.4589283790993,3,5.0,0,Enterprise,0,Loyal
CUST_0660,19,Annual,4375.550353490318,3,5.0,5,Enterprise,0,Mid-Tenure
CUST_0661,21,Monthly,1154.7115126152187,2,0.0,0,SMB,0,Mid-Tenure
CUST_0662,5,Monthly,4267.985692698685,2,18.0,2,SMB,1,New
CUST_0663,42,Monthly,570.031458164222,4,11.0,0,SMB,0,Loyal
CUST_0664,61,Monthly,3406.839181246226,1,4.0,0,Enterprise,0,Loyal
CUST_0665,22,Annual,2456.606901964225,2,26.0,0,Enterprise,0,Mid-Tenure
CUST_0666,21,Monthly,1403.450280767008,0,28.0,5,Enterprise,1,Mid-Tenure
CUST_0667,70,Annual,984.0262629669535,3,26.0,0,SMB,0,Loyal
CUST_0668,1,Multi-Year,2480.574634458469,4,6.0,0,SMB,0,New
CUST_0669,5,Annual,1054.8761239464116,3,19.0,0,SMB,0,New
CUST_0670,12,Annual,2689.009752609714,5,27.0,0,SMB,0,New
CUST_0671,46,Multi-Year,3313.476763937835,3,7.0,0,SMB,0,Loyal
CUST_0672,34,Annual,4223.228871233112,4,18.0,0,SMB,0,Mid-Tenure
CUST_0673,49,Monthly,3553.9224673229,2,5.0,0,Enterprise,0,Loyal
CUST_0674,45,Monthly,793.3989501776771,5,14.0,15,SMB,1,Loyal
CUST_0675,27,Multi-Year,1883.4463964652673,1,5.0,0,Enterprise,0,Mid-Tenure
CUST_0676,26,Monthly,1795.903735696252,1,8.0,0,SMB,0,Mid-Tenure
CUST_0677,47,Monthly,4617.645905619879,1,3.0,0,SMB,0,Loyal
CUST_0678,56,Annual,4405.019199767436,1,15.0,2,SMB,0,Loyal
CUST_0679,63,Multi-Year,2165.6656325768763,1,22.0,0,Enterprise,0,Loyal
CUST_0680,48,Monthly,820.198651471615,3,9.0,0,Enterprise,0,Loyal
CUST_0681,61,Annual,4523.4829301213,4,0.0,0,SMB,0,Loyal
CUST_0682,26,Monthly,4496.854788338842,2,10.0,0,SMB,0,Mid-Tenure
CUST_0683,36,Annual,4346.357594138262,2,16.0,0,SMB,0,Mid-Tenure
CUST_0684,1,Monthly,4302.867369809757,5,17.0,0,SMB,1,New
CUST_0685,8,Monthly,2661.143004887696,1,19.0,0,SMB,0,New
CUST_0686,52,Multi-Year,1298.442435123192,1,27.0,2,SMB,0,Loyal
CUST_0687,47,Monthly,2648.6962270809245,3,21.0,5,SMB,1,Loyal
CUST_0688,56,Annual,2725.689968012592,3,19.0,0,SMB,0,Loyal
CUST_0689,14,Monthly,2704.692889601873,6,14.0,0,Enterprise,0,Mid-Tenure
CUST_0690,28,Monthly,2924.4766375180225,4,5.0,10,SMB,1,Mid-Tenure
CUST_0691,2,Annual,1659.456603460198,5,15.0,2,Enterprise,0,New
CUST_0692,26,Monthly,2148.085315101268,3,1.0,0,SMB,0,Mid-Tenure
CUST_0693,14,Monthly,2453.839663835613,2,24.0,0,SMB,1,Mid-Tenure
CUST_0694,59,Monthly,1090.0454428242492,4,26.0,5,SMB,0,Loyal
CUST_0695,56,Annual,2549.138605526752,2,2.0,0,SMB,0,Loyal
CUST_0696,7,Multi-Year,4147.113276813168,1,22.0,2,Enterprise,0,New
CUST_0697,3,Multi-Year,4226.267942297944,1,16.0,0,Enterprise,0,New
CUST_0698,23,Monthly,2352.0369735546365,0,7.0,0,Enterprise,0,Mid-Tenure
CUST_0699,18,Monthly,2834.637404379591,4,19.0,0,SMB,0,Mid-Tenure
CUST_0700,38,Monthly,651.4264946077549,6,29.0,0,Enterprise,1,Loyal
CUST_0701,15,Multi-Year,3534.946504108686,1,26.0,0,SMB,0,Mid-Tenure
CUST_0702,64,Monthly,2320.7264732608837,1,27.0,5,SMB,0,Loyal
CUST_0703,28,Multi-Year,2504.6495738750564,3,14.0,0,SMB,0,Mid-Tenure
CUST_0704,39,Monthly,4431.527272308942,2,12.0,2,SMB,0,Loyal
CUST_0705,57,Multi-Year,2578.2549555227374,2,20.0,0,SMB,0,Loyal
CUST_0706,17,Multi-Year,595.3651080253375,3,22.0,0,SMB,0,Mid-Tenure
CUST_0707,44,Multi-Year,1523.7090089107805,7,18.0,0,SMB,0,Loyal
CUST_0708,25,Monthly,2640.2927643871653,3,24.0,5,SMB,0,Mid-Tenure
CUST_0709,17,Monthly,2409.7833173684107,0,24.0,0,SMB,0,Mid-Tenure
CUST_0710,13,Monthly,4371.665617762163,4,23.0,0,SMB,1,Mid-Tenure
CUST_0711,25,Monthly,2939.61879187775,2,0.0,15,SMB,0,Mid-Tenure
CUST_0712,68,Monthly,3603.3608386180445,3,27.0,0,SMB,0,Loyal
CUST_0713,10,Annual,2611.9548366956155,1,28.0,5,Enterprise,0,New
CUST_0714,67,Monthly,2478.450803266242,1,11.0,5,SMB,0,Loyal
CUST_0715,18,Annual,2508.2900081345806,3,17.0,0,SMB,0,Mid-Tenure
CUST_0716,34,Annual,2349.147063622275,2,17.0,0,Enterprise,0,Mid-Tenure
CUST_0717,8,Monthly,2923.6252363439153,3,2.0,10,SMB,1,New
CUST_0718,40,Multi-Year,1626.9953078912165,1,17.0,0,Enterprise,0,Loyal
CUST_0719,42,Monthly,4509.748372288193,3,16.0,0,SMB,0,Loyal
CUST_0720,41,Monthly,1998.884966422428,0,10.0,0,SMB,0,Loyal
CUST_0721,6,Monthly,1163.8572537980608,1,4.0,0,SMB,0,New
CUST_0722,52,Multi-Year,934.4771536898531,3,21.0,2,SMB,0,Loyal
CUST_0723,26,Monthly,560.4031180405742,3,28.0,10,SMB,0,Mid-Tenure
CUST_0724,64,Monthly,2402.8523535508766,0,6.0,5,SMB,0,Loyal
CUST_0725,59,Annual,1344.249448454411,0,25.0,10,SMB,1,Loyal
CUST_0726,56,Monthly,597.4155616426156,4,22.0,0,SMB,0,Loyal
CUST_0727,59,Annual,2840.087958302857,1,17.0,2,Enterprise,0,Loyal
CUST_0728,70,Multi-Year,3559.9034689284267,4,28.0,0,Enterprise,0,Loyal
CUST_0729,33,Multi-Year,885.8797290999696,5,6.0,0,SMB,1,Mid-Tenure
CUST_0730,53,Monthly,2574.1434781384683,1,17.0,2,SMB,0,Loyal
CUST_0731,22,Monthly,3846.32905370336,3,1.0,0,SMB,0,Mid-Tenure
CUST_0732,21,Monthly,4936.130694537913,5,27.0,5,SMB,1,Mid-Tenure
CUST_0733,70,Monthly,3502.356550891524,4,5.0,0,Enterprise,0,Loyal
CUST_0734,70,Monthly,1601.7779786428425,1,21.0,2,SMB,0,Loyal
CUST_0735,4,Monthly,3724.491379005498,3,7.0,0,Enterprise,0,New
CUST_0736,62,Multi-Year,3190.6824206892347,1,20.0,0,Enterprise,0,Loyal
CUST_0737,62,Multi-Year,1453.0967986169649,2,20.0,0,Enterprise,0,Loyal
CUST_0738,24,Monthly,4329.998716313996,4,25.0,0,SMB,1,Mid-Tenure
CUST_0739,55,Monthly,2423.319922524204,0,16.0,0,Enterprise,0,Loyal
CUST_0740,9,Monthly,4828.899446303566,2,3.0,10,Enterprise,1,New
CUST_0741,3,Monthly,3753.054533515001,2,16.0,0,Enterprise,0,New
CUST_0742,31,Annual,3400.5341958431995,1,25.0,0,SMB,0,Mid-Tenure
CUST_0743,40,Annual,3777.5877686445283,3,15.0,0,SMB,0,Loyal
CUST_0744,36,Multi-Year,2651.436584681997,0,20.0,0,SMB,0,Mid-Tenure
CUST_0745,24,Annual,2773.519150107533,0,14.0,0,Enterprise,0,Mid-Tenure
CUST_0746,6,Annual,4330.433234501348,0,14.0,0,Enterprise,0,New
CUST_0747,66,Annual,3564.1784148957627,5,7.0,0,SMB,0,Loyal
CUST_0748,4,Monthly,4537.594963362388,2,16.0,2,Enterprise,0,New
CUST_0749,6,Annual,4508.720391084209,5,29.0,0,Enterprise,0,New
CUST_0750,51,Monthly,4894.205153199121,2,18.0,0,SMB,0,Loyal
CUST_0751,62,Monthly,3650.9659648040038,3,0.0,0,SMB,0,Loyal
CUST_0752,57,Monthly,2760.3577294778393,4,12.0,0,SMB,0,Loyal
CUST_0753,66,Monthly,1248.4026509408707,1,5.0,2,Enterprise,0,Loyal
CUST_0754,8,Multi-Year,3674.212518413378,1,9.0,0,SMB,1,New
CUST_0755,26,Monthly,1812.0997254196882,2,0.0,0,SMB,0,Mid-Tenure
CUST_0756,51,Monthly,1773.2640561679905,0,25.0,0,SMB,0,Loyal
CUST_0757,45,Monthly,1572.2949940163064,0,11.0,5,SMB,0,Loyal
CUST_0758,44,Annual,4438.049258081526,1,18.0,0,SMB,0,Loyal
CUST_0759,5,Monthly,4405.840010069713,0,14.0,0,SMB,0,New
CUST_0760,70,Multi-Year,3339.367001915262,3,20.0,0,SMB,0,Loyal
CUST_0761,26,Multi-Year,2628.414416168311,1,4.0,0,SMB,0,Mid-Tenure
CUST_0762,68,Annual,3524.5150704445955,1,1.0,0,SMB,0,Loyal
CUST_0763,19,Annual,3232.532526342758,2,18.0,15,SMB,0,Mid-Tenure
CUST_0764,20,Monthly,2370.804117455243,4,13.0,0,SMB,0,Mid-Tenure
CUST_0765,12,Monthly,2208.3389036853546,3,28.0,5,SMB,0,New
CUST_0766,47,Annual,2222.574386654076,0,8.0,0,SMB,0,Loyal
CUST_0767,1,Monthly,3151.1003142021723,1,28.0,0,SMB,0,New
CUST_0768,14,Monthly,3414.5121025437165,2,0.0,10,Enterprise,1,Mid-Tenure
CUST_0769,64,Annual,2532.837890819489,1,12.0,0,SMB,0,Loyal
CUST_0770,38,Monthly,4859.111525958694,3,16.0,0,SMB,0,Loyal
CUST_0771,37,Multi-Year,877.3057310201647,2,27.0,5,Enterprise,0,Loyal
CUST_0772,11,Monthly,2061.7116167919967,1,1.0,10,SMB,1,New
CUST_0773,3,Annual,2385.836074064484,0,23.0,2,SMB,1,New
CUST_0774,33,Annual,576.146045592244,3,21.0,5,SMB,0,Mid-Tenure
CUST_0775,6,Annual,2142.307344507013,2,13.0,0,Enterprise,0,New
CUST_0776,50,Monthly,1731.6946272777914,1,19.0,0,Enterprise,1,Loyal
CUST_0777,10,Annual,2777.1632160236636,1,22.0,2,SMB,0,New
CUST_0778,5,Multi-Year,2013.8474623247116,1,5.0,10,SMB,1,New
CUST_0779,23,Monthly,3767.8196072590754,3,24.0,0,SMB,0,Mid-Tenure
CUST_0780,10,Monthly,2794.696229334418,4,5.0,0,SMB,0,New
CUST_0781,44,Annual,1083.9300507331895,4,17.0,0,Enterprise,0,Loyal
CUST_0782,2,Annual,3875.2759586495627,3,18.0,0,SMB,0,New
CUST_0783,13,Monthly,946.5300323720446,2,8.0,0,SMB,0,Mid-Tenure
CUST_0784,40,Multi-Year,4275.721256357108,0,14.0,2,Enterprise,0,Loyal
CUST_0785,2,Monthly,4691.399873387987,2,6.0,0,SMB,0,New
CUST_0786,65,Monthly,1951.0038058318426,2,5.0,0,SMB,1,Loyal
CUST_0787,63,Annual,4667.641849683189,0,28.0,0,SMB,0,Loyal
CUST_0788,17,Annual,4068.5367160514224,0,4.0,0,SMB,0,Mid-Tenure
CUST_0789,9,Multi-Year,4650.960249516965,2,18.0,0,Enterprise,0,New
CUST_0790,15,Multi-Year,3498.2156161438147,2,19.0,0,SMB,0,Mid-Tenure
CUST_0791,24,Monthly,1560.3981773963985,3,0.0,0,SMB,0,Mid-Tenure
CUST_0792,38,Monthly,4525.354566099377,4,20.0,0,SMB,0,Loyal
CUST_0793,35,Monthly,1329.1928427683467,2,6.0,0,SMB,0,Mid-Tenure
CUST_0794,49,Annual,1458.77247957891,1,17.0,0,SMB,0,Loyal
CUST_0795,69,Multi-Year,1719.7834556316368,0,26.0,10,SMB,0,Loyal
CUST_0796,62,Monthly,1869.108401689631,2,27.0,2,Enterprise,0,Loyal
CUST_0797,60,Monthly,2815.158389589638,3,7.0,5,Enterprise,0,Loyal
CUST_0798,50,Monthly,3710.558121953198,1,11.0,0,SMB,0,Loyal
CUST_0799,9,Multi-Year,4667.936784803077,2,9.0,0,SMB,0,New
CUST_0800,34,Monthly,897.969143009761,0,5.0,0,SMB,0,Mid-Tenure
CUST_0801,35,Monthly,4794.662130027062,7,25.0,2,SMB,1,Mid-Tenure
CUST_0802,1,Annual,4645.95335193566,0,15.0,0,Enterprise,0,New
CUST_0803,40,Multi-Year,742.9968148146752,1,29.0,2,Enterprise,0,Loyal
CUST_0804,64,Annual,2121.445119612032,3,18.0,0,Enterprise,0,Loyal
CUST_0805,22,Annual,4159.145256347014,1,17.0,0,Enterprise,0,Mid-Tenure
CUST_0806,60,Monthly,3252.094454657305,2,23.0,0,SMB,1,Loyal
CUST_0807,64,Annual,4005.9227452179666,3,12.0,2,SMB,0,Loyal
CUST_0808,11,Annual,3735.650024554494,1,19.0,0,Enterprise,0,New
CUST_0809,14,Multi-Year,2735.4655090722363,3,6.0,0,Enterprise,0,Mid-Tenure
CUST_0810,60,Monthly,685.4812067826479,2,6.0,5,Enterprise,0,Loyal
CUST_0811,30,Monthly,3129.2069092902548,5,15.0,0,SMB,1,Mid-Tenure
CUST_0812,35,Monthly,718.5499387668319,1,29.0,0,SMB,1,Mid-Tenure
CUST_0813,37,Monthly,3216.770228908089,2,25.0,0,SMB,0,Loyal
CUST_0814,5,Multi-Year,4101.848881221552,4,24.0,0,SMB,0,New
CUST_0815,26,Monthly,3132.4628691586336,1,9.0,0,SMB,0,Mid-Tenure
CUST_0816,62,Monthly,4986.598120527637,4,14.0,2,Enterprise,0,Loyal
CUST_0817,4,Monthly,2551.3992508119486,1,13.0,0,Enterprise,0,New
CUST_0818,42,Monthly,3869.7235862179436,3,23.0,5,Enterprise,0,Loyal
CUST_0819,18,Monthly,3502.4598128385837,3,11.0,0,SMB,0,Mid-Tenure
CUST_0820,40,Monthly,4961.442612011396,2,28.0,0,SMB,0,Loyal
CUST_0821,39,Monthly,3709.4855228469733,1,14.0,10,SMB,1,Loyal
CUST_0822,14,Annual,1238.1382915672523,2,7.0,0,SMB,0,Mid-Tenure
CUST_0823,32,Annual,4799.829678877584,4,6.0,5,SMB,0,Mid-Tenure
CUST_0824,51,Monthly,3504.997519005926,0,25.0,2,Enterprise,0,Loyal
CUST_0825,38,Multi-Year,767.0220386287544,4,20.0,0,SMB,0,Loyal
CUST_0826,23,Annual,3459.057376030756,4,8.0,0,SMB,1,Mid-Tenure
CUST_0827,63,Annual,4474.037330036488,2,13.0,0,SMB,0,Loyal
CUST_0828,15,Monthly,3096.6883789551125,1,27.0,10,Enterprise,0,Mid-Tenure
CUST_0829,25,Monthly,2093.08837114405,1,26.0,0,Enterprise,0,Mid-Tenure
CUST_0830,17,Monthly,4194.093353317772,5,6.0,0,Enterprise,0,Mid-Tenure
CUST_0831,66,Monthly,4021.3040369262326,2,11.0,0,Enterprise,0,Loyal
CUST_0832,53,Monthly,2948.8196940408534,2,13.0,0,SMB,0,Loyal
CUST_0833,51,Multi-Year,1194.6279645315515,2,10.0,0,Enterprise,0,Loyal
CUST_0834,39,Monthly,1629.4391848543162,0,18.0,0,SMB,0,Loyal
CUST_0835,51,Monthly,3823.177874837476,3,27.0,15,SMB,1,Loyal
CUST_0836,70,Annual,4127.369744277174,3,5.0,0,SMB,0,Loyal
CUST_0837,6,Monthly,1756.693751184454,3,2.0,0,Enterprise,0,New
CUST_0838,67,Annual,2155.93284734054,3,5.0,0,Enterprise,0,Loyal
CUST_0839,7,Annual,849.3434836240781,4,28.0,2,SMB,0,New
CUST_0840,51,Annual,3710.578767649249,3,23.0,0,SMB,0,Loyal
CUST_0841,42,Multi-Year,516.098950700141,0,8.0,0,Enterprise,0,Loyal
CUST_0842,64,Monthly,709.4368454858063,0,1.0,0,SMB,0,Loyal
CUST_0843,15,Annual,519.5483050284046,1,5.0,0,Enterprise,0,Mid-Tenure
CUST_0844,29,Multi-Year,3403.9381250192755,2,13.0,0,SMB,0,Mid-Tenure
CUST_0845,33,Annual,2378.2420746524595,2,18.0,0,SMB,0,Mid-Tenure
CUST_0846,27,Monthly,1838.9604260449862,2,29.0,0,SMB,0,Mid-Tenure
CUST_0847,36,Multi-Year,4607.1545466069965,1,29.0,0,SMB,0,Mid-Tenure
CUST_0848,29,Monthly,1367.6125760447298,1,22.0,2,Enterprise,0,Mid-Tenure
CUST_0849,38,Multi-Year,2252.1560467163026,0,26.0,0,Enterprise,0,Loyal
CUST_0850,57,Monthly,4731.403104174882,2,3.0,5,SMB,0,Loyal
CUST_0851,27,Annual,2421.9795327666907,2,13.0,0,Enterprise,0,Mid-Tenure
CUST_0852,55,Multi-Year,2996.12158541176,3,20.0,2,SMB,0,Loyal
CUST_0853,33,Monthly,861.5158995626941,1,9.0,0,SMB,1,Mid-Tenure
CUST_0854,68,Monthly,4055.7487410205804,1,5.0,0,SMB,0,Loyal
CUST_0855,66,Monthly,2402.414496897072,1,10.0,2,SMB,0,Loyal
CUST_0856,10,Multi-Year,4102.318060693175,3,12.0,0,SMB,0,New
CUST_0857,5,Multi-Year,1642.0893915019647,3,23.0,0,SMB,0,New
CUST_0858,38,Annual,2401.1543775263453,2,17.0,2,Enterprise,0,Loyal
CUST_0859,13,Annual,4039.4702136425467,3,19.0,2,SMB,0,Mid-Tenure
CUST_0860,31,Multi-Year,4882.449951696379,1,13.0,0,SMB,0,Mid-Tenure
CUST_0861,47,Monthly,768.3148597427099,3,26.0,0,SMB,0,Loyal
CUST_0862,52,Monthly,4156.05279838507,2,19.0,0,SMB,0,Loyal
CUST_0863,56,Annual,1853.100804321996,4,21.0,5,SMB,0,Loyal
CUST_0864,15,Monthly,2978.3447640098248,1,19.0,0,SMB,1,Mid-Tenure
CUST_0865,29,Monthly,1805.4151922783656,5,10.0,2,SMB,0,Mid-Tenure
CUST_0866,8,Monthly,3260.504626555956,7,20.0,0,SMB,1,New
CUST_0867,5,Monthly,2092.11273789789,4,4.0,0,SMB,1,New
CUST_0868,29,Multi-Year,2001.2670093995666,1,7.0,0,SMB,0,Mid-Tenure
CUST_0869,47,Monthly,670.7224082117099,0,3.0,0,SMB,0,Loyal
CUST_0870,68,Annual,1161.321826567152,5,11.0,0,SMB,0,Loyal
CUST_0871,45,Monthly,4626.851894894655,4,5.0,0,SMB,0,Loyal
CUST_0872,2,Monthly,4992.248429929608,1,22.0,0,SMB,0,New
CUST_0873,27,Monthly,4012.342591413229,5,23.0,0,SMB,1,Mid-Tenure
CUST_0874,36,Annual,1790.6568114806905,1,24.0,0,SMB,0,Mid-Tenure
CUST_0875,36,Annual,2311.0031229961664,2,25.0,0,SMB,0,Mid-Tenure
CUST_0876,26,Multi-Year,3827.765547077372,1,7.0,2,Enterprise,0,Mid-Tenure
CUST_0877,43,Annual,4858.311005974391,4,29.0,0,SMB,0,Loyal
CUST_0878,27,Annual,2549.620268282154,3,3.0,0,SMB,0,Mid-Tenure
CUST_0879,69,Annual,4232.850868797686,2,19.0,10,SMB,0,Loyal
CUST_0880,20,Multi-Year,4887.810151694226,1,9.0,0,Enterprise,1,Mid-Tenure
CUST_0881,11,Annual,4430.629269752019,1,10.0,5,Enterprise,0,New
CUST_0882,38,Monthly,1522.1738604709712,0,14.0,0,SMB,0,Loyal
CUST_0883,6,Annual,536.1433874403032,4,4.0,0,SMB,0,New
CUST_0884,23,Annual,2714.367674247868,5,2.0,0,SMB,0,Mid-Tenure
CUST_0885,47,Annual,2891.1237426287007,3,14.0,0,SMB,0,Loyal
CUST_0886,46,Monthly,1405.6266404802632,2,1.0,0,SMB,0,Loyal
CUST_0887,12,Multi-Year,1781.0347637606794,1,1.0,0,SMB,0,New
CUST_0888,13,Multi-Year,3943.189223818461,3,24.0,2,SMB,1,Mid-Tenure
CUST_0889,62,Monthly,2616.562664209102,1,7.0,0,SMB,0,Loyal
CUST_0890,60,Multi-Year,1928.0933762011548,1,21.0,0,SMB,0,Loyal
CUST_0891,43,Monthly,3301.8171231286374,3,13.0,0,Enterprise,0,Loyal
CUST_0892,68,Monthly,3437.418901892564,6,29.0,2,SMB,0,Loyal
CUST_0893,5,Monthly,3962.28099578361,5,29.0,0,SMB,1,New
CUST_0894,37,Monthly,1205.191830933136,2,8.0,0,SMB,0,Loyal
CUST_0895,31,Multi-Year,3836.8276354714562,1,4.0,2,SMB,0,Mid-Tenure
CUST_0896,9,Monthly,3197.4277644968834,2,29.0,10,Enterprise,1,New
CUST_0897,51,Monthly,759.0733938625871,1,11.0,0,SMB,0,Loyal
CUST_0898,29,Monthly,3998.50532714035,3,9.0,10,SMB,1,Mid-Tenure
CUST_0899,40,Monthly,2223.8612659993328,1,0.0,0,SMB,0,Loyal
CUST_0900,41,Monthly,1986.714204483369,1,23.0,10,SMB,0,Loyal
CUST_0901,11,Annual,2516.3381821173543,6,18.0,0,SMB,1,New
CUST_0902,23,Monthly,2057.787847877581,2,29.0,5,SMB,0,Mid-Tenure
CUST_0903,1,Multi-Year,2022.2851649445909,4,24.0,2,SMB,0,New
CUST_0904,46,Multi-Year,4136.349504652815,1,10.0,0,SMB,0,Loyal
CUST_0905,21,Monthly,1060.2736446456151,0,16.0,0,SMB,1,Mid-Tenure
CUST_0906,36,Multi-Year,4867.700305358563,1,2.0,0,SMB,1,Mid-Tenure
CUST_0907,54,Monthly,2997.192399684545,4,0.0,0,Enterprise,0,Loyal
CUST_0908,57,Monthly,1323.1579928959081,4,16.0,0,SMB,0,Loyal
CUST_0909,1,Monthly,1090.4696731925892,6,5.0,10,SMB,1,New
CUST_0910,63,Monthly,3161.7928946074217,1,12.0,0,Enterprise,0,Loyal
CUST_0911,54,Annual,3348.4974973111757,4,19.0,0,SMB,0,Loyal
CUST_0912,55,Annual,738.6159696341484,2,25.0,0,SMB,0,Loyal
CUST_0913,40,Monthly,1593.5086135795361,3,3.0,0,SMB,0,Loyal
CUST_0914,15,Annual,4079.578645496603,4,4.0,0,SMB,0,Mid-Tenure
CUST_0915,21,Monthly,723.3108248458648,0,14.0,0,SMB,0,Mid-Tenure
CUST_0916,47,Annual,4347.898987577162,3,13.0,5,SMB,0,Loyal
CUST_0917,53,Monthly,3461.7311443685007,5,18.0,2,SMB,1,Loyal
CUST_0918,9,Monthly,2454.9046671344213,4,14.0,2,SMB,0,New
CUST_0919,52,Monthly,2058.9478203691215,1,11.0,2,SMB,0,Loyal
CUST_0920,57,Monthly,586.6203373200228,3,17.0,0,SMB,1,Loyal
CUST_0921,26,Annual,4213.467255883294,1,13.0,2,Enterprise,0,Mid-Tenure
CUST_0922,41,Multi-Year,1142.2483428584214,0,9.0,0,SMB,0,Loyal
CUST_0923,35,Monthly,1892.9389633793965,3,7.0,0,SMB,0,Mid-Tenure
CUST_0924,63,Annual,3060.9814116326174,2,26.0,0,SMB,0,Loyal
CUST_0925,25,Annual,1606.9667003206441,0,22.0,0,SMB,0,Mid-Tenure
CUST_0926,38,Multi-Year,2737.132086884906,1,25.0,0,SMB,0,Loyal
CUST_0927,2,Monthly,4142.042729324161,0,28.0,0,Enterprise,0,New
CUST_0928,7,Monthly,2617.420706556237,3,3.0,0,SMB,0,New
CUST_0929,34,Multi-Year,4770.398048538182,3,17.0,0,SMB,0,Mid-Tenure
CUST_0930,17,Annual,4313.752791693538,1,27.0,2,SMB,0,Mid-Tenure
CUST_0931,43,Monthly,1998.676559135274,2,24.0,0,SMB,0,Loyal
CUST_0932,59,Monthly,2299.8295606277197,3,7.0,5,SMB,0,Loyal
CUST_0933,51,Monthly,2404.970271601372,3,3.0,0,SMB,0,Loyal
CUST_0934,54,Annual,3317.807538160316,5,10.0,0,SMB,0,Loyal
CUST_0935,24,Annual,1790.5807813484291,4,4.0,0,SMB,0,Mid-Tenure
CUST_0936,25,Monthly,4861.621124701289,2,29.0,10,SMB,1,Mid-Tenure
CUST_0937,71,Annual,3239.0789927157543,4,9.0,0,SMB,0,Loyal
CUST_0938,52,Annual,2297.307464335101,1,5.0,0,SMB,0,Loyal
CUST_0939,70,Annual,3402.544169712053,0,28.0,0,SMB,0,Loyal
CUST_0940,33,Annual,2279.3225473836847,7,3.0,0,SMB,0,Mid-Tenure
CUST_0941,49,Multi-Year,4180.080564407385,1,17.0,0,SMB,0,Loyal
CUST_0942,29,Monthly,3055.2843224827457,3,20.0,2,SMB,1,Mid-Tenure
CUST_0943,63,Multi-Year,688.8672653273015,2,26.0,0,SMB,0,Loyal
CUST_0944,22,Monthly,1295.4059034055733,2,16.0,0,SMB,0,Mid-Tenure
CUST_0945,26,Monthly,4392.472878632906,3,6.0,0,SMB,1,Mid-Tenure
CUST_0946,28,Monthly,3033.049218605555,3,8.0,0,SMB,0,Mid-Tenure
CUST_0947,49,Monthly,4776.545644312573,2,2.0,5,SMB,0,Loyal
CUST_0948,71,Monthly,825.9004078730816,1,21.0,5,SMB,0,Loyal
CUST_0949,49,Monthly,1828.6728353868825,3,8.0,0,SMB,0,Loyal
CUST_0950,20,Multi-Year,1370.9451795780767,1,26.0,0,SMB,0,Mid-Tenure
CUST_0951,63,Monthly,2992.2813150293127,0,3.0,5,SMB,0,Loyal
CUST_0952,61,Annual,2222.567739859592,3,21.0,0,SMB,0,Loyal
CUST_0953,49,Monthly,1207.7309033437696,6,29.0,0,SMB,0,Loyal
CUST_0954,71,Multi-Year,3392.383612817961,0,18.0,5,SMB,0,Loyal
CUST_0955,1,Annual,2913.3426460873393,5,8.0,0,SMB,1,New
CUST_0956,13,Monthly,1736.3131308333543,3,22.0,0,SMB,1,Mid-Tenure
CUST_0957,51,Annual,2658.9711100207,2,22.0,0,SMB,0,Loyal
CUST_0958,56,Annual,3855.822417685353,1,19.0,5,Enterprise,0,Loyal
CUST_0959,62,Annual,1423.7225354779634,7,5.0,0,SMB,0,Loyal
CUST_0960,32,Annual,1818.0758601577809,2,26.0,0,Enterprise,0,Mid-Tenure
CUST_0961,30,Annual,2057.499441923518,1,10.0,2,Enterprise,0,Mid-Tenure
CUST_0962,29,Annual,3860.2689674046424,2,23.0,2,Enterprise,0,Mid-Tenure
CUST_0963,49,Monthly,4311.151697979081,3,14.0,0,Enterprise,0,Loyal
CUST_0964,45,Monthly,2193.748233987249,4,21.0,0,SMB,0,Loyal
CUST_0965,30,Multi-Year,1834.793878252632,4,5.0,0,SMB,0,Mid-Tenure
CUST_0966,16,Monthly,4502.510412582547,3,19.0,0,SMB,0,Mid-Tenure
CUST_0967,40,Monthly,4997.142194867054,1,23.0,0,SMB,0,Loyal
CUST_0968,19,Monthly,3516.591378478096,3,29.0,2,SMB,0,Mid-Tenure
CUST_0969,18,Monthly,4954.912767451314,2,9.0,0,Enterprise,1,Mid-Tenure
CUST_0970,1,Multi-Year,3469.848250108595,1,23.0,0,SMB,0,New
CUST_0971,47,Monthly,3800.5712240352123,2,24.0,0,SMB,0,Loyal
CUST_0972,66,Monthly,2248.9520069458113,3,21.0,0,SMB,0,Loyal
CUST_0973,38,Annual,2448.353961495741,4,17.0,2,SMB,0,Loyal
CUST_0974,51,Multi-Year,1148.6104879522782,3,15.0,2,SMB,0,Loyal
CUST_0975,63,Monthly,4202.3750664430545,3,3.0,0,SMB,0,Loyal
CUST_0976,4,Monthly,4689.7656389924,4,19.0,0,Enterprise,1,New
CUST_0977,1,Multi-Year,3305.4716016235043,3,12.0,0,SMB,0,New
CUST_0978,8,Annual,2046.412888004293,2,23.0,0,SMB,0,New
CUST_0979,29,Monthly,1193.0734641846482,2,4.0,0,SMB,0,Mid-Tenure
CUST_0980,55,Monthly,1693.2030336739172,5,19.0,0,Enterprise,0,Loyal
CUST_0981,3,Monthly,1649.3468938332949,0,23.0,0,SMB,0,New
CUST_0982,32,Monthly,3260.875478736079,4,28.0,0,SMB,1,Mid-Tenure
CUST_0983,10,Monthly,4752.66859413622,4,18.0,0,Enterprise,0,New
CUST_0984,34,Multi-Year,717.2234913109165,1,17.0,0,SMB,0,Mid-Tenure
CUST_0985,55,Monthly,504.600348175016,2,19.0,0,SMB,0,Loyal
CUST_0986,32,Annual,3200.818749414465,5,26.0,2,SMB,1,Mid-Tenure
CUST_0987,50,Monthly,1778.2720793587187,3,16.0,0,SMB,0,Loyal
CUST_0988,7,Annual,4462.4675405253065,1,15.0,5,Enterprise,0,New
CUST_0989,8,Annual,1972.6263855761765,0,0.0,0,SMB,0,New
CUST_0990,65,Monthly,1803.8192023800018,0,20.0,0,Enterprise,0,Loyal
CUST_0991,57,Annual,1712.7977954823377,2,28.0,0,SMB,0,Loyal
CUST_0992,67,Monthly,1151.8377227070985,3,26.0,0,SMB,0,Loyal
CUST_0993,59,Multi-Year,3116.8871342469974,2,0.0,5,SMB,0,Loyal
CUST_0994,54,Multi-Year,1256.961210503945,3,29.0,0,SMB,0,Loyal
CUST_0995,67,Monthly,2410.840219056309,1,19.0,0,SMB,0,Loyal
CUST_0996,51,Monthly,2574.3742351504197,3,23.0,0,SMB,0,Loyal
CUST_0997,8,Monthly,592.2142109508851,5,13.0,0,SMB,0,New
CUST_0998,34,Annual,575.6327591951413,2,23.0,0,Enterprise,0,Mid-Tenure
CUST_0999,35,Monthly,2840.9570994057317,4,1.0,0,SMB,1,Mid-Tenure
CUST_1000,32,Monthly,3632.156295031095,2,14.0,0,SMB,1,Mid-Tenure
CUST_1001,46,Monthly,4739.641170261821,1,28.0,2,SMB,0,Loyal
CUST_1002,16,Monthly,1306.0367787062978,2,2.0,0,SMB,0,Mid-Tenure
CUST_1003,68,Annual,964.6646424623716,2,29.0,0,SMB,0,Loyal
CUST_1004,37,Monthly,734.3955811721792,0,12.0,0,SMB,0,Loyal
CUST_1005,54,Annual,2462.187123108276,3,18.0,2,Enterprise,0,Loyal
CUST_1006,14,Monthly,3304.163153011806,2,0.0,2,Enterprise,0,Mid-Tenure
CUST_1007,55,Monthly,4282.490105380689,1,12.0,0,SMB,1,Loyal
CUST_1008,48,Annual,3571.901970319091,3,14.0,0,Enterprise,0,Loyal
CUST_1009,7,Multi-Year,1437.6235508368582,0,15.0,0,SMB,0,New
CUST_1010,7,Annual,2577.9666487832556,4,29.0,0,Enterprise,0,New
CUST_1011,33,Monthly,4596.558558388949,2,10.0,0,SMB,0,Mid-Tenure
CUST_1012,23,Monthly,1970.3347811481706,5,2.0,0,SMB,0,Mid-Tenure
CUST_1013,19,Multi-Year,2744.2866429136916,6,7.0,2,Enterprise,0,Mid-Tenure
CUST_1014,19,Monthly,4813.544005896635,2,5.0,0,SMB,0,Mid-Tenure
CUST_1015,36,Monthly,3806.1860250816394,0,4.0,0,SMB,0,Mid-Tenure
CUST_1016,29,Multi-Year,3864.831735387614,1,25.0,0,SMB,0,Mid-Tenure
CUST_1017,60,Multi-Year,1635.5030198595243,0,27.0,2,SMB,0,Loyal
CUST_1018,2,Multi-Year,2366.1415323730766,2,14.0,0,SMB,0,New
CUST_1019,1,Multi-Year,870.5397339352477,2,8.0,0,SMB,0,New
CUST_1020,47,Multi-Year,3229.366401727402,1,29.0,0,Enterprise,0,Loyal
CUST_1021,69,Monthly,966.7857404412238,2,22.0,0,SMB,0,Loyal
CUST_1022,20,Monthly,4261.593119926796,1,21.0,0,Enterprise,0,Mid-Tenure
CUST_1023,11,Annual,4165.492041589985,3,4.0,0,SMB,0,New
CUST_1024,2,Annual,2901.222955050393,0,20.0,0,SMB,0,New
CUST_1025,67,Monthly,1135.2471493866337,2,9.0,0,SMB,0,Loyal
CUST_1026,12,Monthly,615.1054243782567,1,24.0,0,Enterprise,1,New
CUST_1027,20,Monthly,4085.1890039415757,0,28.0,0,SMB,0,Mid-Tenure
CUST_1028,5,Annual,3200.6321744604206,1,25.0,0,SMB,0,New
CUST_1029,37,Monthly,3699.183365365475,3,5.0,0,SMB,0,Loyal
CUST_1030,38,Monthly,1867.1320658136542,4,27.0,5,Enterprise,0,Loyal
CUST_1031,9,Annual,2792.6723202976154,3,10.0,2,SMB,0,New
CUST_1032,53,Annual,3862.283767428427,4,3.0,15,SMB,1,Loyal
CUST_1033,44,Monthly,2581.5348874120978,1,19.0,0,Enterprise,0,Loyal
CUST_1034,24,Annual,3206.2290024592894,4,11.0,0,SMB,0,Mid-Tenure
CUST_1035,30,Annual,4053.77717813583,1,19.0,0,Enterprise,0,Mid-Tenure
CUST_1036,59,Monthly,1468.4929036987048,3,26.0,0,Enterprise,0,Loyal
CUST_1037,14,Monthly,796.6800021086704,1,5.0,0,SMB,0,Mid-Tenure
CUST_1038,9,Monthly,2893.205798648623,5,0.0,0,SMB,0,New
CUST_1039,40,Monthly,779.5659682404307,3,24.0,0,SMB,0,Loyal
CUST_1040,66,Multi-Year,3949.5078246503895,2,29.0,0,Enterprise,0,Loyal
CUST_1041,25,Monthly,3736.451514352049,4,17.0,10,SMB,0,Mid-Tenure
CUST_1042,22,Annual,4467.7070215938365,5,1.0,0,Enterprise,0,Mid-Tenure
CUST_1043,4,Monthly,3378.0294411528225,5,4.0,0,SMB,1,New
CUST_1044,26,Monthly,802.3890683856819,2,15.0,0,SMB,1,Mid-Tenure
CUST_1045,58,Annual,1639.1845647032783,0,11.0,2,SMB,0,Loyal
CUST_1046,29,Monthly,4135.693300532237,2,11.0,2,SMB,0,Mid-Tenure
CUST_1047,37,Monthly,1252.0958779111447,1,10.0,0,SMB,0,Loyal
CUST_1048,70,Monthly,3643.162105166993,1,19.0,0,SMB,1,Loyal
CUST_1049,18,Monthly,4011.1669891421507,7,18.0,2,SMB,1,Mid-Tenure
CUST_1050,42,Annual,1985.5030903485851,3,20.0,0,SMB,0,Loyal
CUST_1051,41,Monthly,1950.3386303130883,4,6.0,15,SMB,1,Loyal
CUST_1052,38,Multi-Year,3010.112065441161,3,25.0,0,SMB,0,Loyal
CUST_1053,34,Annual,4375.788497396437,4,1.0,0,SMB,0,Mid-Tenure
CUST_1054,17,Monthly,1507.5779086106625,7,28.0,5,SMB,1,Mid-Tenure
CUST_1055,37,Monthly,4735.661882190812,2,28.0,0,Enterprise,0,Loyal
CUST_1056,25,Monthly,3196.034081690487,2,5.0,0,SMB,0,Mid-Tenure
CUST_1057,27,Annual,4964.569121085243,5,3.0,0,Enterprise,0,Mid-Tenure
CUST_1058,57,Monthly,903.2617579789519,0,1.0,2,SMB,0,Loyal
CUST_1059,31,Multi-Year,1069.529614280416,4,16.0,0,Enterprise,0,Mid-Tenure
CUST_1060,6,Monthly,4219.888116710672,4,7.0,0,SMB,0,New
CUST_1061,40,Multi-Year,4391.401530217321,2,4.0,0,SMB,0,Loyal
CUST_1062,12,Monthly,2504.564097669203,3,9.0,2,SMB,0,New
CUST_1063,53,Multi-Year,3713.3202926405074,5,15.0,0,SMB,0,Loyal
CUST_1064,71,Monthly,4404.007793504923,1,1.0,0,SMB,0,Loyal
CUST_1065,10,Monthly,694.075046984729,0,23.0,0,SMB,0,New
CUST_1066,45,Monthly,3082.776903469664,0,18.0,2,SMB,0,Loyal
CUST_1067,17,Monthly,4340.662999369203,3,6.0,2,SMB,1,Mid-Tenure
CUST_1068,26,Multi-Year,2291.6972506314873,2,1.0,0,SMB,0,Mid-Tenure
CUST_1069,62,Monthly,1860.7262275059209,3,12.0,2,SMB,0,Loyal
CUST_1070,46,Monthly,4080.680082926769,1,22.0,0,SMB,0,Loyal
CUST_1071,64,Annual,2011.0396257627629,3,3.0,0,SMB,0,Loyal
CUST_1072,2,Monthly,514.2843418302645,2,15.0,2,SMB,0,New
CUST_1073,54,Annual,4818.076644330796,5,9.0,0,SMB,1,Loyal
CUST_1074,65,Annual,3164.5545635795834,6,16.0,0,SMB,0,Loyal
CUST_1075,51,Monthly,4187.83063419532,0,20.0,10,SMB,1,Loyal
CUST_1076,53,Multi-Year,4213.857030542215,3,27.0,0,SMB,0,Loyal
CUST_1077,36,Monthly,798.8468916772977,3,13.0,0,SMB,0,Mid-Tenure
CUST_1078,26,Monthly,1268.8708972390916,2,11.0,5,Enterprise,0,Mid-Tenure
CUST_1079,29,Annual,1900.043063418413,4,12.0,0,Enterprise,0,Mid-Tenure
CUST_1080,21,Annual,1943.1467826859528,2,29.0,0,SMB,0,Mid-Tenure
CUST_1081,11,Monthly,3464.537529564108,1,19.0,0,SMB,0,New
CUST_1082,40,Annual,3304.0981433870816,5,7.0,0,SMB,0,Loyal
CUST_1083,11,Monthly,2725.6540010441618,2,16.0,0,SMB,0,New
CUST_1084,36,Monthly,1450.6867953894557,3,17.0,0,SMB,0,Mid-Tenure
CUST_1085,59,Multi-Year,2218.925613606365,2,20.0,0,SMB,0,Loyal
CUST_1086,39,Monthly,2946.1728580932627,1,9.0,2,SMB,0,Loyal
CUST_1087,54,Monthly,2605.9341474677385,3,25.0,0,Enterprise,0,Loyal
CUST_1088,55,Multi-Year,1072.8163989278528,1,27.0,0,Enterprise,0,Loyal
CUST_1089,24,Multi-Year,3422.797220758657,1,12.0,2,Enterprise,0,Mid-Tenure
CUST_1090,22,Monthly,828.7329956479725,1,1.0,2,SMB,0,Mid-Tenure
CUST_1091,69,Annual,2201.8760738648616,2,26.0,0,Enterprise,0,Loyal
CUST_1092,56,Annual,3695.132064538531,2,16.0,0,SMB,0,Loyal
CUST_1093,33,Multi-Year,590.1059053386793,1,5.0,0,SMB,0,Mid-Tenure
CUST_1094,36,Multi-Year,3064.9226857039225,1,11.0,0,Enterprise,0,Mid-Tenure
CUST_1095,20,Monthly,2005.3443836448378,2,28.0,0,Enterprise,0,Mid-Tenure
CUST_1096,62,Monthly,539.7432954023051,2,12.0,0,SMB,0,Loyal
CUST_1097,26,Monthly,1356.7247197743734,0,27.0,0,SMB,0,Mid-Tenure
CUST_1098,66,Annual,4734.257869717945,4,25.0,10,SMB,0,Loyal
CUST_1099,40,Annual,2845.170074772907,5,3.0,2,SMB,1,Loyal
CUST_1100,17,Annual,4987.522420831093,3,14.0,0,Enterprise,0,Mid-Tenure
CUST_1101,1,Multi-Year,2861.6753766413353,4,15.0,0,SMB,0,New
CUST_1102,61,Monthly,2947.7138553062073,4,20.0,2,SMB,0,Loyal
CUST_1103,43,Monthly,2263.293558197836,2,18.0,2,SMB,0,Loyal
CUST_1104,42,Monthly,1895.1818842913644,1,14.0,10,SMB,1,Loyal
CUST_1105,25,Monthly,1631.9549890982516,3,25.0,0,Enterprise,0,Mid-Tenure
CUST_1106,39,Monthly,2045.3927725880324,3,5.0,0,SMB,0,Loyal
CUST_1107,35,Monthly,2569.3298640519447,3,19.0,5,SMB,0,Mid-Tenure
CUST_1108,3,Annual,1363.9637760385554,2,28.0,0,Enterprise,0,New
CUST_1109,44,Multi-Year,1511.9379131256314,0,5.0,2,SMB,0,Loyal
CUST_1110,51,Annual,1721.9514590079762,1,28.0,0,Enterprise,0,Loyal
CUST_1111,12,Annual,2521.669513688776,3,4.0,2,Enterprise,0,New
CUST_1112,19,Monthly,3437.6601506640936,0,26.0,0,SMB,0,Mid-Tenure
CUST_1113,44,Annual,4352.657676288292,1,1.0,0,SMB,0,Loyal
CUST_1114,59,Annual,1792.0932673421448,3,19.0,0,SMB,0,Loyal
CUST_1115,49,Annual,1326.7775315364681,1,1.0,10,SMB,0,Loyal
CUST_1116,61,Monthly,2204.8135918274975,4,4.0,0,SMB,0,Loyal
CUST_1117,17,Monthly,4524.723843673351,1,2.0,0,SMB,0,Mid-Tenure
CUST_1118,57,Monthly,544.3732775171276,4,5.0,0,SMB,0,Loyal
CUST_1119,55,Annual,3550.4087722598542,2,10.0,5,SMB,0,Loyal
CUST_1120,47,Multi-Year,2647.2202088521167,3,4.0,0,SMB,0,Loyal
CUST_1121,12,Multi-Year,1224.7079673230603,3,17.0,0,SMB,0,New
CUST_1122,62,Monthly,1944.5968682351,1,13.0,0,SMB,0,Loyal
CUST_1123,8,Annual,1512.2751974466523,3,9.0,0,SMB,0,New
CUST_1124,21,Multi-Year,4450.2447555055505,1,26.0,0,SMB,0,Mid-Tenure
CUST_1125,70,Monthly,2668.430227752456,4,23.0,0,Enterprise,0,Loyal
CUST_1126,25,Monthly,3033.9242504262174,3,21.0,2,SMB,0,Mid-Tenure
CUST_1127,12,Multi-Year,3171.5942870165927,2,24.0,0,Enterprise,0,New
CUST_1128,15,Monthly,3378.277060710602,3,2.0,0,SMB,0,Mid-Tenure
CUST_1129,59,Multi-Year,2730.000606691685,0,15.0,2,SMB,0,Loyal
CUST_1130,26,Multi-Year,580.4308887634212,3,29.0,5,Enterprise,0,Mid-Tenure
CUST_1131,26,Annual,2006.2520911159336,1,15.0,2,SMB,0,Mid-Tenure
CUST_1132,47,Multi-Year,1327.4295832444604,3,10.0,0,SMB,0,Loyal
CUST_1133,32,Annual,3560.642793102546,2,3.0,0,SMB,0,Mid-Tenure
CUST_1134,10,Annual,755.1709311652099,5,10.0,0,SMB,0,New
CUST_1135,16,Monthly,3037.1152600023993,2,7.0,0,SMB,0,Mid-Tenure
CUST_1136,71,Monthly,1447.8427502343543,1,15.0,0,SMB,0,Loyal
CUST_1137,17,Monthly,4769.806273101775,2,22.0,5,SMB,1,Mid-Tenure
CUST_1138,23,Annual,2009.9342398394099,3,7.0,0,Enterprise,0,Mid-Tenure
CUST_1139,26,Monthly,1963.495361185854,2,8.0,0,Enterprise,0,Mid-Tenure
CUST_1140,7,Monthly,4655.231005958257,1,13.0,0,SMB,0,New
CUST_1141,14,Monthly,2378.065641368636,2,7.0,0,Enterprise,0,Mid-Tenure
CUST_1142,7,Annual,4832.88050383584,2,23.0,0,SMB,0,New
CUST_1143,9,Multi-Year,608.7665846007657,3,15.0,0,SMB,0,New
CUST_1144,48,Multi-Year,1878.5505884096583,1,21.0,0,Enterprise,0,Loyal
CUST_1145,59,Monthly,3497.86832119894,0,26.0,0,SMB,0,Loyal
CUST_1146,39,Multi-Year,4508.856340374374,1,1.0,5,SMB,0,Loyal
CUST_1147,18,Annual,1653.8251685372777,4,27.0,0,SMB,0,Mid-Tenure
CUST_1148,59,Annual,4687.149163836507,0,22.0,2,SMB,0,Loyal
CUST_1149,17,Annual,3173.546599246347,4,19.0,0,SMB,0,Mid-Tenure
CUST_1150,14,Monthly,4104.537094390622,1,18.0,5,Enterprise,1,Mid-Tenure
CUST_1151,31,Multi-Year,2287.4328693810376,1,19.0,0,SMB,0,Mid-Tenure
CUST_1152,24,Monthly,1454.81172155093,3,19.0,5,SMB,1,Mid-Tenure
CUST_1153,60,Monthly,4600.559369514619,0,18.0,0,SMB,1,Loyal
CUST_1154,45,Annual,4699.111407827984,1,24.0,0,Enterprise,0,Loyal
CUST_1155,3,Monthly,2739.0881486936096,4,29.0,0,SMB,0,New
CUST_1156,37,Monthly,529.2275719966543,3,18.0,0,SMB,0,Loyal
CUST_1157,43,Annual,994.0232915168201,3,17.0,0,Enterprise,0,Loyal
CUST_1158,40,Monthly,3078.6258210427477,2,12.0,10,SMB,1,Loyal
CUST_1159,55,Annual,606.995160358488,1,16.0,0,SMB,0,Loyal
CUST_1160,39,Annual,2286.103657940129,3,26.0,0,SMB,0,Loyal
CUST_1161,15,Annual,1865.1647550740565,3,0.0,0,SMB,0,Mid-Tenure
CUST_1162,4,Annual,3714.567239309921,4,20.0,0,SMB,0,New
CUST_1163,25,Annual,750.1040282657087,0,27.0,0,SMB,0,Mid-Tenure
CUST_1164,13,Annual,2699.2907103977936,3,27.0,0,SMB,0,Mid-Tenure
CUST_1165,33,Annual,3106.014214440224,6,4.0,2,Enterprise,1,Mid-Tenure
CUST_1166,16,Annual,3277.80984223678,2,27.0,0,SMB,0,Mid-Tenure
CUST_1167,42,Annual,2323.2095240762337,3,24.0,5,SMB,0,Loyal
CUST_1168,66,Multi-Year,1869.6550254329793,5,19.0,0,Enterprise,0,Loyal
CUST_1169,55,Monthly,3571.2186518171693,4,20.0,5,SMB,0,Loyal
CUST_1170,42,Monthly,4314.0607164612275,4,12.0,0,SMB,0,Loyal
CUST_1171,34,Multi-Year,3621.2793700229545,2,5.0,2,SMB,0,Mid-Tenure
CUST_1172,30,Monthly,4694.460644557497,1,28.0,0,SMB,0,Mid-Tenure
CUST_1173,13,Monthly,3727.6858641106724,3,9.0,0,SMB,0,Mid-Tenure
CUST_1174,13,Annual,3940.7843030612826,1,22.0,0,SMB,0,Mid-Tenure
CUST_1175,18,Monthly,1255.5643847093997,4,8.0,0,Enterprise,1,Mid-Tenure
CUST_1176,32,Monthly,2387.9284003702032,4,28.0,0,SMB,0,Mid-Tenure
CUST_1177,39,Multi-Year,2682.7489893018433,3,5.0,0,SMB,0,Loyal
CUST_1178,46,Annual,1653.3192303257345,4,0.0,0,SMB,0,Loyal
CUST_1179,29,Monthly,2878.4293716032953,2,23.0,2,Enterprise,0,Mid-Tenure
CUST_1180,62,Multi-Year,1808.5637489983137,4,29.0,15,SMB,1,Loyal
CUST_1181,62,Multi-Year,3593.759417619872,5,17.0,0,Enterprise,1,Loyal
CUST_1182,57,Monthly,2616.2981451642913,0,24.0,0,SMB,0,Loyal
CUST_1183,16,Monthly,2564.63129421066,2,26.0,0,SMB,1,Mid-Tenure
CUST_1184,56,Multi-Year,4926.391389647652,5,22.0,2,SMB,0,Loyal
CUST_1185,10,Annual,2266.0018184415667,2,6.0,10,SMB,0,New
CUST_1186,30,Annual,2130.3294466530574,4,25.0,10,SMB,1,Mid-Tenure
CUST_1187,25,Multi-Year,1933.7196707719447,0,9.0,10,SMB,1,Mid-Tenure
CUST_1188,5,Annual,4526.371494391091,1,11.0,5,Enterprise,0,New
CUST_1189,65,Monthly,2735.257217441802,2,20.0,15,SMB,0,Loyal
CUST_1190,49,Annual,3200.06514866286,3,23.0,0,SMB,0,Loyal
CUST_1191,3,Monthly,1313.6831555107774,6,25.0,10,Enterprise,1,New
CUST_1192,45,Annual,2934.2406200221712,5,14.0,2,SMB,0,Loyal
CUST_1193,14,Annual,1735.9168679081972,3,16.0,0,SMB,0,Mid-Tenure
CUST_1194,30,Monthly,3787.8661456829486,2,2.0,0,SMB,0,Mid-Tenure
CUST_1195,68,Annual,4246.37756956572,4,24.0,0,SMB,0,Loyal
CUST_1196,18,Monthly,3716.648114590749,1,14.0,2,SMB,0,Mid-Tenure
CUST_1197,62,Monthly,3786.098748216158,2,0.0,0,SMB,0,Loyal
CUST_1198,37,Annual,2806.1361685378265,1,10.0,0,Enterprise,0,Loyal
CUST_1199,25,Monthly,3704.5312535036087,4,23.0,2,SMB,0,Mid-Tenure
CUST_1200,48,Annual,2402.0912097867213,1,5.0,0,Enterprise,0,Loyal
CUST_1201,65,Monthly,3431.7011908832587,2,27.0,2,SMB,0,Loyal
CUST_1202,53,Annual,1665.676445542316,1,28.0,2,SMB,0,Loyal
CUST_1203,15,Multi-Year,813.9065554040457,3,15.0,10,Enterprise,0,Mid-Tenure
CUST_1204,49,Annual,2360.629688548858,1,25.0,0,SMB,0,Loyal
CUST_1205,68,Monthly,2578.001701012205,4,20.0,5,Enterprise,0,Loyal
CUST_1206,12,Multi-Year,1653.8322118491049,1,11.0,0,SMB,0,New
CUST_1207,59,Monthly,3774.6928328325694,2,21.0,0,Enterprise,0,Loyal
CUST_1208,37,Monthly,830.9771553932565,4,26.0,0,SMB,0,Loyal
CUST_1209,61,Monthly,1502.3674597063487,2,20.0,0,SMB,0,Loyal
CUST_1210,43,Monthly,3868.5412330413205,3,14.0,15,SMB,0,Loyal
CUST_1211,70,Multi-Year,2467.059231830056,2,24.0,0,Enterprise,0,Loyal
CUST_1212,39,Monthly,3673.776308176906,2,17.0,5,SMB,0,Loyal
CUST_1213,56,Annual,3053.686450026183,5,9.0,0,Enterprise,0,Loyal
CUST_1214,63,Annual,4778.207374988131,0,21.0,0,SMB,0,Loyal
CUST_1215,46,Monthly,3190.0812472527487,3,11.0,0,SMB,0,Loyal
CUST_1216,11,Annual,566.9103845548386,2,19.0,0,SMB,0,New
CUST_1217,62,Monthly,2087.9480772695033,4,18.0,10,SMB,0,Loyal
CUST_1218,25,Monthly,1143.7730699211847,2,27.0,2,SMB,0,Mid-Tenure
CUST_1219,71,Monthly,4660.851549189664,1,4.0,0,SMB,0,Loyal
CUST_1220,52,Multi-Year,968.0560442828614,3,17.0,2,Enterprise,0,Loyal
CUST_1221,4,Multi-Year,2244.679984089894,0,18.0,0,SMB,0,New
CUST_1222,59,Monthly,1517.4463713201148,3,22.0,0,SMB,0,Loyal
CUST_1223,20,Monthly,4310.2489567853,5,11.0,0,SMB,1,Mid-Tenure
CUST_1224,63,Annual,1888.5492391501264,2,0.0,0,Enterprise,0,Loyal
CUST_1225,54,Monthly,4963.520674141902,5,1.0,15,SMB,1,Loyal
CUST_1226,57,Multi-Year,673.7747252551289,3,2.0,0,SMB,0,Loyal
CUST_1227,41,Annual,1077.2454760815463,3,25.0,0,SMB,0,Loyal
CUST_1228,3,Monthly,1510.874493930991,0,28.0,0,Enterprise,0,New
CUST_1229,6,Multi-Year,4149.977180900718,3,29.0,0,Enterprise,0,New
CUST_1230,5,Monthly,4453.327440788071,0,11.0,0,Enterprise,0,New
CUST_1231,5,Multi-Year,821.5312127424006,3,13.0,0,Enterprise,0,New
CUST_1232,54,Multi-Year,646.0706379302438,4,6.0,2,SMB,0,Loyal
CUST_1233,47,Monthly,3850.505856970607,2,3.0,0,SMB,0,Loyal
CUST_1234,49,Monthly,1100.0840303912605,1,11.0,0,SMB,0,Loyal
CUST_1235,9,Multi-Year,1098.4936418358764,0,23.0,0,SMB,0,New
CUST_1236,20,Multi-Year,600.6494052249317,3,7.0,0,SMB,0,Mid-Tenure
CUST_1237,61,Monthly,724.1354491253984,1,0.0,5,SMB,0,Loyal
CUST_1238,35,Multi-Year,1686.5395636797011,4,4.0,0,SMB,0,Mid-Tenure
CUST_1239,50,Monthly,792.5247023486284,3,0.0,0,SMB,0,Loyal
CUST_1240,62,Monthly,2159.9559124667403,2,14.0,0,SMB,0,Loyal
CUST_1241,17,Multi-Year,4247.487640523071,4,12.0,10,SMB,1,Mid-Tenure
CUST_1242,3,Monthly,1968.4411579471669,1,28.0,5,Enterprise,1,New
CUST_1243,32,Multi-Year,3775.253731607172,6,22.0,0,SMB,0,Mid-Tenure
CUST_1244,13,Monthly,922.5948417396354,4,12.0,0,Enterprise,0,Mid-Tenure
CUST_1245,68,Annual,3467.188343387718,1,3.0,0,SMB,0,Loyal
CUST_1246,14,Monthly,1925.3623246584575,2,14.0,2,SMB,0,Mid-Tenure
CUST_1247,11,Annual,3873.8879541366714,3,11.0,0,SMB,0,New
CUST_1248,56,Annual,1113.1340632537185,3,7.0,0,SMB,0,Loyal
CUST_1249,67,Monthly,4540.475199940169,2,15.0,0,Enterprise,0,Loyal
CUST_1250,29,Annual,1591.5974130407146,2,11.0,0,SMB,0,Mid-Tenure
CUST_1251,9,Monthly,2089.120069765294,1,23.0,0,Enterprise,0,New
CUST_1252,67,Monthly,4775.813198681188,4,24.0,0,SMB,0,Loyal
CUST_1253,25,Multi-Year,3103.1706187888653,3,26.0,0,SMB,0,Mid-Tenure
CUST_1254,42,Monthly,2145.971835333599,2,5.0,0,SMB,0,Loyal
CUST_1255,9,Annual,4773.209661651343,0,22.0,0,SMB,0,New
CUST_1256,40,Annual,1980.848376005144,1,14.0,0,SMB,0,Loyal
CUST_1257,25,Annual,926.918207038309,3,6.0,0,SMB,0,Mid-Tenure
CUST_1258,5,Monthly,4985.819995367389,2,4.0,5,Enterprise,0,New
CUST_1259,11,Monthly,1705.3021425151123,1,22.0,0,SMB,0,New
CUST_1260,59,Monthly,4330.660319148234,1,14.0,0,SMB,0,Loyal
CUST_1261,38,Annual,1244.9335767038926,0,24.0,2,Enterprise,0,Loyal
CUST_1262,5,Multi-Year,3791.092872998201,1,27.0,0,SMB,0,New
CUST_1263,48,Annual,2860.022275125134,2,29.0,0,SMB,0,Loyal
CUST_1264,18,Monthly,4914.079512305583,0,11.0,0,SMB,0,Mid-Tenure
CUST_1265,70,Monthly,2987.7366024157977,3,10.0,0,Enterprise,0,Loyal
CUST_1266,37,Monthly,612.5681835088435,1,3.0,0,SMB,0,Loyal
CUST_1267,60,Monthly,3217.4509533083956,0,12.0,0,SMB,0,Loyal
CUST_1268,48,Monthly,1153.9240535148172,5,17.0,2,Enterprise,0,Loyal
CUST_1269,28,Monthly,4093.434118769392,1,7.0,2,Enterprise,1,Mid-Tenure
CUST_1270,69,Monthly,4354.556884204545,3,6.0,0,SMB,0,Loyal
CUST_1271,40,Monthly,2669.4208345762145,1,21.0,2,Enterprise,0,Loyal
CUST_1272,45,Monthly,4024.496556735344,3,22.0,0,SMB,0,Loyal
CUST_1273,62,Monthly,1152.998309667223,0,27.0,0,SMB,0,Loyal
CUST_1274,58,Monthly,2714.351839410407,4,15.0,0,SMB,0,Loyal
CUST_1275,67,Monthly,2272.749191107631,3,2.0,0,SMB,1,Loyal
CUST_1276,56,Annual,3250.9282417388663,1,21.0,0,SMB,0,Loyal
CUST_1277,40,Monthly,700.1473496142199,1,25.0,0,SMB,1,Loyal
CUST_1278,40,Monthly,3884.552772118823,1,29.0,0,SMB,0,Loyal
CUST_1279,33,Monthly,856.0818026360765,0,15.0,2,Enterprise,0,Mid-Tenure
CUST_1280,6,Monthly,3454.1218288857417,3,15.0,0,SMB,0,New
CUST_1281,19,Monthly,583.057514929749,3,6.0,0,SMB,1,Mid-Tenure
CUST_1282,40,Monthly,4243.496286905283,2,22.0,0,SMB,0,Loyal
CUST_1283,59,Annual,1286.148336007016,4,12.0,0,SMB,0,Loyal
CUST_1284,59,Monthly,2819.738641896457,4,12.0,2,Enterprise,0,Loyal
CUST_1285,48,Monthly,1676.718066774287,1,20.0,15,SMB,1,Loyal
CUST_1286,41,Multi-Year,3751.912409274808,2,18.0,2,SMB,0,Loyal
CUST_1287,13,Monthly,1946.0799508537457,2,17.0,5,Enterprise,0,Mid-Tenure
CUST_1288,45,Monthly,3760.7413711474273,1,28.0,0,SMB,0,Loyal
CUST_1289,53,Multi-Year,1781.9204307596442,3,6.0,0,SMB,0,Loyal
CUST_1290,42,Multi-Year,3886.12890921092,3,19.0,0,SMB,0,Loyal
CUST_1291,63,Monthly,637.724733516069,2,17.0,10,SMB,0,Loyal
CUST_1292,27,Monthly,1774.901009182318,1,28.0,0,SMB,0,Mid-Tenure
CUST_1293,38,Monthly,2743.850778981255,1,23.0,0,SMB,0,Loyal
CUST_1294,60,Monthly,702.7681186387647,4,17.0,0,SMB,0,Loyal
CUST_1295,7,Annual,1337.153276170754,5,21.0,0,Enterprise,1,New
CUST_1296,5,Monthly,4705.416417385414,1,3.0,0,SMB,1,New
CUST_1297,45,Monthly,4895.754193310851,2,8.0,2,SMB,0,Loyal
CUST_1298,58,Multi-Year,3828.8747632571854,3,20.0,0,SMB,0,Loyal
CUST_1299,31,Multi-Year,1634.9002277761078,2,15.0,5,SMB,0,Mid-Tenure
CUST_1300,23,Monthly,1672.3285044618606,2,3.0,10,SMB,1,Mid-Tenure
CUST_1301,42,Annual,3406.056610077828,1,7.0,5,Enterprise,0,Loyal
CUST_1302,10,Monthly,1029.198274694158,4,2.0,5,SMB,0,New
CUST_1303,32,Multi-Year,4767.39221193665,3,29.0,0,SMB,0,Mid-Tenure
CUST_1304,53,Monthly,1511.6580477958305,2,28.0,10,SMB,1,Loyal
CUST_1305,30,Monthly,4998.360314414497,2,8.0,0,SMB,0,Mid-Tenure
CUST_1306,39,Monthly,2730.802078861072,6,7.0,5,Enterprise,0,Loyal
CUST_1307,31,Monthly,3971.4349504682136,1,29.0,0,Enterprise,0,Mid-Tenure
CUST_1308,2,Monthly,509.82842527500753,3,11.0,0,SMB,1,New
CUST_1309,12,Annual,4499.358821382389,2,13.0,0,Enterprise,0,New
CUST_1310,39,Annual,1715.009201512612,2,27.0,0,SMB,0,Loyal
CUST_1311,66,Monthly,3505.715350466294,2,23.0,10,SMB,0,Loyal
CUST_1312,13,Monthly,4128.5987635711535,1,9.0,2,Enterprise,0,Mid-Tenure
CUST_1313,46,Monthly,1238.6648325155093,5,20.0,0,SMB,0,Loyal
CUST_1314,27,Multi-Year,2491.2926659815303,2,16.0,0,SMB,0,Mid-Tenure
CUST_1315,17,Multi-Year,2722.2617329336554,4,10.0,2,SMB,0,Mid-Tenure
CUST_1316,60,Multi-Year,1904.5375940264205,2,9.0,0,SMB,0,Loyal
CUST_1317,64,Multi-Year,2667.9012337804165,3,12.0,2,SMB,0,Loyal
CUST_1318,35,Monthly,1928.9554594490212,2,24.0,0,Enterprise,0,Mid-Tenure
CUST_1319,70,Monthly,2123.3648527484415,1,1.0,0,SMB,0,Loyal
CUST_1320,30,Annual,3511.990304162325,2,0.0,10,SMB,1,Mid-Tenure
CUST_1321,71,Multi-Year,3346.6697073724868,2,21.0,0,SMB,0,Loyal
CUST_1322,63,Monthly,1545.1957660888636,1,0.0,0,SMB,0,Loyal
CUST_1323,28,Monthly,4538.672981579411,7,15.0,5,Enterprise,1,Mid-Tenure
CUST_1324,60,Multi-Year,4382.548455521258,2,9.0,5,Enterprise,0,Loyal
CUST_1325,37,Monthly,2790.8748801047823,3,25.0,15,Enterprise,1,Loyal
CUST_1326,22,Monthly,2449.6283421308767,1,28.0,0,SMB,0,Mid-Tenure
CUST_1327,68,Annual,2195.8519234284895,3,9.0,0,Enterprise,0,Loyal
CUST_1328,20,Monthly,3682.705633998976,2,6.0,0,SMB,0,Mid-Tenure
CUST_1329,68,Monthly,3522.497257442617,2,29.0,0,SMB,0,Loyal
CUST_1330,64,Annual,1382.812731220904,3,6.0,2,Enterprise,0,Loyal
CUST_1331,17,Annual,3521.561140851626,2,28.0,0,SMB,0,Mid-Tenure
CUST_1332,12,Multi-Year,1635.94037345918,2,0.0,0,SMB,0,New
CUST_1333,22,Monthly,583.512514355865,5,25.0,5,Enterprise,0,Mid-Tenure
CUST_1334,17,Monthly,3646.4390489181965,0,12.0,10,Enterprise,1,Mid-Tenure
CUST_1335,10,Annual,3401.571211073373,2,4.0,0,SMB,0,New
CUST_1336,65,Annual,2348.6416806845364,9,2.0,0,Enterprise,0,Loyal
CUST_1337,22,Monthly,2865.5872516377776,0,28.0,2,Enterprise,0,Mid-Tenure
CUST_1338,50,Annual,4762.2613626759185,4,12.0,0,Enterprise,0,Loyal
CUST_1339,14,Monthly,3178.4008140744695,3,26.0,2,SMB,0,Mid-Tenure
CUST_1340,64,Monthly,3460.4777090143916,0,11.0,5,SMB,0,Loyal
CUST_1341,47,Monthly,787.600944271135,1,29.0,0,Enterprise,0,Loyal
CUST_1342,29,Monthly,1246.9750730380636,1,17.0,0,SMB,0,Mid-Tenure
CUST_1343,36,Monthly,1854.2852438521468,4,26.0,0,SMB,1,Mid-Tenure
CUST_1344,52,Annual,2927.206931126644,3,4.0,0,SMB,0,Loyal
CUST_1345,7,Annual,3994.6590319249453,4,4.0,0,SMB,0,New
CUST_1346,29,Multi-Year,1945.5839500486416,2,1.0,2,Enterprise,0,Mid-Tenure
CUST_1347,11,Monthly,2103.7209371544827,5,5.0,5,SMB,1,New
CUST_1348,33,Monthly,1652.6789832818697,2,6.0,0,SMB,0,Mid-Tenure
CUST_1349,6,Monthly,1645.7419818288765,0,0.0,10,Enterprise,0,New
CUST_1350,32,Monthly,4769.887306526584,2,2.0,0,SMB,0,Mid-Tenure
CUST_1351,51,Annual,3359.557308285005,2,19.0,5,SMB,0,Loyal
CUST_1352,58,Annual,1201.5555959297608,4,1.0,0,SMB,0,Loyal
CUST_1353,26,Annual,3750.1186013791694,4,9.0,0,SMB,0,Mid-Tenure
CUST_1354,46,Monthly,3749.0951451201304,1,10.0,0,Enterprise,0,Loyal
CUST_1355,29,Monthly,3499.115882241673,5,20.0,0,SMB,1,Mid-Tenure
CUST_1356,4,Monthly,1106.2420029079863,3,12.0,0,SMB,0,New
CUST_1357,13,Monthly,2335.961675613141,0,15.0,5,Enterprise,0,Mid-Tenure
CUST_1358,39,Annual,980.4034872248591,6,19.0,0,SMB,0,Loyal
CUST_1359,15,Multi-Year,4174.792268414614,2,10.0,10,SMB,0,Mid-Tenure
CUST_1360,29,Monthly,3448.2746443006367,5,17.0,0,SMB,1,Mid-Tenure
CUST_1361,29,Annual,2782.4177154551826,2,10.0,0,Enterprise,0,Mid-Tenure
CUST_1362,32,Annual,2043.5696442526846,4,0.0,0,SMB,0,Mid-Tenure
CUST_1363,2,Monthly,1329.1226352249505,6,23.0,15,SMB,1,New
CUST_1364,47,Annual,979.0141497489856,4,17.0,0,SMB,0,Loyal
CUST_1365,22,Monthly,4861.582733916048,1,19.0,0,SMB,1,Mid-Tenure
CUST_1366,27,Monthly,1398.4188888021038,1,27.0,10,Enterprise,0,Mid-Tenure
CUST_1367,67,Annual,769.4358202462355,0,25.0,0,SMB,0,Loyal
CUST_1368,56,Multi-Year,4827.500474821234,2,4.0,0,Enterprise,0,Loyal
CUST_1369,21,Monthly,2970.282836110222,1,1.0,0,SMB,0,Mid-Tenure
CUST_1370,47,Monthly,4084.955307460143,3,25.0,0,Enterprise,0,Loyal
CUST_1371,59,Multi-Year,696.9463123924335,4,24.0,0,Enterprise,0,Loyal
CUST_1372,6,Multi-Year,3051.256358658446,3,17.0,5,SMB,0,New
CUST_1373,19,Annual,2291.944838530978,3,21.0,5,SMB,0,Mid-Tenure
CUST_1374,57,Monthly,3973.8399545744755,3,6.0,0,Enterprise,0,Loyal
CUST_1375,69,Multi-Year,672.9154053757636,4,21.0,0,Enterprise,0,Loyal
CUST_1376,3,Monthly,2307.6075585272647,4,10.0,0,SMB,0,New
CUST_1377,1,Annual,4095.830387687882,4,10.0,0,SMB,0,New
CUST_1378,58,Monthly,2852.1376908726647,3,27.0,0,Enterprise,0,Loyal
CUST_1379,38,Annual,2975.1743344937177,1,12.0,0,SMB,0,Loyal
CUST_1380,15,Monthly,937.2410688468448,2,3.0,0,SMB,0,Mid-Tenure
CUST_1381,34,Monthly,1095.4875025404112,4,0.0,0,Enterprise,0,Mid-Tenure
CUST_1382,61,Monthly,3546.498224146036,3,17.0,2,Enterprise,0,Loyal
CUST_1383,35,Monthly,3537.7098003046394,0,11.0,5,Enterprise,0,Mid-Tenure
CUST_1384,64,Annual,4905.96527413523,3,25.0,0,SMB,1,Loyal
CUST_1385,25,Multi-Year,3703.788446294977,1,27.0,2,Enterprise,0,Mid-Tenure
CUST_1386,24,Multi-Year,2719.5957317005127,6,9.0,0,SMB,0,Mid-Tenure
CUST_1387,12,Monthly,4357.975205900988,6,27.0,0,SMB,1,New
CUST_1388,18,Annual,970.128436171713,1,29.0,2,SMB,0,Mid-Tenure
CUST_1389,15,Annual,2521.831194033145,5,21.0,2,Enterprise,1,Mid-Tenure
CUST_1390,27,Monthly,1791.9909991740637,2,7.0,0,SMB,0,Mid-Tenure
CUST_1391,60,Monthly,970.8701311743151,2,29.0,0,Enterprise,0,Loyal
CUST_1392,46,Annual,3935.7593812416485,2,2.0,5,Enterprise,0,Loyal
CUST_1393,17,Multi-Year,2798.5641372449777,5,6.0,0,SMB,0,Mid-Tenure
CUST_1394,53,Annual,3005.459239538708,0,24.0,0,Enterprise,0,Loyal
CUST_1395,8,Monthly,2350.648345596481,1,19.0,2,Enterprise,0,New
CUST_1396,27,Annual,2571.5175422123084,1,10.0,0,SMB,0,Mid-Tenure
CUST_1397,46,Monthly,1022.0782420535141,2,6.0,0,SMB,0,Loyal
CUST_1398,50,Annual,3528.130209291394,2,6.0,10,SMB,0,Loyal
CUST_1399,71,Annual,2446.013118223462,2,28.0,0,SMB,0,Loyal
CUST_1400,3,Monthly,4175.454079083125,3,27.0,0,Enterprise,0,New
CUST_1401,64,Multi-Year,1383.2924006438425,2,25.0,0,SMB,0,Loyal
CUST_1402,44,Monthly,1422.747920384761,4,8.0,0,Enterprise,0,Loyal
CUST_1403,53,Multi-Year,3405.918071888095,2,2.0,0,Enterprise,0,Loyal
CUST_1404,24,Monthly,4307.015405288286,2,10.0,0,SMB,0,Mid-Tenure
CUST_1405,60,Monthly,2624.890273781789,4,16.0,0,SMB,0,Loyal
CUST_1406,3,Monthly,3771.2924092989497,2,7.0,0,SMB,0,New
CUST_1407,20,Monthly,4996.984646718885,4,19.0,0,SMB,1,Mid-Tenure
CUST_1408,46,Monthly,4956.195378780177,0,1.0,0,SMB,0,Loyal
CUST_1409,15,Annual,3849.5157926976503,5,20.0,0,SMB,0,Mid-Tenure
CUST_1410,25,Annual,3828.1392035521194,2,19.0,0,SMB,0,Mid-Tenure
CUST_1411,71,Annual,1614.2849923950755,2,0.0,0,SMB,0,Loyal
CUST_1412,17,Monthly,4250.928341946982,1,15.0,0,Enterprise,0,Mid-Tenure
CUST_1413,9,Annual,2322.959571712043,3,27.0,2,SMB,0,New
CUST_1414,38,Monthly,4828.972594400702,1,22.0,2,SMB,1,Loyal
CUST_1415,48,Annual,866.4245991812097,3,3.0,0,SMB,0,Loyal
CUST_1416,60,Monthly,2461.2816599272674,3,23.0,0,SMB,0,Loyal
CUST_1417,63,Multi-Year,3001.2821945757437,2,8.0,0,SMB,0,Loyal
CUST_1418,2,Annual,2323.202931887742,4,7.0,0,SMB,0,New
CUST_1419,11,Annual,1447.606357272245,2,0.0,0,SMB,0,New
CUST_1420,64,Monthly,3168.4481995212946,4,7.0,0,SMB,0,Loyal
CUST_1421,21,Monthly,3901.630615813119,1,4.0,0,SMB,0,Mid-Tenure
CUST_1422,18,Monthly,3401.773682090884,3,0.0,10,SMB,1,Mid-Tenure
CUST_1423,64,Multi-Year,1555.0198196361778,3,24.0,0,SMB,0,Loyal
CUST_1424,38,Multi-Year,3792.2357496583577,2,24.0,5,SMB,0,Loyal
CUST_1425,32,Monthly,1656.0401272005347,3,6.0,0,SMB,0,Mid-Tenure
CUST_1426,11,Annual,1288.4106331581802,1,14.0,0,SMB,0,New
CUST_1427,45,Annual,3608.0060694742497,2,6.0,0,Enterprise,0,Loyal
CUST_1428,33,Annual,4292.542607512681,2,26.0,10,Enterprise,0,Mid-Tenure
CUST_1429,41,Monthly,2666.927514634585,3,0.0,0,Enterprise,0,Loyal
CUST_1430,8,Monthly,2891.26306912297,1,8.0,0,SMB,1,New
CUST_1431,11,Monthly,1862.364067120546,3,0.0,0,SMB,0,New
CUST_1432,51,Multi-Year,2725.781067995145,6,28.0,2,SMB,0,Loyal
CUST_1433,41,Monthly,1093.9234910558325,1,11.0,0,Enterprise,0,Loyal
CUST_1434,17,Monthly,4801.238733573456,2,6.0,0,Enterprise,0,Mid-Tenure
CUST_1435,46,Multi-Year,4101.622941454683,2,24.0,15,SMB,1,Loyal
CUST_1436,32,Annual,3505.8787736998315,2,8.0,0,SMB,0,Mid-Tenure
CUST_1437,54,Multi-Year,2921.8746725798133,3,4.0,0,SMB,0,Loyal
CUST_1438,20,Monthly,4064.76111302584,0,11.0,0,SMB,0,Mid-Tenure
CUST_1439,33,Monthly,2726.4075781361194,1,28.0,2,Enterprise,0,Mid-Tenure
CUST_1440,40,Multi-Year,1849.8825866953962,0,21.0,0,SMB,0,Loyal
CUST_1441,32,Monthly,1221.6840582500242,6,1.0,0,SMB,0,Mid-Tenure
CUST_1442,2,Monthly,3414.135149608133,3,17.0,2,Enterprise,0,New
CUST_1443,33,Monthly,4682.415852619313,3,25.0,0,SMB,0,Mid-Tenure
CUST_1444,30,Monthly,1191.28349076958,3,8.0,5,SMB,0,Mid-Tenure
CUST_1445,33,Monthly,1310.0812027286304,3,28.0,0,SMB,0,Mid-Tenure
CUST_1446,26,Multi-Year,2451.227150342908,1,0.0,0,SMB,0,Mid-Tenure
CUST_1447,22,Multi-Year,4131.0470656386005,4,9.0,0,SMB,0,Mid-Tenure
CUST_1448,66,Multi-Year,1822.6522803717708,3,27.0,2,SMB,0,Loyal
CUST_1449,38,Monthly,1642.6081610151266,3,27.0,0,SMB,0,Loyal
CUST_1450,46,Monthly,3289.8483115827526,5,13.0,0,SMB,1,Loyal
CUST_1451,15,Monthly,2910.2665184344933,4,20.0,0,SMB,0,Mid-Tenure
CUST_1452,44,Multi-Year,770.9916400035631,4,13.0,10,Enterprise,0,Loyal
CUST_1453,49,Monthly,866.7048978917444,3,6.0,0,SMB,0,Loyal
CUST_1454,61,Annual,3393.558410831448,6,11.0,0,SMB,0,Loyal
CUST_1455,67,Annual,2593.0561961650083,3,25.0,15,SMB,1,Loyal
CUST_1456,6,Monthly,4869.397362151161,1,21.0,2,SMB,1,New
CUST_1457,9,Monthly,3553.3913482852913,1,21.0,0,SMB,0,New
CUST_1458,6,Multi-Year,545.3314789695415,5,5.0,10,Enterprise,1,New
CUST_1459,32,Multi-Year,2664.5845091020783,1,12.0,0,SMB,0,Mid-Tenure
CUST_1460,41,Monthly,2365.015707659658,1,7.0,0,SMB,1,Loyal
CUST_1461,8,Monthly,980.2123699719591,4,22.0,0,SMB,1,New
CUST_1462,50,Multi-Year,4654.4397614248555,5,20.0,0,Enterprise,0,Loyal
CUST_1463,62,Monthly,4122.550845867756,1,25.0,5,Enterprise,0,Loyal
CUST_1464,62,Monthly,1535.3865878900085,2,1.0,2,SMB,0,Loyal
CUST_1465,7,Monthly,1651.9134147934874,0,9.0,0,SMB,1,New
CUST_1466,4,Annual,644.0812399375293,2,5.0,5,SMB,0,New
CUST_1467,6,Monthly,1835.2285321056843,2,15.0,0,Enterprise,0,New
CUST_1468,58,Monthly,3130.799040110091,2,9.0,0,SMB,0,Loyal
CUST_1469,22,Monthly,2393.7952477400067,0,14.0,10,SMB,1,Mid-Tenure
CUST_1470,26,Annual,4861.649586738564,5,20.0,5,SMB,1,Mid-Tenure
CUST_1471,3,Multi-Year,752.3607616865189,0,19.0,0,SMB,0,New
CUST_1472,41,Multi-Year,3161.435715045548,3,9.0,0,SMB,0,Loyal
CUST_1473,60,Multi-Year,4362.392482281716,0,10.0,0,SMB,0,Loyal
CUST_1474,14,Annual,2663.334105843752,1,20.0,0,Enterprise,0,Mid-Tenure
CUST_1475,12,Monthly,513.3322425217857,1,24.0,0,SMB,0,New
CUST_1476,12,Monthly,1592.6067492182383,1,27.0,0,SMB,1,New
CUST_1477,13,Multi-Year,1956.9603905058477,1,28.0,0,SMB,0,Mid-Tenure
CUST_1478,25,Monthly,4846.975225508581,0,1.0,2,SMB,0,Mid-Tenure
CUST_1479,45,Monthly,4602.979768274147,1,21.0,0,SMB,0,Loyal
CUST_1480,19,Annual,4771.267272984336,2,26.0,0,Enterprise,0,Mid-Tenure
CUST_1481,55,Monthly,4215.913059276358,3,24.0,10,SMB,1,Loyal
CUST_1482,45,Monthly,2082.41480351257,5,27.0,0,Enterprise,0,Loyal
CUST_1483,8,Multi-Year,4576.443899432903,4,9.0,2,SMB,0,New
CUST_1484,53,Multi-Year,4917.58027671672,4,28.0,0,SMB,0,Loyal
CUST_1485,55,Monthly,2075.320905237288,4,20.0,0,SMB,0,Loyal
CUST_1486,32,Multi-Year,1672.5018469390202,1,11.0,0,Enterprise,0,Mid-Tenure
CUST_1487,51,Annual,2961.123317519996,0,10.0,0,SMB,1,Loyal
CUST_1488,44,Annual,1342.184866695185,1,21.0,0,SMB,0,Loyal
CUST_1489,70,Monthly,646.8089963287109,1,14.0,0,SMB,0,Loyal
CUST_1490,18,Monthly,4756.240270021413,2,25.0,0,SMB,1,Mid-Tenure
CUST_1491,22,Annual,4665.832845986387,2,27.0,0,SMB,0,Mid-Tenure
CUST_1492,37,Multi-Year,1231.9423419295447,4,3.0,0,SMB,0,Loyal
CUST_1493,56,Annual,2334.8311111837374,3,4.0,15,SMB,0,Loyal
CUST_1494,59,Monthly,4239.663409727085,2,23.0,5,SMB,0,Loyal
CUST_1495,3,Monthly,3474.5013446938383,3,27.0,5,SMB,0,New
CUST_1496,28,Multi-Year,2276.5437912682128,3,0.0,0,Enterprise,0,Mid-Tenure
CUST_1497,35,Monthly,3848.7694873226856,1,0.0,0,SMB,0,Mid-Tenure
CUST_1498,61,Annual,4536.713246945859,3,9.0,0,SMB,0,Loyal
CUST_1499,54,Monthly,4667.712487366406,3,3.0,2,Enterprise,0,Loyal
CUST_1500,63,Monthly,2204.823253649851,1,12.0,0,SMB,0,Loyal
CUST_1501,7,Annual,1281.023060327685,3,13.0,0,SMB,0,New
CUST_1502,49,Annual,4607.774861872888,2,25.0,0,SMB,0,Loyal
CUST_1503,31,Monthly,916.4995063746271,5,18.0,0,SMB,0,Mid-Tenure
CUST_1504,58,Monthly,3747.5977605267362,2,4.0,0,SMB,0,Loyal
CUST_1505,61,Multi-Year,1132.2379168736074,4,10.0,15,SMB,0,Loyal
CUST_1506,24,Monthly,2252.240846004615,4,25.0,2,SMB,0,Mid-Tenure
CUST_1507,20,Annual,2352.0008594526234,4,7.0,0,SMB,0,Mid-Tenure
CUST_1508,37,Multi-Year,1214.410618004375,3,0.0,0,Enterprise,0,Loyal
CUST_1509,4,Monthly,4652.066453029754,0,4.0,0,SMB,0,New
CUST_1510,20,Multi-Year,512.0067560417882,3,29.0,0,Enterprise,0,Mid-Tenure
CUST_1511,60,Monthly,4522.138444474838,4,20.0,5,SMB,0,Loyal
CUST_1512,24,Annual,4477.231955639685,2,17.0,0,SMB,1,Mid-Tenure
CUST_1513,50,Monthly,1926.3364416410072,1,12.0,2,SMB,0,Loyal
CUST_1514,49,Multi-Year,3669.2792144567397,2,4.0,0,SMB,0,Loyal
CUST_1515,51,Monthly,1637.6401008424198,1,23.0,0,SMB,0,Loyal
CUST_1516,36,Monthly,3914.481030142723,0,25.0,0,Enterprise,0,Mid-Tenure
CUST_1517,66,Multi-Year,3025.0388380448453,1,6.0,2,SMB,0,Loyal
CUST_1518,34,Annual,1851.0145441144625,1,11.0,0,SMB,0,Mid-Tenure
CUST_1519,36,Annual,2301.056391369446,4,1.0,10,SMB,1,Mid-Tenure
CUST_1520,6,Monthly,3604.499295072816,5,12.0,2,SMB,1,New
CUST_1521,39,Annual,4577.438523397024,4,13.0,2,SMB,0,Loyal
CUST_1522,42,Monthly,1088.2693245527357,2,5.0,2,SMB,0,Loyal
CUST_1523,58,Monthly,3071.1378635112073,3,15.0,0,SMB,0,Loyal
CUST_1524,12,Annual,1641.7813975570286,1,9.0,0,SMB,0,New
CUST_1525,3,Monthly,4106.175124439566,5,28.0,0,SMB,1,New
CUST_1526,18,Multi-Year,816.0678764126649,4,26.0,0,Enterprise,0,Mid-Tenure
CUST_1527,40,Multi-Year,3600.301055770264,4,10.0,2,SMB,0,Loyal
CUST_1528,21,Annual,1287.257061609634,4,0.0,0,SMB,0,Mid-Tenure
CUST_1529,15,Multi-Year,3183.7343828145317,3,14.0,0,SMB,0,Mid-Tenure
CUST_1530,26,Annual,4260.616642367114,1,15.0,5,SMB,0,Mid-Tenure
CUST_1531,8,Monthly,3897.862979547558,2,9.0,0,Enterprise,0,New
CUST_1532,42,Annual,3888.242994576368,2,9.0,0,SMB,0,Loyal
CUST_1533,44,Monthly,2830.3039048410733,1,2.0,0,SMB,0,Loyal
CUST_1534,14,Monthly,4508.355163323746,0,10.0,2,SMB,0,Mid-Tenure
CUST_1535,2,Multi-Year,3146.4733920889907,2,10.0,0,SMB,0,New
CUST_1536,37,Annual,4628.830858473068,1,15.0,10,SMB,1,Loyal
CUST_1537,69,Multi-Year,2959.351060245879,1,5.0,0,Enterprise,0,Loyal
CUST_1538,38,Monthly,2776.8450335900134,3,29.0,5,SMB,0,Loyal
CUST_1539,41,Annual,1500.588586446415,3,8.0,0,SMB,0,Loyal
CUST_1540,62,Monthly,2951.5399431359224,2,0.0,0,Enterprise,0,Loyal
CUST_1541,60,Annual,1132.6317406200365,2,27.0,0,SMB,0,Loyal
CUST_1542,14,Annual,4413.605905667955,2,5.0,0,SMB,0,Mid-Tenure
CUST_1543,2,Annual,3541.5134991873206,2,17.0,0,Enterprise,1,New
CUST_1544,70,Monthly,4971.359518218239,4,24.0,0,SMB,0,Loyal
CUST_1545,17,Monthly,914.4384250573539,4,12.0,0,Enterprise,0,Mid-Tenure
CUST_1546,28,Monthly,1583.0273743037908,3,1.0,5,SMB,0,Mid-Tenure
CUST_1547,66,Annual,4447.213719197627,2,27.0,0,SMB,0,Loyal
CUST_1548,35,Multi-Year,2278.6434489601297,4,18.0,15,SMB,0,Mid-Tenure
CUST_1549,5,Monthly,2598.363454918539,1,27.0,5,SMB,0,New
CUST_1550,65,Annual,4372.933493244276,4,1.0,0,SMB,0,Loyal
CUST_1551,40,Multi-Year,2848.204512274785,1,26.0,0,SMB,0,Loyal
CUST_1552,56,Annual,1370.6413223646566,0,3.0,0,Enterprise,0,Loyal
CUST_1553,36,Annual,4514.135519344014,3,3.0,2,Enterprise,0,Mid-Tenure
CUST_1554,45,Multi-Year,639.7774539036507,3,9.0,5,SMB,0,Loyal
CUST_1555,23,Monthly,4529.283204395495,1,16.0,0,SMB,0,Mid-Tenure
CUST_1556,47,Monthly,727.3410200255062,2,23.0,0,SMB,0,Loyal
CUST_1557,31,Monthly,3496.3221407005767,2,15.0,0,SMB,0,Mid-Tenure
CUST_1558,11,Multi-Year,822.5572085390061,2,20.0,5,Enterprise,0,New
CUST_1559,10,Multi-Year,3677.958436842795,0,27.0,2,SMB,0,New
CUST_1560,67,Annual,652.870945998279,4,7.0,5,SMB,0,Loyal
CUST_1561,14,Monthly,4291.059774698544,3,28.0,0,SMB,0,Mid-Tenure
CUST_1562,10,Monthly,2596.7477791849315,5,5.0,0,SMB,0,New
CUST_1563,1,Monthly,920.5426070099506,2,29.0,10,SMB,0,New
CUST_1564,5,Monthly,3680.6875025456475,4,1.0,5,SMB,1,New
CUST_1565,20,Annual,2701.8057087669313,2,22.0,0,SMB,0,Mid-Tenure
CUST_1566,8,Multi-Year,1359.269864939493,4,25.0,0,SMB,0,New
CUST_1567,43,Multi-Year,570.5256824992659,1,14.0,0,SMB,0,Loyal
CUST_1568,1,Annual,2380.9921687649176,1,24.0,2,Enterprise,0,New
CUST_1569,57,Monthly,885.3315382784101,3,22.0,0,SMB,0,Loyal
CUST_1570,64,Monthly,923.7636421125674,6,10.0,0,SMB,0,Loyal
CUST_1571,28,Monthly,1702.982967632046,1,20.0,0,SMB,0,Mid-Tenure
CUST_1572,37,Annual,3337.0623375909095,4,15.0,0,SMB,0,Loyal
CUST_1573,47,Multi-Year,2884.5977385242713,1,3.0,0,Enterprise,0,Loyal
CUST_1574,37,Monthly,810.4428871640628,4,10.0,0,Enterprise,0,Loyal
CUST_1575,49,Monthly,4857.940741516114,1,13.0,5,Enterprise,0,Loyal
CUST_1576,44,Monthly,4492.259097325659,3,7.0,0,Enterprise,0,Loyal
CUST_1577,56,Monthly,1666.514692153212,2,5.0,0,Enterprise,0,Loyal
CUST_1578,28,Monthly,1050.5235918296357,1,28.0,0,SMB,0,Mid-Tenure
CUST_1579,6,Monthly,4740.8128914064555,4,20.0,0,SMB,0,New
CUST_1580,61,Monthly,2575.1380004631496,3,22.0,0,SMB,0,Loyal
CUST_1581,20,Multi-Year,1900.251341471461,4,26.0,0,Enterprise,0,Mid-Tenure
CUST_1582,2,Annual,2706.611158243343,1,18.0,0,SMB,0,New
CUST_1583,37,Monthly,3977.3486504588545,1,24.0,5,SMB,0,Loyal
CUST_1584,20,Monthly,1257.7338423637452,2,3.0,2,Enterprise,1,Mid-Tenure
CUST_1585,26,Monthly,3953.7312507918823,1,27.0,0,SMB,0,Mid-Tenure
CUST_1586,29,Monthly,3872.5105457023947,1,3.0,5,SMB,1,Mid-Tenure
CUST_1587,1,Monthly,2927.066921783959,1,23.0,5,Enterprise,0,New
CUST_1588,35,Annual,4396.290299373118,2,5.0,5,Enterprise,0,Mid-Tenure
CUST_1589,70,Annual,1094.6452017643724,0,29.0,0,Enterprise,0,Loyal
CUST_1590,59,Annual,3179.655529995529,4,10.0,2,Enterprise,0,Loyal
CUST_1591,69,Monthly,2522.043736258197,4,0.0,0,SMB,0,Loyal
CUST_1592,33,Multi-Year,2400.3145077612426,4,1.0,2,SMB,0,Mid-Tenure
CUST_1593,51,Monthly,1636.5248207128643,4,8.0,0,SMB,0,Loyal
CUST_1594,12,Monthly,2175.2584556445863,1,15.0,0,Enterprise,0,New
CUST_1595,20,Annual,986.6784021064959,2,5.0,0,SMB,0,Mid-Tenure
CUST_1596,53,Annual,1632.1953639417134,2,22.0,2,SMB,0,Loyal
CUST_1597,43,Multi-Year,1723.8429850013715,2,26.0,2,SMB,0,Loyal
CUST_1598,50,Annual,3743.0054035706275,5,8.0,0,SMB,0,Loyal
CUST_1599,29,Multi-Year,718.4769224398842,1,18.0,0,SMB,0,Mid-Tenure
CUST_1600,57,Multi-Year,3430.365386678873,0,4.0,2,Enterprise,0,Loyal
CUST_1601,39,Annual,1496.3445940693543,3,20.0,0,SMB,0,Loyal
CUST_1602,56,Annual,868.3767766233227,2,9.0,0,SMB,0,Loyal
CUST_1603,43,Annual,1853.6277248844535,3,29.0,2,SMB,0,Loyal
CUST_1604,50,Multi-Year,1510.1279124287125,3,6.0,5,SMB,0,Loyal
CUST_1605,23,Annual,2984.145691279325,1,28.0,0,SMB,0,Mid-Tenure
CUST_1606,44,Monthly,2108.1938155158305,4,1.0,0,SMB,0,Loyal
CUST_1607,38,Annual,4846.971840837467,4,19.0,2,Enterprise,0,Loyal
CUST_1608,23,Monthly,4835.973197258828,3,26.0,5,Enterprise,0,Mid-Tenure
CUST_1609,45,Monthly,2496.7187110410778,0,3.0,0,Enterprise,0,Loyal
CUST_1610,52,Monthly,4077.893572971168,2,27.0,0,SMB,0,Loyal
CUST_1611,50,Annual,559.7084338739377,0,7.0,0,Enterprise,0,Loyal
CUST_1612,8,Multi-Year,2965.152131261612,4,25.0,10,Enterprise,1,New
CUST_1613,1,Monthly,3844.8462753814056,5,2.0,0,Enterprise,1,New
CUST_1614,8,Monthly,1476.2445143330115,2,1.0,0,SMB,0,New
CUST_1615,29,Monthly,775.2728982467469,3,8.0,0,SMB,0,Mid-Tenure
CUST_1616,5,Annual,1201.6352115790514,1,27.0,0,SMB,1,New
CUST_1617,47,Monthly,2488.316392282357,5,10.0,0,Enterprise,0,Loyal
CUST_1618,34,Monthly,2778.6713934031786,1,3.0,0,SMB,0,Mid-Tenure
CUST_1619,65,Monthly,2213.983049489458,1,8.0,0,SMB,1,Loyal
CUST_1620,55,Monthly,2479.8819516907097,3,5.0,0,SMB,0,Loyal
CUST_1621,43,Monthly,2616.0573182417656,2,0.0,0,Enterprise,0,Loyal
CUST_1622,30,Annual,3962.4649772049333,2,29.0,2,Enterprise,0,Mid-Tenure
CUST_1623,17,Monthly,973.5885413494357,0,26.0,0,SMB,0,Mid-Tenure
CUST_1624,26,Annual,3960.277102217282,2,2.0,5,Enterprise,0,Mid-Tenure
CUST_1625,8,Monthly,3598.8228603274915,3,6.0,0,SMB,0,New
CUST_1626,47,Monthly,3837.4736426434315,7,8.0,0,SMB,0,Loyal
CUST_1627,46,Monthly,3805.1077364389525,6,7.0,0,Enterprise,0,Loyal
CUST_1628,68,Annual,2617.6631711080263,1,27.0,10,Enterprise,0,Loyal
CUST_1629,33,Multi-Year,1451.30083052405,4,20.0,0,SMB,0,Mid-Tenure
CUST_1630,1,Multi-Year,2914.8300693581177,3,27.0,0,SMB,0,New
CUST_1631,19,Annual,4810.919241240948,2,12.0,0,SMB,0,Mid-Tenure
CUST_1632,31,Monthly,3148.3655662701367,1,23.0,0,SMB,0,Mid-Tenure
CUST_1633,14,Multi-Year,549.7121534574992,5,17.0,0,SMB,0,Mid-Tenure
CUST_1634,53,Annual,768.6990719437579,2,18.0,10,SMB,0,Loyal
CUST_1635,48,Monthly,4967.885451215985,2,23.0,0,Enterprise,0,Loyal
CUST_1636,69,Multi-Year,823.7586165774817,2,8.0,0,SMB,0,Loyal
CUST_1637,62,Monthly,707.2032202020436,1,25.0,10,SMB,0,Loyal
CUST_1638,66,Monthly,2088.609212113949,1,23.0,0,SMB,0,Loyal
CUST_1639,64,Monthly,4861.927414712015,2,19.0,0,Enterprise,0,Loyal
CUST_1640,70,Monthly,1934.0381917978957,6,28.0,0,SMB,0,Loyal
CUST_1641,63,Annual,2344.4785889387176,4,5.0,0,SMB,0,Loyal
CUST_1642,33,Monthly,3353.346775438545,3,26.0,0,SMB,1,Mid-Tenure
CUST_1643,41,Monthly,608.5032769687903,0,20.0,0,SMB,1,Loyal
CUST_1644,48,Monthly,4539.936098836346,5,11.0,2,SMB,0,Loyal
CUST_1645,13,Annual,2837.4935789949445,4,3.0,0,SMB,0,Mid-Tenure
CUST_1646,31,Annual,2600.649077018261,4,8.0,5,SMB,0,Mid-Tenure
CUST_1647,68,Monthly,4373.269979929837,9,9.0,0,SMB,0,Loyal
CUST_1648,4,Monthly,4788.8446521110955,1,2.0,0,SMB,0,New
CUST_1649,19,Monthly,2405.4135424107562,2,16.0,0,Enterprise,1,Mid-Tenure
CUST_1650,70,Multi-Year,1275.9848568195382,3,28.0,0,Enterprise,0,Loyal
CUST_1651,13,Monthly,4170.691715009329,2,6.0,0,SMB,0,Mid-Tenure
CUST_1652,23,Monthly,2314.671895501192,6,25.0,0,SMB,1,Mid-Tenure
CUST_1653,1,Monthly,4709.954927802947,3,7.0,2,SMB,0,New
CUST_1654,54,Annual,4774.545427239424,2,10.0,10,SMB,0,Loyal
CUST_1655,71,Annual,1016.7306427461627,4,12.0,0,Enterprise,0,Loyal
CUST_1656,15,Monthly,4804.492852997831,2,2.0,2,SMB,1,Mid-Tenure
CUST_1657,65,Monthly,2157.2164645030443,3,18.0,2,Enterprise,0,Loyal
CUST_1658,71,Monthly,3408.136329457357,4,13.0,0,Enterprise,0,Loyal
CUST_1659,15,Multi-Year,656.3753678032072,1,21.0,0,SMB,0,Mid-Tenure
CUST_1660,21,Multi-Year,4499.9792333772475,3,15.0,15,SMB,0,Mid-Tenure
CUST_1661,19,Annual,3387.187982051892,2,14.0,0,SMB,0,Mid-Tenure
CUST_1662,60,Annual,3395.9951013038863,5,1.0,15,SMB,0,Loyal
CUST_1663,33,Monthly,4559.792719898677,5,5.0,0,Enterprise,0,Mid-Tenure
CUST_1664,49,Annual,2787.5622870830443,3,20.0,0,SMB,0,Loyal
CUST_1665,35,Annual,2347.324881631477,2,29.0,0,SMB,0,Mid-Tenure
CUST_1666,44,Monthly,4397.579385315423,2,6.0,15,Enterprise,1,Loyal
CUST_1667,11,Multi-Year,3840.892303421292,2,8.0,0,Enterprise,0,New
CUST_1668,66,Monthly,4770.390492342055,0,8.0,0,SMB,0,Loyal
CUST_1669,46,Monthly,4730.548519897397,1,16.0,0,Enterprise,1,Loyal
CUST_1670,9,Annual,2220.4677405210814,3,22.0,0,SMB,0,New
CUST_1671,3,Annual,2511.4383056363804,2,2.0,0,Enterprise,0,New
CUST_1672,26,Annual,1651.932292058503,3,3.0,0,SMB,0,Mid-Tenure
CUST_1673,48,Monthly,3472.9155011235543,5,1.0,0,Enterprise,0,Loyal
CUST_1674,66,Multi-Year,2140.4388653999895,1,0.0,0,SMB,0,Loyal
CUST_1675,70,Annual,4037.45290973452,2,9.0,0,SMB,0,Loyal
CUST_1676,28,Monthly,1046.9784232890975,2,29.0,0,SMB,0,Mid-Tenure
CUST_1677,26,Multi-Year,1023.8128302458565,0,2.0,0,SMB,0,Mid-Tenure
CUST_1678,25,Annual,1420.049216387286,2,9.0,0,SMB,0,Mid-Tenure
CUST_1679,12,Monthly,879.3148479683607,5,8.0,2,Enterprise,0,New
CUST_1680,5,Annual,3290.1422345520564,5,16.0,0,Enterprise,1,New
CUST_1681,48,Monthly,1163.0874470753238,4,14.0,0,Enterprise,1,Loyal
CUST_1682,37,Monthly,1219.833128604444,3,2.0,0,Enterprise,0,Loyal
CUST_1683,44,Monthly,564.027006781247,1,26.0,0,Enterprise,0,Loyal
CUST_1684,15,Multi-Year,4019.4050658062442,2,20.0,0,Enterprise,0,Mid-Tenure
CUST_1685,43,Monthly,4155.332249405665,2,2.0,0,SMB,0,Loyal
CUST_1686,48,Annual,1229.1008736399785,5,3.0,2,Enterprise,1,Loyal
CUST_1687,70,Monthly,3827.85995420251,2,3.0,2,SMB,0,Loyal
CUST_1688,46,Annual,2450.9530542081184,3,16.0,0,Enterprise,0,Loyal
CUST_1689,43,Annual,1578.176973344261,3,5.0,0,SMB,0,Loyal
CUST_1690,21,Annual,3296.23073633223,1,10.0,2,SMB,0,Mid-Tenure
CUST_1691,23,Monthly,1303.1783345618815,7,11.0,0,SMB,1,Mid-Tenure
CUST_1692,47,Annual,3905.9762344386595,4,22.0,0,SMB,0,Loyal
CUST_1693,15,Multi-Year,714.2685240674826,1,27.0,0,SMB,0,Mid-Tenure
CUST_1694,25,Annual,4816.089198175615,3,6.0,0,Enterprise,0,Mid-Tenure
CUST_1695,36,Monthly,823.4386416888101,4,12.0,2,SMB,0,Mid-Tenure
CUST_1696,51,Multi-Year,3107.5178866191036,2,5.0,0,SMB,0,Loyal
CUST_1697,15,Monthly,4559.874305550704,2,22.0,0,SMB,0,Mid-Tenure
CUST_1698,68,Annual,553.5701098153265,4,29.0,5,SMB,0,Loyal
CUST_1699,21,Multi-Year,2743.3150744507566,3,2.0,0,SMB,0,Mid-Tenure
CUST_1700,13,Monthly,2075.0313393980596,3,20.0,0,SMB,1,Mid-Tenure
CUST_1701,19,Monthly,3111.4948561605906,1,13.0,0,SMB,0,Mid-Tenure
CUST_1702,34,Monthly,1514.5582403194642,2,13.0,0,SMB,0,Mid-Tenure
CUST_1703,68,Annual,792.0464775427614,0,22.0,0,SMB,0,Loyal
CUST_1704,52,Annual,3316.6986658191813,2,9.0,0,Enterprise,0,Loyal
CUST_1705,27,Monthly,2375.8215777203113,2,4.0,15,SMB,1,Mid-Tenure
CUST_1706,29,Monthly,3301.1849241780337,2,29.0,5,SMB,0,Mid-Tenure
CUST_1707,28,Monthly,1447.426160770293,1,25.0,0,SMB,0,Mid-Tenure
CUST_1708,35,Monthly,2024.3356832906682,3,1.0,5,SMB,1,Mid-Tenure
CUST_1709,8,Monthly,3027.566252140746,3,5.0,0,SMB,1,New
CUST_1710,16,Multi-Year,3169.007502461273,1,22.0,0,SMB,0,Mid-Tenure
CUST_1711,36,Monthly,2175.4166349841935,2,10.0,0,Enterprise,1,Mid-Tenure
CUST_1712,30,Multi-Year,1760.239425274504,3,17.0,0,SMB,0,Mid-Tenure
CUST_1713,18,Annual,1731.6528326986813,0,25.0,0,SMB,0,Mid-Tenure
CUST_1714,2,Monthly,1286.147081394043,3,23.0,0,SMB,0,New
CUST_1715,49,Annual,1964.3223304831422,1,20.0,2,SMB,0,Loyal
CUST_1716,4,Annual,1397.4815165594898,1,10.0,0,SMB,0,New
CUST_1717,7,Monthly,3352.1693280347517,4,23.0,0,SMB,1,New
CUST_1718,39,Monthly,3060.8014920894034,1,14.0,0,Enterprise,0,Loyal
CUST_1719,13,Monthly,2221.64970651914,3,2.0,0,SMB,0,Mid-Tenure
CUST_1720,31,Monthly,1966.235089718275,3,1.0,0,SMB,0,Mid-Tenure
CUST_1721,71,Monthly,1569.2639008758913,3,6.0,0,Enterprise,0,Loyal
CUST_1722,63,Monthly,2909.5623903170354,1,4.0,0,SMB,0,Loyal
CUST_1723,56,Monthly,4635.062439555597,2,20.0,0,SMB,0,Loyal
CUST_1724,42,Monthly,3585.663731250217,3,12.0,0,SMB,0,Loyal
CUST_1725,61,Monthly,3849.866213160053,2,7.0,15,SMB,1,Loyal
CUST_1726,42,Monthly,4254.700386453835,3,28.0,0,Enterprise,0,Loyal
CUST_1727,56,Monthly,2082.3573800203194,3,8.0,2,SMB,0,Loyal
CUST_1728,36,Multi-Year,782.9410195151943,5,29.0,2,SMB,0,Mid-Tenure
CUST_1729,68,Monthly,3301.514614947399,3,7.0,0,SMB,0,Loyal
CUST_1730,7,Annual,1349.0253105261468,2,9.0,0,SMB,0,New
CUST_1731,54,Monthly,3060.6964249804983,3,1.0,0,SMB,0,Loyal
CUST_1732,1,Multi-Year,3827.7960492067914,3,9.0,0,SMB,0,New
CUST_1733,44,Monthly,4026.3723596652644,3,10.0,0,Enterprise,0,Loyal
CUST_1734,45,Multi-Year,1858.2760411138197,1,22.0,0,SMB,0,Loyal
CUST_1735,47,Annual,2805.9495465619184,4,10.0,0,SMB,0,Loyal
CUST_1736,13,Monthly,3294.3429332473656,3,4.0,0,SMB,0,Mid-Tenure
CUST_1737,22,Multi-Year,4187.663247652798,5,13.0,0,SMB,0,Mid-Tenure
CUST_1738,21,Annual,3926.2489929722633,2,22.0,5,Enterprise,0,Mid-Tenure
CUST_1739,9,Monthly,4945.888944398166,5,2.0,0,SMB,0,New
CUST_1740,26,Annual,536.381044385049,3,19.0,0,Enterprise,0,Mid-Tenure
CUST_1741,9,Multi-Year,2468.702483884099,2,22.0,2,SMB,0,New
CUST_1742,15,Monthly,1652.2001886925755,2,1.0,2,Enterprise,0,Mid-Tenure
CUST_1743,10,Monthly,1039.5202421519302,2,17.0,0,SMB,0,New
CUST_1744,42,Annual,4601.818976752331,3,0.0,0,SMB,0,Loyal
CUST_1745,24,Annual,4990.829297430589,2,0.0,0,Enterprise,0,Mid-Tenure
CUST_1746,49,Multi-Year,1312.6829355712564,5,27.0,0,Enterprise,0,Loyal
CUST_1747,26,Annual,672.9502676061362,0,16.0,0,SMB,1,Mid-Tenure
CUST_1748,37,Monthly,1737.7450145622515,1,5.0,0,SMB,0,Loyal
CUST_1749,68,Multi-Year,4256.87863129878,3,12.0,0,SMB,0,Loyal
CUST_1750,50,Monthly,1822.5053743969254,0,20.0,5,SMB,0,Loyal
CUST_1751,24,Monthly,756.056662239297,2,25.0,0,SMB,0,Mid-Tenure
CUST_1752,19,Annual,736.2148277886346,4,23.0,0,SMB,1,Mid-Tenure
CUST_1753,60,Annual,2423.402610662464,4,20.0,15,SMB,0,Loyal
CUST_1754,39,Monthly,4693.215753777288,3,0.0,0,SMB,0,Loyal
CUST_1755,18,Annual,1786.6419873783436,2,27.0,0,SMB,0,Mid-Tenure
CUST_1756,19,Monthly,2422.209563154697,2,23.0,0,Enterprise,1,Mid-Tenure
CUST_1757,36,Monthly,958.7021242217385,1,5.0,10,SMB,1,Mid-Tenure
CUST_1758,55,Multi-Year,2721.077569710415,3,7.0,0,SMB,0,Loyal
CUST_1759,69,Monthly,3634.461789285668,3,12.0,0,Enterprise,0,Loyal
CUST_1760,47,Monthly,1720.176625297488,0,1.0,5,SMB,0,Loyal
CUST_1761,49,Monthly,1835.2008883790816,2,25.0,0,SMB,0,Loyal
CUST_1762,33,Multi-Year,4288.8876143282205,0,7.0,2,SMB,0,Mid-Tenure
CUST_1763,21,Monthly,546.6367505622969,5,21.0,15,SMB,1,Mid-Tenure
CUST_1764,22,Monthly,3364.1181884754365,1,0.0,0,SMB,0,Mid-Tenure
CUST_1765,48,Annual,2272.4808572372763,4,12.0,0,SMB,0,Loyal
CUST_1766,37,Monthly,1842.7123110266105,2,0.0,5,Enterprise,0,Loyal
CUST_1767,15,Monthly,3459.172245097447,3,9.0,0,SMB,1,Mid-Tenure
CUST_1768,35,Annual,4256.008348053673,1,27.0,2,Enterprise,0,Mid-Tenure
CUST_1769,71,Monthly,3012.7645234790316,0,4.0,0,SMB,0,Loyal
CUST_1770,32,Multi-Year,639.925798743752,4,22.0,0,SMB,0,Mid-Tenure
CUST_1771,11,Monthly,2576.305358715092,4,19.0,0,SMB,1,New
CUST_1772,10,Monthly,2582.419734022879,4,29.0,0,SMB,0,New
CUST_1773,57,Monthly,2947.093226620735,1,12.0,0,Enterprise,0,Loyal
CUST_1774,25,Monthly,3519.315054695985,2,25.0,0,SMB,1,Mid-Tenure
CUST_1775,2,Annual,586.932815904532,3,4.0,0,SMB,0,New
CUST_1776,64,Monthly,2759.056809798877,3,9.0,0,SMB,0,Loyal
CUST_1777,35,Monthly,3147.384962212658,3,2.0,5,SMB,1,Mid-Tenure
CUST_1778,7,Annual,2045.0902388722338,2,1.0,2,Enterprise,0,New
CUST_1779,18,Annual,3507.6435196569487,2,1.0,0,Enterprise,0,Mid-Tenure
CUST_1780,67,Monthly,1526.79972708127,5,29.0,0,Enterprise,1,Loyal
CUST_1781,42,Monthly,1928.1754988035323,2,4.0,0,SMB,0,Loyal
CUST_1782,39,Monthly,4832.399063409467,2,3.0,0,SMB,0,Loyal
CUST_1783,41,Monthly,2066.3166688751307,1,1.0,0,SMB,0,Loyal
CUST_1784,24,Monthly,2059.2539931458523,2,20.0,2,SMB,0,Mid-Tenure
CUST_1785,60,Annual,3180.5628612040186,4,25.0,0,SMB,0,Loyal
CUST_1786,46,Multi-Year,4869.388984370271,3,8.0,2,Enterprise,0,Loyal
CUST_1787,19,Monthly,4923.862006788501,1,23.0,2,Enterprise,0,Mid-Tenure
CUST_1788,68,Monthly,3108.4608365434224,3,8.0,0,Enterprise,0,Loyal
CUST_1789,42,Monthly,504.89158912219636,2,8.0,0,SMB,0,Loyal
CUST_1790,32,Monthly,4552.954478457798,1,23.0,0,SMB,0,Mid-Tenure
CUST_1791,39,Monthly,3066.0708405967166,0,24.0,0,Enterprise,0,Loyal
CUST_1792,36,Multi-Year,2146.9838373047114,3,3.0,0,SMB,0,Mid-Tenure
CUST_1793,36,Annual,4231.378134571722,4,7.0,0,SMB,0,Mid-Tenure
CUST_1794,3,Multi-Year,2299.246067075923,4,29.0,0,SMB,0,New
CUST_1795,8,Multi-Year,653.200277901191,1,17.0,0,Enterprise,0,New
CUST_1796,70,Monthly,4194.825003756585,3,8.0,0,SMB,1,Loyal
CUST_1797,41,Annual,2956.3673045889304,2,28.0,0,SMB,0,Loyal
CUST_1798,68,Monthly,2021.6459220088827,3,24.0,0,Enterprise,0,Loyal
CUST_1799,13,Monthly,1629.0156935923303,1,26.0,0,SMB,1,Mid-Tenure
CUST_1800,49,Multi-Year,3172.088567369415,2,2.0,0,SMB,0,Loyal
CUST_1801,60,Monthly,1436.2229670129504,2,5.0,2,SMB,0,Loyal
CUST_1802,2,Multi-Year,1957.3289895065145,6,27.0,2,SMB,0,New
CUST_1803,60,Monthly,3364.386392362926,6,22.0,0,SMB,1,Loyal
CUST_1804,5,Multi-Year,4466.950026826694,3,18.0,0,SMB,0,New
CUST_1805,44,Multi-Year,2898.0064777621947,2,4.0,2,SMB,0,Loyal
CUST_1806,27,Annual,3915.9787923459166,1,16.0,0,SMB,0,Mid-Tenure
CUST_1807,32,Annual,3933.7727169336886,3,26.0,0,Enterprise,0,Mid-Tenure
CUST_1808,21,Monthly,3489.5927869672405,2,18.0,2,SMB,0,Mid-Tenure
CUST_1809,8,Multi-Year,1606.2725195623295,3,27.0,0,Enterprise,0,New
CUST_1810,50,Multi-Year,4400.548691676088,2,23.0,0,SMB,0,Loyal
CUST_1811,67,Annual,2463.240450378049,4,2.0,15,SMB,1,Loyal
CUST_1812,44,Annual,698.9483477106526,3,7.0,0,SMB,0,Loyal
CUST_1813,58,Annual,1600.7570153128631,2,8.0,10,SMB,0,Loyal
CUST_1814,3,Multi-Year,3944.967593446921,2,21.0,0,Enterprise,0,New
CUST_1815,70,Annual,811.1000111787022,3,22.0,0,SMB,0,Loyal
CUST_1816,2,Multi-Year,1163.1398096971004,1,21.0,0,Enterprise,0,New
CUST_1817,44,Annual,3624.02067218767,7,7.0,2,SMB,0,Loyal
CUST_1818,2,Monthly,4516.703553773932,2,13.0,0,Enterprise,1,New
CUST_1819,35,Monthly,3351.794022759366,3,22.0,0,SMB,0,Mid-Tenure
CUST_1820,30,Monthly,1500.3097422329956,2,9.0,2,SMB,0,Mid-Tenure
CUST_1821,8,Monthly,740.3619346229688,2,16.0,0,SMB,0,New
CUST_1822,22,Monthly,3268.0696214764025,2,2.0,0,SMB,0,Mid-Tenure
CUST_1823,44,Annual,713.2936006902379,3,2.0,0,SMB,0,Loyal
CUST_1824,58,Monthly,3257.2492337379067,3,2.0,0,SMB,0,Loyal
CUST_1825,36,Monthly,1515.1097487249276,2,3.0,5,SMB,0,Mid-Tenure
CUST_1826,69,Annual,4570.952280839734,1,28.0,0,SMB,0,Loyal
CUST_1827,31,Multi-Year,2637.9170081931284,1,16.0,0,Enterprise,0,Mid-Tenure
CUST_1828,47,Annual,1507.7229498936304,3,13.0,0,SMB,0,Loyal
CUST_1829,55,Multi-Year,4339.153924513663,2,26.0,0,SMB,0,Loyal
CUST_1830,62,Annual,1643.1592930137874,2,1.0,0,SMB,0,Loyal
CUST_1831,30,Monthly,1879.6958443619399,2,11.0,0,Enterprise,0,Mid-Tenure
CUST_1832,55,Annual,4254.25054574955,2,4.0,15,SMB,1,Loyal
CUST_1833,16,Annual,1889.5641341026817,1,26.0,2,SMB,0,Mid-Tenure
CUST_1834,12,Monthly,2345.7369615378684,4,21.0,0,SMB,0,New
CUST_1835,17,Monthly,2064.4955184148994,2,24.0,0,SMB,0,Mid-Tenure
CUST_1836,16,Annual,1023.8014302366913,3,1.0,0,SMB,0,Mid-Tenure
CUST_1837,12,Monthly,675.0311551107177,1,29.0,0,SMB,0,New
CUST_1838,8,Annual,3760.433033274416,0,11.0,0,SMB,0,New
CUST_1839,3,Monthly,3403.1170577107428,3,8.0,0,SMB,0,New
CUST_1840,16,Annual,1770.6473039842574,1,22.0,0,SMB,0,Mid-Tenure
CUST_1841,30,Annual,1830.1960624319534,2,8.0,0,SMB,1,Mid-Tenure
CUST_1842,23,Monthly,4752.526023539066,1,19.0,10,SMB,1,Mid-Tenure
CUST_1843,5,Monthly,4944.520072550715,4,22.0,0,SMB,0,New
CUST_1844,65,Annual,2630.457064551621,2,0.0,0,SMB,0,Loyal
CUST_1845,30,Multi-Year,4111.0328546667215,2,23.0,0,SMB,0,Mid-Tenure
CUST_1846,21,Multi-Year,3815.0864414121443,3,6.0,0,SMB,0,Mid-Tenure
CUST_1847,70,Monthly,1837.9296928042113,2,22.0,15,SMB,0,Loyal
CUST_1848,22,Annual,763.5321973421526,5,17.0,0,SMB,0,Mid-Tenure
CUST_1849,32,Monthly,1141.50315710723,3,9.0,10,SMB,0,Mid-Tenure
CUST_1850,33,Monthly,4272.3235265034355,2,14.0,0,SMB,1,Mid-Tenure
CUST_1851,16,Monthly,3790.462189983265,5,8.0,0,SMB,1,Mid-Tenure
CUST_1852,38,Annual,3489.5068000802503,4,10.0,0,SMB,0,Loyal
CUST_1853,14,Monthly,1087.9197426349174,3,23.0,5,Enterprise,0,Mid-Tenure
CUST_1854,36,Monthly,3379.688093527361,2,0.0,0,SMB,0,Mid-Tenure
CUST_1855,23,Annual,3974.6854917190194,1,10.0,10,SMB,0,Mid-Tenure
CUST_1856,66,Annual,4372.707874371308,3,0.0,0,SMB,0,Loyal
CUST_1857,2,Monthly,559.540756371282,2,29.0,0,Enterprise,0,New
CUST_1858,65,Monthly,3580.1379584531496,2,4.0,0,Enterprise,0,Loyal
CUST_1859,67,Monthly,585.9394502144199,2,17.0,0,SMB,0,Loyal
CUST_1860,52,Monthly,3680.9278049454733,2,0.0,0,SMB,0,Loyal
CUST_1861,62,Annual,3360.2961412940217,0,9.0,2,SMB,0,Loyal
CUST_1862,23,Monthly,1167.5653831353761,0,27.0,0,SMB,0,Mid-Tenure
CUST_1863,26,Annual,3947.5478810530863,1,12.0,0,SMB,0,Mid-Tenure
CUST_1864,68,Multi-Year,807.5642818536102,1,26.0,0,SMB,0,Loyal
CUST_1865,55,Monthly,4218.79448185085,5,7.0,0,SMB,0,Loyal
CUST_1866,6,Multi-Year,1678.6816018170305,1,27.0,0,SMB,0,New
CUST_1867,35,Monthly,3599.833380352992,5,12.0,0,SMB,0,Mid-Tenure
CUST_1868,22,Monthly,4656.602034598416,2,19.0,2,SMB,1,Mid-Tenure
CUST_1869,43,Monthly,2029.2216110305203,0,1.0,0,Enterprise,0,Loyal
CUST_1870,15,Monthly,2763.0233507318862,3,29.0,2,SMB,0,Mid-Tenure
CUST_1871,60,Monthly,2584.031152777027,2,20.0,0,SMB,0,Loyal
CUST_1872,12,Monthly,1209.2510707829065,2,11.0,0,Enterprise,0,New
CUST_1873,49,Annual,3156.4040472084275,2,26.0,0,SMB,0,Loyal
CUST_1874,42,Multi-Year,3843.508633344266,5,28.0,2,Enterprise,0,Loyal
CUST_1875,38,Annual,4625.9367301571865,4,12.0,2,Enterprise,0,Loyal
CUST_1876,45,Monthly,4328.611707422808,6,27.0,0,SMB,1,Loyal
CUST_1877,35,Annual,2795.0872087761427,6,21.0,0,SMB,1,Mid-Tenure
CUST_1878,30,Annual,3735.5771953037065,1,7.0,0,Enterprise,0,Mid-Tenure
CUST_1879,30,Multi-Year,4103.525360182517,2,14.0,5,SMB,0,Mid-Tenure
CUST_1880,6,Multi-Year,2720.6992118225694,1,6.0,2,SMB,0,New
CUST_1881,67,Multi-Year,1019.4240231692048,1,6.0,0,Enterprise,0,Loyal
CUST_1882,7,Monthly,2470.688437313169,7,16.0,0,SMB,0,New
CUST_1883,52,Annual,4291.151171907042,2,18.0,2,SMB,0,Loyal
CUST_1884,14,Monthly,3184.8863242718076,3,2.0,0,SMB,1,Mid-Tenure
CUST_1885,15,Multi-Year,3760.0626965420256,4,6.0,0,SMB,0,Mid-Tenure
CUST_1886,21,Monthly,1333.706099686644,2,11.0,0,SMB,0,Mid-Tenure
CUST_1887,35,Monthly,4839.519956949525,0,13.0,0,SMB,0,Mid-Tenure
CUST_1888,66,Monthly,2318.3623827198926,3,1.0,10,SMB,0,Loyal
CUST_1889,2,Annual,3441.3598522297802,4,25.0,5,SMB,0,New
CUST_1890,35,Monthly,584.9251456577236,1,6.0,0,Enterprise,0,Mid-Tenure
CUST_1891,20,Monthly,1072.9366801488109,3,15.0,0,SMB,1,Mid-Tenure
CUST_1892,10,Multi-Year,4019.1542144821356,4,8.0,2,SMB,0,New
CUST_1893,25,Multi-Year,4855.862504841146,2,0.0,0,SMB,0,Mid-Tenure
CUST_1894,66,Monthly,1940.249097749652,4,11.0,0,Enterprise,0,Loyal
CUST_1895,25,Monthly,667.3133072356918,1,29.0,0,SMB,0,Mid-Tenure
CUST_1896,54,Multi-Year,2123.8997089106188,4,1.0,0,SMB,0,Loyal
CUST_1897,33,Multi-Year,578.6065862555118,1,26.0,0,Enterprise,0,Mid-Tenure
CUST_1898,36,Annual,1365.678915181111,0,21.0,0,Enterprise,0,Mid-Tenure
CUST_1899,14,Annual,3886.1240677418227,3,17.0,0,SMB,0,Mid-Tenure
CUST_1900,65,Monthly,4716.897791479232,2,13.0,5,SMB,0,Loyal
CUST_1901,54,Multi-Year,893.52087965999,6,11.0,5,Enterprise,0,Loyal
CUST_1902,52,Annual,3010.5535046472914,4,17.0,2,Enterprise,0,Loyal
CUST_1903,3,Annual,1642.4638075581438,3,4.0,0,SMB,0,New
CUST_1904,41,Monthly,1125.7660660726829,2,6.0,0,SMB,0,Loyal
CUST_1905,6,Multi-Year,1485.4110345120089,0,3.0,2,SMB,0,New
CUST_1906,25,Annual,3099.9338037396833,2,12.0,10,SMB,0,Mid-Tenure
CUST_1907,13,Monthly,793.1052564978247,5,15.0,0,SMB,1,Mid-Tenure
CUST_1908,8,Annual,2453.983682757879,1,21.0,0,SMB,0,New
CUST_1909,21,Annual,1108.5253292982375,2,27.0,0,SMB,0,Mid-Tenure
CUST_1910,68,Annual,1727.0467357751666,3,15.0,0,SMB,0,Loyal
CUST_1911,25,Annual,1358.3944838446876,2,18.0,0,SMB,0,Mid-Tenure
CUST_1912,68,Annual,4473.389749239037,2,3.0,10,SMB,0,Loyal
CUST_1913,45,Multi-Year,3686.050988920803,2,19.0,0,SMB,0,Loyal
CUST_1914,60,Monthly,4408.081605263617,5,19.0,0,SMB,1,Loyal
CUST_1915,12,Monthly,2225.582755464616,2,27.0,10,Enterprise,0,New
CUST_1916,32,Monthly,1910.3601418415155,0,0.0,0,SMB,1,Mid-Tenure
CUST_1917,13,Annual,2212.6423770399515,2,12.0,5,SMB,0,Mid-Tenure
CUST_1918,31,Annual,583.4668807598337,2,19.0,0,SMB,0,Mid-Tenure
CUST_1919,20,Multi-Year,3761.1692381685116,2,19.0,10,SMB,1,Mid-Tenure
CUST_1920,18,Annual,2073.9760560278523,3,21.0,0,SMB,0,Mid-Tenure
CUST_1921,60,Annual,1909.9571160955625,5,8.0,10,SMB,1,Loyal
CUST_1922,63,Multi-Year,3191.634794167398,2,9.0,0,SMB,0,Loyal
CUST_1923,6,Monthly,2463.124602694174,3,5.0,0,SMB,0,New
CUST_1924,32,Multi-Year,4913.795157007543,3,21.0,0,SMB,0,Mid-Tenure
CUST_1925,43,Monthly,2103.138693044606,2,6.0,0,SMB,0,Loyal
CUST_1926,2,Annual,3262.5312899356104,3,22.0,0,Enterprise,0,New
CUST_1927,60,Annual,1902.4299527434328,2,15.0,10,Enterprise,0,Loyal
CUST_1928,23,Annual,4957.677410947956,1,16.0,0,SMB,0,Mid-Tenure
CUST_1929,31,Monthly,2502.9996562405768,3,23.0,0,Enterprise,0,Mid-Tenure
CUST_1930,5,Monthly,3353.5796489006134,3,0.0,0,Enterprise,0,New
CUST_1931,34,Annual,1070.2475192870468,3,8.0,2,SMB,0,Mid-Tenure
CUST_1932,10,Multi-Year,3798.6089668864615,0,29.0,0,SMB,0,New
CUST_1933,2,Monthly,1711.445260440299,1,13.0,10,Enterprise,0,New
CUST_1934,11,Multi-Year,2518.7596377335235,3,14.0,0,SMB,0,New
CUST_1935,50,Monthly,4474.0987804735605,3,3.0,0,SMB,0,Loyal
CUST_1936,31,Annual,4867.486316982956,0,24.0,0,Enterprise,0,Mid-Tenure
CUST_1937,56,Annual,2410.5744582816064,3,7.0,2,SMB,0,Loyal
CUST_1938,9,Annual,4256.612005795249,1,24.0,0,Enterprise,0,New
CUST_1939,21,Multi-Year,740.0704754743733,2,14.0,2,Enterprise,0,Mid-Tenure
CUST_1940,28,Annual,4314.083134056182,3,29.0,0,SMB,0,Mid-Tenure
CUST_1941,62,Annual,3332.7964496869236,4,21.0,0,SMB,0,Loyal
CUST_1942,7,Monthly,2699.177757762209,1,24.0,10,SMB,0,New
CUST_1943,16,Monthly,4504.836673117615,4,3.0,0,SMB,0,Mid-Tenure
CUST_1944,4,Monthly,4304.017501278862,5,18.0,0,SMB,1,New
CUST_1945,4,Annual,1836.252931791074,6,2.0,2,SMB,0,New
CUST_1946,40,Monthly,4061.6977205514086,4,7.0,0,SMB,0,Loyal
CUST_1947,17,Monthly,947.7092014806767,1,1.0,0,SMB,0,Mid-Tenure
CUST_1948,52,Monthly,4202.437709603166,0,27.0,0,SMB,0,Loyal
CUST_1949,52,Monthly,3539.550281104627,2,21.0,15,SMB,0,Loyal
CUST_1950,36,Monthly,895.3984891937423,2,24.0,5,Enterprise,0,Mid-Tenure
CUST_1951,38,Multi-Year,3573.8607806336095,0,24.0,0,SMB,0,Loyal
CUST_1952,50,Annual,3112.336745043666,3,7.0,0,SMB,0,Loyal
CUST_1953,63,Annual,3175.4754551527017,2,7.0,0,Enterprise,0,Loyal
CUST_1954,63,Annual,1808.8877080836435,3,16.0,5,SMB,0,Loyal
CUST_1955,62,Monthly,1699.2374000578038,4,15.0,0,SMB,0,Loyal
CUST_1956,7,Multi-Year,3931.40800424309,1,15.0,2,SMB,0,New
CUST_1957,27,Monthly,1655.660664577576,2,15.0,0,SMB,1,Mid-Tenure
CUST_1958,14,Monthly,2508.180133144544,2,26.0,0,SMB,0,Mid-Tenure
CUST_1959,71,Annual,3626.5504936945313,1,6.0,0,SMB,0,Loyal
CUST_1960,5,Monthly,858.27313097347,5,29.0,0,SMB,1,New
CUST_1961,55,Annual,3175.4677217524572,4,14.0,2,SMB,0,Loyal
CUST_1962,2,Monthly,3152.1936769165277,3,16.0,2,SMB,0,New
CUST_1963,62,Annual,3579.0291989961147,2,24.0,0,SMB,0,Loyal
CUST_1964,21,Monthly,2164.676428875464,3,2.0,0,SMB,0,Mid-Tenure
CUST_1965,21,Monthly,2520.4089832872787,2,0.0,5,SMB,0,Mid-Tenure
CUST_1966,10,Annual,1984.8619127511213,3,7.0,0,Enterprise,0,New
CUST_1967,58,Monthly,4136.757112349491,4,6.0,0,SMB,0,Loyal
CUST_1968,39,Monthly,1087.7484201625962,2,17.0,0,SMB,0,Loyal
CUST_1969,5,Monthly,4833.292791088985,3,29.0,5,SMB,0,New
CUST_1970,65,Annual,3356.762701906478,1,22.0,0,Enterprise,0,Loyal
CUST_1971,13,Annual,4491.080259764792,2,4.0,5,SMB,0,Mid-Tenure
CUST_1972,53,Monthly,2418.041562191439,2,14.0,2,SMB,0,Loyal
CUST_1973,45,Multi-Year,1995.255816763985,0,6.0,2,SMB,0,Loyal
CUST_1974,32,Multi-Year,4553.2661455579255,6,9.0,15,SMB,1,Mid-Tenure
CUST_1975,36,Annual,944.9286299433625,2,15.0,2,SMB,0,Mid-Tenure
CUST_1976,60,Annual,1026.9825417737502,3,27.0,0,Enterprise,0,Loyal
CUST_1977,11,Monthly,1847.060494181048,3,22.0,0,SMB,1,New
CUST_1978,63,Annual,4818.987417948433,1,1.0,0,SMB,0,Loyal
CUST_1979,21,Monthly,3348.8087443929817,1,17.0,0,SMB,0,Mid-Tenure
CUST_1980,52,Monthly,2993.8716347692916,1,14.0,0,SMB,0,Loyal
CUST_1981,55,Multi-Year,3674.103513599393,1,22.0,0,SMB,0,Loyal
CUST_1982,26,Annual,2378.635502351748,1,18.0,0,SMB,0,Mid-Tenure
CUST_1983,68,Monthly,3911.3307563935964,7,19.0,0,SMB,0,Loyal
CUST_1984,34,Monthly,2269.538140877949,5,13.0,5,SMB,0,Mid-Tenure
CUST_1985,52,Annual,4218.63433185409,3,22.0,2,SMB,0,Loyal
CUST_1986,52,Monthly,1702.8278693442705,3,29.0,10,SMB,1,Loyal
CUST_1987,29,Monthly,1748.959966841109,2,1.0,0,SMB,1,Mid-Tenure
CUST_1988,38,Monthly,2850.7248744203084,2,28.0,0,SMB,0,Loyal
CUST_1989,42,Monthly,2438.425212627808,1,17.0,0,Enterprise,0,Loyal
CUST_1990,21,Annual,3416.5212992811294,3,8.0,0,SMB,0,Mid-Tenure
CUST_1991,42,Monthly,2139.308396031105,2,26.0,0,SMB,0,Loyal
CUST_1992,13,Annual,1537.4779208166508,0,0.0,0,Enterprise,0,Mid-Tenure
CUST_1993,64,Monthly,2614.1385329730547,3,15.0,0,SMB,0,Loyal
CUST_1994,17,Annual,3024.3042477371578,3,11.0,2,Enterprise,0,Mid-Tenure
CUST_1995,9,Multi-Year,1141.7002422336068,1,11.0,2,SMB,0,New
CUST_1996,41,Annual,3005.233815799244,2,18.0,0,SMB,0,Loyal
CUST_1997,1,Multi-Year,1936.655173615536,4,9.0,0,SMB,0,New
CUST_1998,2,Multi-Year,2266.0334819082855,2,19.0,0,SMB,0,New
CUST_1999,60,Monthly,1756.9315807847656,1,4.0,0,SMB,0,Loyal
CUST_2000,48,Annual,4691.346475068769,4,2.0,10,Enterprise,0,Loyal
CUST_2001,29,Multi-Year,3575.0132657609624,2,8.0,5,SMB,0,Mid-Tenure
CUST_2002,10,Monthly,1681.0714013030752,2,20.0,0,SMB,1,New
CUST_2003,58,Monthly,3402.6410054837756,4,22.0,0,SMB,0,Loyal
CUST_2004,60,Multi-Year,4318.575843119208,0,14.0,0,SMB,0,Loyal
CUST_2005,21,Annual,2307.335937497459,1,13.0,0,SMB,0,Mid-Tenure
CUST_2006,28,Monthly,4234.80879120282,1,10.0,10,SMB,1,Mid-Tenure
CUST_2007,34,Monthly,1194.8672495299656,3,12.0,2,SMB,0,Mid-Tenure
CUST_2008,8,Annual,4202.516141897757,3,6.0,0,SMB,0,New
CUST_2009,59,Annual,2931.3240920256485,6,26.0,0,Enterprise,0,Loyal
CUST_2010,49,Annual,1503.3851960449194,2,24.0,2,Enterprise,0,Loyal
CUST_2011,17,Annual,2332.1362305016014,4,1.0,0,SMB,0,Mid-Tenure
CUST_2012,60,Annual,4945.9684660097755,1,2.0,0,SMB,0,Loyal
CUST_2013,45,Annual,4026.002074890918,2,19.0,0,SMB,0,Loyal
CUST_2014,69,Annual,3087.888626233019,2,7.0,0,Enterprise,0,Loyal
CUST_2015,32,Annual,1018.2376035703651,1,0.0,0,SMB,0,Mid-Tenure
CUST_2016,44,Annual,2380.152123056751,3,24.0,0,SMB,0,Loyal
CUST_2017,65,Monthly,1683.7318130537178,8,20.0,0,SMB,0,Loyal
CUST_2018,8,Monthly,819.5048577742562,3,3.0,0,SMB,0,New
CUST_2019,43,Multi-Year,2939.9197492369176,4,12.0,0,Enterprise,0,Loyal
CUST_2020,1,Monthly,4501.335649283943,2,23.0,2,SMB,0,New
CUST_2021,51,Monthly,3540.199406783563,2,13.0,0,SMB,0,Loyal
CUST_2022,24,Monthly,1623.5617459123002,2,8.0,2,SMB,1,Mid-Tenure
CUST_2023,24,Multi-Year,3081.1307312920508,2,2.0,0,SMB,0,Mid-Tenure
CUST_2024,17,Monthly,4744.55427506136,5,13.0,0,SMB,1,Mid-Tenure
CUST_2025,5,Monthly,3753.117738153209,2,3.0,2,Enterprise,0,New
CUST_2026,20,Monthly,3602.632547330438,5,16.0,0,Enterprise,1,Mid-Tenure
CUST_2027,21,Annual,4856.711748023823,3,14.0,0,Enterprise,0,Mid-Tenure
CUST_2028,58,Monthly,4094.9299003281117,3,11.0,0,SMB,0,Loyal
CUST_2029,31,Monthly,1114.8059439443846,4,13.0,0,SMB,1,Mid-Tenure
CUST_2030,11,Monthly,2064.357891392906,5,18.0,2,Enterprise,1,New
CUST_2031,52,Multi-Year,4843.133153319587,2,9.0,0,SMB,0,Loyal
CUST_2032,15,Monthly,2703.67427389099,1,4.0,0,SMB,0,Mid-Tenure
CUST_2033,7,Monthly,1002.3685039453342,2,28.0,0,SMB,0,New
CUST_2034,28,Annual,2563.7219585255384,2,23.0,0,Enterprise,0,Mid-Tenure
CUST_2035,51,Multi-Year,3636.469553318603,2,29.0,2,SMB,0,Loyal
CUST_2036,58,Annual,4988.966997565585,3,16.0,0,SMB,0,Loyal
CUST_2037,5,Multi-Year,1957.5739245344084,1,16.0,0,SMB,0,New
CUST_2038,5,Multi-Year,2813.390936956732,2,2.0,0,Enterprise,0,New
CUST_2039,8,Monthly,4458.563170924072,2,15.0,0,Enterprise,1,New
CUST_2040,64,Annual,2098.702481258001,2,24.0,0,SMB,0,Loyal
CUST_2041,10,Monthly,991.6770046588575,1,8.0,0,SMB,0,New
CUST_2042,38,Annual,4770.211437506768,2,16.0,0,SMB,0,Loyal
CUST_2043,8,Monthly,2697.9836302107506,5,19.0,2,SMB,1,New
CUST_2044,25,Monthly,2762.526698473873,3,11.0,2,Enterprise,0,Mid-Tenure
CUST_2045,66,Multi-Year,3295.4006507188196,3,23.0,0,SMB,0,Loyal
CUST_2046,50,Monthly,515.9148066645107,6,1.0,0,SMB,1,Loyal
CUST_2047,67,Multi-Year,4690.090290059821,2,19.0,0,SMB,0,Loyal
CUST_2048,49,Monthly,2126.5298814854377,6,15.0,0,SMB,0,Loyal
CUST_2049,36,Monthly,2286.193380729569,2,22.0,5,SMB,0,Mid-Tenure
CUST_2050,68,Multi-Year,1283.4916138995573,3,22.0,10,Enterprise,1,Loyal
CUST_2051,41,Annual,2201.6822598160747,1,20.0,0,SMB,0,Loyal
CUST_2052,62,Annual,4117.745888492234,2,22.0,0,SMB,0,Loyal
CUST_2053,10,Monthly,4099.962526499907,1,5.0,0,SMB,0,New
CUST_2054,21,Annual,4711.0857840295375,3,1.0,0,Enterprise,0,Mid-Tenure
CUST_2055,36,Annual,2314.532627063581,4,8.0,0,Enterprise,0,Mid-Tenure
CUST_2056,12,Annual,3689.2467668686295,5,4.0,0,SMB,0,New
CUST_2057,2,Monthly,2782.568998434007,3,17.0,0,SMB,1,New
CUST_2058,13,Multi-Year,4118.10255283609,2,21.0,0,SMB,0,Mid-Tenure
CUST_2059,53,Annual,3706.439041098486,4,25.0,0,SMB,0,Loyal
CUST_2060,32,Multi-Year,2155.5631637882407,4,20.0,0,SMB,0,Mid-Tenure
CUST_2061,16,Annual,2015.032254141616,4,17.0,2,Enterprise,1,Mid-Tenure
CUST_2062,32,Annual,1635.9910836258541,2,28.0,2,SMB,1,Mid-Tenure
CUST_2063,32,Monthly,3094.3210571988698,2,9.0,15,Enterprise,0,Mid-Tenure
CUST_2064,11,Monthly,4837.2928321723675,0,9.0,0,SMB,0,New
CUST_2065,10,Multi-Year,1400.300319279047,2,22.0,0,SMB,0,New
CUST_2066,15,Monthly,928.6360470694635,1,9.0,0,SMB,0,Mid-Tenure
CUST_2067,17,Monthly,1037.3028893434112,3,28.0,2,SMB,0,Mid-Tenure
CUST_2068,40,Monthly,4023.944043125675,2,17.0,0,SMB,0,Loyal
CUST_2069,18,Monthly,2075.4716192805367,4,15.0,0,SMB,0,Mid-Tenure
CUST_2070,55,Multi-Year,1509.6507246157087,3,22.0,0,SMB,0,Loyal
CUST_2071,25,Multi-Year,2087.79853268075,2,29.0,15,SMB,0,Mid-Tenure
CUST_2072,59,Monthly,3403.988657732848,4,5.0,5,Enterprise,0,Loyal
CUST_2073,22,Monthly,2960.5420617272766,1,11.0,0,Enterprise,0,Mid-Tenure
CUST_2074,30,Annual,3846.1523293455166,3,27.0,5,SMB,0,Mid-Tenure
CUST_2075,44,Annual,2025.8336681679934,4,3.0,0,Enterprise,0,Loyal
CUST_2076,32,Multi-Year,2534.1285805910843,1,19.0,0,SMB,0,Mid-Tenure
CUST_2077,51,Annual,958.8576603331558,2,15.0,2,SMB,0,Loyal
CUST_2078,46,Monthly,828.7639071475165,2,27.0,0,SMB,0,Loyal
CUST_2079,21,Annual,2580.1485927984522,5,21.0,0,Enterprise,1,Mid-Tenure
CUST_2080,32,Multi-Year,1857.184733506656,4,24.0,5,SMB,0,Mid-Tenure
CUST_2081,39,Annual,3257.602574612589,1,25.0,0,SMB,0,Loyal
CUST_2082,12,Annual,693.5097445005736,3,21.0,15,SMB,0,New
CUST_2083,47,Monthly,1047.9486991980443,3,21.0,0,SMB,0,Loyal
CUST_2084,18,Annual,4393.358649978778,2,10.0,0,SMB,0,Mid-Tenure
CUST_2085,21,Annual,3048.4022968359704,4,0.0,0,SMB,0,Mid-Tenure
CUST_2086,13,Monthly,3704.245401610522,3,4.0,5,SMB,1,Mid-Tenure
CUST_2087,21,Monthly,4288.874534182831,1,16.0,0,SMB,1,Mid-Tenure
CUST_2088,8,Monthly,2587.254543275235,1,10.0,0,SMB,0,New
CUST_2089,46,Monthly,3924.7717278536425,1,13.0,0,SMB,0,Loyal
CUST_2090,7,Monthly,2860.6351058308596,0,8.0,2,SMB,1,New
CUST_2091,23,Monthly,1502.3694662316675,3,9.0,0,SMB,0,Mid-Tenure
CUST_2092,22,Annual,2019.4527596042278,3,3.0,0,SMB,0,Mid-Tenure
CUST_2093,22,Monthly,2706.576984750474,4,1.0,0,SMB,1,Mid-Tenure
CUST_2094,29,Monthly,1925.9849847752184,2,24.0,0,SMB,0,Mid-Tenure
CUST_2095,13,Multi-Year,2009.8746110745426,5,5.0,0,Enterprise,0,Mid-Tenure
CUST_2096,2,Annual,2018.267740619449,2,29.0,0,SMB,0,New
CUST_2097,29,Annual,1052.7799048569689,4,26.0,5,SMB,0,Mid-Tenure
CUST_2098,52,Monthly,880.8917324551312,3,28.0,0,Enterprise,0,Loyal
CUST_2099,27,Annual,709.2321786108695,2,25.0,0,SMB,0,Mid-Tenure
CUST_2100,50,Monthly,999.3031746545155,4,2.0,0,SMB,0,Loyal
CUST_2101,23,Multi-Year,2046.681914610281,3,12.0,10,Enterprise,0,Mid-Tenure
CUST_2102,44,Monthly,3172.423126023757,4,11.0,0,SMB,0,Loyal
CUST_2103,22,Annual,1346.6611724423403,2,17.0,2,SMB,0,Mid-Tenure
CUST_2104,43,Monthly,4496.039807011871,4,5.0,5,SMB,0,Loyal
CUST_2105,37,Annual,4137.720940577523,4,9.0,0,SMB,0,Loyal
CUST_2106,61,Annual,2842.3720076412365,4,5.0,0,SMB,0,Loyal
CUST_2107,56,Monthly,3758.9442386601195,1,29.0,0,SMB,0,Loyal
CUST_2108,3,Monthly,2148.4783611444127,3,27.0,2,Enterprise,0,New
CUST_2109,63,Annual,665.5000672989046,3,27.0,2,Enterprise,0,Loyal
CUST_2110,19,Multi-Year,4569.497813896429,4,24.0,2,SMB,0,Mid-Tenure
CUST_2111,23,Multi-Year,1075.070697160199,2,4.0,0,Enterprise,0,Mid-Tenure
CUST_2112,29,Monthly,4765.718058708431,3,26.0,0,SMB,1,Mid-Tenure
CUST_2113,30,Monthly,3073.4716471974953,0,14.0,0,SMB,0,Mid-Tenure
CUST_2114,39,Multi-Year,1875.0337745964348,3,14.0,0,Enterprise,0,Loyal
CUST_2115,25,Annual,2729.860804903301,3,11.0,0,SMB,0,Mid-Tenure
CUST_2116,8,Annual,2757.3341401539237,3,8.0,0,SMB,0,New
CUST_2117,58,Multi-Year,604.7918574916185,3,12.0,0,SMB,0,Loyal
CUST_2118,16,Multi-Year,2099.569333478624,3,15.0,0,SMB,0,Mid-Tenure
CUST_2119,1,Annual,3829.3960979431286,2,20.0,0,SMB,0,New
CUST_2120,5,Monthly,2795.3113502781857,0,1.0,5,SMB,1,New
CUST_2121,3,Monthly,1599.0355265431288,4,16.0,0,Enterprise,0,New
CUST_2122,65,Annual,2007.994370166248,2,8.0,2,SMB,0,Loyal
CUST_2123,4,Monthly,4383.7447690217705,3,25.0,0,SMB,0,New
CUST_2124,64,Monthly,2864.973515676033,3,22.0,0,SMB,0,Loyal
CUST_2125,10,Monthly,2877.584551480562,3,18.0,0,SMB,0,New
CUST_2126,21,Monthly,4826.603565729545,4,27.0,0,Enterprise,0,Mid-Tenure
CUST_2127,46,Annual,1943.9662956648951,1,5.0,0,Enterprise,0,Loyal
CUST_2128,27,Annual,2657.935062978028,3,25.0,5,SMB,0,Mid-Tenure
CUST_2129,66,Monthly,4152.711189743753,4,3.0,0,SMB,0,Loyal
CUST_2130,41,Monthly,3915.1051199916337,2,29.0,0,Enterprise,0,Loyal
CUST_2131,13,Multi-Year,1696.0973986790266,0,24.0,0,SMB,0,Mid-Tenure
CUST_2132,9,Monthly,1179.9097142242363,3,14.0,0,SMB,1,New
CUST_2133,36,Annual,3653.170592843157,3,17.0,0,SMB,0,Mid-Tenure
CUST_2134,58,Multi-Year,1659.4527956323764,2,29.0,0,Enterprise,0,Loyal
CUST_2135,54,Monthly,4652.041228359085,6,26.0,0,SMB,1,Loyal
CUST_2136,12,Annual,1081.6146229515175,3,11.0,0,SMB,0,New
CUST_2137,14,Multi-Year,1932.4184006064945,2,11.0,0,SMB,0,Mid-Tenure
CUST_2138,34,Monthly,746.5426111621119,3,19.0,0,SMB,0,Mid-Tenure
CUST_2139,53,Annual,3664.8738808852013,1,16.0,0,Enterprise,0,Loyal
CUST_2140,20,Monthly,4510.681920119292,4,6.0,0,SMB,0,Mid-Tenure
CUST_2141,16,Monthly,3361.4353729895315,2,29.0,2,SMB,0,Mid-Tenure
CUST_2142,70,Multi-Year,4719.888569801677,3,19.0,0,SMB,0,Loyal
CUST_2143,56,Multi-Year,1078.2679032554433,3,4.0,0,Enterprise,0,Loyal
CUST_2144,58,Annual,894.8026726821452,3,11.0,0,SMB,0,Loyal
CUST_2145,4,Monthly,4272.857290253169,2,16.0,2,SMB,0,New
CUST_2146,4,Monthly,4349.800289239285,0,1.0,5,SMB,0,New
CUST_2147,20,Annual,4239.677871982077,1,27.0,0,SMB,0,Mid-Tenure
CUST_2148,10,Monthly,4095.3420614018555,5,3.0,0,Enterprise,0,New
CUST_2149,24,Annual,2130.0276377239707,3,1.0,0,Enterprise,0,Mid-Tenure
CUST_2150,26,Annual,1478.579376161245,2,13.0,0,SMB,0,Mid-Tenure
CUST_2151,37,Annual,4679.6180899900555,1,13.0,0,SMB,0,Loyal
CUST_2152,54,Annual,1881.500822817503,4,12.0,0,SMB,0,Loyal
CUST_2153,21,Monthly,2292.834569738145,3,16.0,0,SMB,1,Mid-Tenure
CUST_2154,38,Monthly,3648.0153175323494,1,25.0,0,SMB,0,Loyal
CUST_2155,46,Monthly,1820.1023599729442,2,16.0,2,SMB,0,Loyal
CUST_2156,4,Annual,4186.085997024506,1,21.0,0,Enterprise,0,New
CUST_2157,60,Annual,815.1558063430157,2,17.0,0,Enterprise,0,Loyal
CUST_2158,57,Annual,4060.3220032502054,3,2.0,0,Enterprise,0,Loyal
CUST_2159,45,Annual,3208.3309517801185,2,20.0,10,SMB,0,Loyal
CUST_2160,20,Multi-Year,3078.471398511168,2,15.0,0,Enterprise,0,Mid-Tenure
CUST_2161,17,Monthly,2562.6966761239732,3,18.0,0,SMB,0,Mid-Tenure
CUST_2162,71,Monthly,1746.7051832754007,3,5.0,2,SMB,0,Loyal
CUST_2163,4,Monthly,2588.3162844405647,0,22.0,0,Enterprise,0,New
CUST_2164,14,Annual,2525.1283040840926,2,25.0,0,Enterprise,0,Mid-Tenure
CUST_2165,3,Monthly,3126.893849523815,1,5.0,0,Enterprise,1,New
CUST_2166,58,Multi-Year,1767.084286349886,2,17.0,2,Enterprise,0,Loyal
CUST_2167,55,Annual,849.1801188926706,5,8.0,10,SMB,0,Loyal
CUST_2168,4,Multi-Year,1152.9025098761222,3,17.0,2,SMB,0,New
CUST_2169,24,Multi-Year,3646.298441577078,5,5.0,10,Enterprise,1,Mid-Tenure
CUST_2170,34,Monthly,601.2154833599323,3,8.0,0,SMB,0,Mid-Tenure
CUST_2171,30,Monthly,4353.993700904435,3,24.0,5,SMB,0,Mid-Tenure
CUST_2172,19,Annual,3624.78797365961,6,17.0,0,Enterprise,0,Mid-Tenure
CUST_2173,31,Monthly,3956.3894358847233,2,24.0,5,Enterprise,0,Mid-Tenure
CUST_2174,60,Monthly,4261.930020920637,3,15.0,0,SMB,0,Loyal
CUST_2175,60,Annual,1052.1969976858152,4,23.0,2,Enterprise,0,Loyal
CUST_2176,19,Monthly,4201.029909365298,4,29.0,0,SMB,1,Mid-Tenure
CUST_2177,49,Annual,2770.8909694657536,2,22.0,0,Enterprise,0,Loyal
CUST_2178,63,Annual,4484.857274389387,7,12.0,0,SMB,0,Loyal
CUST_2179,22,Monthly,4489.639704771545,2,10.0,0,SMB,0,Mid-Tenure
CUST_2180,24,Monthly,608.8011968937659,3,7.0,0,Enterprise,1,Mid-Tenure
CUST_2181,30,Monthly,2222.893469675925,4,25.0,15,Enterprise,0,Mid-Tenure
CUST_2182,58,Annual,2868.7945813937304,2,23.0,0,Enterprise,0,Loyal
CUST_2183,31,Monthly,3552.6204040230587,1,16.0,5,Enterprise,1,Mid-Tenure
CUST_2184,64,Multi-Year,1787.8381100786028,4,8.0,15,SMB,0,Loyal
CUST_2185,19,Monthly,1634.6401729909353,3,5.0,0,SMB,0,Mid-Tenure
CUST_2186,48,Monthly,2215.695735900713,2,0.0,0,Enterprise,0,Loyal
CUST_2187,45,Monthly,2754.224112874525,1,0.0,0,Enterprise,0,Loyal
CUST_2188,55,Monthly,4780.15804132436,5,12.0,0,SMB,0,Loyal
CUST_2189,55,Monthly,3929.488100138469,0,6.0,0,SMB,0,Loyal
CUST_2190,18,Annual,2431.945251219674,1,9.0,0,SMB,0,Mid-Tenure
CUST_2191,63,Annual,744.647802980827,3,17.0,0,SMB,0,Loyal
CUST_2192,47,Monthly,1258.342664646917,1,5.0,0,Enterprise,1,Loyal
CUST_2193,57,Monthly,2551.659909437377,1,12.0,0,SMB,0,Loyal
CUST_2194,45,Annual,4162.216550444169,2,4.0,0,SMB,0,Loyal
CUST_2195,33,Annual,2213.1299105480475,5,20.0,5,Enterprise,1,Mid-Tenure
CUST_2196,17,Monthly,2923.2349283527687,5,25.0,0,SMB,1,Mid-Tenure
CUST_2197,70,Multi-Year,4513.12198738296,3,14.0,0,Enterprise,0,Loyal
CUST_2198,4,Monthly,4612.08316741983,4,11.0,0,SMB,0,New
CUST_2199,20,Annual,1470.9874839921022,3,21.0,2,SMB,0,Mid-Tenure
CUST_2200,47,Monthly,696.1771480666747,4,29.0,0,SMB,0,Loyal
CUST_2201,15,Monthly,1874.3473893718171,4,10.0,0,SMB,0,Mid-Tenure
CUST_2202,70,Multi-Year,3631.1104167160106,0,7.0,0,SMB,0,Loyal
CUST_2203,47,Monthly,4780.0049043931995,2,4.0,5,Enterprise,0,Loyal
CUST_2204,9,Annual,846.6439999285126,2,7.0,5,SMB,0,New
CUST_2205,16,Monthly,628.1771474717218,2,4.0,0,SMB,1,Mid-Tenure
CUST_2206,69,Annual,4478.662458435749,3,9.0,2,Enterprise,0,Loyal
CUST_2207,61,Multi-Year,3866.6537109641354,1,14.0,0,SMB,0,Loyal
CUST_2208,10,Monthly,4965.118606200089,3,5.0,0,Enterprise,1,New
CUST_2209,50,Multi-Year,2285.5679665954394,3,23.0,0,SMB,0,Loyal
CUST_2210,3,Annual,2372.229073115462,3,17.0,0,SMB,0,New
CUST_2211,70,Annual,1275.403267838523,3,22.0,2,SMB,0,Loyal
CUST_2212,51,Annual,1021.3121866880231,1,2.0,10,SMB,0,Loyal
CUST_2213,19,Multi-Year,3104.231047656071,1,8.0,0,SMB,1,Mid-Tenure
CUST_2214,42,Monthly,2139.2825058267463,3,9.0,0,SMB,0,Loyal
CUST_2215,35,Monthly,861.4240157536028,2,6.0,0,SMB,0,Mid-Tenure
CUST_2216,46,Multi-Year,4491.441812854939,5,18.0,0,Enterprise,0,Loyal
CUST_2217,26,Annual,1392.6041071219988,2,23.0,5,Enterprise,0,Mid-Tenure
CUST_2218,69,Monthly,3868.629561515898,1,25.0,5,SMB,0,Loyal
CUST_2219,64,Annual,1770.0286825315002,4,1.0,0,SMB,0,Loyal
CUST_2220,37,Annual,4158.071738387596,5,25.0,0,SMB,0,Loyal
CUST_2221,49,Monthly,1032.7857864244434,2,27.0,2,SMB,0,Loyal
CUST_2222,21,Monthly,3902.322245997927,0,7.0,0,Enterprise,1,Mid-Tenure
CUST_2223,64,Annual,941.5349325523059,2,6.0,10,SMB,0,Loyal
CUST_2224,5,Monthly,2511.121045356245,2,27.0,0,SMB,0,New
CUST_2225,70,Annual,3803.0195776982205,3,4.0,0,SMB,0,Loyal
CUST_2226,4,Multi-Year,1279.4827153410527,2,3.0,0,SMB,0,New
CUST_2227,39,Monthly,1785.4924498102534,4,10.0,0,Enterprise,0,Loyal
CUST_2228,35,Monthly,4391.451464414889,2,25.0,0,SMB,0,Mid-Tenure
CUST_2229,1,Monthly,4483.036944084407,3,27.0,0,SMB,1,New
CUST_2230,24,Monthly,702.209536037268,2,29.0,2,SMB,0,Mid-Tenure
CUST_2231,57,Annual,1256.4076340883887,1,9.0,0,SMB,0,Loyal
CUST_2232,70,Monthly,1028.6237312278654,3,0.0,0,SMB,0,Loyal
CUST_2233,41,Annual,1308.6189259308635,3,28.0,5,Enterprise,0,Loyal
CUST_2234,54,Monthly,4865.844759378227,1,3.0,2,SMB,1,Loyal
CUST_2235,46,Monthly,2982.448619557054,3,21.0,0,SMB,0,Loyal
CUST_2236,60,Monthly,2606.505757047171,2,5.0,2,SMB,0,Loyal
CUST_2237,60,Monthly,4930.103178916773,4,17.0,10,SMB,1,Loyal
CUST_2238,57,Monthly,3006.3025843733094,5,24.0,0,Enterprise,0,Loyal
CUST_2239,31,Monthly,3475.0306730548605,3,12.0,0,SMB,0,Mid-Tenure
CUST_2240,24,Multi-Year,1997.467457221311,1,12.0,0,SMB,0,Mid-Tenure
CUST_2241,36,Annual,2219.5168902928335,0,0.0,0,SMB,0,Mid-Tenure
CUST_2242,30,Monthly,3174.8422271408285,2,3.0,0,SMB,0,Mid-Tenure
CUST_2243,24,Monthly,814.0360280020914,3,3.0,0,Enterprise,0,Mid-Tenure
CUST_2244,30,Monthly,1651.4729872014882,5,17.0,5,SMB,0,Mid-Tenure
CUST_2245,7,Monthly,1385.652872571382,5,23.0,0,SMB,1,New
CUST_2246,35,Monthly,571.5202691300162,4,26.0,0,SMB,0,Mid-Tenure
CUST_2247,55,Monthly,2916.055717341899,3,17.0,2,SMB,1,Loyal
CUST_2248,14,Monthly,3024.737777857456,5,17.0,0,SMB,1,Mid-Tenure
CUST_2249,10,Monthly,2227.7265036676654,4,14.0,0,Enterprise,0,New
CUST_2250,16,Monthly,1709.273612591559,2,17.0,0,SMB,1,Mid-Tenure
CUST_2251,54,Monthly,3434.2694419758113,3,14.0,0,SMB,0,Loyal
CUST_2252,70,Annual,1105.966226230056,1,16.0,10,SMB,0,Loyal
CUST_2253,44,Monthly,2833.7676423590033,2,28.0,0,SMB,0,Loyal
CUST_2254,45,Monthly,3956.3329361477895,3,4.0,2,SMB,1,Loyal
CUST_2255,56,Annual,1239.3409277861253,2,10.0,0,Enterprise,0,Loyal
CUST_2256,57,Multi-Year,3889.667923681184,3,15.0,2,Enterprise,0,Loyal
CUST_2257,21,Multi-Year,3923.575291190291,1,19.0,0,SMB,0,Mid-Tenure
CUST_2258,68,Annual,769.6699170370471,3,1.0,0,Enterprise,0,Loyal
CUST_2259,50,Monthly,584.5294673923182,1,16.0,10,SMB,1,Loyal
CUST_2260,33,Annual,4882.709326946877,2,0.0,0,SMB,0,Mid-Tenure
CUST_2261,7,Annual,1370.2219677447122,3,17.0,0,SMB,0,New
CUST_2262,70,Monthly,4199.626440950464,2,16.0,0,SMB,0,Loyal
CUST_2263,15,Annual,3028.3279387038438,1,24.0,0,Enterprise,0,Mid-Tenure
CUST_2264,32,Multi-Year,1690.1247089164856,2,17.0,5,SMB,0,Mid-Tenure
CUST_2265,20,Monthly,1084.8669647846566,3,18.0,2,SMB,1,Mid-Tenure
CUST_2266,15,Monthly,2735.047731099774,2,24.0,0,SMB,0,Mid-Tenure
CUST_2267,48,Monthly,2333.096652332524,2,4.0,5,SMB,0,Loyal
CUST_2268,71,Monthly,3644.987383026805,3,29.0,0,SMB,0,Loyal
CUST_2269,21,Monthly,4568.75847296477,3,12.0,0,Enterprise,0,Mid-Tenure
CUST_2270,42,Annual,4123.616391335473,2,23.0,0,SMB,0,Loyal
CUST_2271,26,Annual,1735.0342259216536,2,22.0,0,SMB,0,Mid-Tenure
CUST_2272,14,Monthly,4455.199483035376,2,29.0,0,SMB,0,Mid-Tenure
CUST_2273,57,Multi-Year,4250.260913470718,2,5.0,0,SMB,0,Loyal
CUST_2274,37,Monthly,4681.113051747957,1,12.0,10,SMB,0,Loyal
CUST_2275,58,Monthly,2563.9736946709445,4,17.0,0,SMB,0,Loyal
CUST_2276,21,Annual,3958.588275842293,0,29.0,0,Enterprise,0,Mid-Tenure
CUST_2277,69,Annual,3162.461294856517,1,28.0,0,SMB,0,Loyal
CUST_2278,3,Annual,1897.262386472675,4,3.0,0,SMB,0,New
CUST_2279,37,Multi-Year,4974.939511442435,2,8.0,0,SMB,0,Loyal
CUST_2280,49,Annual,672.3836007784761,2,22.0,0,SMB,0,Loyal
CUST_2281,19,Multi-Year,1230.226576515836,2,2.0,0,SMB,0,Mid-Tenure
CUST_2282,12,Monthly,4516.440631393527,0,21.0,0,SMB,0,New
CUST_2283,61,Annual,772.5327953568508,1,23.0,2,SMB,0,Loyal
CUST_2284,41,Multi-Year,4490.693003045848,1,23.0,10,SMB,0,Loyal
CUST_2285,33,Annual,3718.496642261904,3,7.0,0,SMB,0,Mid-Tenure
CUST_2286,50,Monthly,665.0780242754404,4,12.0,0,SMB,0,Loyal
CUST_2287,68,Annual,2431.9401928437946,5,23.0,0,Enterprise,0,Loyal
CUST_2288,71,Annual,3895.121637510067,2,25.0,2,Enterprise,0,Loyal
CUST_2289,33,Monthly,3123.9512808385984,2,21.0,0,Enterprise,0,Mid-Tenure
CUST_2290,24,Multi-Year,4711.420813840061,7,10.0,0,SMB,0,Mid-Tenure
CUST_2291,61,Monthly,4404.398148103999,2,9.0,0,SMB,0,Loyal
CUST_2292,61,Monthly,1996.914359003657,3,10.0,2,SMB,0,Loyal
CUST_2293,28,Multi-Year,880.8223798404065,5,2.0,0,SMB,0,Mid-Tenure
CUST_2294,58,Monthly,4749.156678405431,2,24.0,0,Enterprise,1,Loyal
CUST_2295,43,Monthly,2827.7904549556697,2,13.0,0,SMB,0,Loyal
CUST_2296,41,Annual,834.7893096737683,4,13.0,0,Enterprise,0,Loyal
CUST_2297,39,Annual,4174.590260116758,2,29.0,2,Enterprise,0,Loyal
CUST_2298,49,Monthly,4408.27911808426,0,18.0,5,Enterprise,0,Loyal
CUST_2299,17,Multi-Year,3377.4108807945695,1,27.0,2,Enterprise,0,Mid-Tenure
CUST_2300,70,Annual,2513.79034558853,1,27.0,0,SMB,0,Loyal
CUST_2301,70,Annual,3479.7785554560774,1,3.0,0,SMB,0,Loyal
CUST_2302,65,Annual,3680.076630673056,3,25.0,0,SMB,0,Loyal
CUST_2303,5,Annual,4518.634811386855,0,0.0,0,SMB,0,New
CUST_2304,2,Monthly,4801.377561686321,5,1.0,5,SMB,0,New
CUST_2305,22,Monthly,2814.444195759101,4,5.0,0,SMB,0,Mid-Tenure
CUST_2306,57,Annual,4093.2254008695313,1,29.0,0,Enterprise,0,Loyal
CUST_2307,66,Multi-Year,4840.293001962447,5,12.0,15,SMB,0,Loyal
CUST_2308,16,Monthly,1180.595021661347,4,13.0,15,SMB,1,Mid-Tenure
CUST_2309,51,Annual,582.2059172435451,4,27.0,0,SMB,0,Loyal
CUST_2310,39,Multi-Year,4410.336977817323,2,0.0,0,Enterprise,0,Loyal
CUST_2311,40,Monthly,1378.7299996122235,3,27.0,0,SMB,0,Loyal
CUST_2312,38,Monthly,691.1544498431042,4,24.0,10,SMB,0,Loyal
CUST_2313,60,Monthly,1220.4326194585005,1,7.0,0,SMB,1,Loyal
CUST_2314,59,Annual,2228.517100596962,2,17.0,15,Enterprise,0,Loyal
CUST_2315,10,Monthly,1486.6956571666103,2,13.0,0,SMB,0,New
CUST_2316,64,Monthly,1873.6413309519937,2,1.0,0,Enterprise,1,Loyal
CUST_2317,63,Annual,4888.823231435208,2,23.0,0,SMB,0,Loyal
CUST_2318,49,Annual,3669.824948731588,1,11.0,0,SMB,0,Loyal
CUST_2319,64,Monthly,3704.862777139418,1,26.0,10,SMB,1,Loyal
CUST_2320,32,Monthly,926.0841862756527,4,23.0,0,Enterprise,0,Mid-Tenure
CUST_2321,7,Annual,3794.4426642021126,6,0.0,0,SMB,0,New
CUST_2322,21,Multi-Year,3827.049498298872,5,29.0,0,Enterprise,0,Mid-Tenure
CUST_2323,20,Multi-Year,3468.8525828298452,3,20.0,2,SMB,0,Mid-Tenure
CUST_2324,26,Annual,1527.9633319904378,6,14.0,0,SMB,0,Mid-Tenure
CUST_2325,68,Monthly,2403.6628058698325,2,10.0,5,SMB,0,Loyal
CUST_2326,15,Monthly,4308.244046013314,2,17.0,0,SMB,0,Mid-Tenure
CUST_2327,14,Monthly,3515.9073320328184,3,16.0,0,SMB,1,Mid-Tenure
CUST_2328,27,Monthly,3797.4597574995605,4,2.0,0,Enterprise,1,Mid-Tenure
CUST_2329,40,Annual,3143.18480056614,2,14.0,0,Enterprise,0,Loyal
CUST_2330,58,Monthly,2523.1396960030033,6,12.0,0,SMB,0,Loyal
CUST_2331,28,Monthly,3915.734045301987,2,2.0,15,SMB,0,Mid-Tenure
CUST_2332,26,Multi-Year,805.6661646483724,2,12.0,0,SMB,0,Mid-Tenure
CUST_2333,63,Monthly,3529.2232975111883,1,25.0,0,Enterprise,0,Loyal
CUST_2334,66,Monthly,4987.420285328056,2,8.0,0,Enterprise,0,Loyal
CUST_2335,25,Monthly,4010.8636826061424,3,9.0,0,SMB,1,Mid-Tenure
CUST_2336,3,Annual,1807.5358020985489,2,0.0,2,SMB,0,New
CUST_2337,44,Annual,1750.1877261742127,3,26.0,2,Enterprise,0,Loyal
CUST_2338,42,Monthly,3502.4837476705648,2,1.0,0,SMB,0,Loyal
CUST_2339,6,Annual,4531.344156538387,0,24.0,0,Enterprise,0,New
CUST_2340,39,Annual,3100.773833815293,1,13.0,0,SMB,0,Loyal
CUST_2341,52,Multi-Year,2873.3102922652624,4,4.0,0,SMB,0,Loyal
CUST_2342,23,Multi-Year,1221.7286022965209,3,24.0,0,SMB,0,Mid-Tenure
CUST_2343,50,Multi-Year,3719.5562991191746,2,21.0,2,SMB,0,Loyal
CUST_2344,43,Annual,3660.3437883705083,1,9.0,0,Enterprise,0,Loyal
CUST_2345,19,Monthly,4851.281265502314,0,25.0,0,SMB,0,Mid-Tenure
CUST_2346,69,Monthly,1850.8648293754898,2,18.0,0,SMB,0,Loyal
CUST_2347,51,Monthly,3904.0046436538933,1,7.0,0,Enterprise,0,Loyal
CUST_2348,11,Annual,2453.2936753893305,2,12.0,0,SMB,0,New
CUST_2349,12,Multi-Year,3013.127562272607,1,8.0,0,SMB,0,New
CUST_2350,8,Annual,4174.042350202511,2,17.0,5,SMB,0,New
CUST_2351,24,Monthly,1498.97770258539,3,24.0,0,SMB,0,Mid-Tenure
CUST_2352,41,Annual,2042.9093278733671,3,3.0,0,SMB,0,Loyal
CUST_2353,36,Multi-Year,3979.8890158891863,6,7.0,2,SMB,0,Mid-Tenure
CUST_2354,55,Annual,3067.060618795374,1,4.0,2,SMB,0,Loyal
CUST_2355,9,Multi-Year,915.9031260728159,2,28.0,0,SMB,0,New
CUST_2356,47,Multi-Year,2435.8364005033086,1,5.0,0,SMB,0,Loyal
CUST_2357,15,Multi-Year,3139.8499083785737,2,19.0,2,SMB,0,Mid-Tenure
CUST_2358,48,Annual,4592.827924002737,3,4.0,0,SMB,0,Loyal
CUST_2359,42,Annual,1348.196224723874,2,27.0,0,SMB,0,Loyal
CUST_2360,60,Monthly,4126.788357698673,3,0.0,0,SMB,0,Loyal
CUST_2361,70,Monthly,1087.8101738446612,3,27.0,15,SMB,1,Loyal
CUST_2362,12,Annual,1590.0604703411325,2,18.0,0,SMB,0,New
CUST_2363,2,Monthly,1595.0474757055536,3,29.0,0,Enterprise,0,New
CUST_2364,7,Multi-Year,4448.656381589746,6,3.0,0,SMB,0,New
CUST_2365,3,Monthly,1395.579614067442,1,0.0,5,SMB,0,New
CUST_2366,3,Multi-Year,4041.3232714343408,2,28.0,0,SMB,0,New
CUST_2367,27,Monthly,2578.1294030882896,2,18.0,2,SMB,0,Mid-Tenure
CUST_2368,40,Monthly,4995.908455087899,3,3.0,0,Enterprise,0,Loyal
CUST_2369,33,Multi-Year,4275.9117439344745,3,13.0,0,SMB,0,Mid-Tenure
CUST_2370,1,Monthly,3828.664105015181,3,13.0,2,SMB,0,New
CUST_2371,8,Monthly,4418.26837993488,1,8.0,0,SMB,0,New
CUST_2372,32,Monthly,3353.136766722651,1,18.0,5,SMB,0,Mid-Tenure
CUST_2373,48,Annual,4296.4351543782395,3,10.0,2,SMB,0,Loyal
CUST_2374,4,Monthly,1675.0708131265515,3,15.0,10,Enterprise,1,New
CUST_2375,70,Annual,939.6644499548372,0,18.0,2,SMB,0,Loyal
CUST_2376,19,Annual,3271.6940318900092,3,3.0,5,SMB,0,Mid-Tenure
CUST_2377,32,Annual,2456.106766986137,4,8.0,0,SMB,0,Mid-Tenure
CUST_2378,9,Annual,2418.9835788159435,3,24.0,0,Enterprise,0,New
CUST_2379,12,Annual,2870.365335935208,6,16.0,0,SMB,0,New
CUST_2380,11,Monthly,2126.2217520449412,1,14.0,0,Enterprise,0,New
CUST_2381,46,Multi-Year,3317.267891492731,4,7.0,2,SMB,0,Loyal
CUST_2382,16,Monthly,637.5576530643345,2,25.0,0,Enterprise,1,Mid-Tenure
CUST_2383,1,Annual,4864.511038467935,4,12.0,0,Enterprise,0,New
CUST_2384,63,Monthly,4661.190464205067,0,0.0,2,SMB,0,Loyal
CUST_2385,21,Multi-Year,4708.715731618701,5,1.0,5,Enterprise,0,Mid-Tenure
CUST_2386,30,Monthly,2142.5157301267327,4,9.0,2,SMB,1,Mid-Tenure
CUST_2387,13,Monthly,2893.509309465949,0,26.0,2,SMB,0,Mid-Tenure
CUST_2388,34,Annual,4793.587713759089,4,20.0,0,SMB,0,Mid-Tenure
CUST_2389,4,Annual,4560.55725392414,3,26.0,5,SMB,0,New
CUST_2390,28,Monthly,4056.1001415551627,2,12.0,0,SMB,0,Mid-Tenure
CUST_2391,59,Annual,2332.992154314166,3,10.0,15,SMB,0,Loyal
CUST_2392,27,Annual,3039.5265043197805,1,13.0,0,SMB,0,Mid-Tenure
CUST_2393,69,Multi-Year,4068.1061339749144,3,15.0,2,Enterprise,0,Loyal
CUST_2394,25,Annual,1728.5539799301428,3,27.0,0,SMB,0,Mid-Tenure
CUST_2395,3,Monthly,3319.022157026501,1,28.0,0,SMB,0,New
CUST_2396,68,Monthly,4225.704461833356,5,5.0,2,SMB,1,Loyal
CUST_2397,25,Multi-Year,3683.546562798056,1,1.0,2,SMB,0,Mid-Tenure
CUST_2398,20,Multi-Year,2657.662840359503,1,25.0,5,SMB,0,Mid-Tenure
CUST_2399,34,Monthly,3130.7376179982125,4,4.0,0,Enterprise,0,Mid-Tenure
CUST_2400,26,Monthly,4949.039944156073,1,18.0,0,SMB,0,Mid-Tenure
CUST_2401,5,Annual,3208.945075912445,2,6.0,0,SMB,0,New
CUST_2402,61,Monthly,4035.2798930838967,3,27.0,0,SMB,0,Loyal
CUST_2403,9,Monthly,3769.721439699482,2,27.0,0,SMB,0,New
CUST_2404,50,Monthly,3656.7077698821345,1,16.0,2,SMB,0,Loyal
CUST_2405,6,Monthly,3723.660748013196,2,4.0,0,SMB,0,New
CUST_2406,60,Monthly,2544.8438807665875,2,11.0,2,SMB,0,Loyal
CUST_2407,44,Annual,2633.720785331564,2,18.0,0,SMB,0,Loyal
CUST_2408,11,Monthly,2605.3823181235202,2,26.0,0,SMB,1,New
CUST_2409,66,Monthly,649.6457324567364,1,17.0,0,SMB,0,Loyal
CUST_2410,47,Monthly,1584.7939864954556,2,27.0,2,SMB,1,Loyal
CUST_2411,3,Monthly,1195.5380299244725,0,11.0,2,Enterprise,1,New
CUST_2412,30,Monthly,4489.002551287658,2,2.0,0,SMB,1,Mid-Tenure
CUST_2413,21,Monthly,1737.3621490382704,1,25.0,0,SMB,1,Mid-Tenure
CUST_2414,28,Annual,1122.991855094932,2,3.0,0,SMB,0,Mid-Tenure
CUST_2415,62,Monthly,1038.9511935989822,2,14.0,2,Enterprise,0,Loyal
CUST_2416,33,Monthly,3649.954255484714,1,14.0,2,Enterprise,1,Mid-Tenure
CUST_2417,35,Monthly,527.3748991173168,1,10.0,0,Enterprise,0,Mid-Tenure
CUST_2418,52,Annual,2620.869807904287,0,1.0,0,SMB,0,Loyal
CUST_2419,34,Multi-Year,1034.9199751918832,5,17.0,0,Enterprise,0,Mid-Tenure
CUST_2420,41,Monthly,4323.485199361573,3,2.0,0,Enterprise,0,Loyal
CUST_2421,51,Multi-Year,4813.026604036062,2,17.0,0,SMB,0,Loyal
CUST_2422,47,Monthly,4814.3957729670665,4,13.0,0,Enterprise,0,Loyal
CUST_2423,58,Multi-Year,2488.838490260462,3,5.0,0,Enterprise,0,Loyal
CUST_2424,57,Monthly,3400.316709956584,1,1.0,0,Enterprise,0,Loyal
CUST_2425,23,Annual,3198.668614298351,2,0.0,0,Enterprise,0,Mid-Tenure
CUST_2426,48,Annual,2075.1750562367884,5,7.0,0,Enterprise,0,Loyal
CUST_2427,22,Monthly,2498.29021139239,1,9.0,0,Enterprise,0,Mid-Tenure
CUST_2428,17,Multi-Year,789.4566375497856,4,19.0,0,SMB,0,Mid-Tenure
CUST_2429,69,Annual,4080.6456470216926,5,17.0,0,Enterprise,0,Loyal
CUST_2430,11,Monthly,1583.6158046957858,1,19.0,0,SMB,1,New
CUST_2431,15,Monthly,2572.372990113693,3,10.0,2,SMB,0,Mid-Tenure
CUST_2432,35,Monthly,2662.7933012748977,1,17.0,5,Enterprise,0,Mid-Tenure
CUST_2433,33,Multi-Year,3023.202826180932,1,26.0,0,SMB,0,Mid-Tenure
CUST_2434,16,Annual,4180.444870496405,2,15.0,0,Enterprise,0,Mid-Tenure
CUST_2435,34,Monthly,3613.4647078268736,1,4.0,5,SMB,0,Mid-Tenure
CUST_2436,66,Annual,3483.783721081364,3,6.0,5,SMB,0,Loyal
CUST_2437,40,Multi-Year,2870.354731122229,3,21.0,0,SMB,0,Loyal
CUST_2438,28,Annual,931.8008972596547,2,1.0,0,SMB,0,Mid-Tenure
CUST_2439,47,Annual,2309.0381224288762,3,10.0,2,SMB,0,Loyal
CUST_2440,39,Annual,4807.925830807484,4,12.0,0,SMB,0,Loyal
CUST_2441,70,Monthly,4979.966338797136,2,19.0,5,SMB,0,Loyal
CUST_2442,20,Monthly,3787.241657454132,1,23.0,0,SMB,0,Mid-Tenure
CUST_2443,1,Multi-Year,1523.8173338359027,2,27.0,5,SMB,0,New
CUST_2444,63,Monthly,958.5079070152817,4,15.0,0,SMB,0,Loyal
CUST_2445,67,Multi-Year,2366.4396157078963,1,29.0,0,SMB,0,Loyal
CUST_2446,4,Monthly,4354.573560617011,2,13.0,10,SMB,0,New
CUST_2447,58,Monthly,3748.389079527502,3,6.0,0,Enterprise,0,Loyal
CUST_2448,25,Multi-Year,4477.515068934972,3,6.0,0,SMB,0,Mid-Tenure
CUST_2449,47,Annual,3270.9934161394353,3,11.0,5,SMB,0,Loyal
CUST_2450,38,Monthly,1086.4776406536155,3,11.0,0,SMB,0,Loyal
CUST_2451,15,Annual,1016.5818514917383,3,19.0,0,Enterprise,0,Mid-Tenure
CUST_2452,63,Annual,716.0103618355818,2,0.0,0,SMB,0,Loyal
CUST_2453,21,Annual,3051.8598675808894,2,22.0,0,SMB,0,Mid-Tenure
CUST_2454,57,Monthly,1592.9880648115507,2,5.0,2,SMB,0,Loyal
CUST_2455,53,Multi-Year,3804.726386097277,3,7.0,5,SMB,0,Loyal
CUST_2456,46,Multi-Year,3588.124711358783,2,26.0,0,SMB,0,Loyal
CUST_2457,14,Monthly,1931.4983408374262,2,12.0,0,SMB,0,Mid-Tenure
CUST_2458,17,Multi-Year,1295.6074990882896,5,4.0,0,Enterprise,1,Mid-Tenure
CUST_2459,39,Multi-Year,960.8015740820055,3,23.0,2,SMB,0,Loyal
CUST_2460,9,Annual,3817.9187321589366,4,9.0,2,SMB,0,New
CUST_2461,6,Annual,2526.9844794166993,1,26.0,5,SMB,0,New
CUST_2462,23,Monthly,1955.8846138016252,1,13.0,10,SMB,0,Mid-Tenure
CUST_2463,59,Monthly,4354.938571128405,2,23.0,0,SMB,0,Loyal
CUST_2464,46,Annual,3171.259474562228,1,8.0,0,Enterprise,0,Loyal
CUST_2465,38,Multi-Year,2831.01051378463,7,16.0,0,SMB,0,Loyal
CUST_2466,14,Annual,3845.2062423902707,2,2.0,0,SMB,0,Mid-Tenure
CUST_2467,62,Annual,4170.1241310587975,3,11.0,0,SMB,0,Loyal
CUST_2468,35,Monthly,3587.329199402238,2,11.0,5,SMB,1,Mid-Tenure
CUST_2469,19,Monthly,2480.028433697087,0,10.0,0,SMB,0,Mid-Tenure
CUST_2470,30,Monthly,2206.844567024844,5,21.0,0,SMB,1,Mid-Tenure
CUST_2471,25,Monthly,3972.49222222716,1,28.0,0,Enterprise,0,Mid-Tenure
CUST_2472,40,Annual,2830.582222881287,1,3.0,2,SMB,0,Loyal
CUST_2473,14,Monthly,3669.7373533281934,5,7.0,0,Enterprise,0,Mid-Tenure
CUST_2474,26,Annual,4506.794550862483,2,9.0,0,SMB,0,Mid-Tenure
CUST_2475,22,Monthly,4621.507856315165,2,13.0,0,SMB,0,Mid-Tenure
CUST_2476,48,Annual,1749.7203765825768,1,29.0,5,Enterprise,0,Loyal
CUST_2477,51,Annual,1345.5047762263134,2,0.0,0,SMB,0,Loyal
CUST_2478,3,Monthly,1675.7931215157703,3,11.0,10,SMB,0,New
CUST_2479,42,Monthly,3881.1729674097624,2,4.0,0,SMB,0,Loyal
CUST_2480,19,Monthly,2165.2611622077206,3,13.0,10,Enterprise,1,Mid-Tenure
CUST_2481,28,Multi-Year,1280.251763785984,2,3.0,5,SMB,0,Mid-Tenure
CUST_2482,45,Monthly,942.7347162813617,2,27.0,0,Enterprise,0,Loyal
CUST_2483,71,Annual,1972.9093497335953,2,16.0,0,SMB,0,Loyal
CUST_2484,63,Multi-Year,1112.6139815773008,2,25.0,0,SMB,0,Loyal
CUST_2485,19,Annual,1203.6812563998812,1,21.0,2,SMB,0,Mid-Tenure
CUST_2486,47,Monthly,3577.4778805082155,2,25.0,0,Enterprise,0,Loyal
CUST_2487,14,Multi-Year,588.7944305078238,4,12.0,0,SMB,0,Mid-Tenure
CUST_2488,38,Monthly,1028.989677314471,2,2.0,0,SMB,0,Loyal
CUST_2489,53,Monthly,4299.644710458934,3,10.0,2,SMB,0,Loyal
CUST_2490,61,Multi-Year,4302.11338258214,3,10.0,0,SMB,0,Loyal
CUST_2491,36,Annual,1981.5956544360963,4,4.0,0,SMB,0,Mid-Tenure
CUST_2492,40,Monthly,895.7885376592805,1,5.0,0,SMB,0,Loyal
CUST_2493,30,Monthly,3672.3665021324264,3,3.0,0,SMB,1,Mid-Tenure
CUST_2494,9,Monthly,2120.592594982435,3,9.0,0,SMB,1,New
CUST_2495,64,Annual,704.5908224221662,4,9.0,2,Enterprise,0,Loyal
CUST_2496,33,Monthly,1210.2214158490933,4,11.0,0,SMB,1,Mid-Tenure
CUST_2497,52,Multi-Year,1117.4666538381093,0,21.0,0,SMB,0,Loyal
CUST_2498,14,Multi-Year,3151.02354722448,1,22.0,0,Enterprise,0,Mid-Tenure
CUST_2499,53,Multi-Year,4541.529126216026,2,17.0,15,SMB,0,Loyal
CUST_2500,59,Monthly,4068.8241499555584,2,29.0,0,SMB,0,Loyal
CUST_2501,41,Annual,2959.3222025775353,0,14.0,10,Enterprise,0,Loyal
CUST_2502,68,Multi-Year,2399.69824217366,3,22.0,0,SMB,0,Loyal
CUST_2503,68,Multi-Year,3284.045190809892,1,22.0,0,SMB,0,Loyal
CUST_2504,8,Monthly,2497.1573344103635,5,17.0,2,SMB,0,New
CUST_2505,2,Monthly,1607.4460515934218,3,2.0,0,SMB,0,New
CUST_2506,41,Monthly,3556.388549085258,2,2.0,2,SMB,0,Loyal
CUST_2507,55,Annual,4429.597755835945,1,0.0,5,SMB,0,Loyal
CUST_2508,16,Annual,2177.9164880638723,1,16.0,0,SMB,0,Mid-Tenure
CUST_2509,62,Multi-Year,4286.923104611016,6,9.0,0,SMB,0,Loyal
CUST_2510,48,Monthly,2439.869209175707,5,26.0,0,Enterprise,0,Loyal
CUST_2511,30,Monthly,2306.011743947417,2,5.0,5,SMB,0,Mid-Tenure
CUST_2512,12,Monthly,627.4596089616246,1,24.0,0,SMB,0,New
CUST_2513,35,Monthly,3628.7550561533467,3,24.0,0,SMB,1,Mid-Tenure
CUST_2514,11,Monthly,4133.761363012203,2,10.0,0,Enterprise,1,New
CUST_2515,64,Annual,3486.0061380135244,0,13.0,10,SMB,1,Loyal
CUST_2516,50,Annual,1181.1242812637456,1,16.0,0,SMB,0,Loyal
CUST_2517,21,Annual,964.8206039868941,1,27.0,0,SMB,0,Mid-Tenure
CUST_2518,69,Monthly,3077.864382283428,0,6.0,0,Enterprise,0,Loyal
CUST_2519,48,Monthly,2306.8231438307084,2,21.0,2,SMB,0,Loyal
CUST_2520,20,Monthly,2430.940025685153,1,3.0,0,SMB,1,Mid-Tenure
CUST_2521,67,Multi-Year,4855.101110343535,1,10.0,0,SMB,0,Loyal
CUST_2522,44,Monthly,3757.652020368794,2,18.0,0,SMB,0,Loyal
CUST_2523,33,Multi-Year,2353.044826434905,1,8.0,0,Enterprise,0,Mid-Tenure
CUST_2524,61,Monthly,585.946759287717,3,25.0,0,Enterprise,0,Loyal
CUST_2525,9,Multi-Year,653.4306403397162,2,20.0,0,SMB,0,New
CUST_2526,68,Multi-Year,3581.6166304063527,1,7.0,0,Enterprise,0,Loyal
CUST_2527,35,Monthly,4269.824417829937,3,19.0,0,SMB,0,Mid-Tenure
CUST_2528,65,Annual,3684.661832973577,4,3.0,0,Enterprise,0,Loyal
CUST_2529,8,Monthly,2326.4948867212643,4,15.0,0,SMB,0,New
CUST_2530,45,Multi-Year,640.1108206875631,2,5.0,2,SMB,0,Loyal
CUST_2531,47,Monthly,4853.307336058534,2,5.0,0,Enterprise,0,Loyal
CUST_2532,40,Monthly,4938.51227971139,4,18.0,0,Enterprise,0,Loyal
CUST_2533,54,Annual,2972.140481499209,2,1.0,0,Enterprise,0,Loyal
CUST_2534,46,Multi-Year,818.0193411279752,3,10.0,0,SMB,0,Loyal
CUST_2535,47,Monthly,2934.376276615101,1,24.0,5,SMB,0,Loyal
CUST_2536,15,Annual,4515.5231159936375,1,17.0,0,SMB,0,Mid-Tenure
CUST_2537,19,Monthly,3559.934795576961,3,8.0,0,SMB,0,Mid-Tenure
CUST_2538,26,Monthly,3739.9515396472593,6,27.0,5,SMB,0,Mid-Tenure
CUST_2539,52,Annual,882.3642684451218,3,15.0,2,SMB,0,Loyal
CUST_2540,22,Monthly,979.3023666431066,2,10.0,2,SMB,0,Mid-Tenure
CUST_2541,21,Monthly,1073.0694936914838,4,13.0,0,SMB,0,Mid-Tenure
CUST_2542,51,Multi-Year,4569.695751474466,5,7.0,0,SMB,0,Loyal
CUST_2543,38,Monthly,2866.32336318716,1,26.0,10,SMB,1,Loyal
CUST_2544,20,Annual,4062.08793376846,0,12.0,5,SMB,0,Mid-Tenure
CUST_2545,29,Monthly,1018.810669476201,4,9.0,0,SMB,0,Mid-Tenure
CUST_2546,51,Monthly,4674.392174788677,2,22.0,2,Enterprise,0,Loyal
CUST_2547,4,Monthly,4195.139411737446,7,11.0,0,SMB,0,New
CUST_2548,55,Annual,1511.4386514891025,2,20.0,0,SMB,0,Loyal
CUST_2549,71,Annual,4433.820049822791,2,28.0,0,SMB,0,Loyal
CUST_2550,28,Monthly,1685.4924172856417,1,2.0,0,Enterprise,1,Mid-Tenure
CUST_2551,4,Monthly,1424.0294570257543,0,1.0,0,SMB,0,New
CUST_2552,22,Multi-Year,1689.0977156549557,3,10.0,0,Enterprise,0,Mid-Tenure
CUST_2553,45,Monthly,4594.797784726742,2,23.0,0,SMB,0,Loyal
CUST_2554,67,Multi-Year,4620.163934816913,2,17.0,0,SMB,0,Loyal
CUST_2555,66,Monthly,1980.4809860958596,2,23.0,0,SMB,0,Loyal
CUST_2556,34,Annual,3674.4538329254806,1,20.0,5,Enterprise,0,Mid-Tenure
CUST_2557,55,Monthly,3540.853648238825,2,24.0,0,SMB,0,Loyal
CUST_2558,1,Multi-Year,4129.531844586814,3,3.0,5,SMB,0,New
CUST_2559,38,Annual,1834.2927506395897,4,7.0,0,SMB,0,Loyal
CUST_2560,6,Monthly,2795.6234385968082,1,28.0,2,SMB,0,New
CUST_2561,25,Monthly,3504.532779537291,3,10.0,0,Enterprise,1,Mid-Tenure
CUST_2562,17,Annual,618.1556846445771,1,14.0,5,SMB,0,Mid-Tenure
CUST_2563,61,Annual,2195.3243539892956,2,22.0,0,SMB,0,Loyal
CUST_2564,12,Monthly,3631.4976095535603,1,27.0,0,SMB,0,New
CUST_2565,6,Monthly,1636.6779190361003,3,23.0,0,SMB,0,New
CUST_2566,27,Multi-Year,4809.668481529193,3,20.0,10,SMB,0,Mid-Tenure
CUST_2567,8,Monthly,635.7261717807753,2,1.0,2,SMB,1,New
CUST_2568,65,Annual,4811.392344143403,2,22.0,0,SMB,0,Loyal
CUST_2569,57,Monthly,1475.4374060468003,4,18.0,0,Enterprise,0,Loyal
CUST_2570,40,Multi-Year,719.6991886641649,3,14.0,2,SMB,0,Loyal
CUST_2571,14,Multi-Year,1816.1331495060085,2,28.0,15,Enterprise,0,Mid-Tenure
CUST_2572,35,Multi-Year,4038.270382806014,8,25.0,0,Enterprise,1,Mid-Tenure
CUST_2573,48,Monthly,3885.9890290162393,2,25.0,5,SMB,0,Loyal
CUST_2574,56,Multi-Year,1439.7818739025643,4,25.0,0,SMB,0,Loyal
CUST_2575,49,Monthly,1385.5556011630974,2,27.0,10,Enterprise,0,Loyal
CUST_2576,13,Annual,3391.6096211204335,7,26.0,2,SMB,0,Mid-Tenure
CUST_2577,61,Annual,2561.3721035407875,2,25.0,0,SMB,0,Loyal
CUST_2578,49,Monthly,4065.3047899890603,5,12.0,0,SMB,1,Loyal
CUST_2579,46,Multi-Year,608.5975041164911,2,1.0,0,SMB,0,Loyal
CUST_2580,62,Monthly,3246.85337342257,2,2.0,0,SMB,0,Loyal
CUST_2581,8,Annual,3788.0240550794415,6,29.0,5,SMB,0,New
CUST_2582,43,Annual,4970.237504129011,4,13.0,2,SMB,0,Loyal
CUST_2583,20,Annual,3554.517624065811,4,19.0,0,Enterprise,0,Mid-Tenure
CUST_2584,39,Monthly,1543.3032044748484,3,25.0,5,SMB,0,Loyal
CUST_2585,49,Monthly,986.8378769601745,2,12.0,0,SMB,0,Loyal
CUST_2586,64,Multi-Year,3384.1254858983393,2,26.0,2,SMB,0,Loyal
CUST_2587,62,Monthly,2854.323803831972,4,22.0,2,SMB,0,Loyal
CUST_2588,54,Monthly,4546.153798002573,2,25.0,5,Enterprise,0,Loyal
CUST_2589,9,Monthly,3769.7360953157377,1,15.0,0,SMB,0,New
CUST_2590,37,Monthly,2793.841025191793,2,11.0,0,Enterprise,1,Loyal
CUST_2591,49,Multi-Year,2316.152618443164,0,0.0,0,Enterprise,0,Loyal
CUST_2592,41,Monthly,2319.686148068691,4,5.0,0,SMB,0,Loyal
CUST_2593,17,Annual,1518.3692876805553,4,12.0,0,SMB,0,Mid-Tenure
CUST_2594,21,Monthly,577.9668729006368,8,21.0,2,Enterprise,0,Mid-Tenure
CUST_2595,51,Monthly,3087.0976469319776,3,23.0,0,SMB,1,Loyal
CUST_2596,59,Monthly,1455.8662963544684,1,1.0,0,Enterprise,0,Loyal
CUST_2597,39,Monthly,1437.4711297761864,3,17.0,0,SMB,0,Loyal
CUST_2598,55,Monthly,1064.2155290441622,1,16.0,0,SMB,0,Loyal
CUST_2599,41,Annual,1353.1797057951173,6,18.0,0,Enterprise,0,Loyal
CUST_2600,39,Monthly,643.0511729981196,2,22.0,0,Enterprise,0,Loyal
CUST_2601,13,Monthly,3534.041523868394,5,14.0,0,Enterprise,1,Mid-Tenure
CUST_2602,64,Monthly,2306.2870234071243,4,7.0,0,SMB,0,Loyal
CUST_2603,11,Monthly,3026.8606944791527,4,22.0,0,Enterprise,0,New
CUST_2604,19,Multi-Year,3366.3092810935977,7,8.0,0,SMB,0,Mid-Tenure
CUST_2605,11,Annual,4876.1805302427165,3,7.0,5,SMB,0,New
CUST_2606,46,Monthly,807.1963963497544,3,7.0,2,Enterprise,1,Loyal
CUST_2607,45,Monthly,2380.629581741471,4,10.0,0,SMB,0,Loyal
CUST_2608,1,Multi-Year,1606.5407008691648,1,17.0,0,SMB,0,New
CUST_2609,40,Monthly,2645.2036933556637,0,16.0,10,SMB,0,Loyal
CUST_2610,19,Multi-Year,4642.125352762497,2,21.0,0,SMB,0,Mid-Tenure
CUST_2611,61,Monthly,3757.929193616681,3,22.0,0,Enterprise,0,Loyal
CUST_2612,12,Multi-Year,3478.77313915952,1,5.0,0,SMB,0,New
CUST_2613,61,Multi-Year,2485.606443940298,1,22.0,2,Enterprise,0,Loyal
CUST_2614,33,Annual,3520.0062426849613,5,23.0,10,Enterprise,1,Mid-Tenure
CUST_2615,45,Monthly,645.6891977348364,2,1.0,0,SMB,0,Loyal
CUST_2616,69,Monthly,3138.074024134525,3,0.0,0,SMB,0,Loyal
CUST_2617,8,Monthly,2991.994531696617,2,9.0,0,SMB,0,New
CUST_2618,25,Monthly,2059.881943834368,1,7.0,10,Enterprise,1,Mid-Tenure
CUST_2619,46,Monthly,1406.8135644084878,3,15.0,5,SMB,0,Loyal
CUST_2620,30,Monthly,4133.999979496854,2,23.0,0,Enterprise,0,Mid-Tenure
CUST_2621,47,Annual,742.3795150479341,4,13.0,5,SMB,0,Loyal
CUST_2622,49,Annual,813.527889906145,1,23.0,0,SMB,0,Loyal
CUST_2623,47,Monthly,2482.3478479286596,3,15.0,0,SMB,0,Loyal
CUST_2624,18,Monthly,1636.4954633387229,2,13.0,0,SMB,1,Mid-Tenure
CUST_2625,66,Multi-Year,3854.535860781592,2,25.0,0,SMB,0,Loyal
CUST_2626,68,Monthly,3353.8553461453594,4,6.0,0,Enterprise,0,Loyal
CUST_2627,33,Annual,3976.4065825698417,0,17.0,5,SMB,0,Mid-Tenure
CUST_2628,36,Monthly,1961.0553035201049,1,19.0,0,SMB,1,Mid-Tenure
CUST_2629,19,Monthly,3832.3352282804035,0,8.0,0,SMB,1,Mid-Tenure
CUST_2630,28,Monthly,4380.364562118795,3,23.0,0,SMB,1,Mid-Tenure
CUST_2631,40,Monthly,2053.7352248835728,1,3.0,0,SMB,0,Loyal
CUST_2632,15,Multi-Year,2029.5311952282502,3,23.0,0,SMB,1,Mid-Tenure
CUST_2633,41,Annual,4549.781317578918,2,25.0,0,SMB,0,Loyal
CUST_2634,39,Monthly,724.0561393446911,4,28.0,0,SMB,0,Loyal
CUST_2635,2,Multi-Year,2075.8523257887996,4,15.0,0,Enterprise,0,New
CUST_2636,63,Monthly,1034.0262143231184,2,21.0,0,SMB,1,Loyal
CUST_2637,29,Multi-Year,630.412656124893,6,10.0,0,SMB,0,Mid-Tenure
CUST_2638,66,Multi-Year,1007.9123794106995,3,8.0,0,SMB,0,Loyal
CUST_2639,51,Monthly,2440.6060603112464,5,16.0,0,Enterprise,1,Loyal
CUST_2640,10,Monthly,3591.3023115250585,0,21.0,0,SMB,0,New
CUST_2641,14,Monthly,1801.7709099888332,3,10.0,2,SMB,1,Mid-Tenure
CUST_2642,51,Annual,4323.538883305062,4,19.0,2,Enterprise,0,Loyal
CUST_2643,39,Annual,2469.270329322575,5,2.0,5,SMB,0,Loyal
CUST_2644,28,Multi-Year,4857.0262293278465,2,20.0,0,SMB,0,Mid-Tenure
CUST_2645,3,Annual,4793.70051249665,3,25.0,0,SMB,0,New
CUST_2646,70,Monthly,3979.7430020006677,4,10.0,2,SMB,0,Loyal
CUST_2647,27,Monthly,4695.824732659782,5,7.0,0,SMB,0,Mid-Tenure
CUST_2648,2,Annual,3681.932342725002,3,26.0,0,SMB,0,New
CUST_2649,38,Monthly,4530.124354960316,1,9.0,2,SMB,0,Loyal
CUST_2650,3,Annual,1564.1317281483794,2,5.0,0,SMB,1,New
CUST_2651,16,Monthly,2054.3909007955936,1,16.0,0,SMB,0,Mid-Tenure
CUST_2652,40,Monthly,3888.185297021877,2,5.0,2,SMB,0,Loyal
CUST_2653,2,Monthly,2410.525571929507,4,6.0,2,SMB,0,New
CUST_2654,41,Annual,4267.97345221033,0,12.0,2,SMB,0,Loyal
CUST_2655,12,Monthly,4449.374922144988,7,5.0,0,SMB,1,New
CUST_2656,35,Annual,1848.782681244162,1,2.0,5,SMB,0,Mid-Tenure
CUST_2657,65,Monthly,4205.528636853081,1,26.0,2,SMB,0,Loyal
CUST_2658,55,Annual,1194.1892197931752,2,24.0,2,SMB,0,Loyal
CUST_2659,45,Annual,2003.8852019158207,1,12.0,2,SMB,0,Loyal
CUST_2660,62,Monthly,2830.8422800462504,2,9.0,0,SMB,0,Loyal
CUST_2661,49,Annual,1518.9969294675147,0,25.0,0,SMB,0,Loyal
CUST_2662,25,Monthly,3106.7052330883967,4,3.0,2,Enterprise,0,Mid-Tenure
CUST_2663,23,Monthly,3104.1278542294094,4,4.0,0,SMB,1,Mid-Tenure
CUST_2664,24,Monthly,1431.0630268290759,4,20.0,0,SMB,1,Mid-Tenure
CUST_2665,38,Annual,4080.3860519845553,6,18.0,2,SMB,0,Loyal
CUST_2666,28,Multi-Year,3342.400202351736,1,27.0,0,SMB,0,Mid-Tenure
CUST_2667,21,Annual,1929.9222807122942,4,17.0,0,SMB,0,Mid-Tenure
CUST_2668,54,Annual,1544.8315256163137,2,23.0,0,SMB,0,Loyal
CUST_2669,18,Annual,4454.375624755221,4,6.0,0,Enterprise,0,Mid-Tenure
CUST_2670,36,Monthly,4260.840103510936,1,20.0,0,SMB,1,Mid-Tenure
CUST_2671,45,Multi-Year,1533.9230368498684,2,28.0,2,SMB,0,Loyal
CUST_2672,53,Monthly,660.2235193242894,0,0.0,0,SMB,0,Loyal
CUST_2673,30,Multi-Year,4120.396680844057,4,25.0,0,Enterprise,0,Mid-Tenure
CUST_2674,60,Annual,3269.788498692694,1,16.0,15,Enterprise,0,Loyal
CUST_2675,32,Annual,953.9691262405686,6,23.0,0,Enterprise,0,Mid-Tenure
CUST_2676,67,Annual,3143.111927985028,3,19.0,0,SMB,0,Loyal
CUST_2677,67,Monthly,2534.8220841276243,1,28.0,5,SMB,0,Loyal
CUST_2678,28,Annual,3985.476473631612,8,19.0,0,SMB,0,Mid-Tenure
CUST_2679,44,Monthly,1440.881789714285,2,29.0,2,SMB,0,Loyal
CUST_2680,41,Annual,2539.2053493726194,2,24.0,10,Enterprise,0,Loyal
CUST_2681,63,Annual,1203.0985141336255,0,17.0,5,SMB,0,Loyal
CUST_2682,23,Multi-Year,4808.8725251488095,3,4.0,0,SMB,1,Mid-Tenure
CUST_2683,48,Annual,4004.3217061632386,4,21.0,0,SMB,0,Loyal
CUST_2684,32,Monthly,3815.2509192562843,0,5.0,0,SMB,0,Mid-Tenure
CUST_2685,57,Monthly,3605.929992593609,2,9.0,2,SMB,0,Loyal
CUST_2686,33,Annual,2405.0139910987173,3,27.0,5,SMB,0,Mid-Tenure
CUST_2687,24,Monthly,4654.7708706641515,2,29.0,2,SMB,0,Mid-Tenure
CUST_2688,39,Monthly,828.1265536715243,3,18.0,0,SMB,0,Loyal
CUST_2689,34,Multi-Year,4114.665822555284,2,9.0,0,SMB,0,Mid-Tenure
CUST_2690,56,Annual,1468.5472944757971,2,5.0,0,Enterprise,0,Loyal
CUST_2691,28,Annual,1958.125800352316,3,9.0,0,SMB,0,Mid-Tenure
CUST_2692,37,Monthly,2837.4337803528874,0,9.0,2,SMB,0,Loyal
CUST_2693,7,Annual,4021.947549750108,2,20.0,0,SMB,0,New
CUST_2694,68,Monthly,4273.407084441815,3,11.0,0,SMB,0,Loyal
CUST_2695,37,Annual,3126.795125720562,1,23.0,2,Enterprise,0,Loyal
CUST_2696,56,Monthly,2313.6597002060835,2,3.0,0,Enterprise,0,Loyal
CUST_2697,65,Multi-Year,4759.260896314445,0,12.0,5,SMB,0,Loyal
CUST_2698,65,Monthly,1609.3458312771575,3,25.0,0,SMB,0,Loyal
CUST_2699,47,Monthly,4113.925591462859,4,9.0,10,SMB,0,Loyal
CUST_2700,20,Annual,3254.2232965166895,4,15.0,0,SMB,1,Mid-Tenure
CUST_2701,19,Annual,2196.027575983462,0,18.0,0,Enterprise,0,Mid-Tenure
CUST_2702,29,Monthly,506.1559296359156,2,5.0,0,SMB,0,Mid-Tenure
CUST_2703,60,Annual,2509.6968560688206,1,25.0,5,SMB,0,Loyal
CUST_2704,18,Monthly,1745.2399889403466,2,29.0,0,SMB,0,Mid-Tenure
CUST_2705,35,Multi-Year,969.5597599650227,0,8.0,0,SMB,0,Mid-Tenure
CUST_2706,43,Multi-Year,838.2135440213818,1,13.0,10,SMB,0,Loyal
CUST_2707,11,Monthly,2064.012472902209,2,23.0,0,Enterprise,0,New
CUST_2708,49,Multi-Year,3266.4082493329183,3,9.0,2,SMB,0,Loyal
CUST_2709,38,Monthly,4268.836919141481,5,7.0,0,Enterprise,0,Loyal
CUST_2710,64,Monthly,1326.034602262971,5,2.0,0,SMB,0,Loyal
CUST_2711,69,Multi-Year,2410.8978708907234,2,16.0,0,SMB,0,Loyal
CUST_2712,8,Annual,2263.802630639685,2,18.0,0,SMB,0,New
CUST_2713,34,Monthly,2810.2730414383204,1,29.0,0,SMB,1,Mid-Tenure
CUST_2714,48,Monthly,4143.142718642988,1,2.0,0,SMB,0,Loyal
CUST_2715,56,Monthly,2991.403480996557,2,13.0,0,SMB,0,Loyal
CUST_2716,65,Multi-Year,4309.947110760324,0,27.0,0,SMB,0,Loyal
CUST_2717,31,Monthly,2833.4829023104,1,5.0,0,SMB,1,Mid-Tenure
CUST_2718,4,Monthly,3217.3131433157214,2,28.0,0,SMB,0,New
CUST_2719,50,Monthly,2468.224591218454,3,18.0,0,SMB,0,Loyal
CUST_2720,69,Monthly,4203.930111330352,4,17.0,10,Enterprise,1,Loyal
CUST_2721,30,Monthly,4657.222428640937,0,11.0,0,SMB,0,Mid-Tenure
CUST_2722,59,Monthly,3376.1513215541554,2,14.0,0,SMB,0,Loyal
CUST_2723,67,Monthly,4193.521021278068,3,24.0,0,SMB,0,Loyal
CUST_2724,45,Monthly,765.5150029959514,1,5.0,2,Enterprise,0,Loyal
CUST_2725,4,Multi-Year,4577.5028815099595,1,20.0,0,Enterprise,0,New
CUST_2726,26,Monthly,1350.1628007760605,5,11.0,0,SMB,1,Mid-Tenure
CUST_2727,27,Annual,1654.3419229661356,0,18.0,2,Enterprise,0,Mid-Tenure
CUST_2728,46,Annual,739.9853069303581,4,6.0,0,Enterprise,0,Loyal
CUST_2729,64,Multi-Year,4844.300526383266,4,22.0,0,SMB,0,Loyal
CUST_2730,51,Multi-Year,4334.048822697694,4,19.0,10,SMB,0,Loyal
CUST_2731,50,Monthly,4609.330718409878,4,9.0,0,SMB,0,Loyal
CUST_2732,6,Monthly,4312.472754920067,6,17.0,0,SMB,1,New
CUST_2733,59,Monthly,2657.8874872458,2,1.0,0,SMB,0,Loyal
CUST_2734,15,Monthly,4658.368703408435,3,12.0,0,SMB,1,Mid-Tenure
CUST_2735,30,Annual,4862.627691922347,0,14.0,0,SMB,0,Mid-Tenure
CUST_2736,42,Annual,2761.551395552289,1,27.0,0,SMB,0,Loyal
CUST_2737,37,Multi-Year,1290.3115159797717,3,23.0,0,Enterprise,0,Loyal
CUST_2738,42,Monthly,3463.8012903339245,3,3.0,0,SMB,0,Loyal
CUST_2739,35,Multi-Year,4889.472304341068,2,6.0,10,SMB,0,Mid-Tenure
CUST_2740,6,Monthly,4424.660869364938,2,2.0,2,Enterprise,0,New
CUST_2741,68,Monthly,4378.1682926565845,4,24.0,0,SMB,1,Loyal
CUST_2742,18,Monthly,4702.1810756327695,3,15.0,0,SMB,0,Mid-Tenure
CUST_2743,29,Annual,4522.785172486461,3,25.0,0,SMB,0,Mid-Tenure
CUST_2744,59,Monthly,3993.267488082318,2,8.0,0,Enterprise,0,Loyal
CUST_2745,47,Multi-Year,3732.2277447282227,1,22.0,10,SMB,1,Loyal
CUST_2746,17,Multi-Year,1691.4522818513944,1,22.0,15,SMB,0,Mid-Tenure
CUST_2747,22,Multi-Year,3296.030096428022,3,16.0,0,Enterprise,0,Mid-Tenure
CUST_2748,68,Monthly,2846.6987976765026,2,25.0,0,SMB,0,Loyal
CUST_2749,69,Multi-Year,4378.748412114461,2,7.0,5,SMB,0,Loyal
CUST_2750,37,Annual,2712.706580705324,1,17.0,2,SMB,0,Loyal
CUST_2751,49,Monthly,1074.842435942101,1,23.0,0,SMB,0,Loyal
CUST_2752,13,Monthly,522.3761839505713,1,26.0,0,SMB,0,Mid-Tenure
CUST_2753,34,Monthly,3550.4290421089936,3,12.0,0,Enterprise,0,Mid-Tenure
CUST_2754,53,Monthly,2974.587742072227,3,1.0,5,SMB,0,Loyal
CUST_2755,51,Annual,1989.3330696130174,1,0.0,0,SMB,1,Loyal
CUST_2756,3,Multi-Year,1260.3746751705066,6,15.0,2,SMB,0,New
CUST_2757,42,Monthly,2600.2189508175597,1,15.0,0,SMB,1,Loyal
CUST_2758,32,Annual,951.2891261550755,3,10.0,5,SMB,0,Mid-Tenure
CUST_2759,51,Multi-Year,2012.488201495144,1,23.0,0,SMB,0,Loyal
CUST_2760,46,Monthly,2206.4535780603546,3,3.0,0,Enterprise,0,Loyal
CUST_2761,21,Multi-Year,2595.2841267708295,3,10.0,0,SMB,0,Mid-Tenure
CUST_2762,44,Annual,2599.793381024811,0,25.0,0,Enterprise,0,Loyal
CUST_2763,11,Annual,1656.5253956342476,5,5.0,0,Enterprise,0,New
CUST_2764,68,Monthly,4325.949417208944,0,25.0,0,SMB,0,Loyal
CUST_2765,1,Annual,2099.945778155355,2,28.0,0,SMB,0,New
CUST_2766,63,Monthly,1533.1428900163235,5,10.0,0,SMB,1,Loyal
CUST_2767,24,Annual,1291.144475347656,2,25.0,0,SMB,0,Mid-Tenure
CUST_2768,13,Monthly,1951.6027752650102,0,0.0,0,SMB,0,Mid-Tenure
CUST_2769,11,Multi-Year,803.9879733989046,3,8.0,0,SMB,0,New
CUST_2770,51,Monthly,648.0838534143725,5,26.0,0,SMB,0,Loyal
CUST_2771,17,Monthly,3223.139885612905,2,6.0,0,SMB,0,Mid-Tenure
CUST_2772,24,Annual,3286.162112221355,3,20.0,0,SMB,1,Mid-Tenure
CUST_2773,19,Monthly,2883.1469118723035,1,21.0,0,SMB,0,Mid-Tenure
CUST_2774,37,Annual,3930.2833785427597,2,2.0,0,SMB,0,Loyal
CUST_2775,8,Multi-Year,676.177449246851,2,28.0,0,SMB,0,New
CUST_2776,28,Annual,4711.878986942605,4,8.0,0,Enterprise,0,Mid-Tenure
CUST_2777,5,Monthly,927.7930546567723,0,1.0,0,SMB,0,New
CUST_2778,17,Annual,3533.103474771171,3,27.0,0,Enterprise,0,Mid-Tenure
CUST_2779,36,Annual,1100.284650233642,0,9.0,2,SMB,0,Mid-Tenure
CUST_2780,19,Multi-Year,4459.574449885065,2,16.0,0,SMB,0,Mid-Tenure
CUST_2781,64,Monthly,2798.2097912526406,3,29.0,0,SMB,1,Loyal
CUST_2782,11,Monthly,870.3209345808922,1,0.0,0,Enterprise,0,New
CUST_2783,54,Annual,3275.258507150331,0,25.0,2,SMB,0,Loyal
CUST_2784,45,Monthly,540.9947474699075,3,17.0,0,Enterprise,0,Loyal
CUST_2785,47,Monthly,3992.0998029811008,3,5.0,2,SMB,0,Loyal
CUST_2786,12,Monthly,3427.632439907555,4,5.0,5,SMB,0,New
CUST_2787,21,Multi-Year,1456.8113721357827,4,8.0,2,SMB,0,Mid-Tenure
CUST_2788,11,Multi-Year,2186.3791227924216,1,9.0,2,Enterprise,0,New
CUST_2789,5,Annual,535.1301252000062,3,14.0,0,Enterprise,0,New
CUST_2790,56,Monthly,3621.5771673704226,4,3.0,0,SMB,0,Loyal
CUST_2791,20,Monthly,1952.0066187937366,0,7.0,10,Enterprise,1,Mid-Tenure
CUST_2792,41,Multi-Year,3072.1501188352363,1,3.0,5,SMB,0,Loyal
CUST_2793,46,Multi-Year,4805.2743256150825,2,2.0,0,SMB,0,Loyal
CUST_2794,12,Multi-Year,1847.6002082641323,4,3.0,0,SMB,0,New
CUST_2795,70,Annual,4956.070478392932,0,0.0,5,SMB,0,Loyal
CUST_2796,17,Monthly,3347.277737034049,4,8.0,0,SMB,1,Mid-Tenure
CUST_2797,19,Multi-Year,1589.3989982847722,2,10.0,0,Enterprise,0,Mid-Tenure
CUST_2798,26,Monthly,2465.50047359566,2,20.0,0,SMB,0,Mid-Tenure
CUST_2799,48,Monthly,3832.0390507261536,3,22.0,0,Enterprise,0,Loyal
CUST_2800,52,Annual,2509.1505845738657,3,18.0,0,Enterprise,0,Loyal
CUST_2801,70,Monthly,808.2840530369858,3,20.0,2,Enterprise,0,Loyal
CUST_2802,55,Monthly,1258.7164762214406,10,28.0,0,SMB,0,Loyal
CUST_2803,33,Monthly,4060.8398560277546,0,25.0,10,SMB,0,Mid-Tenure
CUST_2804,62,Monthly,3417.678840731276,1,29.0,10,SMB,0,Loyal
CUST_2805,23,Multi-Year,3064.214647994602,1,19.0,2,Enterprise,0,Mid-Tenure
CUST_2806,15,Monthly,1254.2988683993058,2,6.0,15,SMB,1,Mid-Tenure
CUST_2807,27,Monthly,4269.908504076528,3,4.0,0,SMB,1,Mid-Tenure
CUST_2808,64,Monthly,4823.330493138125,4,1.0,0,SMB,0,Loyal
CUST_2809,51,Monthly,683.991938708013,2,18.0,2,SMB,0,Loyal
CUST_2810,53,Monthly,851.1434179423488,1,23.0,0,SMB,0,Loyal
CUST_2811,51,Annual,4481.2602649155415,3,2.0,0,SMB,0,Loyal
CUST_2812,47,Monthly,4169.985143144577,1,14.0,0,SMB,0,Loyal
CUST_2813,4,Annual,3280.7050498008216,3,6.0,0,Enterprise,0,New
CUST_2814,7,Multi-Year,4752.34344043762,3,4.0,2,SMB,0,New
CUST_2815,35,Annual,3408.9376009640146,1,22.0,0,SMB,0,Mid-Tenure
CUST_2816,48,Monthly,1471.933740782765,3,9.0,2,SMB,0,Loyal
CUST_2817,45,Monthly,3778.8904567260506,1,8.0,0,Enterprise,0,Loyal
CUST_2818,19,Multi-Year,3405.696551355368,5,22.0,0,Enterprise,0,Mid-Tenure
CUST_2819,63,Annual,4935.851159045133,3,13.0,0,Enterprise,0,Loyal
CUST_2820,38,Multi-Year,1462.5308136865629,5,21.0,2,SMB,0,Loyal
CUST_2821,67,Multi-Year,3190.4822136316952,1,27.0,0,Enterprise,0,Loyal
CUST_2822,59,Multi-Year,4010.7538500130513,3,12.0,15,SMB,0,Loyal
CUST_2823,69,Multi-Year,2025.4239020217685,3,0.0,2,SMB,0,Loyal
CUST_2824,13,Annual,2208.55812394207,2,15.0,0,SMB,0,Mid-Tenure
CUST_2825,47,Monthly,4495.558272477443,1,19.0,10,SMB,0,Loyal
CUST_2826,61,Multi-Year,2318.8769582399664,0,7.0,0,SMB,0,Loyal
CUST_2827,31,Annual,3311.297833530265,3,16.0,0,SMB,0,Mid-Tenure
CUST_2828,22,Monthly,4501.571618870716,3,5.0,0,Enterprise,0,Mid-Tenure
CUST_2829,43,Annual,1444.219623907526,3,1.0,0,SMB,0,Loyal
CUST_2830,67,Annual,4918.447833586726,1,12.0,0,SMB,0,Loyal
CUST_2831,54,Multi-Year,3658.7909028664662,1,24.0,0,SMB,0,Loyal
CUST_2832,10,Annual,2732.5476236365016,2,7.0,2,SMB,0,New
CUST_2833,42,Monthly,2439.1425395794895,3,24.0,0,SMB,0,Loyal
CUST_2834,64,Multi-Year,4794.64076998177,4,8.0,0,SMB,0,Loyal
CUST_2835,21,Multi-Year,1425.7617238834987,7,29.0,0,Enterprise,0,Mid-Tenure
CUST_2836,66,Annual,1902.5746558068258,1,12.0,0,Enterprise,0,Loyal
CUST_2837,41,Monthly,1885.0673999656613,0,17.0,0,SMB,0,Loyal
CUST_2838,24,Monthly,1800.5285063050856,2,17.0,0,SMB,0,Mid-Tenure
CUST_2839,35,Annual,2608.4212034706015,4,8.0,2,SMB,0,Mid-Tenure
CUST_2840,56,Monthly,4951.306549705249,1,1.0,0,SMB,0,Loyal
CUST_2841,30,Monthly,4499.540450222978,1,3.0,0,SMB,1,Mid-Tenure
CUST_2842,57,Annual,1975.7730574466877,1,17.0,0,SMB,0,Loyal
CUST_2843,47,Monthly,2402.9155207856193,2,16.0,0,SMB,0,Loyal
CUST_2844,35,Monthly,3512.663358736691,2,11.0,2,SMB,1,Mid-Tenure
CUST_2845,19,Monthly,577.1825631347634,5,15.0,10,SMB,1,Mid-Tenure
CUST_2846,8,Monthly,4190.691464085416,1,12.0,2,Enterprise,0,New
CUST_2847,26,Annual,4459.091257903638,3,10.0,0,Enterprise,0,Mid-Tenure
CUST_2848,71,Monthly,4357.401504460403,4,13.0,0,Enterprise,0,Loyal
CUST_2849,30,Monthly,2187.744740984913,1,9.0,0,Enterprise,1,Mid-Tenure
CUST_2850,7,Annual,2578.9977831389365,2,22.0,0,SMB,0,New
CUST_2851,67,Multi-Year,555.7474485669012,3,27.0,0,SMB,0,Loyal
CUST_2852,65,Annual,2297.279066195979,6,26.0,0,SMB,0,Loyal
CUST_2853,36,Monthly,2571.9207006497068,1,20.0,0,Enterprise,1,Mid-Tenure
CUST_2854,25,Monthly,4581.384318808154,3,18.0,0,Enterprise,0,Mid-Tenure
CUST_2855,37,Multi-Year,4522.944531907613,2,23.0,0,SMB,0,Loyal
CUST_2856,1,Monthly,4847.436788395593,1,20.0,2,SMB,0,New
CUST_2857,15,Annual,4482.9724329073415,3,16.0,0,SMB,0,Mid-Tenure
CUST_2858,37,Monthly,536.9031924244052,2,8.0,0,SMB,0,Loyal
CUST_2859,13,Monthly,3386.5738354949885,3,13.0,0,Enterprise,0,Mid-Tenure
CUST_2860,8,Multi-Year,807.0695739636835,1,29.0,0,Enterprise,0,New
CUST_2861,5,Annual,1726.6742887099342,3,4.0,0,SMB,0,New
CUST_2862,60,Annual,3102.3843326176116,5,2.0,0,SMB,0,Loyal
CUST_2863,1,Monthly,3652.762182833925,1,21.0,0,SMB,1,New
CUST_2864,36,Monthly,3445.8441166269286,1,7.0,0,Enterprise,1,Mid-Tenure
CUST_2865,35,Annual,720.7626533388946,1,17.0,0,Enterprise,0,Mid-Tenure
CUST_2866,66,Annual,966.2174130629842,0,26.0,2,SMB,0,Loyal
CUST_2867,63,Monthly,1078.6406581907304,4,29.0,0,SMB,0,Loyal
CUST_2868,23,Monthly,911.3646954636099,2,2.0,0,SMB,0,Mid-Tenure
CUST_2869,9,Monthly,1302.0549047119503,1,22.0,0,SMB,1,New
CUST_2870,34,Multi-Year,3598.195060902017,0,1.0,0,Enterprise,0,Mid-Tenure
CUST_2871,46,Annual,4238.767630216188,6,26.0,0,SMB,0,Loyal
CUST_2872,4,Multi-Year,2339.662505330346,3,10.0,0,SMB,0,New
CUST_2873,30,Monthly,3617.516778927546,2,27.0,2,SMB,0,Mid-Tenure
CUST_2874,3,Multi-Year,1400.073175696219,3,4.0,0,SMB,0,New
CUST_2875,14,Monthly,4879.7606823503365,5,24.0,0,SMB,1,Mid-Tenure
CUST_2876,60,Annual,2074.9888528592824,4,29.0,0,SMB,0,Loyal
CUST_2877,45,Multi-Year,4306.401077921758,6,6.0,0,Enterprise,0,Loyal
CUST_2878,34,Monthly,4754.148676832242,1,29.0,15,Enterprise,0,Mid-Tenure
CUST_2879,45,Monthly,4391.21283293886,3,13.0,0,SMB,0,Loyal
CUST_2880,61,Monthly,801.8044319313002,2,28.0,0,SMB,1,Loyal
CUST_2881,16,Monthly,3426.3822078826524,0,18.0,10,SMB,1,Mid-Tenure
CUST_2882,66,Annual,1040.4081795719803,4,1.0,2,SMB,0,Loyal
CUST_2883,40,Annual,525.4835023660852,2,25.0,0,SMB,0,Loyal
CUST_2884,17,Annual,733.0254977438035,6,8.0,0,Enterprise,1,Mid-Tenure
CUST_2885,34,Annual,4622.671384011758,2,24.0,2,Enterprise,1,Mid-Tenure
CUST_2886,16,Annual,4588.085814171772,3,24.0,2,SMB,0,Mid-Tenure
CUST_2887,60,Monthly,1516.2097449381522,2,9.0,0,Enterprise,0,Loyal
CUST_2888,66,Monthly,2961.7754665938182,5,18.0,0,SMB,1,Loyal
CUST_2889,66,Multi-Year,4797.627180196668,8,16.0,0,Enterprise,1,Loyal
CUST_2890,13,Monthly,2735.1775836354313,3,24.0,0,SMB,0,Mid-Tenure
CUST_2891,56,Annual,2271.1001906559104,4,6.0,0,SMB,0,Loyal
CUST_2892,31,Monthly,2674.6191232008105,3,17.0,0,SMB,0,Mid-Tenure
CUST_2893,34,Annual,4055.970926983749,4,5.0,0,SMB,0,Mid-Tenure
CUST_2894,39,Annual,2647.749346399559,3,26.0,0,SMB,0,Loyal
CUST_2895,67,Monthly,4024.7495657706627,5,8.0,0,SMB,0,Loyal
CUST_2896,8,Monthly,2442.638505384198,5,7.0,0,SMB,1,New
CUST_2897,55,Annual,1634.0255204512227,2,26.0,5,SMB,0,Loyal
CUST_2898,27,Monthly,1969.1272841837929,4,27.0,2,SMB,1,Mid-Tenure
CUST_2899,53,Monthly,850.2055908672467,1,21.0,10,SMB,0,Loyal
CUST_2900,39,Annual,2738.215149841744,4,21.0,0,Enterprise,0,Loyal
CUST_2901,65,Monthly,1166.4991620006035,3,23.0,0,SMB,0,Loyal
CUST_2902,17,Multi-Year,4151.961528506297,1,8.0,5,Enterprise,0,Mid-Tenure
CUST_2903,30,Annual,2392.6575837060236,5,23.0,2,SMB,1,Mid-Tenure
CUST_2904,53,Monthly,3942.5104579627537,3,0.0,2,SMB,0,Loyal
CUST_2905,13,Annual,4795.071923923851,2,1.0,0,SMB,0,Mid-Tenure
CUST_2906,21,Annual,4322.650773709562,3,21.0,0,SMB,0,Mid-Tenure
CUST_2907,19,Monthly,4781.586558856188,4,23.0,5,SMB,0,Mid-Tenure
CUST_2908,53,Monthly,3055.714370918286,3,3.0,2,Enterprise,0,Loyal
CUST_2909,19,Monthly,1243.9599529124384,1,27.0,2,SMB,0,Mid-Tenure
CUST_2910,57,Monthly,4709.281793826653,1,19.0,0,Enterprise,0,Loyal
CUST_2911,25,Monthly,4408.269757685469,2,28.0,0,Enterprise,0,Mid-Tenure
CUST_2912,31,Monthly,4389.8584598011785,0,17.0,0,SMB,1,Mid-Tenure
CUST_2913,55,Monthly,3619.7349233392333,1,9.0,2,SMB,0,Loyal
CUST_2914,23,Annual,3312.1231798373574,2,0.0,5,Enterprise,0,Mid-Tenure
CUST_2915,32,Annual,566.2575133759917,2,9.0,0,Enterprise,0,Mid-Tenure
CUST_2916,62,Annual,3866.243310896523,5,8.0,0,Enterprise,0,Loyal
CUST_2917,10,Annual,911.9080286726258,5,22.0,0,Enterprise,0,New
CUST_2918,54,Multi-Year,1668.8792124615911,5,24.0,0,SMB,0,Loyal
CUST_2919,52,Annual,2981.706329081016,1,12.0,0,Enterprise,0,Loyal
CUST_2920,20,Annual,2532.7966319421876,0,14.0,2,SMB,0,Mid-Tenure
CUST_2921,32,Monthly,570.9847539715068,2,17.0,5,SMB,0,Mid-Tenure
CUST_2922,14,Multi-Year,4207.932763032706,3,25.0,0,SMB,0,Mid-Tenure
CUST_2923,50,Monthly,4454.604311386669,5,12.0,0,SMB,1,Loyal
CUST_2924,28,Monthly,3568.4282457354507,3,4.0,0,SMB,0,Mid-Tenure
CUST_2925,53,Annual,2934.8053639557006,3,1.0,0,Enterprise,0,Loyal
CUST_2926,24,Monthly,4823.320275047621,3,25.0,15,Enterprise,1,Mid-Tenure
CUST_2927,22,Monthly,1039.8029348668638,4,6.0,5,SMB,1,Mid-Tenure
CUST_2928,30,Annual,3820.595241492451,6,8.0,0,SMB,1,Mid-Tenure
CUST_2929,63,Annual,1077.6227580283903,3,18.0,0,Enterprise,0,Loyal
CUST_2930,4,Annual,2218.3015951553707,4,13.0,0,SMB,0,New
CUST_2931,59,Multi-Year,3134.6802912694043,5,16.0,0,SMB,0,Loyal
CUST_2932,8,Monthly,3816.8946072695853,3,19.0,0,SMB,0,New
CUST_2933,12,Monthly,516.7224512239279,5,19.0,0,Enterprise,0,New
CUST_2934,31,Annual,1672.6904886729928,6,10.0,5,SMB,1,Mid-Tenure
CUST_2935,34,Monthly,2921.9017613441915,5,21.0,0,Enterprise,1,Mid-Tenure
CUST_2936,49,Annual,2897.931556226781,2,4.0,15,SMB,0,Loyal
CUST_2937,57,Monthly,3369.318957258188,3,11.0,0,SMB,0,Loyal
CUST_2938,26,Monthly,1867.341113907001,1,28.0,2,SMB,0,Mid-Tenure
CUST_2939,18,Annual,2932.3816299002106,1,20.0,2,SMB,0,Mid-Tenure
CUST_2940,38,Annual,1354.040498455594,6,8.0,0,SMB,0,Loyal
CUST_2941,50,Annual,1340.9249648155496,3,28.0,0,SMB,0,Loyal
CUST_2942,8,Monthly,3094.5378354017307,3,26.0,5,SMB,0,New
CUST_2943,41,Monthly,3584.626632704035,2,16.0,0,SMB,0,Loyal
CUST_2944,6,Monthly,1041.7998500657957,2,7.0,0,Enterprise,1,New
CUST_2945,69,Monthly,1052.5545585690052,4,23.0,5,Enterprise,1,Loyal
CUST_2946,44,Monthly,3043.862111572027,1,26.0,0,SMB,0,Loyal
CUST_2947,64,Monthly,1715.430885276405,5,7.0,0,Enterprise,0,Loyal
CUST_2948,29,Annual,2265.795960085015,1,28.0,0,SMB,0,Mid-Tenure
CUST_2949,28,Monthly,2303.368014414101,2,11.0,0,SMB,1,Mid-Tenure
CUST_2950,11,Annual,1303.4878667821235,4,29.0,0,SMB,0,New
CUST_2951,65,Multi-Year,505.91585043781896,2,28.0,0,SMB,0,Loyal
CUST_2952,19,Monthly,4339.1831448605335,3,18.0,2,SMB,1,Mid-Tenure
CUST_2953,9,Monthly,3717.5088600395975,4,9.0,0,Enterprise,0,New
CUST_2954,27,Monthly,3607.423511520045,4,23.0,0,Enterprise,0,Mid-Tenure
CUST_2955,34,Annual,2959.2731215099384,1,1.0,0,SMB,0,Mid-Tenure
CUST_2956,44,Monthly,3654.363445601542,0,23.0,2,SMB,0,Loyal
CUST_2957,68,Monthly,4710.597698964316,3,27.0,0,SMB,0,Loyal
CUST_2958,15,Annual,3495.53181303181,3,7.0,15,Enterprise,0,Mid-Tenure
CUST_2959,51,Monthly,1692.911308673525,3,13.0,0,SMB,0,Loyal
CUST_2960,13,Annual,3067.520232834041,2,18.0,0,SMB,0,Mid-Tenure
CUST_2961,49,Annual,2490.459815147946,1,3.0,0,Enterprise,0,Loyal
CUST_2962,70,Annual,3003.8860900046725,3,8.0,0,Enterprise,0,Loyal
CUST_2963,56,Monthly,2829.247148357713,2,12.0,0,SMB,1,Loyal
CUST_2964,51,Multi-Year,4364.4887835280915,2,8.0,2,SMB,0,Loyal
CUST_2965,37,Annual,3433.1004652148017,3,25.0,5,SMB,0,Loyal
CUST_2966,17,Monthly,1349.4131507034676,0,12.0,0,Enterprise,1,Mid-Tenure
CUST_2967,58,Monthly,783.5755049391687,5,24.0,0,SMB,0,Loyal
CUST_2968,29,Monthly,2409.637049066061,0,15.0,5,Enterprise,0,Mid-Tenure
CUST_2969,33,Multi-Year,570.2478001597816,1,25.0,0,SMB,0,Mid-Tenure
CUST_2970,60,Multi-Year,1932.3382362500106,3,21.0,0,SMB,0,Loyal
CUST_2971,55,Annual,2156.0966124765155,3,0.0,0,SMB,0,Loyal
CUST_2972,10,Multi-Year,2190.1499330446577,1,7.0,0,SMB,0,New
CUST_2973,47,Monthly,4907.075109457517,2,28.0,0,SMB,0,Loyal
CUST_2974,23,Monthly,1867.5539463761072,0,8.0,0,SMB,0,Mid-Tenure
CUST_2975,21,Multi-Year,1693.5237292037955,2,23.0,0,Enterprise,0,Mid-Tenure
CUST_2976,13,Annual,1082.2141898039354,2,12.0,2,SMB,1,Mid-Tenure
CUST_2977,33,Monthly,2799.5397605717576,4,16.0,0,SMB,0,Mid-Tenure
CUST_2978,24,Annual,1191.534377961293,4,27.0,0,SMB,0,Mid-Tenure
CUST_2979,11,Multi-Year,3273.3262072885304,1,21.0,0,SMB,0,New
CUST_2980,17,Annual,1198.2190052225728,2,24.0,10,Enterprise,0,Mid-Tenure
CUST_2981,68,Multi-Year,3095.0299299164053,2,8.0,0,SMB,0,Loyal
CUST_2982,47,Annual,4218.2115762858175,1,6.0,0,SMB,0,Loyal
CUST_2983,25,Monthly,691.3608508359168,1,22.0,0,SMB,0,Mid-Tenure
CUST_2984,21,Multi-Year,2388.8613871319267,5,19.0,0,SMB,1,Mid-Tenure
CUST_2985,12,Monthly,2574.7203524847596,3,22.0,0,SMB,0,New
CUST_2986,37,Multi-Year,4059.8246456515058,1,9.0,0,Enterprise,0,Loyal
CUST_2987,42,Monthly,2605.620343754949,1,20.0,0,SMB,0,Loyal
CUST_2988,17,Annual,3053.911039053441,1,26.0,10,SMB,1,Mid-Tenure
CUST_2989,48,Monthly,4060.41914114632,3,25.0,0,SMB,0,Loyal
CUST_2990,28,Monthly,3018.913218181808,1,4.0,2,SMB,0,Mid-Tenure
CUST_2991,41,Monthly,2112.347360838121,2,16.0,0,SMB,0,Loyal
CUST_2992,47,Multi-Year,886.2902492926203,3,1.0,0,SMB,0,Loyal
CUST_2993,18,Multi-Year,3784.620332806599,3,8.0,10,SMB,0,Mid-Tenure
CUST_2994,71,Monthly,4420.121675729698,2,1.0,2,Enterprise,0,Loyal
CUST_2995,13,Multi-Year,4865.2904165907385,5,9.0,0,Enterprise,1,Mid-Tenure
CUST_2996,13,Multi-Year,4669.699463472058,4,26.0,0,SMB,0,Mid-Tenure
CUST_2997,31,Annual,4088.380589749619,3,11.0,15,SMB,1,Mid-Tenure
CUST_2998,2,Monthly,3395.6236951057767,0,1.0,0,Enterprise,0,New
CUST_2999,16,Multi-Year,4016.5706562378728,2,14.0,0,SMB,0,Mid-Tenure
CUST_3000,9,Annual,2444.3767078343058,2,24.0,0,Enterprise,0,New
CUST_3001,38,Multi-Year,3176.4929665587574,2,2.0,0,SMB,0,Loyal
CUST_3002,54,Multi-Year,2069.1491411263332,1,1.0,0,SMB,0,Loyal
CUST_3003,56,Multi-Year,1970.1914674117224,6,6.0,2,SMB,0,Loyal
CUST_3004,45,Annual,3905.1129797421518,4,27.0,0,SMB,0,Loyal
CUST_3005,34,Monthly,2542.6975203660277,2,8.0,10,SMB,0,Mid-Tenure
CUST_3006,9,Monthly,1454.7256831896316,2,10.0,0,SMB,0,New
CUST_3007,8,Monthly,1408.7217287383965,5,28.0,0,SMB,0,New
CUST_3008,7,Monthly,4366.2756270647005,4,21.0,0,SMB,1,New
CUST_3009,36,Annual,3549.92222463202,6,27.0,10,SMB,0,Mid-Tenure
CUST_3010,18,Annual,2957.207330111521,1,15.0,0,SMB,0,Mid-Tenure
CUST_3011,3,Multi-Year,2304.2243119836176,1,6.0,0,SMB,0,New
CUST_3012,28,Monthly,2438.678258542066,3,28.0,10,SMB,0,Mid-Tenure
CUST_3013,70,Annual,758.4583738772471,1,12.0,5,SMB,0,Loyal
CUST_3014,44,Monthly,2547.0956519052925,4,2.0,0,SMB,0,Loyal
CUST_3015,21,Monthly,4079.547097799368,2,10.0,10,SMB,1,Mid-Tenure
CUST_3016,28,Monthly,2245.9391604289503,3,2.0,2,Enterprise,0,Mid-Tenure
CUST_3017,54,Annual,2226.1156364446606,4,14.0,0,Enterprise,0,Loyal
CUST_3018,54,Monthly,570.7246235867951,2,7.0,0,SMB,0,Loyal
CUST_3019,65,Annual,2560.2586815113086,2,6.0,0,SMB,1,Loyal
CUST_3020,21,Monthly,614.0194382658509,3,4.0,0,SMB,0,Mid-Tenure
CUST_3021,13,Multi-Year,3066.572426039425,4,5.0,2,SMB,0,Mid-Tenure
CUST_3022,57,Multi-Year,2780.5252171204133,0,24.0,0,SMB,0,Loyal
CUST_3023,49,Multi-Year,4280.038245157995,2,18.0,2,SMB,0,Loyal
CUST_3024,54,Multi-Year,3118.0127491657454,1,27.0,2,SMB,0,Loyal
CUST_3025,10,Multi-Year,1955.4230989499686,4,2.0,0,SMB,0,New
CUST_3026,53,Multi-Year,2823.039542376114,5,29.0,5,SMB,1,Loyal
CUST_3027,44,Annual,3648.6786008746344,0,10.0,2,SMB,0,Loyal
CUST_3028,47,Monthly,922.8370793467226,2,5.0,0,SMB,0,Loyal
CUST_3029,53,Monthly,3294.833398116952,2,26.0,2,SMB,0,Loyal
CUST_3030,46,Monthly,4624.818268900906,2,23.0,10,SMB,0,Loyal
CUST_3031,13,Annual,1846.0863303405997,2,20.0,0,SMB,0,Mid-Tenure
CUST_3032,37,Annual,3319.812926943855,3,13.0,10,SMB,0,Loyal
CUST_3033,24,Multi-Year,4195.982526576096,2,16.0,0,SMB,0,Mid-Tenure
CUST_3034,2,Multi-Year,2803.1287884738085,2,2.0,0,Enterprise,0,New
CUST_3035,14,Monthly,3730.907903091732,0,28.0,2,SMB,0,Mid-Tenure
CUST_3036,10,Annual,1899.5465232016704,3,23.0,2,SMB,0,New
CUST_3037,35,Multi-Year,1877.2630381631516,2,3.0,2,SMB,1,Mid-Tenure
CUST_3038,25,Monthly,3504.128098093523,2,8.0,0,SMB,0,Mid-Tenure
CUST_3039,3,Annual,3674.339932880677,3,12.0,0,Enterprise,0,New
CUST_3040,17,Monthly,4716.543647804647,2,5.0,0,Enterprise,0,Mid-Tenure
CUST_3041,12,Annual,1511.7735862308855,1,9.0,0,SMB,1,New
CUST_3042,54,Monthly,2606.979182395861,3,19.0,0,SMB,0,Loyal
CUST_3043,24,Multi-Year,1627.3106292375112,0,19.0,2,SMB,0,Mid-Tenure
CUST_3044,29,Annual,860.4147239611043,2,25.0,0,Enterprise,0,Mid-Tenure
CUST_3045,43,Monthly,2314.5373757636944,0,20.0,0,Enterprise,0,Loyal
CUST_3046,25,Monthly,2183.3633627969148,3,12.0,0,SMB,0,Mid-Tenure
CUST_3047,60,Monthly,1716.9535399198455,2,22.0,0,SMB,0,Loyal
CUST_3048,65,Multi-Year,1836.4770101273741,3,13.0,0,Enterprise,0,Loyal
CUST_3049,28,Annual,2121.853128580751,0,11.0,0,SMB,1,Mid-Tenure
CUST_3050,16,Monthly,4949.769347510421,5,22.0,0,SMB,1,Mid-Tenure
CUST_3051,47,Monthly,4023.3099468527603,2,12.0,0,SMB,0,Loyal
CUST_3052,58,Annual,821.3054048910813,0,9.0,0,SMB,0,Loyal
CUST_3053,27,Annual,4425.859294190158,8,6.0,0,Enterprise,1,Mid-Tenure
CUST_3054,53,Annual,3349.864968794021,5,4.0,0,Enterprise,1,Loyal
CUST_3055,42,Monthly,4507.6719205485915,1,11.0,0,SMB,1,Loyal
CUST_3056,59,Annual,2037.693592086027,1,28.0,10,SMB,1,Loyal
CUST_3057,47,Annual,2590.3348916527343,3,24.0,0,SMB,0,Loyal
CUST_3058,34,Multi-Year,4533.021757886488,3,1.0,5,SMB,1,Mid-Tenure
CUST_3059,37,Multi-Year,1726.5791116115668,3,7.0,2,SMB,0,Loyal
CUST_3060,6,Annual,4619.753943104369,1,25.0,0,SMB,0,New
CUST_3061,7,Annual,4228.2487046492115,4,7.0,0,Enterprise,0,New
CUST_3062,25,Monthly,4912.51073409182,4,18.0,15,SMB,1,Mid-Tenure
CUST_3063,33,Multi-Year,1959.1591415736339,4,4.0,0,SMB,0,Mid-Tenure
CUST_3064,55,Monthly,1560.8893100215253,4,29.0,0,SMB,0,Loyal
CUST_3065,58,Monthly,1988.9010367057765,2,7.0,0,SMB,0,Loyal
CUST_3066,7,Monthly,4795.924081949309,1,9.0,0,SMB,0,New
CUST_3067,57,Multi-Year,1998.829832238237,2,12.0,2,SMB,0,Loyal
CUST_3068,12,Monthly,3043.4531898075716,0,8.0,5,SMB,0,New
CUST_3069,16,Monthly,2316.556771639314,5,6.0,0,SMB,1,Mid-Tenure
CUST_3070,43,Monthly,2282.9906501680143,0,19.0,0,SMB,0,Loyal
CUST_3071,7,Monthly,1370.2037444557484,5,19.0,0,SMB,1,New
CUST_3072,51,Monthly,2916.857933589155,1,18.0,15,SMB,1,Loyal
CUST_3073,32,Multi-Year,4322.319147352431,3,10.0,0,SMB,0,Mid-Tenure
CUST_3074,8,Multi-Year,722.6825609924186,6,7.0,5,SMB,0,New
CUST_3075,45,Monthly,4501.519671485397,1,21.0,0,SMB,0,Loyal
CUST_3076,59,Multi-Year,3494.6283431178476,2,15.0,2,SMB,0,Loyal
CUST_3077,4,Annual,3275.321362587063,3,9.0,0,SMB,0,New
CUST_3078,67,Monthly,3316.551048157965,3,5.0,5,SMB,0,Loyal
CUST_3079,29,Annual,1833.2142617951124,2,9.0,0,SMB,0,Mid-Tenure
CUST_3080,29,Multi-Year,2368.1502674072945,1,9.0,2,SMB,0,Mid-Tenure
CUST_3081,28,Monthly,4096.805026568965,4,24.0,0,SMB,1,Mid-Tenure
CUST_3082,44,Monthly,1878.7146662133032,0,26.0,0,SMB,0,Loyal
CUST_3083,4,Multi-Year,2615.0909430771353,3,18.0,0,Enterprise,0,New
CUST_3084,9,Annual,588.34522124444,3,3.0,0,SMB,0,New
CUST_3085,5,Monthly,3801.01258820978,4,18.0,0,Enterprise,1,New
CUST_3086,56,Annual,2379.6597950537252,1,2.0,0,SMB,0,Loyal
CUST_3087,50,Annual,2864.114458131217,2,16.0,0,SMB,0,Loyal
CUST_3088,15,Multi-Year,1016.1019301484139,3,13.0,0,Enterprise,0,Mid-Tenure
CUST_3089,32,Annual,4962.714029543466,4,9.0,0,Enterprise,0,Mid-Tenure
CUST_3090,28,Monthly,1861.105221431807,3,5.0,0,SMB,1,Mid-Tenure
CUST_3091,22,Annual,3357.4534771840263,3,15.0,0,SMB,0,Mid-Tenure
CUST_3092,17,Annual,3115.5635518450945,1,8.0,0,SMB,0,Mid-Tenure
CUST_3093,59,Monthly,4032.9149176624564,3,20.0,0,Enterprise,0,Loyal
CUST_3094,71,Annual,1822.2663002988224,2,11.0,0,SMB,0,Loyal
CUST_3095,57,Multi-Year,3901.6730524875675,4,11.0,2,SMB,0,Loyal
CUST_3096,26,Monthly,2221.2577880858043,1,27.0,0,SMB,0,Mid-Tenure
CUST_3097,25,Annual,2350.2243463085706,2,13.0,0,SMB,0,Mid-Tenure
CUST_3098,10,Monthly,3527.206369190466,5,25.0,0,SMB,1,New
CUST_3099,45,Monthly,4029.2859728321096,4,1.0,10,SMB,1,Loyal
CUST_3100,11,Monthly,3500.8998625425156,2,9.0,0,SMB,0,New
CUST_3101,53,Monthly,4549.457842570184,4,3.0,2,SMB,0,Loyal
CUST_3102,68,Multi-Year,1783.215632795303,1,27.0,0,Enterprise,0,Loyal
CUST_3103,28,Monthly,4552.775294458772,2,5.0,0,SMB,1,Mid-Tenure
CUST_3104,65,Annual,1088.885866745204,0,29.0,0,SMB,0,Loyal
CUST_3105,49,Monthly,3467.8864356349127,7,22.0,0,SMB,0,Loyal
CUST_3106,47,Multi-Year,2964.337931210799,2,27.0,0,SMB,0,Loyal
CUST_3107,52,Annual,2725.8617318701527,0,28.0,0,Enterprise,0,Loyal
CUST_3108,54,Annual,1899.1041298798023,1,12.0,5,SMB,0,Loyal
CUST_3109,60,Monthly,2766.7973538870538,1,22.0,0,SMB,0,Loyal
CUST_3110,57,Monthly,1227.9801037311645,2,13.0,0,SMB,1,Loyal
CUST_3111,47,Monthly,2161.94424895254,3,3.0,2,SMB,0,Loyal
CUST_3112,31,Multi-Year,944.0641286774484,4,9.0,2,SMB,0,Mid-Tenure
CUST_3113,46,Monthly,3073.309699038438,2,9.0,0,Enterprise,0,Loyal
CUST_3114,26,Annual,930.9554878983213,1,4.0,2,SMB,0,Mid-Tenure
CUST_3115,5,Annual,1221.5508975732455,1,28.0,0,SMB,1,New
CUST_3116,52,Monthly,884.6006066936659,1,3.0,0,SMB,0,Loyal
CUST_3117,54,Annual,2215.8978797843506,1,11.0,0,SMB,0,Loyal
CUST_3118,33,Annual,4288.813044882569,1,25.0,0,Enterprise,0,Mid-Tenure
CUST_3119,50,Annual,4581.033762352225,6,21.0,0,SMB,1,Loyal
CUST_3120,38,Monthly,823.5025457000602,3,26.0,0,Enterprise,0,Loyal
CUST_3121,27,Monthly,3355.4756338773213,2,13.0,0,SMB,0,Mid-Tenure
CUST_3122,15,Monthly,3579.7344106643304,2,6.0,0,Enterprise,0,Mid-Tenure
CUST_3123,61,Multi-Year,2901.9647409441086,2,1.0,2,SMB,0,Loyal
CUST_3124,21,Annual,3501.431876612957,1,13.0,0,SMB,0,Mid-Tenure
CUST_3125,46,Monthly,1551.6082194939288,1,9.0,0,Enterprise,0,Loyal
CUST_3126,69,Multi-Year,2703.3989531855723,4,27.0,5,SMB,0,Loyal
CUST_3127,6,Monthly,2258.941320661228,2,15.0,5,SMB,0,New
CUST_3128,38,Multi-Year,903.6857814783398,4,2.0,5,Enterprise,0,Loyal
CUST_3129,62,Multi-Year,3315.0039787512005,2,26.0,0,Enterprise,0,Loyal
CUST_3130,62,Multi-Year,2728.468367021958,6,7.0,0,Enterprise,1,Loyal
CUST_3131,46,Multi-Year,1738.2831210616243,1,22.0,0,SMB,0,Loyal
CUST_3132,13,Monthly,2631.5836718151713,2,27.0,0,SMB,0,Mid-Tenure
CUST_3133,3,Monthly,3988.8410827887637,2,16.0,0,SMB,0,New
CUST_3134,6,Annual,4107.459932636288,4,3.0,0,SMB,0,New
CUST_3135,8,Monthly,3422.867579372161,1,20.0,10,SMB,0,New
CUST_3136,44,Monthly,2604.865250300737,6,29.0,0,SMB,1,Loyal
CUST_3137,33,Annual,3090.873376417316,3,18.0,0,SMB,0,Mid-Tenure
CUST_3138,50,Monthly,2232.5691711002773,2,14.0,0,SMB,0,Loyal
CUST_3139,11,Multi-Year,1069.503543474072,1,19.0,2,SMB,0,New
CUST_3140,28,Multi-Year,2235.2926882374136,1,25.0,0,SMB,0,Mid-Tenure
CUST_3141,70,Multi-Year,2886.497402313354,3,9.0,0,Enterprise,0,Loyal
CUST_3142,41,Annual,3194.753065927628,3,29.0,10,SMB,1,Loyal
CUST_3143,16,Multi-Year,4711.104392245794,5,9.0,2,SMB,0,Mid-Tenure
CUST_3144,68,Multi-Year,3998.000502637773,5,22.0,2,SMB,0,Loyal
CUST_3145,48,Annual,1183.966526501048,7,23.0,10,SMB,0,Loyal
CUST_3146,56,Monthly,1283.8199299381763,1,11.0,0,SMB,1,Loyal
CUST_3147,64,Multi-Year,952.2264165788931,3,8.0,2,SMB,0,Loyal
CUST_3148,59,Multi-Year,3821.81777249413,6,14.0,0,SMB,0,Loyal
CUST_3149,62,Monthly,3677.550253213357,1,28.0,0,Enterprise,0,Loyal
CUST_3150,11,Monthly,4938.633057635965,0,17.0,0,SMB,0,New
CUST_3151,18,Annual,2849.1053794895693,6,19.0,0,SMB,0,Mid-Tenure
CUST_3152,19,Monthly,4218.867179819968,1,0.0,0,SMB,1,Mid-Tenure
CUST_3153,55,Multi-Year,3093.979363892544,4,2.0,0,Enterprise,0,Loyal
CUST_3154,26,Multi-Year,4433.390206373467,2,7.0,0,SMB,1,Mid-Tenure
CUST_3155,6,Monthly,3744.5946768623817,3,6.0,0,Enterprise,1,New
CUST_3156,4,Annual,3392.978067460638,2,14.0,0,SMB,0,New
CUST_3157,29,Monthly,3043.0520194237265,3,7.0,0,SMB,0,Mid-Tenure
CUST_3158,59,Annual,3753.367359993387,3,14.0,0,SMB,0,Loyal
CUST_3159,17,Monthly,2388.442292019547,1,26.0,0,SMB,0,Mid-Tenure
CUST_3160,43,Annual,934.5946131754885,3,21.0,0,SMB,0,Loyal
CUST_3161,66,Monthly,679.9375795902836,0,4.0,0,SMB,0,Loyal
CUST_3162,34,Monthly,2655.6067922412826,1,11.0,0,Enterprise,0,Mid-Tenure
CUST_3163,8,Monthly,3196.812119990636,1,11.0,2,SMB,1,New
CUST_3164,13,Monthly,854.8206375678144,1,25.0,0,SMB,0,Mid-Tenure
CUST_3165,8,Annual,1791.0659701044601,0,8.0,0,SMB,0,New
CUST_3166,65,Monthly,1949.144926889692,1,20.0,0,SMB,0,Loyal
CUST_3167,43,Annual,3032.5799084371306,1,8.0,5,SMB,0,Loyal
CUST_3168,39,Multi-Year,1753.1710521925509,3,14.0,0,SMB,0,Loyal
CUST_3169,59,Multi-Year,930.4186980020302,3,14.0,0,SMB,0,Loyal
CUST_3170,44,Multi-Year,1241.8553342594755,4,28.0,5,SMB,0,Loyal
CUST_3171,9,Multi-Year,1282.7651072188694,2,19.0,0,Enterprise,0,New
CUST_3172,37,Monthly,4292.127249002427,0,11.0,0,SMB,0,Loyal
CUST_3173,36,Monthly,1779.4385914023117,0,4.0,0,SMB,1,Mid-Tenure
CUST_3174,28,Annual,3716.112802616406,4,0.0,15,Enterprise,1,Mid-Tenure
CUST_3175,42,Multi-Year,3055.274358526876,4,21.0,2,Enterprise,0,Loyal
CUST_3176,43,Multi-Year,4896.674391273989,2,18.0,0,SMB,0,Loyal
CUST_3177,42,Monthly,1727.7020099609101,0,10.0,0,SMB,0,Loyal
CUST_3178,66,Monthly,1212.678592381401,3,25.0,0,Enterprise,0,Loyal
CUST_3179,55,Monthly,734.1702696255218,0,17.0,0,Enterprise,0,Loyal
CUST_3180,48,Annual,1584.3184802657622,2,5.0,0,SMB,0,Loyal
CUST_3181,22,Annual,3578.318988869267,3,16.0,0,SMB,0,Mid-Tenure
CUST_3182,27,Monthly,883.6620108658728,2,13.0,0,SMB,0,Mid-Tenure
CUST_3183,67,Monthly,1601.1583031734633,3,11.0,2,SMB,0,Loyal
CUST_3184,13,Annual,4348.887656828054,3,24.0,0,SMB,0,Mid-Tenure
CUST_3185,45,Annual,3123.288272140341,5,4.0,0,SMB,0,Loyal
CUST_3186,10,Monthly,812.8469311393795,6,6.0,2,SMB,0,New
CUST_3187,9,Multi-Year,714.5741491239347,5,26.0,0,SMB,1,New
CUST_3188,54,Annual,775.052938965951,4,25.0,2,Enterprise,0,Loyal
CUST_3189,27,Multi-Year,4738.437725662638,0,15.0,0,SMB,0,Mid-Tenure
CUST_3190,34,Multi-Year,4324.421428524746,2,24.0,2,SMB,0,Mid-Tenure
CUST_3191,1,Monthly,4302.2301890844865,3,8.0,10,SMB,1,New
CUST_3192,32,Monthly,4658.975430095957,1,28.0,0,SMB,0,Mid-Tenure
CUST_3193,71,Annual,2773.649256129096,0,22.0,0,SMB,0,Loyal
CUST_3194,67,Monthly,1613.0510201450481,2,14.0,0,SMB,0,Loyal
CUST_3195,20,Multi-Year,2306.0660190733315,0,3.0,0,SMB,0,Mid-Tenure
CUST_3196,35,Annual,3734.8883279771485,3,19.0,0,SMB,1,Mid-Tenure
CUST_3197,17,Multi-Year,4442.147921845693,2,22.0,0,SMB,0,Mid-Tenure
CUST_3198,18,Monthly,2457.909170147859,1,23.0,2,SMB,1,Mid-Tenure
CUST_3199,45,Monthly,2909.2142992192753,3,6.0,2,Enterprise,0,Loyal
CUST_3200,53,Annual,4693.02346974314,3,26.0,5,SMB,0,Loyal
CUST_3201,68,Monthly,983.7438669924309,3,13.0,0,Enterprise,0,Loyal
CUST_3202,65,Annual,4380.346476383558,1,29.0,0,SMB,0,Loyal
CUST_3203,1,Multi-Year,1216.8836701337116,2,25.0,5,SMB,0,New
CUST_3204,58,Monthly,2677.376076307791,4,3.0,0,SMB,0,Loyal
CUST_3205,26,Annual,1482.9040789837682,4,3.0,0,SMB,0,Mid-Tenure
CUST_3206,20,Monthly,3213.2643381077187,2,23.0,0,Enterprise,0,Mid-Tenure
CUST_3207,10,Monthly,3013.5803976871975,3,27.0,0,SMB,0,New
CUST_3208,59,Multi-Year,2210.0331390833835,2,13.0,0,SMB,0,Loyal
CUST_3209,41,Multi-Year,4384.86581680306,3,24.0,0,SMB,0,Loyal
CUST_3210,5,Annual,3469.159941296269,4,6.0,0,SMB,0,New
CUST_3211,65,Multi-Year,3745.4230623287467,1,14.0,0,SMB,0,Loyal
CUST_3212,17,Annual,1177.9688219345085,3,11.0,2,SMB,0,Mid-Tenure
CUST_3213,22,Monthly,4474.245550890279,5,13.0,0,Enterprise,0,Mid-Tenure
CUST_3214,41,Monthly,1251.6807362900827,4,12.0,0,SMB,0,Loyal
CUST_3215,68,Multi-Year,1502.5323389448208,3,29.0,0,SMB,0,Loyal
CUST_3216,69,Monthly,1076.2481232359619,4,18.0,0,SMB,0,Loyal
CUST_3217,11,Annual,2481.6164358596698,2,11.0,0,SMB,0,New
CUST_3218,56,Annual,4494.691542885394,1,15.0,0,Enterprise,0,Loyal
CUST_3219,51,Annual,1636.0138382443681,3,25.0,0,SMB,0,Loyal
CUST_3220,21,Monthly,2181.8903919032896,1,15.0,0,SMB,1,Mid-Tenure
CUST_3221,26,Monthly,4307.298890339399,5,0.0,0,SMB,1,Mid-Tenure
CUST_3222,19,Monthly,3280.168758915001,1,14.0,2,SMB,1,Mid-Tenure
CUST_3223,60,Annual,3882.273771408246,4,4.0,0,SMB,0,Loyal
CUST_3224,71,Annual,1463.0002224625168,2,5.0,0,Enterprise,0,Loyal
CUST_3225,47,Annual,3724.2043849965894,6,26.0,10,SMB,1,Loyal
CUST_3226,71,Annual,1524.247603887976,6,24.0,0,SMB,0,Loyal
CUST_3227,26,Monthly,4942.912919947975,1,20.0,0,Enterprise,0,Mid-Tenure
CUST_3228,40,Multi-Year,3019.487702570318,1,16.0,0,SMB,0,Loyal
CUST_3229,5,Annual,3630.3766611941164,0,10.0,0,SMB,0,New
CUST_3230,21,Monthly,1032.8071286367626,1,26.0,0,SMB,1,Mid-Tenure
CUST_3231,4,Monthly,1627.9519101870628,4,3.0,0,SMB,0,New
CUST_3232,23,Multi-Year,1128.8329680395946,2,17.0,0,SMB,0,Mid-Tenure
CUST_3233,15,Multi-Year,2255.7682187227538,4,19.0,5,SMB,0,Mid-Tenure
CUST_3234,8,Monthly,1778.6113889242931,3,13.0,0,SMB,0,New
CUST_3235,41,Annual,3798.1501683375614,2,22.0,0,SMB,0,Loyal
CUST_3236,19,Monthly,989.1904083266803,1,8.0,0,SMB,0,Mid-Tenure
CUST_3237,46,Monthly,3884.267158026657,2,27.0,0,SMB,0,Loyal
CUST_3238,28,Annual,705.6717108736437,5,2.0,0,SMB,0,Mid-Tenure
CUST_3239,68,Annual,1409.080267950766,3,2.0,5,SMB,0,Loyal
CUST_3240,15,Annual,4063.842463840713,4,10.0,0,SMB,0,Mid-Tenure
CUST_3241,37,Monthly,3842.494884985527,2,19.0,15,SMB,0,Loyal
CUST_3242,1,Monthly,2643.467512634885,3,22.0,0,Enterprise,0,New
CUST_3243,67,Monthly,724.9222178489831,3,21.0,0,Enterprise,0,Loyal
CUST_3244,24,Monthly,3244.521837511847,4,29.0,0,SMB,0,Mid-Tenure
CUST_3245,27,Monthly,2330.258467883443,3,4.0,0,Enterprise,0,Mid-Tenure
CUST_3246,40,Monthly,1924.376675890864,4,3.0,0,SMB,0,Loyal
CUST_3247,63,Monthly,3381.847865719404,3,11.0,0,SMB,0,Loyal
CUST_3248,61,Monthly,2464.7655299077687,2,23.0,0,SMB,0,Loyal
CUST_3249,36,Annual,915.8949520393039,2,11.0,0,SMB,0,Mid-Tenure
CUST_3250,24,Monthly,4621.77711730555,2,3.0,2,SMB,1,Mid-Tenure
CUST_3251,24,Monthly,4003.218947540205,5,2.0,0,SMB,1,Mid-Tenure
CUST_3252,4,Annual,753.7018608074859,3,22.0,0,SMB,0,New
CUST_3253,67,Monthly,2862.78741585813,3,1.0,0,SMB,0,Loyal
CUST_3254,34,Annual,875.1990330438273,1,3.0,0,SMB,0,Mid-Tenure
CUST_3255,57,Monthly,4267.804365763182,6,23.0,2,SMB,0,Loyal
CUST_3256,49,Monthly,3258.562824733873,2,3.0,0,SMB,0,Loyal
CUST_3257,53,Monthly,1276.021101078808,0,25.0,10,SMB,0,Loyal
CUST_3258,23,Monthly,593.3360426279035,3,27.0,5,SMB,1,Mid-Tenure
CUST_3259,69,Annual,642.1145546588928,5,6.0,0,Enterprise,1,Loyal
CUST_3260,53,Multi-Year,2783.1446242917336,5,1.0,0,SMB,0,Loyal
CUST_3261,62,Monthly,3804.6806540454822,1,10.0,2,SMB,0,Loyal
CUST_3262,41,Monthly,1043.7820310028162,3,4.0,5,SMB,0,Loyal
CUST_3263,57,Annual,1495.778296617309,2,27.0,0,Enterprise,0,Loyal
CUST_3264,60,Monthly,1972.6697532628953,3,12.0,5,SMB,0,Loyal
CUST_3265,54,Multi-Year,1481.3455192751885,3,3.0,5,SMB,0,Loyal
CUST_3266,70,Monthly,2261.014532092214,4,8.0,0,SMB,0,Loyal
CUST_3267,57,Multi-Year,3018.267525942843,2,6.0,2,SMB,0,Loyal
CUST_3268,10,Monthly,3582.2153670858916,2,29.0,0,SMB,0,New
CUST_3269,40,Monthly,4836.988319932528,5,24.0,0,SMB,0,Loyal
CUST_3270,7,Multi-Year,4688.796513574375,3,26.0,0,SMB,0,New
CUST_3271,38,Annual,3065.571386730115,1,28.0,0,SMB,0,Loyal
CUST_3272,61,Annual,3803.675254053596,3,12.0,2,SMB,0,Loyal
CUST_3273,3,Annual,4778.924920814426,0,9.0,0,SMB,0,New
CUST_3274,51,Annual,875.6237504363218,2,6.0,0,SMB,0,Loyal
CUST_3275,47,Monthly,525.3564193764312,3,17.0,5,Enterprise,0,Loyal
CUST_3276,68,Annual,634.0989367831247,2,27.0,0,Enterprise,0,Loyal
CUST_3277,38,Monthly,3035.072130678337,4,17.0,0,Enterprise,0,Loyal
CUST_3278,36,Multi-Year,3932.7504138614036,5,1.0,0,Enterprise,0,Mid-Tenure
CUST_3279,41,Multi-Year,2151.8372783526556,0,20.0,0,SMB,0,Loyal
CUST_3280,69,Monthly,2953.576286274284,2,0.0,2,Enterprise,0,Loyal
CUST_3281,13,Monthly,2823.648433468416,0,12.0,0,SMB,0,Mid-Tenure
CUST_3282,58,Monthly,926.4690121640881,1,22.0,0,SMB,1,Loyal
CUST_3283,50,Monthly,1947.1471890082203,2,1.0,0,SMB,0,Loyal
CUST_3284,30,Multi-Year,587.458198320359,3,3.0,0,SMB,1,Mid-Tenure
CUST_3285,62,Monthly,998.175599629299,2,8.0,0,Enterprise,1,Loyal
CUST_3286,25,Monthly,4153.362003094,3,7.0,0,SMB,0,Mid-Tenure
CUST_3287,27,Multi-Year,4232.360737617435,8,25.0,0,Enterprise,0,Mid-Tenure
CUST_3288,51,Multi-Year,4108.758440202813,2,17.0,0,SMB,0,Loyal
CUST_3289,57,Annual,3770.683884285065,4,29.0,0,SMB,0,Loyal
CUST_3290,47,Annual,4069.9078087995576,4,15.0,0,SMB,0,Loyal
CUST_3291,39,Annual,3519.4205357128326,0,3.0,0,SMB,0,Loyal
CUST_3292,16,Multi-Year,3514.250024673299,1,3.0,2,Enterprise,0,Mid-Tenure
CUST_3293,22,Annual,3503.128088713136,3,17.0,0,Enterprise,0,Mid-Tenure
CUST_3294,54,Annual,2813.1925535519185,1,1.0,0,SMB,0,Loyal
CUST_3295,21,Monthly,2135.0625505917997,5,20.0,5,Enterprise,0,Mid-Tenure
CUST_3296,16,Monthly,3785.8786977269974,2,10.0,5,SMB,1,Mid-Tenure
CUST_3297,59,Annual,1843.9070611403372,2,19.0,0,SMB,0,Loyal
CUST_3298,31,Multi-Year,2943.0595916492866,2,23.0,0,SMB,0,Mid-Tenure
CUST_3299,42,Multi-Year,2450.1002909804656,8,3.0,0,SMB,0,Loyal
CUST_3300,32,Multi-Year,1744.8002469216551,2,23.0,10,SMB,0,Mid-Tenure
CUST_3301,59,Annual,4886.104642036084,3,13.0,0,SMB,0,Loyal
CUST_3302,34,Annual,1664.3824034081877,3,20.0,10,SMB,0,Mid-Tenure
CUST_3303,9,Multi-Year,1891.818786753635,5,16.0,0,SMB,0,New
CUST_3304,11,Annual,1227.1437579113071,0,29.0,0,SMB,0,New
CUST_3305,10,Monthly,4203.412813914307,2,29.0,2,SMB,0,New
CUST_3306,17,Monthly,3139.652302495202,3,24.0,2,Enterprise,0,Mid-Tenure
CUST_3307,68,Multi-Year,3258.6766541257357,6,7.0,2,SMB,1,Loyal
CUST_3308,48,Monthly,4192.52635309594,2,0.0,5,SMB,0,Loyal
CUST_3309,52,Multi-Year,2043.1384638344573,4,27.0,2,Enterprise,0,Loyal
CUST_3310,25,Monthly,1371.3504142109618,5,18.0,0,SMB,1,Mid-Tenure
CUST_3311,21,Annual,1392.8241379725678,1,18.0,0,SMB,0,Mid-Tenure
CUST_3312,65,Annual,3796.789196580167,2,20.0,0,SMB,0,Loyal
CUST_3313,63,Annual,3263.518195081014,2,6.0,0,SMB,0,Loyal
CUST_3314,51,Monthly,1428.5249536194,5,0.0,0,SMB,0,Loyal
CUST_3315,36,Multi-Year,1152.794275881906,4,0.0,0,SMB,0,Mid-Tenure
CUST_3316,66,Annual,1043.0928732288776,2,9.0,0,SMB,0,Loyal
CUST_3317,15,Monthly,3325.0939146636697,0,12.0,0,SMB,0,Mid-Tenure
CUST_3318,39,Annual,500.533902098825,0,21.0,5,SMB,0,Loyal
CUST_3319,70,Monthly,582.4370417159467,1,29.0,0,Enterprise,0,Loyal
CUST_3320,1,Monthly,2252.9891103174286,2,4.0,0,SMB,0,New
CUST_3321,23,Monthly,3611.074389242731,1,11.0,0,SMB,0,Mid-Tenure
CUST_3322,39,Multi-Year,3627.6771942383175,2,27.0,0,SMB,0,Loyal
CUST_3323,57,Annual,2435.532231234608,4,28.0,0,Enterprise,0,Loyal
CUST_3324,34,Annual,3609.8312297205634,3,2.0,0,SMB,0,Mid-Tenure
CUST_3325,41,Monthly,2844.9328081105646,3,28.0,0,SMB,0,Loyal
CUST_3326,13,Monthly,4896.191375587919,2,18.0,2,SMB,0,Mid-Tenure
CUST_3327,70,Multi-Year,1231.0709622657487,1,3.0,2,SMB,0,Loyal
CUST_3328,6,Annual,3203.0027046752252,2,14.0,0,SMB,0,New
CUST_3329,52,Multi-Year,2710.5744917795164,2,12.0,0,SMB,0,Loyal
CUST_3330,3,Monthly,1375.0985509596248,1,10.0,0,SMB,0,New
CUST_3331,63,Monthly,3874.9569446376654,1,25.0,2,SMB,0,Loyal
CUST_3332,49,Multi-Year,1739.7860896939787,3,1.0,0,SMB,0,Loyal
CUST_3333,47,Annual,2217.6941859209373,4,28.0,0,SMB,0,Loyal
CUST_3334,55,Monthly,2186.7375631438854,5,8.0,0,SMB,0,Loyal
CUST_3335,64,Monthly,1598.9201293457695,3,28.0,0,SMB,0,Loyal
CUST_3336,65,Multi-Year,2438.1739926428236,3,11.0,0,Enterprise,0,Loyal
CUST_3337,67,Monthly,2630.0564641742826,3,3.0,0,SMB,0,Loyal
CUST_3338,15,Annual,3848.9975276418836,3,25.0,2,Enterprise,0,Mid-Tenure
CUST_3339,32,Monthly,3942.808584696667,1,18.0,0,SMB,0,Mid-Tenure
CUST_3340,68,Monthly,1213.5018573124794,1,9.0,0,SMB,0,Loyal
CUST_3341,18,Multi-Year,3167.4753469738944,1,10.0,2,SMB,1,Mid-Tenure
CUST_3342,43,Monthly,4532.890092257279,2,6.0,5,SMB,0,Loyal
CUST_3343,35,Annual,989.5397399805237,5,12.0,0,SMB,0,Mid-Tenure
CUST_3344,58,Multi-Year,2628.1132004036235,1,8.0,0,SMB,0,Loyal
CUST_3345,33,Monthly,3876.5890508375423,3,11.0,0,SMB,0,Mid-Tenure
CUST_3346,14,Monthly,3251.7110047205447,3,28.0,0,Enterprise,0,Mid-Tenure
CUST_3347,34,Annual,952.6354546848074,4,1.0,0,SMB,0,Mid-Tenure
CUST_3348,61,Monthly,2284.727564079376,1,29.0,2,Enterprise,0,Loyal
CUST_3349,4,Monthly,2782.577741975888,1,21.0,0,Enterprise,0,New
CUST_3350,59,Monthly,4981.305207723228,2,20.0,0,SMB,0,Loyal
CUST_3351,29,Annual,1303.7355919564375,1,0.0,0,SMB,0,Mid-Tenure
CUST_3352,6,Annual,4920.906952220506,6,26.0,0,SMB,0,New
CUST_3353,49,Annual,2192.674029032498,1,6.0,0,SMB,0,Loyal
CUST_3354,40,Monthly,1401.4421873321962,8,0.0,0,SMB,1,Loyal
CUST_3355,65,Annual,2363.490869557982,5,25.0,0,SMB,0,Loyal
CUST_3356,69,Multi-Year,3262.978058156677,1,24.0,0,SMB,0,Loyal
CUST_3357,27,Annual,1460.7382725994814,3,15.0,0,SMB,0,Mid-Tenure
CUST_3358,6,Annual,1811.4758748595748,4,3.0,0,SMB,0,New
CUST_3359,13,Annual,4345.459257808804,2,29.0,0,SMB,0,Mid-Tenure
CUST_3360,64,Multi-Year,4995.542577509906,2,7.0,0,SMB,0,Loyal
CUST_3361,62,Multi-Year,1931.7771117429188,2,16.0,0,Enterprise,0,Loyal
CUST_3362,19,Monthly,1169.8556177747314,0,20.0,2,Enterprise,0,Mid-Tenure
CUST_3363,43,Monthly,4069.268689973187,4,18.0,2,SMB,0,Loyal
CUST_3364,20,Monthly,3202.0505927381532,2,3.0,2,Enterprise,0,Mid-Tenure
CUST_3365,68,Monthly,951.8051451902052,2,27.0,0,SMB,0,Loyal
CUST_3366,44,Monthly,4760.471666462095,2,3.0,0,Enterprise,1,Loyal
CUST_3367,23,Multi-Year,851.222877799514,3,7.0,0,SMB,0,Mid-Tenure
CUST_3368,2,Monthly,3314.103807351385,2,9.0,5,SMB,1,New
CUST_3369,22,Annual,2407.7176515211167,2,25.0,5,SMB,0,Mid-Tenure
CUST_3370,57,Annual,3004.8076320797113,4,28.0,2,SMB,0,Loyal
CUST_3371,7,Monthly,1459.46388047065,2,15.0,0,Enterprise,0,New
CUST_3372,56,Multi-Year,3596.4967966279323,1,18.0,2,SMB,0,Loyal
CUST_3373,67,Multi-Year,4818.738601100029,1,0.0,5,SMB,0,Loyal
CUST_3374,16,Monthly,2562.9164332021205,1,4.0,0,SMB,0,Mid-Tenure
CUST_3375,51,Monthly,2853.3122490570227,5,1.0,0,SMB,1,Loyal
CUST_3376,12,Monthly,1579.1525175599659,3,28.0,0,SMB,0,New
CUST_3377,53,Annual,4513.405926879865,6,26.0,0,Enterprise,0,Loyal
CUST_3378,5,Monthly,4870.284823129812,4,15.0,0,SMB,0,New
CUST_3379,27,Annual,4038.3359828872444,3,12.0,5,SMB,0,Mid-Tenure
CUST_3380,12,Multi-Year,2942.480759719118,4,29.0,5,Enterprise,0,New
CUST_3381,17,Monthly,4805.5857102888385,0,5.0,10,SMB,0,Mid-Tenure
CUST_3382,6,Multi-Year,1192.3252491527455,4,3.0,0,SMB,0,New
CUST_3383,5,Monthly,2653.208869528483,1,24.0,0,SMB,1,New
CUST_3384,57,Multi-Year,2919.225680268859,2,6.0,0,SMB,0,Loyal
CUST_3385,28,Monthly,2713.6238888856956,2,1.0,0,SMB,0,Mid-Tenure
CUST_3386,69,Annual,4110.882292304164,2,22.0,0,SMB,0,Loyal
CUST_3387,59,Monthly,3516.8130095736383,2,9.0,2,SMB,0,Loyal
CUST_3388,33,Multi-Year,1069.9630966321774,4,13.0,0,Enterprise,0,Mid-Tenure
CUST_3389,62,Annual,2059.0308830437716,1,7.0,0,SMB,0,Loyal
CUST_3390,50,Monthly,2025.8458177409887,3,2.0,0,Enterprise,0,Loyal
CUST_3391,19,Annual,3045.344867568179,3,2.0,10,SMB,0,Mid-Tenure
CUST_3392,69,Monthly,1811.5628794605361,3,26.0,0,SMB,0,Loyal
CUST_3393,66,Annual,1027.7229629925978,4,1.0,0,SMB,0,Loyal
CUST_3394,47,Multi-Year,3441.571995457109,4,27.0,10,SMB,0,Loyal
CUST_3395,39,Monthly,4329.666223407601,1,16.0,0,SMB,0,Loyal
CUST_3396,68,Monthly,4692.236429596658,1,18.0,0,SMB,0,Loyal
CUST_3397,33,Monthly,4876.602879467641,1,9.0,0,Enterprise,0,Mid-Tenure
CUST_3398,13,Annual,4015.025807940563,5,11.0,0,SMB,0,Mid-Tenure
CUST_3399,54,Monthly,1128.6609273135596,1,26.0,0,SMB,1,Loyal
CUST_3400,7,Monthly,4339.00320906526,6,22.0,5,SMB,1,New
CUST_3401,14,Monthly,2299.820330221133,1,10.0,0,Enterprise,0,Mid-Tenure
CUST_3402,19,Monthly,3784.6009120656363,3,8.0,0,SMB,0,Mid-Tenure
CUST_3403,54,Multi-Year,2890.7060223237613,4,29.0,0,SMB,0,Loyal
CUST_3404,20,Monthly,4228.727601419527,3,24.0,0,Enterprise,0,Mid-Tenure
CUST_3405,29,Annual,2414.7757977785986,2,12.0,0,Enterprise,0,Mid-Tenure
CUST_3406,24,Annual,778.0721483300935,3,5.0,0,SMB,0,Mid-Tenure
CUST_3407,63,Annual,3005.706698971119,3,13.0,0,SMB,0,Loyal
CUST_3408,57,Monthly,1270.8074960045292,2,21.0,0,SMB,0,Loyal
CUST_3409,8,Annual,4844.829345588152,3,10.0,0,Enterprise,0,New
CUST_3410,62,Multi-Year,2871.333796214712,1,4.0,0,SMB,0,Loyal
CUST_3411,29,Monthly,2991.014572267672,1,1.0,0,SMB,0,Mid-Tenure
CUST_3412,17,Monthly,4582.69570766668,0,6.0,0,SMB,0,Mid-Tenure
CUST_3413,66,Monthly,3310.633603180287,3,16.0,2,SMB,0,Loyal
CUST_3414,6,Monthly,1862.2821973536822,4,5.0,0,SMB,0,New
CUST_3415,58,Monthly,1832.42577611017,1,13.0,5,SMB,0,Loyal
CUST_3416,69,Annual,2757.103924579053,1,3.0,0,SMB,0,Loyal
CUST_3417,28,Monthly,4399.737030181215,2,2.0,10,Enterprise,1,Mid-Tenure
CUST_3418,62,Annual,4076.2820333132536,7,10.0,0,Enterprise,0,Loyal
CUST_3419,41,Annual,4832.332637255801,3,28.0,10,Enterprise,0,Loyal
CUST_3420,69,Monthly,823.4875528349164,1,0.0,0,Enterprise,0,Loyal
CUST_3421,41,Annual,1707.467310339524,1,13.0,2,SMB,0,Loyal
CUST_3422,49,Monthly,860.934685161767,2,5.0,5,SMB,0,Loyal
CUST_3423,49,Multi-Year,3879.8563725609633,3,28.0,0,SMB,0,Loyal
CUST_3424,71,Monthly,1133.7516011767264,3,22.0,5,SMB,1,Loyal
CUST_3425,3,Annual,949.4884309892302,1,26.0,0,SMB,0,New
CUST_3426,10,Multi-Year,3027.524931948009,3,16.0,0,SMB,0,New
CUST_3427,35,Monthly,2351.681204536213,3,26.0,0,Enterprise,0,Mid-Tenure
CUST_3428,2,Monthly,3717.956024431102,1,16.0,0,SMB,1,New
CUST_3429,24,Annual,2691.569262651228,3,22.0,0,SMB,0,Mid-Tenure
CUST_3430,38,Monthly,2414.0056817320374,2,10.0,10,SMB,0,Loyal
CUST_3431,22,Multi-Year,2414.752019361369,0,27.0,2,Enterprise,0,Mid-Tenure
CUST_3432,26,Multi-Year,4423.4437117948455,4,21.0,2,Enterprise,0,Mid-Tenure
CUST_3433,43,Monthly,2278.515428251099,1,6.0,0,SMB,0,Loyal
CUST_3434,55,Monthly,2000.2870749633507,3,12.0,0,SMB,0,Loyal
CUST_3435,39,Monthly,2023.407846602282,2,7.0,0,SMB,0,Loyal
CUST_3436,29,Monthly,1384.7035856670063,2,7.0,0,Enterprise,1,Mid-Tenure
CUST_3437,20,Annual,4373.0998275829525,2,8.0,0,SMB,0,Mid-Tenure
CUST_3438,41,Annual,1159.838667624117,2,28.0,0,SMB,0,Loyal
CUST_3439,54,Monthly,4588.748320098224,2,24.0,2,SMB,1,Loyal
CUST_3440,20,Monthly,1775.604748599528,1,6.0,0,SMB,1,Mid-Tenure
CUST_3441,19,Monthly,4547.420699782311,3,24.0,0,SMB,0,Mid-Tenure
CUST_3442,66,Monthly,4058.6929556655973,0,21.0,0,Enterprise,0,Loyal
CUST_3443,30,Multi-Year,3118.943844276614,3,8.0,0,Enterprise,0,Mid-Tenure
CUST_3444,53,Monthly,3512.615017633696,5,10.0,0,Enterprise,0,Loyal
CUST_3445,34,Multi-Year,1966.2984087121747,3,1.0,0,SMB,0,Mid-Tenure
CUST_3446,22,Annual,3084.028764474481,3,26.0,0,SMB,0,Mid-Tenure
CUST_3447,67,Annual,1815.8130532701368,6,17.0,5,Enterprise,0,Loyal
CUST_3448,6,Monthly,2310.227662507077,3,29.0,0,SMB,0,New
CUST_3449,27,Annual,3940.9814985316016,1,21.0,2,Enterprise,0,Mid-Tenure
CUST_3450,10,Annual,1597.696537145973,2,2.0,0,SMB,0,New
CUST_3451,48,Annual,4274.80707126892,1,17.0,0,Enterprise,0,Loyal
CUST_3452,70,Monthly,2191.4728414924843,2,15.0,2,Enterprise,0,Loyal
CUST_3453,59,Monthly,2894.7648238528145,3,7.0,0,SMB,1,Loyal
CUST_3454,59,Annual,4738.8221940329295,0,22.0,0,SMB,0,Loyal
CUST_3455,2,Monthly,3565.650335840937,4,7.0,0,SMB,1,New
CUST_3456,29,Monthly,3405.2185078008233,5,5.0,2,SMB,0,Mid-Tenure
CUST_3457,68,Multi-Year,3702.234774222631,3,24.0,0,SMB,0,Loyal
CUST_3458,65,Monthly,4631.501024422526,3,24.0,0,SMB,0,Loyal
CUST_3459,26,Monthly,1618.3116914967989,2,1.0,0,SMB,0,Mid-Tenure
CUST_3460,10,Monthly,3259.5854260970227,7,15.0,0,SMB,1,New
CUST_3461,53,Annual,2301.772344726435,4,25.0,2,Enterprise,0,Loyal
CUST_3462,59,Monthly,553.3488194460977,2,20.0,2,SMB,0,Loyal
CUST_3463,22,Annual,1063.8540338274915,1,8.0,0,Enterprise,0,Mid-Tenure
CUST_3464,51,Monthly,1962.4635286861478,2,18.0,0,SMB,0,Loyal
CUST_3465,48,Monthly,3042.4998703186207,3,20.0,10,Enterprise,1,Loyal
CUST_3466,21,Annual,4466.636495133222,4,14.0,0,SMB,0,Mid-Tenure
CUST_3467,22,Monthly,4060.013531906478,5,23.0,2,SMB,0,Mid-Tenure
CUST_3468,30,Multi-Year,2990.0015259024667,4,1.0,0,SMB,0,Mid-Tenure
CUST_3469,25,Monthly,832.4168805836043,2,14.0,0,Enterprise,0,Mid-Tenure
CUST_3470,28,Monthly,1786.5783067774037,1,21.0,5,SMB,0,Mid-Tenure
CUST_3471,65,Monthly,2150.1889155150975,3,10.0,0,SMB,0,Loyal
CUST_3472,45,Monthly,3297.7273334172914,3,19.0,2,Enterprise,0,Loyal
CUST_3473,68,Multi-Year,792.156303409285,1,11.0,0,SMB,0,Loyal
CUST_3474,7,Multi-Year,2885.87099525213,1,14.0,0,SMB,0,New
CUST_3475,49,Monthly,4556.590592651182,3,15.0,2,SMB,0,Loyal
CUST_3476,9,Annual,3674.447130638313,5,29.0,0,SMB,0,New
CUST_3477,36,Annual,4086.8456295324036,2,27.0,2,SMB,0,Mid-Tenure
CUST_3478,1,Monthly,3567.5404176158304,2,5.0,15,SMB,1,New
CUST_3479,10,Monthly,1429.651004776665,1,2.0,10,SMB,1,New
CUST_3480,36,Multi-Year,997.1771902970838,1,5.0,2,SMB,0,Mid-Tenure
CUST_3481,46,Multi-Year,4232.708028522091,2,22.0,0,SMB,0,Loyal
CUST_3482,32,Multi-Year,3629.7699620698777,4,25.0,0,Enterprise,0,Mid-Tenure
CUST_3483,32,Annual,3087.777014673657,6,2.0,2,Enterprise,0,Mid-Tenure
CUST_3484,6,Annual,1351.772892357107,3,20.0,0,SMB,0,New
CUST_3485,48,Monthly,3215.0523439028902,1,12.0,0,Enterprise,0,Loyal
CUST_3486,38,Monthly,640.948033499719,4,11.0,0,Enterprise,0,Loyal
CUST_3487,17,Monthly,1034.7761047728175,4,7.0,0,SMB,0,Mid-Tenure
CUST_3488,27,Annual,1903.5056741199105,3,1.0,5,Enterprise,0,Mid-Tenure
CUST_3489,54,Annual,2496.8222483502395,0,6.0,0,SMB,0,Loyal
CUST_3490,50,Multi-Year,1042.5402311990015,4,28.0,0,Enterprise,0,Loyal
CUST_3491,35,Multi-Year,1039.730827358911,0,16.0,0,SMB,0,Mid-Tenure
CUST_3492,25,Multi-Year,3766.52147262636,2,6.0,5,SMB,0,Mid-Tenure
CUST_3493,28,Multi-Year,3063.737329400685,3,0.0,5,SMB,1,Mid-Tenure
CUST_3494,15,Monthly,2901.8389134994923,4,3.0,0,SMB,0,Mid-Tenure
CUST_3495,4,Annual,2535.9552280289745,1,14.0,2,SMB,0,New
CUST_3496,27,Annual,4894.443978550537,3,3.0,0,SMB,0,Mid-Tenure
CUST_3497,26,Monthly,724.1012730246955,1,11.0,0,SMB,0,Mid-Tenure
CUST_3498,19,Multi-Year,1312.8222927270983,3,15.0,2,SMB,1,Mid-Tenure
CUST_3499,17,Multi-Year,3413.784908305568,3,20.0,0,SMB,0,Mid-Tenure
CUST_3500,43,Monthly,1113.6454423305859,6,17.0,0,SMB,0,Loyal
CUST_3501,41,Monthly,3152.214221041282,6,13.0,0,SMB,0,Loyal
CUST_3502,42,Annual,3054.9255146648597,3,13.0,0,SMB,0,Loyal
CUST_3503,50,Annual,4869.523326378388,3,27.0,0,Enterprise,0,Loyal
CUST_3504,40,Multi-Year,4475.2391917206005,2,10.0,0,Enterprise,0,Loyal
CUST_3505,39,Monthly,4754.990046953537,3,27.0,0,SMB,0,Loyal
CUST_3506,23,Monthly,1011.2106626329082,1,15.0,0,Enterprise,0,Mid-Tenure
CUST_3507,52,Monthly,4406.667967643849,1,14.0,0,Enterprise,0,Loyal
CUST_3508,47,Monthly,1080.9079777773768,3,21.0,0,SMB,1,Loyal
CUST_3509,63,Monthly,3348.1948034479506,3,5.0,5,SMB,0,Loyal
CUST_3510,69,Multi-Year,3740.35172305101,4,29.0,0,SMB,0,Loyal
CUST_3511,43,Monthly,1223.8407416717864,3,23.0,15,SMB,0,Loyal
CUST_3512,48,Monthly,3346.9671916829284,3,12.0,0,Enterprise,0,Loyal
CUST_3513,34,Monthly,736.0722181039732,4,25.0,2,SMB,0,Mid-Tenure
CUST_3514,40,Monthly,1819.697385842736,3,27.0,0,Enterprise,0,Loyal
CUST_3515,61,Multi-Year,4645.2132227035245,2,16.0,2,SMB,0,Loyal
CUST_3516,50,Annual,1272.7902330584113,4,3.0,0,SMB,0,Loyal
CUST_3517,67,Annual,793.7149660264738,3,11.0,0,SMB,0,Loyal
CUST_3518,62,Monthly,2496.5518984495675,3,17.0,0,SMB,0,Loyal
CUST_3519,58,Monthly,4327.781938372722,4,26.0,0,SMB,0,Loyal
CUST_3520,33,Monthly,845.0257188573048,2,7.0,2,Enterprise,0,Mid-Tenure
CUST_3521,16,Monthly,2099.909143536838,2,11.0,5,Enterprise,1,Mid-Tenure
CUST_3522,48,Multi-Year,4548.986755516968,3,3.0,0,SMB,0,Loyal
CUST_3523,10,Monthly,1031.6999747500445,2,29.0,5,SMB,1,New
CUST_3524,38,Annual,1898.0082766037597,4,7.0,0,SMB,0,Loyal
CUST_3525,19,Monthly,4002.8927519106674,4,28.0,2,Enterprise,1,Mid-Tenure
CUST_3526,36,Annual,2944.4494421246195,2,1.0,10,SMB,0,Mid-Tenure
CUST_3527,59,Multi-Year,4245.499132851124,3,28.0,0,SMB,0,Loyal
CUST_3528,63,Annual,1002.1792687195928,2,29.0,0,SMB,0,Loyal
CUST_3529,46,Annual,4642.493771208752,1,3.0,0,SMB,0,Loyal
CUST_3530,3,Multi-Year,4707.10307531844,2,11.0,0,SMB,0,New
CUST_3531,65,Annual,1198.9085906601786,1,24.0,2,Enterprise,0,Loyal
CUST_3532,8,Monthly,652.4395898303752,1,20.0,0,Enterprise,0,New
CUST_3533,51,Monthly,4954.28621880006,5,21.0,10,Enterprise,1,Loyal
CUST_3534,6,Annual,2670.1321653609098,5,9.0,0,SMB,0,New
CUST_3535,39,Annual,3074.339318159441,6,14.0,0,SMB,1,Loyal
CUST_3536,60,Monthly,3271.571301499593,1,27.0,0,Enterprise,0,Loyal
CUST_3537,28,Monthly,4053.5080825122623,1,8.0,5,SMB,1,Mid-Tenure
CUST_3538,54,Multi-Year,4153.94586070663,5,8.0,0,SMB,0,Loyal
CUST_3539,37,Monthly,1372.6635094389826,1,6.0,15,SMB,1,Loyal
CUST_3540,9,Monthly,1564.8653328508697,4,26.0,0,SMB,0,New
CUST_3541,56,Monthly,4445.748630258675,0,1.0,0,SMB,0,Loyal
CUST_3542,59,Multi-Year,4187.8292213776385,4,6.0,0,Enterprise,0,Loyal
CUST_3543,2,Monthly,3279.287216992799,3,8.0,5,Enterprise,0,New
CUST_3544,61,Annual,4976.146216061824,1,17.0,0,SMB,0,Loyal
CUST_3545,58,Monthly,3808.3277459809565,2,22.0,0,SMB,0,Loyal
CUST_3546,60,Annual,1471.2654565861199,1,11.0,0,SMB,0,Loyal
CUST_3547,40,Multi-Year,4309.898289497052,1,6.0,0,SMB,0,Loyal
CUST_3548,36,Monthly,2366.29686366563,4,18.0,0,Enterprise,0,Mid-Tenure
CUST_3549,37,Annual,662.6869724358013,5,21.0,2,SMB,0,Loyal
CUST_3550,18,Monthly,1946.3957501525178,3,23.0,0,SMB,1,Mid-Tenure
CUST_3551,63,Monthly,3935.980553267234,5,15.0,2,SMB,1,Loyal
CUST_3552,22,Multi-Year,4820.927932339129,3,25.0,0,Enterprise,0,Mid-Tenure
CUST_3553,11,Monthly,1742.6138733643722,0,7.0,0,SMB,1,New
CUST_3554,58,Annual,1609.3234598437177,1,29.0,0,SMB,0,Loyal
CUST_3555,57,Monthly,3036.27463519235,5,18.0,0,SMB,0,Loyal
CUST_3556,4,Monthly,4152.577548481011,3,5.0,2,SMB,0,New
CUST_3557,7,Monthly,3859.36556972426,4,1.0,2,SMB,0,New
CUST_3558,61,Annual,3019.8150615326745,3,29.0,0,Enterprise,0,Loyal
CUST_3559,54,Monthly,3341.2535672651534,2,1.0,10,SMB,1,Loyal
CUST_3560,68,Annual,1589.4453079685481,2,28.0,0,SMB,0,Loyal
CUST_3561,1,Monthly,2446.584192515078,3,7.0,5,SMB,0,New
CUST_3562,55,Monthly,1649.1453193413497,3,26.0,0,SMB,0,Loyal
CUST_3563,3,Annual,4479.880886800869,4,9.0,0,Enterprise,0,New
CUST_3564,38,Multi-Year,1006.4952831448209,4,20.0,0,SMB,0,Loyal
CUST_3565,1,Monthly,3558.8325103536686,3,20.0,0,SMB,0,New
CUST_3566,38,Annual,1671.2743872426056,0,10.0,15,Enterprise,1,Loyal
CUST_3567,29,Monthly,2640.098343733099,1,19.0,0,SMB,0,Mid-Tenure
CUST_3568,5,Annual,1847.3575111098473,3,26.0,0,SMB,0,New
CUST_3569,21,Multi-Year,1954.6039267676226,3,25.0,0,Enterprise,0,Mid-Tenure
CUST_3570,71,Multi-Year,1671.7685612495989,2,19.0,0,Enterprise,0,Loyal
CUST_3571,67,Annual,3887.5681453794737,5,23.0,0,SMB,0,Loyal
CUST_3572,47,Monthly,2145.721357305712,4,2.0,0,SMB,0,Loyal
CUST_3573,35,Multi-Year,3768.606579713372,5,26.0,0,SMB,1,Mid-Tenure
CUST_3574,68,Annual,2552.314685468057,0,15.0,0,Enterprise,0,Loyal
CUST_3575,69,Monthly,2962.607189451293,3,2.0,0,Enterprise,0,Loyal
CUST_3576,1,Monthly,2944.793640710693,4,7.0,0,SMB,0,New
CUST_3577,68,Multi-Year,4891.334357046149,3,18.0,2,SMB,0,Loyal
CUST_3578,12,Multi-Year,2151.78105069928,3,11.0,2,Enterprise,0,New
CUST_3579,60,Monthly,1434.578429289189,1,17.0,2,SMB,0,Loyal
CUST_3580,27,Annual,4603.06373164971,2,12.0,10,SMB,0,Mid-Tenure
CUST_3581,56,Multi-Year,1286.7768019200796,4,10.0,5,SMB,0,Loyal
CUST_3582,23,Monthly,4254.902806299551,7,28.0,0,SMB,0,Mid-Tenure
CUST_3583,25,Monthly,1175.967029601166,5,12.0,0,Enterprise,1,Mid-Tenure
CUST_3584,21,Annual,3464.259504023328,1,20.0,5,Enterprise,0,Mid-Tenure
CUST_3585,61,Monthly,1177.4336596904122,2,26.0,0,SMB,0,Loyal
CUST_3586,63,Monthly,4653.886186577432,1,2.0,0,Enterprise,0,Loyal
CUST_3587,52,Annual,3042.5372719377406,1,5.0,0,SMB,0,Loyal
CUST_3588,25,Multi-Year,1981.732276130394,6,26.0,15,Enterprise,0,Mid-Tenure
CUST_3589,55,Annual,1131.452487336177,1,22.0,2,SMB,0,Loyal
CUST_3590,46,Annual,2170.3650626569724,2,2.0,0,Enterprise,0,Loyal
CUST_3591,32,Monthly,3672.5901569096527,5,24.0,10,SMB,1,Mid-Tenure
CUST_3592,55,Monthly,2232.278977678462,2,25.0,15,SMB,1,Loyal
CUST_3593,5,Annual,1607.4236124294982,2,0.0,0,Enterprise,0,New
CUST_3594,36,Monthly,3098.3425173221776,6,13.0,5,SMB,0,Mid-Tenure
CUST_3595,49,Multi-Year,2380.198337767038,4,22.0,5,Enterprise,0,Loyal
CUST_3596,58,Monthly,1246.1280621363153,1,19.0,0,SMB,0,Loyal
CUST_3597,39,Monthly,1192.9459562485556,0,6.0,0,SMB,0,Loyal
CUST_3598,61,Monthly,3683.5789559983464,1,24.0,0,Enterprise,0,Loyal
CUST_3599,9,Multi-Year,4886.023529823154,1,8.0,0,SMB,0,New
CUST_3600,6,Monthly,1548.9233188792537,3,0.0,5,SMB,1,New
CUST_3601,35,Monthly,3979.1687037417046,4,9.0,0,SMB,0,Mid-Tenure
CUST_3602,39,Monthly,894.2301610270933,0,12.0,0,SMB,0,Loyal
CUST_3603,22,Multi-Year,2217.091635734818,3,11.0,5,SMB,0,Mid-Tenure
CUST_3604,41,Monthly,2780.0966876371563,3,3.0,10,SMB,1,Loyal
CUST_3605,5,Monthly,1709.3612538039572,5,6.0,0,SMB,1,New
CUST_3606,42,Monthly,2883.102874314127,4,9.0,5,SMB,0,Loyal
CUST_3607,67,Annual,4471.764924487345,2,21.0,0,Enterprise,0,Loyal
CUST_3608,30,Monthly,4749.970830597471,6,24.0,0,SMB,1,Mid-Tenure
CUST_3609,57,Monthly,952.5062946787225,2,28.0,2,SMB,0,Loyal
CUST_3610,29,Monthly,1723.3067029289105,3,6.0,2,SMB,0,Mid-Tenure
CUST_3611,37,Annual,4906.102628829763,3,14.0,2,SMB,1,Loyal
CUST_3612,13,Annual,1716.8828468100965,1,18.0,0,SMB,0,Mid-Tenure
CUST_3613,32,Annual,3617.183080145485,2,6.0,0,SMB,0,Mid-Tenure
CUST_3614,46,Multi-Year,1640.5416224166408,1,25.0,10,Enterprise,0,Loyal
CUST_3615,23,Multi-Year,2103.645169944672,5,13.0,0,Enterprise,0,Mid-Tenure
CUST_3616,45,Monthly,1360.7554455360387,0,20.0,0,SMB,0,Loyal
CUST_3617,17,Annual,4353.350871637153,1,13.0,2,SMB,0,Mid-Tenure
CUST_3618,66,Annual,4471.9194371877675,1,17.0,0,SMB,0,Loyal
CUST_3619,6,Multi-Year,1836.106285619442,1,9.0,0,SMB,0,New
CUST_3620,18,Monthly,4206.154208767835,2,2.0,0,Enterprise,1,Mid-Tenure
CUST_3621,22,Annual,2112.087425166428,3,5.0,5,SMB,0,Mid-Tenure
CUST_3622,33,Monthly,945.5874030282123,5,28.0,15,SMB,1,Mid-Tenure
CUST_3623,30,Multi-Year,3911.3437878143304,0,21.0,0,SMB,0,Mid-Tenure
CUST_3624,32,Monthly,3184.008120044801,3,22.0,0,SMB,0,Mid-Tenure
CUST_3625,42,Monthly,1734.7209965183768,2,21.0,0,SMB,0,Loyal
CUST_3626,10,Monthly,1638.4988323033117,3,8.0,2,SMB,0,New
CUST_3627,36,Monthly,4890.305167170446,1,13.0,0,Enterprise,0,Mid-Tenure
CUST_3628,34,Annual,4381.254684018912,3,20.0,2,SMB,0,Mid-Tenure
CUST_3629,28,Monthly,4144.092482181941,2,20.0,0,Enterprise,0,Mid-Tenure
CUST_3630,11,Monthly,1076.0796888874952,1,23.0,0,SMB,0,New
CUST_3631,39,Multi-Year,3898.3427341171723,4,7.0,5,SMB,0,Loyal
CUST_3632,47,Monthly,1465.4309954147893,2,0.0,0,SMB,0,Loyal
CUST_3633,19,Annual,4898.250244437084,2,2.0,2,SMB,0,Mid-Tenure
CUST_3634,15,Monthly,734.4013458301597,1,28.0,0,SMB,0,Mid-Tenure
CUST_3635,28,Monthly,2084.623176021096,2,21.0,0,Enterprise,0,Mid-Tenure
CUST_3636,24,Multi-Year,2428.9152835042187,3,5.0,0,SMB,0,Mid-Tenure
CUST_3637,9,Annual,4208.913102030145,2,0.0,0,Enterprise,0,New
CUST_3638,47,Monthly,3948.0026810182076,2,17.0,0,SMB,0,Loyal
CUST_3639,33,Multi-Year,2187.464652259653,6,9.0,2,SMB,0,Mid-Tenure
CUST_3640,62,Multi-Year,3045.0213205611835,4,22.0,0,SMB,0,Loyal
CUST_3641,19,Multi-Year,4260.178236234787,2,16.0,5,SMB,0,Mid-Tenure
CUST_3642,67,Monthly,581.8981646797372,2,25.0,0,SMB,0,Loyal
CUST_3643,40,Monthly,4109.801447860125,4,20.0,0,SMB,1,Loyal
CUST_3644,47,Annual,4761.03211403919,4,0.0,0,SMB,0,Loyal
CUST_3645,65,Annual,644.2903466787702,3,21.0,5,SMB,0,Loyal
CUST_3646,29,Monthly,705.1144418518217,6,22.0,0,SMB,0,Mid-Tenure
CUST_3647,50,Annual,2050.3130250470904,3,7.0,0,SMB,0,Loyal
CUST_3648,13,Monthly,894.9630369545354,2,28.0,0,Enterprise,0,Mid-Tenure
CUST_3649,1,Monthly,2656.742361322497,1,11.0,0,Enterprise,1,New
CUST_3650,34,Monthly,3779.198082904004,1,18.0,0,SMB,0,Mid-Tenure
CUST_3651,48,Annual,3051.0465576431798,1,13.0,0,Enterprise,0,Loyal
CUST_3652,48,Monthly,1383.9435908273315,6,29.0,0,SMB,1,Loyal
CUST_3653,49,Multi-Year,3446.6508501366097,4,18.0,0,SMB,0,Loyal
CUST_3654,64,Annual,3581.8451563051212,5,26.0,2,SMB,0,Loyal
CUST_3655,61,Annual,4696.006800582566,0,16.0,2,SMB,0,Loyal
CUST_3656,29,Multi-Year,1160.5860381967207,0,27.0,0,SMB,0,Mid-Tenure
CUST_3657,39,Annual,3615.512742093755,1,15.0,0,SMB,0,Loyal
CUST_3658,26,Multi-Year,4601.422484839164,0,18.0,0,SMB,0,Mid-Tenure
CUST_3659,17,Monthly,2757.038689942854,1,4.0,2,SMB,0,Mid-Tenure
CUST_3660,71,Monthly,2128.098559383754,1,21.0,0,SMB,0,Loyal
CUST_3661,13,Monthly,1268.3727239952123,2,18.0,0,Enterprise,0,Mid-Tenure
CUST_3662,69,Monthly,4400.54098920391,5,3.0,5,SMB,0,Loyal
CUST_3663,26,Multi-Year,2274.1086867826752,2,4.0,10,Enterprise,0,Mid-Tenure
CUST_3664,49,Monthly,4661.970994704616,3,4.0,5,Enterprise,0,Loyal
CUST_3665,67,Annual,4314.912341588493,3,24.0,15,SMB,0,Loyal
CUST_3666,7,Annual,2194.8793330873805,2,23.0,5,SMB,0,New
CUST_3667,58,Annual,3082.614390258181,2,0.0,2,SMB,0,Loyal
CUST_3668,49,Monthly,622.2831633226465,4,17.0,0,SMB,0,Loyal
CUST_3669,53,Annual,1684.4963129021062,2,27.0,10,SMB,0,Loyal
CUST_3670,65,Monthly,3696.2278185616233,5,14.0,5,SMB,0,Loyal
CUST_3671,62,Monthly,3550.5992563082004,1,20.0,0,SMB,0,Loyal
CUST_3672,17,Annual,2090.1625679378794,4,27.0,0,SMB,0,Mid-Tenure
CUST_3673,43,Annual,4138.736143592554,2,18.0,0,SMB,0,Loyal
CUST_3674,25,Monthly,1561.26223354942,3,22.0,10,SMB,1,Mid-Tenure
CUST_3675,3,Multi-Year,2575.7173991852223,1,13.0,0,SMB,0,New
CUST_3676,29,Monthly,2626.3878588990533,2,26.0,0,SMB,0,Mid-Tenure
CUST_3677,32,Monthly,2033.675459915077,5,5.0,0,SMB,1,Mid-Tenure
CUST_3678,26,Monthly,4795.997455063252,4,17.0,15,SMB,0,Mid-Tenure
CUST_3679,16,Annual,3635.078150817956,4,7.0,0,SMB,0,Mid-Tenure
CUST_3680,25,Annual,2926.3970089728573,7,4.0,0,SMB,0,Mid-Tenure
CUST_3681,54,Monthly,2797.317920248918,1,21.0,0,SMB,0,Loyal
CUST_3682,28,Monthly,1216.8324161199344,1,7.0,0,SMB,0,Mid-Tenure
CUST_3683,56,Annual,2174.8410368064424,5,28.0,0,Enterprise,0,Loyal
CUST_3684,65,Monthly,3527.479916280983,1,5.0,0,SMB,0,Loyal
CUST_3685,41,Monthly,4660.5659885903015,1,9.0,0,SMB,0,Loyal
CUST_3686,51,Annual,4174.088267263273,1,2.0,0,Enterprise,0,Loyal
CUST_3687,71,Monthly,1851.7541178198703,7,12.0,0,Enterprise,1,Loyal
CUST_3688,29,Multi-Year,2452.8048156047,2,6.0,0,Enterprise,0,Mid-Tenure
CUST_3689,19,Monthly,873.1288432075755,0,29.0,10,SMB,1,Mid-Tenure
CUST_3690,66,Annual,959.7754536601135,2,3.0,0,SMB,0,Loyal
CUST_3691,41,Monthly,2616.036741494218,4,12.0,0,SMB,0,Loyal
CUST_3692,45,Multi-Year,2885.9873306769505,5,5.0,0,SMB,0,Loyal
CUST_3693,15,Monthly,1688.121930636113,3,15.0,0,Enterprise,0,Mid-Tenure
CUST_3694,3,Annual,3392.522101336736,3,21.0,0,SMB,0,New
CUST_3695,11,Annual,3665.21308511062,2,26.0,0,SMB,0,New
CUST_3696,53,Monthly,1846.0225922538098,4,20.0,2,SMB,0,Loyal
CUST_3697,46,Monthly,3912.9112656839384,0,28.0,0,Enterprise,1,Loyal
CUST_3698,30,Annual,1425.2221356761002,2,0.0,0,SMB,0,Mid-Tenure
CUST_3699,57,Multi-Year,2949.1311977400824,5,29.0,5,Enterprise,0,Loyal
CUST_3700,18,Monthly,4119.2649210297795,7,23.0,0,SMB,0,Mid-Tenure
CUST_3701,51,Monthly,2916.540885571499,1,12.0,2,Enterprise,0,Loyal
CUST_3702,48,Multi-Year,4585.832233344728,3,29.0,0,SMB,0,Loyal
CUST_3703,66,Monthly,763.2555479358612,0,25.0,0,Enterprise,0,Loyal
CUST_3704,8,Multi-Year,3147.412304711623,5,1.0,0,SMB,0,New
CUST_3705,22,Annual,3027.8995364497555,2,19.0,0,Enterprise,0,Mid-Tenure
CUST_3706,6,Annual,3471.5899784420812,5,28.0,5,SMB,0,New
CUST_3707,57,Monthly,4250.330774061385,1,27.0,0,SMB,0,Loyal
CUST_3708,36,Monthly,3766.3388795227775,3,18.0,0,SMB,0,Mid-Tenure
CUST_3709,57,Annual,4056.272309177788,0,5.0,0,SMB,0,Loyal
CUST_3710,49,Multi-Year,1799.6752657292968,1,10.0,0,SMB,0,Loyal
CUST_3711,45,Multi-Year,2243.7382035603405,2,16.0,2,SMB,0,Loyal
CUST_3712,66,Monthly,3320.4963832080366,1,8.0,0,SMB,0,Loyal
CUST_3713,45,Monthly,2990.5766236622085,1,4.0,2,SMB,0,Loyal
CUST_3714,20,Monthly,4824.967437367414,2,4.0,2,SMB,1,Mid-Tenure
CUST_3715,64,Multi-Year,1340.755249704887,3,15.0,0,SMB,0,Loyal
CUST_3716,67,Monthly,2080.7526760301375,1,3.0,0,SMB,0,Loyal
CUST_3717,3,Monthly,3077.3985497818467,1,19.0,0,SMB,1,New
CUST_3718,54,Monthly,4405.836964712684,5,28.0,0,SMB,0,Loyal
CUST_3719,64,Monthly,4682.068361109463,1,12.0,0,SMB,0,Loyal
CUST_3720,40,Multi-Year,2012.1634887241935,4,16.0,10,SMB,0,Loyal
CUST_3721,59,Annual,801.9880768685823,2,8.0,0,SMB,0,Loyal
CUST_3722,55,Monthly,2397.288640649833,3,24.0,0,SMB,1,Loyal
CUST_3723,62,Monthly,2274.548644550782,6,12.0,0,Enterprise,0,Loyal
CUST_3724,4,Monthly,4939.191805683603,0,15.0,0,SMB,0,New
CUST_3725,60,Monthly,2439.775599308552,1,19.0,0,Enterprise,0,Loyal
CUST_3726,30,Monthly,1875.7534968645325,2,9.0,0,SMB,0,Mid-Tenure
CUST_3727,2,Annual,2144.198185407203,4,9.0,0,SMB,0,New
CUST_3728,62,Monthly,2286.168262807162,0,19.0,0,SMB,1,Loyal
CUST_3729,49,Monthly,4196.931719884771,3,27.0,0,SMB,0,Loyal
CUST_3730,9,Monthly,864.5670177406887,5,15.0,5,SMB,0,New
CUST_3731,31,Annual,1924.28171993762,0,22.0,0,Enterprise,0,Mid-Tenure
CUST_3732,61,Annual,4848.433213581949,2,19.0,2,SMB,0,Loyal
CUST_3733,48,Annual,1188.9612715945998,4,0.0,0,SMB,0,Loyal
CUST_3734,25,Annual,3841.705946896655,3,10.0,2,SMB,0,Mid-Tenure
CUST_3735,36,Annual,2103.7707553923065,3,12.0,0,Enterprise,0,Mid-Tenure
CUST_3736,8,Monthly,3118.0348678753644,3,24.0,2,Enterprise,0,New
CUST_3737,58,Multi-Year,947.9661732899692,0,17.0,5,SMB,0,Loyal
CUST_3738,45,Monthly,1878.8525030927594,6,4.0,2,Enterprise,0,Loyal
CUST_3739,62,Monthly,2753.8922374739973,2,3.0,2,SMB,1,Loyal
CUST_3740,39,Annual,1542.6529617913627,5,23.0,0,SMB,0,Loyal
CUST_3741,58,Monthly,2938.414743739185,5,5.0,0,SMB,1,Loyal
CUST_3742,64,Multi-Year,1488.9169132822235,2,14.0,0,SMB,0,Loyal
CUST_3743,44,Monthly,3425.4524869274924,3,22.0,0,SMB,1,Loyal
CUST_3744,29,Multi-Year,4569.594531126414,3,1.0,0,Enterprise,0,Mid-Tenure
CUST_3745,59,Multi-Year,884.6988680820714,2,3.0,0,Enterprise,0,Loyal
CUST_3746,71,Multi-Year,1474.7721609923885,6,13.0,0,Enterprise,0,Loyal
CUST_3747,9,Multi-Year,4299.903622671485,3,3.0,0,SMB,0,New
CUST_3748,6,Multi-Year,3341.990684488809,3,27.0,0,SMB,0,New
CUST_3749,29,Annual,854.1901271415436,3,28.0,0,SMB,0,Mid-Tenure
CUST_3750,58,Monthly,2688.575517992729,2,17.0,0,Enterprise,0,Loyal
CUST_3751,17,Monthly,1443.9133175510076,3,25.0,0,Enterprise,0,Mid-Tenure
CUST_3752,16,Annual,1395.9337733153138,3,19.0,10,SMB,0,Mid-Tenure
CUST_3753,3,Multi-Year,4732.904045122357,2,15.0,5,SMB,0,New
CUST_3754,21,Annual,3926.9369663424905,1,8.0,0,SMB,0,Mid-Tenure
CUST_3755,64,Multi-Year,3633.037670858647,1,7.0,0,SMB,0,Loyal
CUST_3756,36,Multi-Year,1575.1796768503639,2,10.0,0,SMB,0,Mid-Tenure
CUST_3757,62,Monthly,1033.5804486842771,0,13.0,0,SMB,0,Loyal
CUST_3758,42,Monthly,4418.746795784075,0,16.0,0,SMB,0,Loyal
CUST_3759,42,Monthly,526.4580620410292,5,12.0,10,Enterprise,1,Loyal
CUST_3760,61,Monthly,2246.433906654588,3,7.0,10,Enterprise,1,Loyal
CUST_3761,13,Annual,1749.256263326001,3,13.0,2,SMB,1,Mid-Tenure
CUST_3762,11,Multi-Year,3066.6929015697065,1,10.0,0,SMB,0,New
CUST_3763,54,Annual,1627.287961486256,2,8.0,0,SMB,0,Loyal
CUST_3764,16,Monthly,1900.424116977386,3,7.0,0,Enterprise,0,Mid-Tenure
CUST_3765,8,Monthly,4325.179347469371,3,13.0,0,SMB,1,New
CUST_3766,59,Monthly,3214.349705320334,2,14.0,0,SMB,0,Loyal
CUST_3767,57,Annual,1155.5713729821578,2,25.0,0,Enterprise,0,Loyal
CUST_3768,40,Monthly,3769.121945731242,3,0.0,2,Enterprise,0,Loyal
CUST_3769,59,Monthly,1433.5664066594527,0,23.0,2,Enterprise,1,Loyal
CUST_3770,2,Monthly,2448.5221855061604,1,11.0,0,Enterprise,1,New
CUST_3771,10,Monthly,3409.73256577682,3,4.0,2,SMB,1,New
CUST_3772,44,Multi-Year,1723.6829185586928,1,24.0,0,Enterprise,0,Loyal
CUST_3773,11,Monthly,2228.480666041065,1,13.0,0,SMB,1,New
CUST_3774,2,Monthly,3803.6731878686787,2,24.0,0,SMB,0,New
CUST_3775,50,Monthly,4720.599290409546,2,21.0,0,SMB,1,Loyal
CUST_3776,12,Monthly,2881.6027563176285,5,15.0,0,SMB,1,New
CUST_3777,23,Annual,544.8693720048024,6,18.0,0,SMB,0,Mid-Tenure
CUST_3778,18,Annual,2023.0868805882371,4,27.0,15,Enterprise,0,Mid-Tenure
CUST_3779,62,Monthly,2293.854506804905,4,15.0,0,SMB,0,Loyal
CUST_3780,62,Annual,2026.2812900100982,2,6.0,5,Enterprise,0,Loyal
CUST_3781,38,Monthly,2463.209875020032,2,2.0,0,SMB,0,Loyal
CUST_3782,67,Annual,3346.998142182799,3,22.0,0,SMB,0,Loyal
CUST_3783,38,Monthly,1045.0761214898894,4,7.0,0,SMB,1,Loyal
CUST_3784,67,Monthly,1726.8372899037747,4,20.0,0,SMB,0,Loyal
CUST_3785,61,Annual,2784.4163870793104,2,20.0,0,SMB,0,Loyal
CUST_3786,1,Multi-Year,1920.079886809888,2,13.0,0,Enterprise,0,New
CUST_3787,45,Annual,4959.884021609118,1,19.0,2,SMB,0,Loyal
CUST_3788,28,Monthly,2441.4416016686973,0,2.0,0,Enterprise,1,Mid-Tenure
CUST_3789,21,Monthly,4414.096191164974,1,27.0,0,SMB,0,Mid-Tenure
CUST_3790,13,Multi-Year,4534.29426026239,2,23.0,0,SMB,0,Mid-Tenure
CUST_3791,27,Monthly,4262.031498750575,6,10.0,2,Enterprise,0,Mid-Tenure
CUST_3792,7,Monthly,711.0420842532551,3,21.0,0,SMB,0,New
CUST_3793,22,Monthly,4764.860292260081,3,13.0,0,SMB,1,Mid-Tenure
CUST_3794,53,Monthly,1079.341529599296,6,21.0,0,SMB,0,Loyal
CUST_3795,4,Monthly,654.8163247143252,1,1.0,0,Enterprise,1,New
CUST_3796,23,Monthly,2364.663235579509,3,3.0,10,SMB,0,Mid-Tenure
CUST_3797,70,Monthly,1375.8531474103524,1,20.0,0,SMB,0,Loyal
CUST_3798,33,Multi-Year,1328.884383484563,1,26.0,2,SMB,0,Mid-Tenure
CUST_3799,28,Monthly,1795.1882601926777,6,25.0,0,Enterprise,0,Mid-Tenure
CUST_3800,8,Monthly,1617.8252236108467,1,4.0,0,SMB,0,New
CUST_3801,1,Annual,3581.579309675689,4,18.0,10,SMB,0,New
CUST_3802,37,Annual,1340.4978798623151,1,9.0,0,SMB,0,Loyal
CUST_3803,63,Monthly,2944.0323733876635,3,20.0,2,SMB,1,Loyal
CUST_3804,22,Multi-Year,4938.919457645884,5,20.0,0,SMB,0,Mid-Tenure
CUST_3805,70,Monthly,2445.7208943033,1,1.0,0,SMB,0,Loyal
CUST_3806,21,Multi-Year,3388.428989579464,2,20.0,0,SMB,0,Mid-Tenure
CUST_3807,35,Monthly,4862.172549784432,8,2.0,5,SMB,0,Mid-Tenure
CUST_3808,5,Monthly,1119.3754911861392,2,14.0,2,SMB,0,New
CUST_3809,60,Multi-Year,2383.7315418187222,3,18.0,0,Enterprise,0,Loyal
CUST_3810,46,Annual,4325.865800878643,2,20.0,0,SMB,0,Loyal
CUST_3811,50,Monthly,4695.375572351959,3,24.0,0,SMB,0,Loyal
CUST_3812,48,Monthly,3205.562260815073,5,29.0,0,SMB,0,Loyal
CUST_3813,6,Monthly,1145.3927114310052,2,1.0,0,SMB,0,New
CUST_3814,56,Annual,4556.622127764447,3,24.0,0,SMB,0,Loyal
CUST_3815,59,Monthly,1285.0095478592416,4,2.0,2,Enterprise,0,Loyal
CUST_3816,29,Monthly,2087.9503174945335,2,28.0,2,SMB,0,Mid-Tenure
CUST_3817,71,Monthly,2189.785899930178,2,11.0,2,Enterprise,0,Loyal
CUST_3818,18,Annual,2512.8119294268263,1,22.0,10,Enterprise,0,Mid-Tenure
CUST_3819,2,Multi-Year,4055.746171689273,1,27.0,0,SMB,0,New
CUST_3820,8,Annual,4109.649701461181,3,13.0,5,SMB,0,New
CUST_3821,54,Monthly,3738.447829751514,5,16.0,0,SMB,1,Loyal
CUST_3822,38,Multi-Year,599.5790348971173,1,15.0,10,Enterprise,0,Loyal
CUST_3823,48,Annual,3041.802959977182,1,16.0,0,SMB,0,Loyal
CUST_3824,27,Multi-Year,3863.7183014662996,3,23.0,0,SMB,0,Mid-Tenure
CUST_3825,20,Monthly,2500.8135802769425,6,8.0,2,Enterprise,0,Mid-Tenure
CUST_3826,12,Monthly,4752.2122041442835,0,2.0,5,SMB,0,New
CUST_3827,43,Annual,4207.14734846158,2,21.0,2,SMB,0,Loyal
CUST_3828,61,Monthly,3371.6977946907386,0,13.0,2,SMB,1,Loyal
CUST_3829,31,Annual,780.9133265713101,2,2.0,0,SMB,0,Mid-Tenure
CUST_3830,61,Multi-Year,3435.558114124122,1,5.0,2,SMB,0,Loyal
CUST_3831,67,Multi-Year,4602.108205634985,1,22.0,2,SMB,0,Loyal
CUST_3832,35,Multi-Year,2207.504240964281,3,20.0,2,SMB,0,Mid-Tenure
CUST_3833,15,Annual,4271.596365224124,1,18.0,0,Enterprise,0,Mid-Tenure
CUST_3834,16,Monthly,1909.2251428798054,1,23.0,0,SMB,0,Mid-Tenure
CUST_3835,13,Monthly,3065.4648119628623,4,12.0,0,SMB,0,Mid-Tenure
CUST_3836,35,Monthly,3417.9098826685204,4,4.0,0,SMB,1,Mid-Tenure
CUST_3837,59,Annual,3550.977669015027,2,0.0,10,Enterprise,1,Loyal
CUST_3838,21,Monthly,4471.471915089567,2,11.0,0,Enterprise,0,Mid-Tenure
CUST_3839,54,Monthly,1555.8002015282693,3,14.0,0,SMB,0,Loyal
CUST_3840,30,Annual,1680.663133800386,1,24.0,15,SMB,0,Mid-Tenure
CUST_3841,48,Annual,3668.1844698983155,6,18.0,0,Enterprise,0,Loyal
CUST_3842,35,Multi-Year,1297.3721561781713,1,1.0,0,SMB,0,Mid-Tenure
CUST_3843,38,Annual,2589.2168223378217,4,2.0,0,SMB,0,Loyal
CUST_3844,31,Annual,590.1547283474681,3,6.0,0,SMB,0,Mid-Tenure
CUST_3845,24,Annual,1134.4070164555135,6,27.0,0,Enterprise,0,Mid-Tenure
CUST_3846,49,Multi-Year,3554.8087326298764,3,10.0,5,Enterprise,0,Loyal
CUST_3847,32,Annual,3863.5772156678927,6,27.0,0,SMB,0,Mid-Tenure
CUST_3848,55,Multi-Year,1018.9356495704458,4,9.0,0,SMB,0,Loyal
CUST_3849,58,Multi-Year,1524.6929768503865,2,7.0,0,Enterprise,0,Loyal
CUST_3850,3,Multi-Year,945.07000941673,3,1.0,0,SMB,0,New
CUST_3851,69,Monthly,2450.357797663026,6,13.0,0,SMB,1,Loyal
CUST_3852,10,Monthly,1067.5223183508497,3,12.0,0,SMB,1,New
CUST_3853,25,Monthly,2467.832077251005,1,6.0,5,SMB,1,Mid-Tenure
CUST_3854,68,Monthly,3794.4421511050923,2,26.0,0,Enterprise,0,Loyal
CUST_3855,61,Monthly,3575.2488491453787,2,20.0,0,SMB,0,Loyal
CUST_3856,29,Monthly,1762.0721908333035,3,8.0,0,SMB,0,Mid-Tenure
CUST_3857,19,Monthly,3531.9314716111962,2,6.0,0,SMB,0,Mid-Tenure
CUST_3858,43,Annual,4674.704589048096,6,0.0,0,Enterprise,0,Loyal
CUST_3859,66,Annual,2063.85974188212,1,0.0,0,Enterprise,0,Loyal
CUST_3860,61,Monthly,1981.0361916392296,3,5.0,5,SMB,0,Loyal
CUST_3861,43,Annual,3071.4739316690784,6,24.0,0,Enterprise,0,Loyal
CUST_3862,25,Annual,1604.7581496236232,1,0.0,0,SMB,0,Mid-Tenure
CUST_3863,20,Annual,3432.1051759111338,2,15.0,2,Enterprise,0,Mid-Tenure
CUST_3864,48,Multi-Year,4245.177968026164,5,2.0,0,SMB,0,Loyal
CUST_3865,24,Monthly,2566.9332729438443,3,12.0,0,SMB,0,Mid-Tenure
CUST_3866,11,Monthly,3557.782962177721,2,20.0,0,SMB,0,New
CUST_3867,55,Monthly,3433.4844074734788,1,3.0,10,SMB,1,Loyal
CUST_3868,28,Monthly,673.9950283141528,2,16.0,10,Enterprise,1,Mid-Tenure
CUST_3869,69,Annual,1325.3733282909939,2,9.0,0,Enterprise,0,Loyal
CUST_3870,63,Monthly,4520.885008181584,4,3.0,0,SMB,0,Loyal
CUST_3871,59,Monthly,4725.014663142587,3,19.0,0,SMB,0,Loyal
CUST_3872,5,Monthly,4011.978379600298,4,26.0,0,Enterprise,0,New
CUST_3873,51,Monthly,4645.6166674746255,4,11.0,0,SMB,0,Loyal
CUST_3874,21,Annual,1877.6689291335865,3,25.0,0,SMB,0,Mid-Tenure
CUST_3875,12,Annual,1614.6993730057115,2,12.0,2,Enterprise,0,New
CUST_3876,50,Monthly,2229.35084402234,1,3.0,0,SMB,0,Loyal
CUST_3877,4,Monthly,749.0389934770378,2,15.0,0,SMB,1,New
CUST_3878,42,Monthly,4144.422285685975,2,18.0,2,SMB,0,Loyal
CUST_3879,38,Monthly,4928.789683017848,2,6.0,2,SMB,1,Loyal
CUST_3880,25,Multi-Year,4208.131815964744,4,0.0,0,SMB,0,Mid-Tenure
CUST_3881,14,Monthly,2997.3890068364667,3,15.0,5,SMB,0,Mid-Tenure
CUST_3882,32,Annual,1828.768867173274,2,1.0,0,SMB,0,Mid-Tenure
CUST_3883,11,Multi-Year,1389.6404984461128,4,0.0,0,SMB,0,New
CUST_3884,61,Monthly,2138.28292308497,2,13.0,0,SMB,0,Loyal
CUST_3885,18,Monthly,3501.3628829669283,1,19.0,0,SMB,0,Mid-Tenure
CUST_3886,27,Multi-Year,2511.776999933706,3,4.0,0,Enterprise,0,Mid-Tenure
CUST_3887,55,Multi-Year,4703.269190380187,1,26.0,0,SMB,0,Loyal
CUST_3888,54,Monthly,4343.991543345795,1,14.0,0,Enterprise,0,Loyal
CUST_3889,21,Annual,960.8027718330453,2,9.0,0,SMB,0,Mid-Tenure
CUST_3890,44,Multi-Year,1091.8635074856948,5,20.0,0,SMB,0,Loyal
CUST_3891,5,Monthly,3543.076333850499,3,1.0,0,Enterprise,1,New
CUST_3892,41,Multi-Year,1538.4577549115945,0,10.0,0,SMB,0,Loyal
CUST_3893,59,Monthly,4059.6344465528805,3,15.0,0,SMB,0,Loyal
CUST_3894,54,Annual,3161.111640468589,2,18.0,0,SMB,0,Loyal
CUST_3895,22,Multi-Year,1534.237374800075,2,3.0,15,SMB,0,Mid-Tenure
CUST_3896,65,Multi-Year,2654.09058866266,6,9.0,2,Enterprise,0,Loyal
CUST_3897,64,Monthly,2327.3433156516503,0,21.0,0,SMB,0,Loyal
CUST_3898,71,Monthly,4429.217116352322,3,21.0,0,Enterprise,0,Loyal
CUST_3899,4,Annual,644.7311373967262,2,11.0,0,SMB,0,New
CUST_3900,65,Annual,4531.297507100555,1,1.0,0,SMB,0,Loyal
CUST_3901,15,Annual,3434.372072958845,3,1.0,0,Enterprise,0,Mid-Tenure
CUST_3902,22,Multi-Year,3818.9218439677043,3,8.0,0,Enterprise,0,Mid-Tenure
CUST_3903,47,Multi-Year,511.73358526685183,0,11.0,0,Enterprise,0,Loyal
CUST_3904,46,Monthly,3327.0774531675456,6,1.0,0,SMB,0,Loyal
CUST_3905,14,Monthly,3148.1877366996173,2,17.0,0,SMB,0,Mid-Tenure
CUST_3906,50,Monthly,2917.4250037383495,4,15.0,0,SMB,0,Loyal
CUST_3907,20,Annual,4036.4008551764823,1,18.0,5,SMB,0,Mid-Tenure
CUST_3908,50,Annual,3001.4199337842733,3,14.0,0,SMB,0,Loyal
CUST_3909,33,Annual,4356.937353019359,4,24.0,0,SMB,0,Mid-Tenure
CUST_3910,59,Monthly,1546.8416888433726,3,29.0,0,Enterprise,1,Loyal
CUST_3911,43,Monthly,4126.921650372649,5,15.0,0,SMB,0,Loyal
CUST_3912,12,Monthly,1306.9074777116257,0,5.0,0,SMB,0,New
CUST_3913,40,Annual,4159.030063860409,3,26.0,0,Enterprise,0,Loyal
CUST_3914,20,Monthly,4732.085834728555,4,14.0,0,SMB,0,Mid-Tenure
CUST_3915,38,Monthly,2010.6236403967284,1,11.0,2,SMB,0,Loyal
CUST_3916,3,Monthly,2884.4884129108495,0,21.0,0,SMB,0,New
CUST_3917,28,Annual,3462.4806031541643,3,11.0,0,SMB,0,Mid-Tenure
CUST_3918,56,Monthly,857.6224963452257,0,9.0,10,SMB,1,Loyal
CUST_3919,13,Multi-Year,2723.3632319185413,3,20.0,0,SMB,0,Mid-Tenure
CUST_3920,66,Annual,2122.6323946471102,0,14.0,0,SMB,0,Loyal
CUST_3921,37,Annual,4426.050340630886,2,22.0,0,SMB,0,Loyal
CUST_3922,49,Annual,4445.057834187468,4,26.0,0,SMB,0,Loyal
CUST_3923,66,Monthly,3653.5079279625656,4,3.0,0,SMB,0,Loyal
CUST_3924,36,Monthly,3450.760135666242,3,9.0,0,Enterprise,0,Mid-Tenure
CUST_3925,54,Multi-Year,3801.5980667413555,2,25.0,0,SMB,0,Loyal
CUST_3926,26,Annual,2146.941054512632,2,18.0,0,SMB,0,Mid-Tenure
CUST_3927,40,Multi-Year,2320.3366103778144,4,22.0,0,Enterprise,0,Loyal
CUST_3928,43,Annual,2991.6712529991737,2,13.0,2,SMB,0,Loyal
CUST_3929,22,Monthly,4721.126573140104,3,9.0,2,SMB,0,Mid-Tenure
CUST_3930,20,Monthly,3757.9994335380316,3,16.0,0,Enterprise,0,Mid-Tenure
CUST_3931,8,Annual,2979.451600233005,1,21.0,15,SMB,1,New
CUST_3932,29,Monthly,3966.8585670352154,0,28.0,0,Enterprise,0,Mid-Tenure
CUST_3933,40,Monthly,2169.0064050729125,4,26.0,2,Enterprise,0,Loyal
CUST_3934,30,Multi-Year,3787.100155149668,4,26.0,0,SMB,0,Mid-Tenure
CUST_3935,55,Monthly,2348.0431172721514,5,10.0,2,SMB,1,Loyal
CUST_3936,16,Monthly,1758.4763315674375,5,17.0,10,SMB,1,Mid-Tenure
CUST_3937,46,Multi-Year,3243.758213850316,1,1.0,0,SMB,0,Loyal
CUST_3938,62,Multi-Year,3590.94901842583,4,10.0,0,Enterprise,0,Loyal
CUST_3939,7,Monthly,2566.8210253080388,1,7.0,2,SMB,0,New
CUST_3940,45,Multi-Year,3044.7532910997566,2,18.0,0,SMB,0,Loyal
CUST_3941,59,Multi-Year,3623.297336851806,7,24.0,0,SMB,0,Loyal
CUST_3942,56,Monthly,3954.6952320087926,3,15.0,0,SMB,0,Loyal
CUST_3943,48,Monthly,4530.071655873843,5,3.0,0,SMB,0,Loyal
CUST_3944,27,Monthly,2095.4489281894766,2,13.0,0,SMB,0,Mid-Tenure
CUST_3945,53,Annual,4781.647637836671,3,21.0,0,Enterprise,0,Loyal
CUST_3946,35,Monthly,3367.759145553894,2,16.0,0,SMB,0,Mid-Tenure
CUST_3947,51,Multi-Year,4044.658472145265,4,10.0,5,SMB,0,Loyal
CUST_3948,37,Annual,3648.9606956664725,3,25.0,0,SMB,0,Loyal
CUST_3949,57,Annual,1425.0727640678297,3,25.0,0,SMB,0,Loyal
CUST_3950,8,Multi-Year,821.4727235397274,3,2.0,0,SMB,0,New
CUST_3951,20,Multi-Year,3768.289088081541,0,3.0,5,SMB,1,Mid-Tenure
CUST_3952,53,Monthly,2799.737005075594,2,20.0,0,SMB,1,Loyal
CUST_3953,12,Monthly,3659.960157837461,3,12.0,2,SMB,0,New
CUST_3954,49,Annual,2645.792617619569,2,16.0,0,SMB,0,Loyal
CUST_3955,17,Monthly,1905.0553418742682,1,29.0,0,Enterprise,1,Mid-Tenure
CUST_3956,64,Monthly,1782.5805916680572,1,19.0,0,SMB,0,Loyal
CUST_3957,42,Annual,3787.394588914974,2,20.0,0,SMB,0,Loyal
CUST_3958,29,Multi-Year,1745.5103665959862,3,19.0,2,SMB,0,Mid-Tenure
CUST_3959,19,Monthly,3716.045919164394,4,9.0,0,Enterprise,0,Mid-Tenure
CUST_3960,11,Annual,2227.8205684282034,1,25.0,0,SMB,0,New
CUST_3961,50,Monthly,3969.0428194346114,0,22.0,2,SMB,0,Loyal
CUST_3962,71,Annual,1142.644666022013,7,23.0,0,Enterprise,0,Loyal
CUST_3963,58,Monthly,1422.409744419555,0,11.0,0,Enterprise,0,Loyal
CUST_3964,34,Multi-Year,3586.602225740736,1,7.0,10,Enterprise,1,Mid-Tenure
CUST_3965,20,Monthly,3021.040040892182,0,2.0,0,SMB,1,Mid-Tenure
CUST_3966,50,Annual,1417.4525417971963,5,28.0,2,SMB,0,Loyal
CUST_3967,10,Monthly,4562.721552770698,3,20.0,2,SMB,1,New
CUST_3968,32,Monthly,1741.7486633569083,3,9.0,0,SMB,0,Mid-Tenure
CUST_3969,52,Monthly,2394.8212918713525,2,23.0,0,Enterprise,0,Loyal
CUST_3970,15,Monthly,1410.295738426421,5,6.0,0,SMB,1,Mid-Tenure
CUST_3971,3,Monthly,2246.124282536814,0,29.0,0,SMB,1,New
CUST_3972,37,Monthly,2712.410375501634,0,24.0,2,SMB,0,Loyal
CUST_3973,40,Annual,1828.611745308136,0,28.0,0,SMB,0,Loyal
CUST_3974,40,Annual,3960.9215293841753,3,9.0,0,SMB,0,Loyal
CUST_3975,56,Monthly,2272.6984039081117,4,6.0,0,SMB,0,Loyal
CUST_3976,23,Annual,3782.794999814452,1,17.0,0,SMB,0,Mid-Tenure
CUST_3977,11,Monthly,1431.8247892560953,2,19.0,0,SMB,0,New
CUST_3978,64,Annual,2196.6597355693043,3,27.0,2,SMB,0,Loyal
CUST_3979,8,Monthly,536.2623000299083,3,13.0,0,SMB,1,New
CUST_3980,56,Annual,3913.869127611703,2,11.0,2,Enterprise,0,Loyal
CUST_3981,60,Monthly,3316.4898994871787,3,7.0,0,SMB,0,Loyal
CUST_3982,10,Multi-Year,4180.204962142053,2,24.0,0,SMB,0,New
CUST_3983,39,Monthly,2550.2485464622096,2,6.0,0,SMB,0,Loyal
CUST_3984,28,Monthly,4098.832896707776,2,4.0,10,Enterprise,1,Mid-Tenure
CUST_3985,49,Monthly,3414.1214492194026,1,0.0,0,SMB,0,Loyal
CUST_3986,36,Multi-Year,516.2581964040739,1,14.0,10,Enterprise,1,Mid-Tenure
CUST_3987,13,Annual,1641.6243278983036,0,8.0,2,SMB,0,Mid-Tenure
CUST_3988,36,Annual,2722.511084928116,3,11.0,2,SMB,0,Mid-Tenure
CUST_3989,26,Multi-Year,3284.0930737038707,3,21.0,0,SMB,0,Mid-Tenure
CUST_3990,4,Multi-Year,795.1588909908671,2,17.0,0,SMB,0,New
CUST_3991,64,Annual,3672.8596768270627,2,10.0,0,SMB,0,Loyal
CUST_3992,38,Monthly,2945.9124394126693,3,9.0,0,SMB,1,Loyal
CUST_3993,22,Multi-Year,2866.0068806822856,3,9.0,5,SMB,0,Mid-Tenure
CUST_3994,2,Monthly,1814.205011440618,5,17.0,2,SMB,1,New
CUST_3995,31,Annual,3176.703947707596,3,25.0,2,SMB,0,Mid-Tenure
CUST_3996,11,Annual,623.718003342986,1,0.0,0,Enterprise,0,New
CUST_3997,46,Annual,791.1514872679481,4,27.0,0,SMB,0,Loyal
CUST_3998,62,Annual,3802.4153924577868,2,19.0,0,SMB,0,Loyal
CUST_3999,69,Annual,1948.5110414028375,3,25.0,0,SMB,0,Loyal
CUST_4000,64,Multi-Year,2061.351840310177,2,10.0,5,SMB,0,Loyal
CUST_4001,10,Monthly,1437.7334146540334,7,28.0,2,SMB,1,New
CUST_4002,40,Monthly,2505.2931144496947,1,1.0,0,SMB,0,Loyal
CUST_4003,24,Annual,733.9704413508514,3,25.0,0,SMB,0,Mid-Tenure
CUST_4004,44,Multi-Year,1851.6345060700114,1,10.0,0,SMB,0,Loyal
CUST_4005,60,Monthly,2872.057647999639,1,24.0,0,SMB,0,Loyal
CUST_4006,62,Monthly,2595.3436470161164,1,1.0,0,Enterprise,0,Loyal
CUST_4007,17,Monthly,4998.513394053652,2,26.0,0,SMB,0,Mid-Tenure
CUST_4008,65,Monthly,2249.440934526095,1,8.0,0,Enterprise,0,Loyal
CUST_4009,57,Multi-Year,2241.4957666443897,2,0.0,2,Enterprise,0,Loyal
CUST_4010,55,Annual,2766.1179983650713,5,29.0,0,Enterprise,0,Loyal
CUST_4011,53,Annual,1356.3639962205343,2,22.0,2,SMB,0,Loyal
CUST_4012,56,Annual,4443.36990331621,1,5.0,0,SMB,0,Loyal
CUST_4013,9,Annual,3075.2050498900185,6,21.0,10,SMB,1,New
CUST_4014,22,Monthly,1364.4843763974009,0,1.0,15,Enterprise,1,Mid-Tenure
CUST_4015,13,Monthly,4070.4871611745953,3,14.0,0,SMB,0,Mid-Tenure
CUST_4016,48,Monthly,654.4947701428396,1,0.0,0,SMB,1,Loyal
CUST_4017,18,Monthly,4921.538902634423,2,25.0,0,Enterprise,0,Mid-Tenure
CUST_4018,40,Monthly,4393.172006471172,0,23.0,0,Enterprise,0,Loyal
CUST_4019,17,Monthly,3108.3775499030894,2,23.0,0,SMB,0,Mid-Tenure
CUST_4020,15,Monthly,1000.8304824067991,4,17.0,0,SMB,0,Mid-Tenure
CUST_4021,15,Monthly,1468.7274798035214,1,3.0,2,SMB,0,Mid-Tenure
CUST_4022,63,Annual,1757.4582664110342,5,28.0,0,SMB,0,Loyal
CUST_4023,39,Monthly,1584.6428205662494,3,12.0,0,Enterprise,0,Loyal
CUST_4024,13,Multi-Year,2738.840047040506,4,3.0,0,Enterprise,0,Mid-Tenure
CUST_4025,32,Monthly,4750.521666202165,1,14.0,5,SMB,1,Mid-Tenure
CUST_4026,9,Annual,2498.7766314551473,1,1.0,0,SMB,0,New
CUST_4027,40,Multi-Year,3477.0405567803246,3,26.0,0,SMB,0,Loyal
CUST_4028,20,Multi-Year,3598.6244269047043,4,8.0,5,SMB,0,Mid-Tenure
CUST_4029,63,Multi-Year,4422.113263645172,2,11.0,0,SMB,0,Loyal
CUST_4030,44,Monthly,652.1957940718366,5,13.0,0,SMB,0,Loyal
CUST_4031,38,Monthly,2319.48526706394,1,19.0,0,Enterprise,0,Loyal
CUST_4032,60,Monthly,4031.308013387447,5,3.0,0,Enterprise,0,Loyal
CUST_4033,71,Monthly,4166.901567344508,5,14.0,0,SMB,1,Loyal
CUST_4034,48,Monthly,4672.99676828305,4,3.0,5,SMB,0,Loyal
CUST_4035,18,Multi-Year,3662.5746191810103,0,4.0,0,SMB,0,Mid-Tenure
CUST_4036,16,Annual,1603.1927574713457,3,9.0,0,SMB,0,Mid-Tenure
CUST_4037,55,Annual,2775.4958438797016,2,11.0,0,SMB,0,Loyal
CUST_4038,39,Multi-Year,645.553795635039,0,11.0,0,SMB,0,Loyal
CUST_4039,68,Annual,3411.1775349421105,2,7.0,0,SMB,0,Loyal
CUST_4040,59,Annual,2994.3284517894053,4,3.0,5,SMB,0,Loyal
CUST_4041,62,Annual,3500.763263425819,3,2.0,5,Enterprise,0,Loyal
CUST_4042,13,Monthly,4685.632490244179,1,26.0,0,Enterprise,0,Mid-Tenure
CUST_4043,6,Monthly,3592.7447527419417,3,0.0,0,SMB,0,New
CUST_4044,60,Multi-Year,1942.0246866864254,0,17.0,0,SMB,0,Loyal
CUST_4045,14,Multi-Year,1394.3149874157054,0,19.0,5,SMB,0,Mid-Tenure
CUST_4046,54,Multi-Year,4345.862930683947,2,24.0,0,SMB,0,Loyal
CUST_4047,4,Monthly,1374.4946447319226,3,13.0,0,SMB,0,New
CUST_4048,39,Multi-Year,1227.2431126791375,1,16.0,2,SMB,0,Loyal
CUST_4049,25,Monthly,1429.754363064391,1,5.0,0,SMB,1,Mid-Tenure
CUST_4050,32,Monthly,2789.7838165872804,4,5.0,0,SMB,0,Mid-Tenure
CUST_4051,59,Monthly,1058.8434942175559,3,9.0,0,SMB,0,Loyal
CUST_4052,63,Monthly,4721.53248768516,1,18.0,0,SMB,0,Loyal
CUST_4053,38,Monthly,4848.1416825804035,2,9.0,2,SMB,0,Loyal
CUST_4054,53,Monthly,4882.108339773495,3,24.0,0,SMB,1,Loyal
CUST_4055,67,Monthly,676.0616216887391,5,29.0,0,SMB,1,Loyal
CUST_4056,28,Monthly,4757.888869160143,5,25.0,0,SMB,0,Mid-Tenure
CUST_4057,3,Annual,4988.367196778413,0,2.0,2,SMB,0,New
CUST_4058,22,Annual,4740.930992054692,2,0.0,5,Enterprise,0,Mid-Tenure
CUST_4059,38,Monthly,3519.2250759321773,3,17.0,0,Enterprise,0,Loyal
CUST_4060,62,Monthly,3655.535685838254,0,14.0,0,SMB,0,Loyal
CUST_4061,57,Annual,1050.1382294305145,5,19.0,0,SMB,0,Loyal
CUST_4062,6,Annual,4434.336846837332,1,3.0,0,SMB,0,New
CUST_4063,32,Monthly,768.3781308294717,4,17.0,0,Enterprise,0,Mid-Tenure
CUST_4064,10,Annual,1929.7874597793789,1,9.0,0,Enterprise,0,New
CUST_4065,3,Multi-Year,4960.182403166841,3,21.0,10,SMB,0,New
CUST_4066,59,Monthly,2400.475455963479,1,21.0,0,SMB,0,Loyal
CUST_4067,49,Monthly,1090.2030078436642,4,18.0,0,Enterprise,0,Loyal
CUST_4068,59,Monthly,4861.82597922086,4,16.0,2,SMB,0,Loyal
CUST_4069,31,Annual,4928.628411687812,2,9.0,0,SMB,0,Mid-Tenure
CUST_4070,69,Monthly,1341.6920835742146,1,24.0,0,SMB,0,Loyal
CUST_4071,62,Monthly,4391.617139330769,6,3.0,0,SMB,1,Loyal
CUST_4072,52,Monthly,2256.9049678725128,0,24.0,0,SMB,0,Loyal
CUST_4073,41,Multi-Year,2216.1580901902153,3,4.0,5,SMB,0,Loyal
CUST_4074,31,Annual,1682.1393435360574,1,6.0,0,SMB,0,Mid-Tenure
CUST_4075,22,Annual,701.1962354970343,5,18.0,0,SMB,0,Mid-Tenure
CUST_4076,4,Multi-Year,1706.040426583506,2,18.0,5,SMB,0,New
CUST_4077,13,Monthly,741.9960739987341,3,7.0,0,Enterprise,0,Mid-Tenure
CUST_4078,45,Multi-Year,4659.674208619836,2,0.0,0,Enterprise,0,Loyal
CUST_4079,42,Annual,3477.743025767278,2,23.0,0,SMB,0,Loyal
CUST_4080,49,Monthly,4489.801925073762,3,7.0,10,Enterprise,0,Loyal
CUST_4081,20,Multi-Year,3727.808066617568,2,18.0,0,Enterprise,0,Mid-Tenure
CUST_4082,54,Multi-Year,1090.7909198718767,2,16.0,0,Enterprise,0,Loyal
CUST_4083,36,Multi-Year,4732.61691530884,2,8.0,0,Enterprise,0,Mid-Tenure
CUST_4084,1,Monthly,4549.518741347452,2,19.0,10,Enterprise,0,New
CUST_4085,15,Multi-Year,2066.3423505546607,2,22.0,2,SMB,0,Mid-Tenure
CUST_4086,17,Multi-Year,1001.9000315825442,5,15.0,0,SMB,0,Mid-Tenure
CUST_4087,24,Monthly,3668.696378549932,2,8.0,2,SMB,0,Mid-Tenure
CUST_4088,58,Monthly,3777.625862315251,4,18.0,2,SMB,0,Loyal
CUST_4089,23,Monthly,4535.730701783183,2,15.0,0,Enterprise,0,Mid-Tenure
CUST_4090,46,Multi-Year,736.9509175298597,1,20.0,0,SMB,0,Loyal
CUST_4091,8,Annual,1137.6672711231734,3,25.0,0,Enterprise,1,New
CUST_4092,59,Monthly,3192.11956795632,4,26.0,0,Enterprise,0,Loyal
CUST_4093,59,Monthly,3286.0919789153713,4,12.0,2,SMB,0,Loyal
CUST_4094,13,Monthly,651.2434804175283,1,18.0,0,SMB,0,Mid-Tenure
CUST_4095,39,Annual,2286.194229777463,3,4.0,0,SMB,0,Loyal
CUST_4096,28,Monthly,3128.727790742221,5,26.0,0,SMB,0,Mid-Tenure
CUST_4097,61,Multi-Year,3820.6009991828023,2,1.0,2,Enterprise,0,Loyal
CUST_4098,16,Annual,1922.6781130024785,2,3.0,0,Enterprise,0,Mid-Tenure
CUST_4099,2,Annual,2677.5657185982864,2,11.0,0,SMB,0,New
CUST_4100,17,Monthly,4163.246925404042,4,17.0,2,SMB,0,Mid-Tenure
CUST_4101,30,Monthly,4792.527787539832,3,2.0,2,SMB,1,Mid-Tenure
CUST_4102,13,Monthly,1536.416039254305,3,20.0,5,SMB,1,Mid-Tenure
CUST_4103,13,Monthly,1638.689926189533,4,24.0,0,Enterprise,0,Mid-Tenure
CUST_4104,43,Monthly,4729.181843452439,2,18.0,0,SMB,0,Loyal
CUST_4105,21,Multi-Year,2281.600178432076,1,25.0,2,SMB,0,Mid-Tenure
CUST_4106,55,Monthly,3732.567460343342,2,21.0,0,SMB,0,Loyal
CUST_4107,40,Monthly,3255.193529284443,4,3.0,0,SMB,0,Loyal
CUST_4108,15,Monthly,1785.1445590732533,0,3.0,0,SMB,1,Mid-Tenure
CUST_4109,52,Monthly,3441.0299988111124,9,15.0,2,SMB,1,Loyal
CUST_4110,53,Multi-Year,3450.04655430638,1,10.0,0,SMB,0,Loyal
CUST_4111,52,Monthly,3165.994334340843,4,28.0,0,SMB,0,Loyal
CUST_4112,30,Monthly,948.473711822808,0,25.0,0,SMB,0,Mid-Tenure
CUST_4113,33,Annual,4978.273200683169,3,25.0,0,SMB,0,Mid-Tenure
CUST_4114,57,Monthly,2301.8740752687236,1,12.0,5,Enterprise,0,Loyal
CUST_4115,52,Monthly,3372.12943428645,2,20.0,0,SMB,0,Loyal
CUST_4116,9,Monthly,4485.927623506786,3,10.0,0,SMB,0,New
CUST_4117,54,Monthly,2404.7981978892635,3,6.0,0,SMB,0,Loyal
CUST_4118,1,Monthly,3982.6627556249687,3,26.0,0,Enterprise,0,New
CUST_4119,44,Monthly,4873.209911057327,1,13.0,5,SMB,0,Loyal
CUST_4120,9,Multi-Year,2115.206421138717,3,3.0,15,SMB,0,New
CUST_4121,32,Monthly,2323.713066047315,1,7.0,0,SMB,0,Mid-Tenure
CUST_4122,15,Annual,4575.092265484559,2,11.0,0,Enterprise,0,Mid-Tenure
CUST_4123,12,Annual,1218.3929051683235,3,12.0,0,SMB,0,New
CUST_4124,57,Annual,628.6767726174904,2,24.0,0,Enterprise,0,Loyal
CUST_4125,8,Monthly,4590.000521821003,4,8.0,0,SMB,1,New
CUST_4126,27,Monthly,4197.162083529111,1,8.0,0,SMB,0,Mid-Tenure
CUST_4127,62,Annual,4876.6236464809945,1,1.0,2,SMB,0,Loyal
CUST_4128,12,Annual,762.0700221980521,6,2.0,2,SMB,0,New
CUST_4129,65,Annual,1202.7979869844426,3,20.0,0,SMB,0,Loyal
CUST_4130,42,Monthly,973.9065159041398,1,11.0,2,SMB,0,Loyal
CUST_4131,62,Multi-Year,3575.3725953216917,0,16.0,2,SMB,0,Loyal
CUST_4132,11,Monthly,3227.0453318621444,2,3.0,0,SMB,0,New
CUST_4133,43,Monthly,2117.0083972426683,3,26.0,5,SMB,0,Loyal
CUST_4134,17,Monthly,758.4056573101026,3,29.0,2,SMB,0,Mid-Tenure
CUST_4135,32,Monthly,3378.4789282094343,1,13.0,0,SMB,0,Mid-Tenure
CUST_4136,40,Monthly,3065.5421830177547,1,20.0,5,SMB,0,Loyal
CUST_4137,23,Annual,1008.0644497727708,4,8.0,0,SMB,0,Mid-Tenure
CUST_4138,56,Multi-Year,4590.093670131713,3,7.0,0,SMB,0,Loyal
CUST_4139,6,Multi-Year,1395.2736935239575,2,0.0,0,SMB,0,New
CUST_4140,50,Monthly,3845.7911846473535,1,29.0,5,SMB,0,Loyal
CUST_4141,37,Annual,4482.841381443267,3,12.0,0,SMB,0,Loyal
CUST_4142,64,Monthly,3107.637458121688,5,27.0,0,SMB,1,Loyal
CUST_4143,54,Monthly,1610.820073842131,2,2.0,0,SMB,0,Loyal
CUST_4144,49,Monthly,1891.6183293131362,2,29.0,0,SMB,0,Loyal
CUST_4145,11,Monthly,4485.863901734745,2,13.0,0,SMB,1,New
CUST_4146,49,Monthly,1842.157203694181,2,18.0,0,Enterprise,0,Loyal
CUST_4147,21,Monthly,3857.8571749278694,4,26.0,0,Enterprise,0,Mid-Tenure
CUST_4148,66,Annual,4955.743455149324,3,5.0,5,Enterprise,0,Loyal
CUST_4149,63,Multi-Year,4999.17523713205,5,3.0,0,SMB,0,Loyal
CUST_4150,28,Monthly,2900.6588672119915,2,19.0,5,SMB,0,Mid-Tenure
CUST_4151,17,Multi-Year,4219.50108553744,1,0.0,0,Enterprise,0,Mid-Tenure
CUST_4152,6,Annual,4956.124405645398,2,27.0,0,SMB,0,New
CUST_4153,19,Annual,2186.02800428892,0,9.0,2,SMB,0,Mid-Tenure
CUST_4154,56,Annual,1635.8431328163763,3,12.0,0,SMB,0,Loyal
CUST_4155,28,Monthly,1014.0501012898244,1,11.0,2,SMB,1,Mid-Tenure
CUST_4156,66,Multi-Year,1134.0483713290675,3,10.0,0,SMB,0,Loyal
CUST_4157,38,Annual,4341.003636292985,3,3.0,0,Enterprise,0,Loyal
CUST_4158,37,Multi-Year,3149.253906381833,3,16.0,0,Enterprise,0,Loyal
CUST_4159,68,Annual,4431.691289266186,4,14.0,0,SMB,0,Loyal
CUST_4160,49,Multi-Year,4052.547900644758,5,20.0,0,Enterprise,0,Loyal
CUST_4161,43,Annual,3531.8508352160798,1,28.0,0,SMB,0,Loyal
CUST_4162,36,Monthly,3241.904863580873,1,2.0,0,SMB,1,Mid-Tenure
CUST_4163,58,Monthly,717.5250688014182,3,28.0,0,SMB,0,Loyal
CUST_4164,13,Monthly,4425.238382014365,3,9.0,0,SMB,0,Mid-Tenure
CUST_4165,52,Monthly,2380.2892775587143,3,20.0,0,SMB,0,Loyal
CUST_4166,58,Monthly,3019.040856821264,2,13.0,0,SMB,1,Loyal
CUST_4167,32,Multi-Year,598.7907584465933,5,18.0,0,SMB,0,Mid-Tenure
CUST_4168,60,Annual,4712.330758382542,2,20.0,2,SMB,0,Loyal
CUST_4169,58,Multi-Year,4562.332074914007,1,3.0,0,Enterprise,0,Loyal
CUST_4170,56,Multi-Year,2944.751134631475,3,24.0,0,SMB,0,Loyal
CUST_4171,28,Annual,3097.9023492576084,3,13.0,0,SMB,0,Mid-Tenure
CUST_4172,1,Multi-Year,3672.577455815699,3,5.0,0,SMB,0,New
CUST_4173,42,Annual,1691.1270339626753,1,11.0,0,Enterprise,0,Loyal
CUST_4174,48,Multi-Year,1498.6203022098616,4,29.0,0,SMB,0,Loyal
CUST_4175,40,Monthly,3533.103259707347,1,25.0,0,SMB,0,Loyal
CUST_4176,63,Monthly,969.9010077150867,2,1.0,0,SMB,0,Loyal
CUST_4177,4,Monthly,2543.2790212552136,3,16.0,0,SMB,0,New
CUST_4178,38,Annual,2717.4219079959053,5,0.0,0,SMB,0,Loyal
CUST_4179,27,Annual,2216.016396118256,3,16.0,0,Enterprise,0,Mid-Tenure
CUST_4180,9,Monthly,1333.706790639806,3,24.0,0,SMB,0,New
CUST_4181,16,Monthly,2098.923189464096,1,4.0,0,Enterprise,0,Mid-Tenure
CUST_4182,56,Multi-Year,2019.007641022025,2,15.0,0,SMB,0,Loyal
CUST_4183,31,Annual,2746.6955359193767,0,13.0,0,SMB,0,Mid-Tenure
CUST_4184,14,Monthly,3536.0637871033373,2,19.0,0,SMB,0,Mid-Tenure
CUST_4185,25,Annual,4857.0580558677675,1,9.0,0,SMB,0,Mid-Tenure
CUST_4186,34,Annual,1148.7346707844772,5,20.0,5,SMB,0,Mid-Tenure
CUST_4187,67,Multi-Year,4428.576994734868,4,24.0,0,SMB,0,Loyal
CUST_4188,24,Monthly,1778.801001756181,1,2.0,0,Enterprise,0,Mid-Tenure
CUST_4189,26,Monthly,3161.1774650063253,0,2.0,0,SMB,0,Mid-Tenure
CUST_4190,20,Monthly,2960.316265927406,2,27.0,0,SMB,0,Mid-Tenure
CUST_4191,64,Monthly,3006.267883827183,2,17.0,0,SMB,0,Loyal
CUST_4192,10,Multi-Year,3755.113752734658,1,23.0,0,SMB,0,New
CUST_4193,67,Monthly,2217.5973758704818,0,22.0,0,SMB,0,Loyal
CUST_4194,24,Multi-Year,1935.9498345658503,5,17.0,0,SMB,0,Mid-Tenure
CUST_4195,5,Monthly,4337.755579334647,3,3.0,0,SMB,0,New
CUST_4196,67,Multi-Year,1490.4276812342164,2,6.0,0,Enterprise,0,Loyal
CUST_4197,58,Monthly,1311.1071679001438,2,0.0,10,SMB,0,Loyal
CUST_4198,27,Multi-Year,570.2334649486739,3,15.0,5,SMB,0,Mid-Tenure
CUST_4199,15,Multi-Year,1447.6000191313406,2,16.0,10,SMB,1,Mid-Tenure
CUST_4200,35,Multi-Year,2833.3914499251878,3,7.0,0,SMB,0,Mid-Tenure
CUST_4201,53,Monthly,2923.289928563511,3,5.0,5,SMB,0,Loyal
CUST_4202,44,Monthly,1644.8922103799046,2,1.0,2,SMB,0,Loyal
CUST_4203,26,Annual,825.2337651853993,7,25.0,5,SMB,0,Mid-Tenure
CUST_4204,47,Monthly,3850.883583553428,0,9.0,0,SMB,1,Loyal
CUST_4205,34,Monthly,3910.889068530349,2,16.0,2,Enterprise,0,Mid-Tenure
CUST_4206,50,Monthly,4990.263783312027,3,18.0,0,SMB,0,Loyal
CUST_4207,12,Annual,4550.13306740623,1,27.0,0,SMB,0,New
CUST_4208,4,Annual,4667.279290329391,2,3.0,0,SMB,0,New
CUST_4209,48,Monthly,4091.9172158477386,3,12.0,5,SMB,1,Loyal
CUST_4210,55,Monthly,3269.762840221246,1,20.0,0,SMB,0,Loyal
CUST_4211,1,Monthly,1078.4568092202971,3,26.0,0,SMB,0,New
CUST_4212,66,Annual,3300.40983855145,2,25.0,10,Enterprise,0,Loyal
CUST_4213,30,Monthly,751.8013718658199,6,18.0,0,SMB,0,Mid-Tenure
CUST_4214,3,Monthly,4483.846000720365,0,15.0,5,SMB,0,New
CUST_4215,21,Multi-Year,2668.1960093638886,5,12.0,2,SMB,1,Mid-Tenure
CUST_4216,49,Multi-Year,3638.627743891101,1,29.0,0,SMB,0,Loyal
CUST_4217,62,Multi-Year,735.096486631838,3,4.0,0,SMB,0,Loyal
CUST_4218,38,Multi-Year,2904.117903152714,4,11.0,0,Enterprise,0,Loyal
CUST_4219,15,Monthly,1855.6852903401314,2,6.0,15,SMB,1,Mid-Tenure
CUST_4220,52,Annual,1782.3571958176055,1,26.0,5,Enterprise,0,Loyal
CUST_4221,46,Monthly,2253.4516161643214,3,8.0,0,SMB,0,Loyal
CUST_4222,25,Annual,502.8775738724071,2,4.0,0,SMB,0,Mid-Tenure
CUST_4223,21,Monthly,2599.9739677407806,4,3.0,0,SMB,1,Mid-Tenure
CUST_4224,5,Annual,2689.5500762357224,1,9.0,2,SMB,0,New
CUST_4225,70,Annual,4384.089121275789,0,15.0,0,SMB,0,Loyal
CUST_4226,47,Monthly,2518.3652354711708,3,10.0,0,Enterprise,0,Loyal
CUST_4227,68,Annual,2136.003322404528,3,28.0,2,Enterprise,0,Loyal
CUST_4228,18,Monthly,4976.361731131085,3,8.0,0,SMB,0,Mid-Tenure
CUST_4229,21,Monthly,3070.459960711233,0,23.0,0,SMB,0,Mid-Tenure
CUST_4230,23,Monthly,2626.7594388536277,4,4.0,2,SMB,0,Mid-Tenure
CUST_4231,64,Monthly,2731.7112554677074,2,24.0,0,Enterprise,0,Loyal
CUST_4232,67,Monthly,4141.315838789623,1,10.0,0,SMB,0,Loyal
CUST_4233,40,Multi-Year,2033.0436603657238,5,29.0,0,SMB,0,Loyal
CUST_4234,10,Monthly,2251.222082086755,0,8.0,0,SMB,1,New
CUST_4235,52,Monthly,3901.430117018594,3,16.0,0,SMB,0,Loyal
CUST_4236,61,Monthly,828.4268282619626,2,27.0,5,SMB,0,Loyal
CUST_4237,64,Annual,4393.2612116446635,6,21.0,0,SMB,0,Loyal
CUST_4238,5,Annual,2435.9121341058644,3,10.0,0,SMB,0,New
CUST_4239,53,Annual,3115.818389775418,1,20.0,0,SMB,0,Loyal
CUST_4240,55,Annual,3908.6427166692583,4,5.0,0,SMB,0,Loyal
CUST_4241,37,Multi-Year,1697.2336509770519,2,25.0,0,SMB,0,Loyal
CUST_4242,56,Multi-Year,4506.413937442931,5,15.0,0,SMB,0,Loyal
CUST_4243,59,Annual,4906.512375154748,1,18.0,0,SMB,0,Loyal
CUST_4244,69,Monthly,2724.2346263275604,3,13.0,0,SMB,0,Loyal
CUST_4245,59,Annual,4716.21814264703,0,2.0,0,SMB,0,Loyal
CUST_4246,2,Annual,505.0788013714224,3,9.0,2,SMB,0,New
CUST_4247,65,Annual,4524.070233359877,2,20.0,0,SMB,0,Loyal
CUST_4248,60,Multi-Year,1899.703938880875,1,22.0,0,SMB,0,Loyal
CUST_4249,51,Annual,1901.7294112742088,3,3.0,0,Enterprise,0,Loyal
CUST_4250,30,Multi-Year,1526.3998914647273,4,21.0,0,SMB,0,Mid-Tenure
CUST_4251,11,Monthly,1926.5625551790586,5,20.0,0,SMB,1,New
CUST_4252,39,Monthly,1460.680626643858,2,1.0,0,Enterprise,0,Loyal
CUST_4253,63,Monthly,4576.410978394873,5,12.0,0,SMB,1,Loyal
CUST_4254,64,Multi-Year,4545.606772460149,4,10.0,0,SMB,0,Loyal
CUST_4255,61,Multi-Year,959.9509171428014,3,11.0,0,SMB,0,Loyal
CUST_4256,54,Annual,1142.8629298992162,3,0.0,0,Enterprise,0,Loyal
CUST_4257,58,Annual,4379.083875548,3,21.0,0,SMB,0,Loyal
CUST_4258,56,Annual,2295.2199689273566,3,20.0,2,SMB,0,Loyal
CUST_4259,34,Multi-Year,1261.7225480267523,2,8.0,0,SMB,0,Mid-Tenure
CUST_4260,31,Multi-Year,2798.0123109645524,3,11.0,0,SMB,0,Mid-Tenure
CUST_4261,52,Annual,2375.0062246404277,2,6.0,0,SMB,0,Loyal
CUST_4262,1,Annual,1486.2269918208435,3,16.0,0,SMB,0,New
CUST_4263,55,Monthly,3743.384982249355,0,28.0,10,SMB,0,Loyal
CUST_4264,22,Annual,3340.801905497289,1,9.0,5,SMB,0,Mid-Tenure
CUST_4265,40,Monthly,948.4772609994825,2,5.0,0,SMB,0,Loyal
CUST_4266,1,Monthly,4664.240214464041,4,26.0,0,SMB,0,New
CUST_4267,65,Multi-Year,3013.114845785311,1,6.0,10,SMB,0,Loyal
CUST_4268,63,Annual,1625.9201917859382,3,18.0,2,SMB,0,Loyal
CUST_4269,54,Multi-Year,1428.3131678256357,0,13.0,0,SMB,0,Loyal
CUST_4270,42,Monthly,1111.765916174907,3,24.0,0,SMB,0,Loyal
CUST_4271,21,Monthly,2410.868328756578,2,26.0,0,SMB,1,Mid-Tenure
CUST_4272,22,Monthly,1109.9345589087654,3,29.0,2,SMB,0,Mid-Tenure
CUST_4273,38,Monthly,2371.173856678518,3,29.0,2,SMB,0,Loyal
CUST_4274,8,Monthly,1169.4669270535296,3,10.0,0,SMB,0,New
CUST_4275,62,Monthly,3455.633846857502,4,1.0,0,SMB,0,Loyal
CUST_4276,47,Monthly,4033.5890975886123,0,0.0,10,Enterprise,1,Loyal
CUST_4277,17,Monthly,2972.852363852414,2,25.0,2,SMB,1,Mid-Tenure
CUST_4278,17,Monthly,3560.255936847038,1,9.0,0,Enterprise,1,Mid-Tenure
CUST_4279,13,Annual,4722.704316878274,3,11.0,0,SMB,0,Mid-Tenure
CUST_4280,17,Monthly,3372.671883067735,2,8.0,0,SMB,0,Mid-Tenure
CUST_4281,38,Annual,2138.711891827472,2,22.0,0,Enterprise,0,Loyal
CUST_4282,45,Annual,2522.6607140371198,4,25.0,0,SMB,0,Loyal
CUST_4283,6,Monthly,4372.363517324166,2,28.0,0,Enterprise,0,New
CUST_4284,35,Multi-Year,1088.2414352754338,1,10.0,10,SMB,1,Mid-Tenure
CUST_4285,14,Annual,1965.816601026947,1,0.0,2,SMB,0,Mid-Tenure
CUST_4286,61,Annual,3097.7603103671786,2,19.0,0,SMB,0,Loyal
CUST_4287,15,Monthly,3543.753062337955,2,9.0,5,SMB,0,Mid-Tenure
CUST_4288,54,Annual,3935.7458394426735,4,28.0,0,Enterprise,0,Loyal
CUST_4289,27,Multi-Year,1931.9305819823921,1,18.0,0,SMB,0,Mid-Tenure
CUST_4290,13,Monthly,1156.3661030411763,1,26.0,5,SMB,0,Mid-Tenure
CUST_4291,31,Monthly,4796.776443544519,4,22.0,0,Enterprise,0,Mid-Tenure
CUST_4292,35,Monthly,843.7649770941777,2,20.0,2,Enterprise,1,Mid-Tenure
CUST_4293,60,Annual,931.1241010409844,4,24.0,0,SMB,0,Loyal
CUST_4294,6,Monthly,2727.24143855886,5,10.0,0,SMB,0,New
CUST_4295,69,Annual,4186.719626646192,5,2.0,0,SMB,0,Loyal
CUST_4296,58,Monthly,3985.2684785989704,3,26.0,0,SMB,0,Loyal
CUST_4297,49,Multi-Year,4719.646697873413,2,15.0,0,Enterprise,0,Loyal
CUST_4298,23,Monthly,1137.2115902584478,1,21.0,10,Enterprise,1,Mid-Tenure
CUST_4299,34,Monthly,2190.7726567809623,1,9.0,0,SMB,1,Mid-Tenure
CUST_4300,26,Annual,1769.6395792476953,2,1.0,0,SMB,0,Mid-Tenure
CUST_4301,47,Monthly,4373.915555996024,3,18.0,0,SMB,0,Loyal
CUST_4302,5,Monthly,2697.5957912654017,2,3.0,5,SMB,0,New
CUST_4303,20,Monthly,620.8157048704986,8,15.0,0,SMB,1,Mid-Tenure
CUST_4304,6,Annual,3685.8398307727844,2,5.0,0,SMB,0,New
CUST_4305,70,Multi-Year,2249.1414402197115,2,10.0,2,SMB,0,Loyal
CUST_4306,59,Multi-Year,2890.1604351695555,5,16.0,10,SMB,0,Loyal
CUST_4307,64,Monthly,4522.043421544991,2,14.0,2,SMB,0,Loyal
CUST_4308,18,Monthly,1655.3199858476526,1,21.0,0,SMB,0,Mid-Tenure
CUST_4309,4,Annual,1581.1910402547971,3,3.0,0,Enterprise,0,New
CUST_4310,17,Annual,1684.366268810402,2,23.0,2,SMB,0,Mid-Tenure
CUST_4311,14,Monthly,2021.485960668662,5,24.0,5,SMB,0,Mid-Tenure
CUST_4312,13,Monthly,983.0928859074484,4,7.0,15,SMB,1,Mid-Tenure
CUST_4313,7,Monthly,3637.4884736386525,2,23.0,0,Enterprise,1,New
CUST_4314,44,Annual,1433.2942302311144,3,28.0,2,Enterprise,0,Loyal
CUST_4315,15,Monthly,4667.6558627176355,7,28.0,0,SMB,0,Mid-Tenure
CUST_4316,19,Multi-Year,1470.588412594418,1,17.0,0,SMB,0,Mid-Tenure
CUST_4317,63,Monthly,1650.389131889488,6,13.0,0,SMB,0,Loyal
CUST_4318,35,Monthly,1836.5910296486736,3,25.0,10,SMB,0,Mid-Tenure
CUST_4319,35,Monthly,3958.4214365513717,0,1.0,0,SMB,1,Mid-Tenure
CUST_4320,19,Monthly,2424.229193489134,2,15.0,0,SMB,0,Mid-Tenure
CUST_4321,20,Monthly,4187.005808137784,1,21.0,10,SMB,0,Mid-Tenure
CUST_4322,35,Monthly,4031.841705601048,4,14.0,0,SMB,0,Mid-Tenure
CUST_4323,32,Monthly,4682.7069024535995,2,20.0,0,SMB,0,Mid-Tenure
CUST_4324,48,Monthly,3904.7186979682465,2,5.0,2,SMB,0,Loyal
CUST_4325,44,Monthly,733.6002635107827,2,8.0,2,SMB,0,Loyal
CUST_4326,24,Multi-Year,4267.765731645763,3,11.0,0,SMB,0,Mid-Tenure
CUST_4327,61,Annual,4721.32668517435,1,9.0,10,Enterprise,0,Loyal
CUST_4328,17,Annual,4971.601366473511,4,6.0,0,SMB,0,Mid-Tenure
CUST_4329,71,Monthly,1063.7041735960931,4,4.0,5,SMB,1,Loyal
CUST_4330,50,Monthly,3259.729711969406,2,25.0,2,SMB,0,Loyal
CUST_4331,65,Monthly,1397.5639964787174,2,22.0,0,SMB,0,Loyal
CUST_4332,32,Annual,1681.2933841066954,3,7.0,2,SMB,0,Mid-Tenure
CUST_4333,36,Monthly,3855.129522002861,4,26.0,0,SMB,1,Mid-Tenure
CUST_4334,13,Monthly,4899.5047296457715,2,11.0,0,Enterprise,1,Mid-Tenure
CUST_4335,70,Annual,3176.8497565836033,3,0.0,5,Enterprise,0,Loyal
CUST_4336,58,Monthly,4327.630114200113,2,9.0,0,Enterprise,0,Loyal
CUST_4337,14,Monthly,539.9771172297256,4,10.0,0,SMB,1,Mid-Tenure
CUST_4338,37,Monthly,664.8423793232867,2,26.0,0,SMB,0,Loyal
CUST_4339,68,Annual,3185.2595179663854,6,22.0,0,SMB,0,Loyal
CUST_4340,40,Annual,2250.423957201976,1,19.0,5,SMB,0,Loyal
CUST_4341,59,Monthly,4503.910167379192,4,4.0,5,SMB,0,Loyal
CUST_4342,16,Monthly,1858.9186088858019,2,12.0,0,Enterprise,1,Mid-Tenure
CUST_4343,62,Annual,2444.2296237682135,2,17.0,0,SMB,0,Loyal
CUST_4344,4,Monthly,2875.591390242057,4,9.0,0,SMB,0,New
CUST_4345,45,Annual,1728.674747988114,3,20.0,0,SMB,0,Loyal
CUST_4346,28,Annual,4588.226903539824,2,24.0,0,SMB,0,Mid-Tenure
CUST_4347,66,Monthly,2590.401130961437,4,16.0,0,SMB,0,Loyal
CUST_4348,31,Monthly,2408.7002410355763,1,18.0,0,SMB,0,Mid-Tenure
CUST_4349,3,Annual,4323.888720204497,3,3.0,0,SMB,0,New
CUST_4350,8,Monthly,1903.902807415543,5,8.0,10,SMB,0,New
CUST_4351,24,Monthly,4178.594050299324,1,17.0,2,SMB,0,Mid-Tenure
CUST_4352,15,Annual,1050.2278372460726,0,15.0,2,SMB,1,Mid-Tenure
CUST_4353,43,Monthly,1322.5484001420484,4,6.0,0,SMB,0,Loyal
CUST_4354,31,Monthly,4778.787497772806,4,24.0,5,Enterprise,0,Mid-Tenure
CUST_4355,45,Monthly,4291.013708634686,2,11.0,10,SMB,1,Loyal
CUST_4356,66,Annual,2245.545056553828,4,25.0,10,Enterprise,1,Loyal
CUST_4357,8,Monthly,3373.0540192266326,2,3.0,0,SMB,0,New
CUST_4358,71,Multi-Year,4743.365852439301,1,20.0,0,Enterprise,0,Loyal
CUST_4359,57,Annual,1453.3650628883793,2,27.0,0,SMB,0,Loyal
CUST_4360,30,Monthly,765.5471160035029,1,11.0,0,SMB,1,Mid-Tenure
CUST_4361,18,Monthly,2918.6062902738736,4,11.0,15,SMB,0,Mid-Tenure
CUST_4362,69,Monthly,1141.6859539861698,6,25.0,0,Enterprise,0,Loyal
CUST_4363,39,Annual,1342.9359172011882,6,3.0,0,Enterprise,1,Loyal
CUST_4364,60,Multi-Year,4511.926353792107,1,11.0,0,SMB,0,Loyal
CUST_4365,43,Annual,533.315563902011,1,22.0,0,SMB,0,Loyal
CUST_4366,45,Monthly,4175.690119087409,0,7.0,5,SMB,0,Loyal
CUST_4367,23,Annual,2826.278493510234,2,23.0,0,SMB,0,Mid-Tenure
CUST_4368,69,Monthly,3016.8247444038516,3,29.0,0,SMB,0,Loyal
CUST_4369,6,Annual,3522.955822053631,1,29.0,0,SMB,0,New
CUST_4370,56,Annual,2441.5024653860464,1,2.0,0,SMB,0,Loyal
CUST_4371,4,Monthly,1020.2534968658664,4,15.0,2,Enterprise,0,New
CUST_4372,23,Monthly,962.6910071217071,4,1.0,2,SMB,0,Mid-Tenure
CUST_4373,6,Annual,3894.6298963277413,3,5.0,0,SMB,0,New
CUST_4374,32,Annual,1494.658144702782,2,27.0,10,SMB,1,Mid-Tenure
CUST_4375,18,Monthly,626.457576279399,2,16.0,0,SMB,0,Mid-Tenure
CUST_4376,15,Monthly,4908.262500945235,4,11.0,0,SMB,0,Mid-Tenure
CUST_4377,40,Annual,4911.76183712312,3,8.0,5,SMB,1,Loyal
CUST_4378,6,Monthly,2201.636018047009,4,15.0,0,Enterprise,0,New
CUST_4379,63,Monthly,614.8573005070094,1,6.0,0,SMB,0,Loyal
CUST_4380,67,Monthly,3772.6909636673736,1,7.0,0,SMB,0,Loyal
CUST_4381,11,Monthly,4239.554272185511,3,6.0,2,SMB,0,New
CUST_4382,43,Annual,1062.561605521144,3,20.0,10,SMB,0,Loyal
CUST_4383,17,Multi-Year,1109.5637670915632,2,4.0,0,SMB,0,Mid-Tenure
CUST_4384,4,Annual,4200.007998635558,2,22.0,0,SMB,0,New
CUST_4385,63,Monthly,4648.583249218556,8,6.0,0,SMB,0,Loyal
CUST_4386,68,Annual,4058.396765033673,5,17.0,2,SMB,0,Loyal
CUST_4387,41,Monthly,1403.352271262883,4,17.0,0,Enterprise,0,Loyal
CUST_4388,5,Monthly,2351.845487453994,0,15.0,5,SMB,0,New
CUST_4389,32,Multi-Year,3203.7909163966133,3,6.0,5,SMB,0,Mid-Tenure
CUST_4390,70,Monthly,1221.3206321937291,2,20.0,0,SMB,0,Loyal
CUST_4391,35,Multi-Year,1447.7112168462872,1,1.0,0,SMB,0,Mid-Tenure
CUST_4392,22,Monthly,1772.9873243084974,2,16.0,0,SMB,0,Mid-Tenure
CUST_4393,65,Annual,2792.809716308764,6,24.0,0,SMB,0,Loyal
CUST_4394,22,Monthly,2798.621992298964,2,26.0,0,SMB,0,Mid-Tenure
CUST_4395,11,Monthly,4164.325337063987,1,7.0,0,SMB,1,New
CUST_4396,3,Monthly,3888.5459030943152,0,1.0,0,SMB,0,New
CUST_4397,9,Multi-Year,4611.810537994739,2,17.0,0,Enterprise,0,New
CUST_4398,60,Annual,4248.057752710683,2,18.0,2,SMB,0,Loyal
CUST_4399,14,Multi-Year,1642.448967375446,1,19.0,2,SMB,0,Mid-Tenure
CUST_4400,18,Annual,1990.8354618679994,3,8.0,15,SMB,0,Mid-Tenure
CUST_4401,23,Multi-Year,2751.904596346402,2,11.0,0,Enterprise,0,Mid-Tenure
CUST_4402,47,Monthly,564.2201055364006,3,21.0,0,Enterprise,0,Loyal
CUST_4403,69,Monthly,4567.559028276746,0,18.0,0,Enterprise,0,Loyal
CUST_4404,47,Annual,699.5489565305265,1,29.0,0,SMB,0,Loyal
CUST_4405,30,Annual,1950.9857186748634,0,7.0,0,SMB,0,Mid-Tenure
CUST_4406,25,Annual,3061.28656038383,4,21.0,0,SMB,0,Mid-Tenure
CUST_4407,28,Monthly,2830.286248730896,2,7.0,0,Enterprise,0,Mid-Tenure
CUST_4408,25,Monthly,3445.069517716436,3,9.0,0,Enterprise,0,Mid-Tenure
CUST_4409,58,Multi-Year,2873.840788823941,2,27.0,0,SMB,0,Loyal
CUST_4410,41,Annual,1530.5064156636547,5,17.0,0,SMB,0,Loyal
CUST_4411,25,Monthly,1404.8518450724234,5,14.0,0,SMB,1,Mid-Tenure
CUST_4412,48,Annual,4582.611810839744,3,23.0,5,SMB,0,Loyal
CUST_4413,10,Multi-Year,1687.8503153101665,4,10.0,0,Enterprise,0,New
CUST_4414,11,Monthly,1764.3975524578104,5,20.0,0,SMB,0,New
CUST_4415,21,Multi-Year,2358.288032451551,5,25.0,0,SMB,0,Mid-Tenure
CUST_4416,45,Multi-Year,1127.4724721748828,1,13.0,0,SMB,0,Loyal
CUST_4417,7,Multi-Year,2782.727799904582,4,14.0,5,SMB,0,New
CUST_4418,64,Multi-Year,3492.6429276595914,2,13.0,0,SMB,0,Loyal
CUST_4419,64,Annual,4037.002214348151,2,11.0,2,Enterprise,0,Loyal
CUST_4420,2,Monthly,3701.544088389031,0,3.0,0,Enterprise,0,New
CUST_4421,42,Monthly,1164.3618383611865,4,2.0,0,SMB,0,Loyal
CUST_4422,54,Monthly,2552.3021523691577,1,11.0,5,SMB,0,Loyal
CUST_4423,16,Monthly,673.6379036368029,3,24.0,2,SMB,0,Mid-Tenure
CUST_4424,18,Monthly,580.0909852442718,0,25.0,0,SMB,1,Mid-Tenure
CUST_4425,59,Monthly,2480.5868822321027,3,6.0,2,Enterprise,0,Loyal
CUST_4426,16,Monthly,1638.3222250593305,3,6.0,0,SMB,0,Mid-Tenure
CUST_4427,6,Monthly,3575.1235769301325,2,21.0,0,SMB,0,New
CUST_4428,57,Multi-Year,3759.0835406603564,2,24.0,0,Enterprise,0,Loyal
CUST_4429,47,Monthly,4529.316760512151,2,18.0,10,SMB,0,Loyal
CUST_4430,48,Annual,3923.071310925674,4,13.0,0,SMB,0,Loyal
CUST_4431,42,Annual,717.0985541144377,5,0.0,2,SMB,0,Loyal
CUST_4432,60,Monthly,2172.3035466099545,3,6.0,0,Enterprise,0,Loyal
CUST_4433,4,Multi-Year,1728.6050828845496,3,24.0,0,Enterprise,0,New
CUST_4434,2,Annual,2237.5960242222254,4,21.0,5,Enterprise,0,New
CUST_4435,59,Monthly,1220.340465359157,1,9.0,0,Enterprise,0,Loyal
CUST_4436,27,Monthly,939.6684666076706,2,17.0,0,SMB,0,Mid-Tenure
CUST_4437,27,Monthly,2844.4304412878028,3,12.0,0,SMB,0,Mid-Tenure
CUST_4438,7,Monthly,3741.7158988987744,1,7.0,2,SMB,0,New
CUST_4439,63,Monthly,3658.599058693743,3,8.0,0,Enterprise,0,Loyal
CUST_4440,46,Annual,2529.249449793022,2,25.0,0,SMB,0,Loyal
CUST_4441,63,Multi-Year,2850.2554383002575,1,14.0,0,Enterprise,0,Loyal
CUST_4442,12,Annual,2823.479251288886,4,7.0,5,SMB,0,New
CUST_4443,13,Monthly,3612.0666999562527,9,24.0,0,Enterprise,1,Mid-Tenure
CUST_4444,43,Monthly,715.6632918021083,3,0.0,2,SMB,0,Loyal
CUST_4445,17,Monthly,3694.5324899205075,1,2.0,2,SMB,1,Mid-Tenure
CUST_4446,63,Monthly,3119.9040534077935,3,18.0,0,SMB,0,Loyal
CUST_4447,36,Monthly,1391.4892160220838,3,29.0,0,SMB,1,Mid-Tenure
CUST_4448,8,Multi-Year,720.7648418581903,4,8.0,0,SMB,0,New
CUST_4449,69,Monthly,988.3750575104979,2,18.0,0,SMB,0,Loyal
CUST_4450,36,Multi-Year,2861.1110363867133,5,14.0,0,SMB,0,Mid-Tenure
CUST_4451,28,Monthly,3912.838385410773,5,13.0,2,SMB,1,Mid-Tenure
CUST_4452,47,Multi-Year,2005.9577920602553,4,25.0,0,SMB,0,Loyal
CUST_4453,30,Annual,2206.0575981734974,1,0.0,0,SMB,0,Mid-Tenure
CUST_4454,23,Annual,4703.658867707506,2,2.0,0,Enterprise,0,Mid-Tenure
CUST_4455,16,Monthly,1458.5588781465922,1,1.0,0,Enterprise,0,Mid-Tenure
CUST_4456,14,Multi-Year,966.8724105890824,1,24.0,0,SMB,0,Mid-Tenure
CUST_4457,71,Multi-Year,2045.345512100081,9,29.0,2,Enterprise,0,Loyal
CUST_4458,52,Annual,3856.649537715232,0,0.0,0,Enterprise,0,Loyal
CUST_4459,37,Annual,3317.3478097525935,3,26.0,0,Enterprise,0,Loyal
CUST_4460,29,Annual,2371.0794771630617,2,17.0,2,Enterprise,0,Mid-Tenure
CUST_4461,67,Monthly,4841.3863977432375,1,0.0,0,SMB,0,Loyal
CUST_4462,15,Annual,3807.48397232558,3,8.0,2,SMB,0,Mid-Tenure
CUST_4463,47,Multi-Year,778.376409724822,2,6.0,0,SMB,0,Loyal
CUST_4464,46,Monthly,3850.8414973432177,2,29.0,2,SMB,0,Loyal
CUST_4465,52,Monthly,608.1735015763626,2,12.0,0,SMB,0,Loyal
CUST_4466,19,Monthly,3426.4549540283247,3,16.0,0,SMB,0,Mid-Tenure
CUST_4467,21,Annual,1447.1727633169644,1,12.0,0,SMB,0,Mid-Tenure
CUST_4468,64,Monthly,3633.9899406690097,1,12.0,0,SMB,1,Loyal
CUST_4469,37,Monthly,1894.0080499150827,4,9.0,2,SMB,0,Loyal
CUST_4470,27,Monthly,4428.528385800042,5,27.0,0,SMB,1,Mid-Tenure
CUST_4471,55,Annual,2016.112264661572,4,5.0,0,Enterprise,0,Loyal
CUST_4472,29,Monthly,3288.631349319336,2,4.0,0,SMB,0,Mid-Tenure
CUST_4473,20,Annual,1786.6740184429473,2,9.0,0,Enterprise,0,Mid-Tenure
CUST_4474,25,Monthly,4627.496953139802,2,13.0,0,SMB,0,Mid-Tenure
CUST_4475,70,Annual,4014.4819146267755,1,10.0,0,SMB,0,Loyal
CUST_4476,63,Multi-Year,1594.8629435507141,2,4.0,0,SMB,0,Loyal
CUST_4477,36,Monthly,4769.585206513968,2,3.0,0,SMB,1,Mid-Tenure
CUST_4478,2,Monthly,2107.209153093027,2,2.0,5,SMB,1,New
CUST_4479,22,Multi-Year,3433.3922645023436,1,13.0,0,Enterprise,0,Mid-Tenure
CUST_4480,16,Monthly,3842.839540014784,0,12.0,0,SMB,0,Mid-Tenure
CUST_4481,18,Monthly,603.0597265921053,2,23.0,0,Enterprise,0,Mid-Tenure
CUST_4482,69,Multi-Year,4815.353057707608,3,22.0,5,SMB,0,Loyal
CUST_4483,54,Multi-Year,2049.985877393142,1,4.0,0,SMB,0,Loyal
CUST_4484,30,Annual,1354.005020440509,1,11.0,0,SMB,0,Mid-Tenure
CUST_4485,45,Monthly,4328.185062778241,1,24.0,0,SMB,0,Loyal
CUST_4486,19,Monthly,3663.0467727053647,2,27.0,0,SMB,0,Mid-Tenure
CUST_4487,34,Monthly,890.3447268050866,5,22.0,0,SMB,1,Mid-Tenure
CUST_4488,13,Annual,1026.7006161954628,1,9.0,2,Enterprise,0,Mid-Tenure
CUST_4489,43,Annual,3718.3634179414203,3,1.0,0,SMB,0,Loyal
CUST_4490,62,Multi-Year,836.5246518158779,0,6.0,0,Enterprise,0,Loyal
CUST_4491,22,Monthly,4627.289458058292,3,6.0,2,SMB,1,Mid-Tenure
CUST_4492,52,Annual,3836.9306162643493,1,3.0,0,SMB,0,Loyal
CUST_4493,52,Monthly,2009.7149268514497,2,11.0,0,SMB,0,Loyal
CUST_4494,36,Monthly,2133.2245065140223,1,27.0,0,SMB,0,Mid-Tenure
CUST_4495,19,Annual,2779.232432918456,3,23.0,10,SMB,1,Mid-Tenure
CUST_4496,38,Monthly,2124.3623614184307,2,3.0,0,SMB,0,Loyal
CUST_4497,70,Annual,4025.608481472421,2,6.0,0,SMB,0,Loyal
CUST_4498,57,Annual,4886.31624845727,1,19.0,0,SMB,0,Loyal
CUST_4499,20,Multi-Year,3130.346819471869,2,12.0,0,SMB,0,Mid-Tenure
CUST_4500,9,Annual,2507.16797450388,2,7.0,0,SMB,0,New
CUST_4501,32,Multi-Year,1502.4836312069774,2,13.0,2,Enterprise,0,Mid-Tenure
CUST_4502,4,Annual,3440.450386615101,2,29.0,0,SMB,0,New
CUST_4503,50,Monthly,3585.095878169287,2,2.0,2,SMB,0,Loyal
CUST_4504,5,Monthly,3583.3577315646367,2,1.0,0,SMB,0,New
CUST_4505,20,Annual,621.4326614082155,2,9.0,5,Enterprise,0,Mid-Tenure
CUST_4506,37,Annual,4546.049452972119,1,5.0,10,SMB,0,Loyal
CUST_4507,22,Annual,2021.479535431295,2,22.0,0,SMB,0,Mid-Tenure
CUST_4508,58,Monthly,3848.7459311672405,0,6.0,0,SMB,1,Loyal
CUST_4509,68,Monthly,3919.1310819514392,3,15.0,2,Enterprise,0,Loyal
CUST_4510,44,Monthly,3427.497404655078,4,5.0,0,SMB,0,Loyal
CUST_4511,34,Annual,2276.8993541493146,1,15.0,0,SMB,0,Mid-Tenure
CUST_4512,42,Annual,3237.728975674365,4,26.0,10,SMB,0,Loyal
CUST_4513,9,Annual,680.8941106604445,4,23.0,0,SMB,0,New
CUST_4514,7,Monthly,3928.5310648455784,4,11.0,0,SMB,0,New
CUST_4515,68,Monthly,948.1489174775252,6,21.0,2,Enterprise,0,Loyal
CUST_4516,19,Annual,2285.379166098208,4,14.0,0,SMB,0,Mid-Tenure
CUST_4517,31,Annual,966.2845444923496,1,21.0,0,SMB,0,Mid-Tenure
CUST_4518,35,Monthly,4266.8350061859255,3,2.0,0,SMB,0,Mid-Tenure
CUST_4519,57,Annual,2976.3607704618166,2,27.0,0,SMB,0,Loyal
CUST_4520,61,Monthly,3609.298040761726,2,15.0,5,SMB,0,Loyal
CUST_4521,31,Annual,3571.6197642917587,3,17.0,10,SMB,0,Mid-Tenure
CUST_4522,53,Multi-Year,4287.22804246327,1,14.0,0,Enterprise,0,Loyal
CUST_4523,32,Annual,1096.562315053106,1,22.0,2,SMB,0,Mid-Tenure
CUST_4524,66,Annual,3468.7766318219788,0,5.0,0,SMB,0,Loyal
CUST_4525,59,Monthly,3088.1032448164583,0,16.0,0,SMB,0,Loyal
CUST_4526,10,Annual,639.0370515709192,4,1.0,0,Enterprise,0,New
CUST_4527,2,Annual,1406.4030897026114,4,1.0,0,Enterprise,0,New
CUST_4528,66,Annual,1704.0719362019936,3,16.0,0,SMB,0,Loyal
CUST_4529,60,Annual,826.5036894312477,2,18.0,0,SMB,0,Loyal
CUST_4530,17,Monthly,2096.2391265446067,2,4.0,0,SMB,0,Mid-Tenure
CUST_4531,16,Multi-Year,622.4112892196406,1,3.0,0,SMB,0,Mid-Tenure
CUST_4532,16,Annual,2989.325715159783,2,27.0,10,SMB,0,Mid-Tenure
CUST_4533,46,Monthly,1451.754322609043,8,17.0,10,SMB,1,Loyal
CUST_4534,39,Annual,1791.5139747913938,5,7.0,2,Enterprise,0,Loyal
CUST_4535,31,Monthly,4597.122317770778,0,8.0,0,SMB,0,Mid-Tenure
CUST_4536,1,Monthly,2762.6758210558646,2,23.0,0,SMB,1,New
CUST_4537,11,Monthly,1710.5626905998713,1,22.0,0,SMB,1,New
CUST_4538,4,Annual,3193.077912116298,0,25.0,0,SMB,0,New
CUST_4539,71,Multi-Year,1407.5214569037303,2,17.0,0,SMB,0,Loyal
CUST_4540,26,Annual,834.7805859388319,2,21.0,0,SMB,0,Mid-Tenure
CUST_4541,50,Annual,594.078594801209,6,10.0,0,SMB,0,Loyal
CUST_4542,12,Monthly,4781.880704193153,5,15.0,2,Enterprise,0,New
CUST_4543,65,Monthly,3760.7487086440233,7,15.0,0,Enterprise,0,Loyal
CUST_4544,47,Monthly,4099.76666731572,1,3.0,0,SMB,0,Loyal
CUST_4545,53,Annual,4914.129776804743,5,20.0,0,SMB,0,Loyal
CUST_4546,71,Multi-Year,4692.329165360477,5,8.0,0,SMB,0,Loyal
CUST_4547,2,Monthly,3816.109393868822,2,12.0,0,SMB,1,New
CUST_4548,24,Annual,3622.941814186937,0,24.0,0,Enterprise,0,Mid-Tenure
CUST_4549,4,Multi-Year,2015.824986209195,5,19.0,2,SMB,0,New
CUST_4550,19,Monthly,968.0776330779596,1,7.0,0,SMB,1,Mid-Tenure
CUST_4551,26,Annual,3081.751467654092,4,10.0,0,SMB,0,Mid-Tenure
CUST_4552,40,Annual,3093.1398278986653,3,20.0,0,SMB,0,Loyal
CUST_4553,50,Annual,4785.067784370848,1,8.0,0,SMB,0,Loyal
CUST_4554,43,Monthly,2491.568629977692,2,17.0,0,SMB,0,Loyal
CUST_4555,67,Annual,3608.6343093773075,1,19.0,0,Enterprise,0,Loyal
CUST_4556,12,Annual,3087.367823285248,5,2.0,0,SMB,0,New
CUST_4557,67,Monthly,1295.4210309547216,1,22.0,2,SMB,0,Loyal
CUST_4558,27,Annual,3164.2893848971253,6,29.0,0,Enterprise,1,Mid-Tenure
CUST_4559,54,Monthly,2930.5251921326903,3,17.0,0,SMB,0,Loyal
CUST_4560,66,Multi-Year,2722.5769725921,4,18.0,0,Enterprise,0,Loyal
CUST_4561,49,Annual,2810.4032014181366,2,8.0,0,SMB,0,Loyal
CUST_4562,16,Multi-Year,1237.9458738149174,1,23.0,0,Enterprise,0,Mid-Tenure
CUST_4563,2,Monthly,2585.649790538005,2,17.0,0,SMB,1,New
CUST_4564,60,Monthly,3225.4397231971857,0,21.0,2,SMB,0,Loyal
CUST_4565,54,Monthly,2702.521394084927,1,15.0,0,Enterprise,0,Loyal
CUST_4566,30,Monthly,2699.087878067663,4,13.0,0,Enterprise,0,Mid-Tenure
CUST_4567,38,Monthly,848.8296940684361,1,18.0,0,SMB,0,Loyal
CUST_4568,28,Annual,1358.4836840752384,2,27.0,2,SMB,0,Mid-Tenure
CUST_4569,25,Monthly,1944.377117489753,2,28.0,0,Enterprise,0,Mid-Tenure
CUST_4570,10,Annual,2387.06147266658,5,21.0,0,SMB,1,New
CUST_4571,60,Monthly,3172.718497363719,0,29.0,0,SMB,0,Loyal
CUST_4572,42,Annual,4385.052970353773,0,14.0,0,SMB,0,Loyal
CUST_4573,40,Annual,1216.2413213989428,2,20.0,0,SMB,0,Loyal
CUST_4574,42,Annual,567.8961359481273,5,25.0,0,SMB,0,Loyal
CUST_4575,47,Multi-Year,2521.567088491621,4,3.0,0,Enterprise,0,Loyal
CUST_4576,37,Monthly,2444.4630383523263,3,11.0,2,SMB,0,Loyal
CUST_4577,22,Monthly,2983.5554832282755,2,6.0,0,Enterprise,1,Mid-Tenure
CUST_4578,57,Monthly,4249.497971171752,1,10.0,0,SMB,0,Loyal
CUST_4579,27,Monthly,4110.62247942115,1,25.0,0,SMB,1,Mid-Tenure
CUST_4580,41,Annual,950.1947799350504,1,6.0,0,SMB,0,Loyal
CUST_4581,34,Monthly,4702.979150045032,2,19.0,0,SMB,0,Mid-Tenure
CUST_4582,32,Annual,996.8647760350011,4,2.0,2,SMB,0,Mid-Tenure
CUST_4583,66,Monthly,3355.5672884040628,1,3.0,0,SMB,0,Loyal
CUST_4584,12,Multi-Year,3525.8283211800904,4,1.0,2,SMB,0,New
CUST_4585,40,Multi-Year,3559.448692503897,1,19.0,0,SMB,0,Loyal
CUST_4586,10,Monthly,1694.080272539259,4,14.0,2,SMB,0,New
CUST_4587,48,Monthly,1986.5529129424638,5,19.0,0,Enterprise,0,Loyal
CUST_4588,20,Multi-Year,2969.045938172286,1,11.0,0,SMB,0,Mid-Tenure
CUST_4589,39,Multi-Year,1398.1437311004427,4,20.0,0,Enterprise,0,Loyal
CUST_4590,60,Monthly,591.3971052500805,4,16.0,0,Enterprise,0,Loyal
CUST_4591,66,Monthly,3029.6500452885903,0,17.0,0,SMB,0,Loyal
CUST_4592,65,Multi-Year,2593.753574054033,7,7.0,0,SMB,0,Loyal
CUST_4593,51,Annual,3455.290428005579,2,23.0,15,Enterprise,1,Loyal
CUST_4594,36,Monthly,1160.1525912514696,1,7.0,5,SMB,0,Mid-Tenure
CUST_4595,24,Annual,4284.162025654332,4,4.0,2,Enterprise,0,Mid-Tenure
CUST_4596,27,Multi-Year,1157.996698072373,5,23.0,0,SMB,0,Mid-Tenure
CUST_4597,2,Multi-Year,4511.046221960106,6,8.0,2,SMB,0,New
CUST_4598,31,Annual,2522.8452766806636,4,29.0,0,SMB,0,Mid-Tenure
CUST_4599,57,Annual,2974.123667177126,1,19.0,0,SMB,0,Loyal
CUST_4600,66,Monthly,4534.616011837949,4,19.0,0,SMB,0,Loyal
CUST_4601,29,Multi-Year,1849.6087181468015,0,22.0,0,SMB,0,Mid-Tenure
CUST_4602,15,Monthly,1318.2214830851817,1,4.0,0,SMB,0,Mid-Tenure
CUST_4603,12,Multi-Year,2505.8822936875413,1,26.0,0,SMB,0,New
CUST_4604,28,Monthly,1599.6525283746805,2,9.0,0,Enterprise,0,Mid-Tenure
CUST_4605,24,Multi-Year,2875.297601931427,2,0.0,2,Enterprise,0,Mid-Tenure
CUST_4606,21,Monthly,1738.660389999424,3,23.0,5,Enterprise,0,Mid-Tenure
CUST_4607,10,Annual,4390.202910179556,0,3.0,0,SMB,0,New
CUST_4608,18,Monthly,3232.960665159767,3,23.0,0,SMB,1,Mid-Tenure
CUST_4609,14,Annual,501.0830138430602,1,15.0,2,SMB,0,Mid-Tenure
CUST_4610,34,Multi-Year,4124.631806059211,0,17.0,0,SMB,0,Mid-Tenure
CUST_4611,58,Annual,1985.9555152676567,4,27.0,5,SMB,0,Loyal
CUST_4612,22,Annual,1940.935928697307,0,11.0,5,SMB,0,Mid-Tenure
CUST_4613,70,Monthly,2223.782654605103,6,19.0,0,SMB,0,Loyal
CUST_4614,36,Multi-Year,3336.181376378363,3,14.0,0,SMB,0,Mid-Tenure
CUST_4615,45,Annual,2489.2731967740037,7,17.0,10,SMB,0,Loyal
CUST_4616,36,Annual,3328.859959563661,3,4.0,10,SMB,0,Mid-Tenure
CUST_4617,22,Annual,1160.5132473610656,1,25.0,0,Enterprise,0,Mid-Tenure
CUST_4618,61,Annual,4865.740090358386,2,25.0,0,SMB,0,Loyal
CUST_4619,56,Monthly,3783.2282918773876,4,13.0,0,Enterprise,1,Loyal
CUST_4620,33,Annual,1625.9319823027236,3,23.0,0,SMB,0,Mid-Tenure
CUST_4621,45,Annual,3758.7645863364914,5,26.0,10,Enterprise,0,Loyal
CUST_4622,36,Multi-Year,3087.6145531773773,3,6.0,2,SMB,0,Mid-Tenure
CUST_4623,20,Multi-Year,991.3504838158159,3,10.0,0,SMB,0,Mid-Tenure
CUST_4624,18,Monthly,1301.8839205465674,2,14.0,0,SMB,0,Mid-Tenure
CUST_4625,38,Monthly,685.8866386465917,2,20.0,2,Enterprise,0,Loyal
CUST_4626,67,Monthly,4141.571322536065,4,10.0,0,SMB,0,Loyal
CUST_4627,23,Monthly,2982.6713866785576,3,6.0,0,SMB,0,Mid-Tenure
CUST_4628,16,Annual,1925.3689189259535,1,20.0,0,SMB,0,Mid-Tenure
CUST_4629,59,Multi-Year,1068.5520591269,4,22.0,0,SMB,0,Loyal
CUST_4630,69,Monthly,2678.2064418217064,1,19.0,2,SMB,0,Loyal
CUST_4631,68,Monthly,2863.6760602307245,1,19.0,5,Enterprise,0,Loyal
CUST_4632,21,Multi-Year,3658.768254412274,3,25.0,0,SMB,0,Mid-Tenure
CUST_4633,70,Multi-Year,4864.717447011912,0,3.0,0,SMB,0,Loyal
CUST_4634,12,Annual,2457.254886833186,3,26.0,0,SMB,0,New
CUST_4635,16,Annual,2327.153929674662,2,23.0,0,SMB,0,Mid-Tenure
CUST_4636,14,Annual,2164.685020655551,2,0.0,2,SMB,0,Mid-Tenure
CUST_4637,61,Monthly,4221.157590350875,2,25.0,0,SMB,0,Loyal
CUST_4638,71,Monthly,1203.4274962965706,4,20.0,5,SMB,0,Loyal
CUST_4639,46,Monthly,2047.1580663579025,4,27.0,0,SMB,0,Loyal
CUST_4640,32,Monthly,3762.368621939259,2,25.0,0,SMB,0,Mid-Tenure
CUST_4641,15,Multi-Year,570.6272090410091,2,1.0,0,SMB,0,Mid-Tenure
CUST_4642,44,Annual,1802.213256225626,7,25.0,0,Enterprise,0,Loyal
CUST_4643,17,Monthly,3386.512232396194,2,3.0,0,SMB,0,Mid-Tenure
CUST_4644,41,Monthly,1336.7844410036212,3,4.0,0,SMB,0,Loyal
CUST_4645,54,Monthly,1862.1975610592203,2,23.0,0,SMB,0,Loyal
CUST_4646,44,Annual,2687.202835174531,2,1.0,10,SMB,0,Loyal
CUST_4647,5,Multi-Year,2399.1060468635924,2,1.0,0,SMB,0,New
CUST_4648,27,Monthly,977.1223547992049,1,17.0,0,SMB,0,Mid-Tenure
CUST_4649,43,Monthly,4722.058950150346,5,29.0,0,SMB,0,Loyal
CUST_4650,31,Annual,699.3172426194175,2,23.0,0,Enterprise,0,Mid-Tenure
CUST_4651,17,Annual,3873.842403902681,2,27.0,0,SMB,0,Mid-Tenure
CUST_4652,54,Monthly,821.4024699102085,3,13.0,0,Enterprise,1,Loyal
CUST_4653,62,Annual,2602.831113612857,3,2.0,0,Enterprise,0,Loyal
CUST_4654,32,Annual,1289.3508124493496,3,20.0,0,SMB,0,Mid-Tenure
CUST_4655,40,Monthly,1134.9400839301638,2,17.0,0,SMB,0,Loyal
CUST_4656,13,Monthly,1066.5408944377627,1,21.0,0,SMB,1,Mid-Tenure
CUST_4657,35,Monthly,2537.5398651290407,2,9.0,2,SMB,0,Mid-Tenure
CUST_4658,5,Multi-Year,2819.6820922428155,1,5.0,5,Enterprise,0,New
CUST_4659,29,Multi-Year,1100.2302209427794,3,1.0,2,SMB,0,Mid-Tenure
CUST_4660,70,Multi-Year,4907.280786198077,3,19.0,0,SMB,0,Loyal
CUST_4661,25,Annual,1659.9464908800041,2,10.0,10,SMB,0,Mid-Tenure
CUST_4662,22,Annual,2564.7860282125243,1,17.0,10,SMB,0,Mid-Tenure
CUST_4663,66,Annual,1473.213009208586,2,13.0,2,SMB,0,Loyal
CUST_4664,45,Multi-Year,2722.651904522955,0,25.0,0,SMB,0,Loyal
CUST_4665,69,Monthly,3902.074621093319,2,19.0,0,SMB,0,Loyal
CUST_4666,1,Annual,2844.9590643252286,2,12.0,2,SMB,0,New
CUST_4667,44,Annual,1785.4199182312484,2,28.0,5,Enterprise,0,Loyal
CUST_4668,39,Annual,1617.7847393027214,2,26.0,0,SMB,0,Loyal
CUST_4669,54,Monthly,3915.2048280217405,0,6.0,0,SMB,0,Loyal
CUST_4670,29,Annual,1032.0717907681847,1,20.0,0,SMB,0,Mid-Tenure
CUST_4671,54,Annual,2164.849224826413,1,25.0,0,Enterprise,0,Loyal
CUST_4672,16,Monthly,1181.672224942484,3,19.0,2,Enterprise,1,Mid-Tenure
CUST_4673,20,Annual,1660.8912318251687,1,9.0,0,SMB,0,Mid-Tenure
CUST_4674,46,Monthly,1187.0745461822848,2,25.0,0,SMB,0,Loyal
CUST_4675,67,Multi-Year,4490.47628844092,3,18.0,2,Enterprise,0,Loyal
CUST_4676,65,Annual,3793.5688955586434,2,28.0,0,SMB,0,Loyal
CUST_4677,58,Annual,3024.172607199176,5,28.0,0,SMB,0,Loyal
CUST_4678,53,Monthly,1509.9135012298989,2,12.0,2,SMB,0,Loyal
CUST_4679,1,Monthly,2796.020722396377,1,21.0,0,Enterprise,0,New
CUST_4680,66,Annual,2843.7494290140758,4,1.0,0,SMB,0,Loyal
CUST_4681,29,Monthly,3156.816765442578,3,19.0,2,SMB,0,Mid-Tenure
CUST_4682,70,Annual,770.3832075022915,2,11.0,2,SMB,0,Loyal
CUST_4683,8,Monthly,4878.058870385178,2,7.0,5,SMB,0,New
CUST_4684,29,Multi-Year,2594.475367701454,1,17.0,0,SMB,0,Mid-Tenure
CUST_4685,51,Annual,4669.392983445965,5,24.0,0,Enterprise,0,Loyal
CUST_4686,33,Monthly,544.1365162128936,5,1.0,2,Enterprise,0,Mid-Tenure
CUST_4687,3,Annual,1614.01278035889,0,15.0,0,SMB,0,New
CUST_4688,60,Multi-Year,967.9800664100103,1,7.0,0,SMB,0,Loyal
CUST_4689,35,Annual,3963.2727980964723,0,15.0,0,Enterprise,0,Mid-Tenure
CUST_4690,69,Monthly,1940.5627231762005,1,7.0,0,SMB,0,Loyal
CUST_4691,20,Annual,4282.216287870861,4,22.0,0,SMB,0,Mid-Tenure
CUST_4692,39,Monthly,4245.734145721357,3,29.0,0,Enterprise,0,Loyal
CUST_4693,4,Monthly,3505.076567629564,6,12.0,0,Enterprise,0,New
CUST_4694,19,Monthly,3496.018115947897,4,25.0,15,SMB,0,Mid-Tenure
CUST_4695,45,Annual,3650.7186143291074,0,5.0,0,SMB,0,Loyal
CUST_4696,43,Monthly,3531.9372558339855,2,0.0,0,SMB,0,Loyal
CUST_4697,13,Multi-Year,2241.0876095795707,4,1.0,0,Enterprise,0,Mid-Tenure
CUST_4698,13,Monthly,3572.7244005584566,2,6.0,0,Enterprise,0,Mid-Tenure
CUST_4699,60,Monthly,4538.331361365614,1,12.0,5,SMB,0,Loyal
CUST_4700,57,Monthly,1996.5807134448064,4,26.0,2,Enterprise,0,Loyal
CUST_4701,52,Monthly,4752.000617967291,0,3.0,2,Enterprise,0,Loyal
CUST_4702,53,Annual,561.1171455444638,5,8.0,5,SMB,0,Loyal
CUST_4703,43,Monthly,2070.871422193567,3,18.0,5,SMB,0,Loyal
CUST_4704,42,Monthly,1094.442807779331,2,19.0,0,SMB,0,Loyal
CUST_4705,26,Monthly,1069.7892307026063,1,2.0,0,Enterprise,0,Mid-Tenure
CUST_4706,23,Monthly,4169.432723052058,2,22.0,0,SMB,1,Mid-Tenure
CUST_4707,43,Monthly,4632.657416375553,2,1.0,0,SMB,0,Loyal
CUST_4708,28,Annual,3999.912144048435,2,15.0,0,SMB,1,Mid-Tenure
CUST_4709,9,Annual,4894.770735466519,3,9.0,0,SMB,0,New
CUST_4710,20,Annual,1473.4803657482184,1,27.0,0,SMB,1,Mid-Tenure
CUST_4711,56,Annual,1133.5996049436071,3,11.0,0,SMB,0,Loyal
CUST_4712,39,Annual,2843.167019178261,0,17.0,0,SMB,0,Loyal
CUST_4713,51,Multi-Year,4230.669266341781,5,1.0,0,SMB,0,Loyal
CUST_4714,12,Monthly,679.2759087712686,1,13.0,2,SMB,0,New
CUST_4715,55,Monthly,4980.045474499469,2,11.0,0,SMB,0,Loyal
CUST_4716,11,Monthly,3210.1066814239525,2,19.0,10,SMB,1,New
CUST_4717,26,Monthly,4905.238154816198,1,23.0,2,SMB,0,Mid-Tenure
CUST_4718,42,Monthly,2142.867349551996,3,23.0,0,SMB,1,Loyal
CUST_4719,27,Annual,2561.1071924011517,2,23.0,0,SMB,0,Mid-Tenure
CUST_4720,11,Monthly,3885.6264907882646,5,7.0,0,SMB,0,New
CUST_4721,38,Multi-Year,4067.152027525934,3,22.0,2,SMB,0,Loyal
CUST_4722,43,Monthly,1548.6487400760811,1,21.0,0,SMB,0,Loyal
CUST_4723,19,Monthly,4684.1048883847525,3,27.0,0,SMB,1,Mid-Tenure
CUST_4724,64,Multi-Year,4403.404048256279,2,6.0,0,SMB,0,Loyal
CUST_4725,6,Multi-Year,581.9238639643936,2,12.0,0,SMB,0,New
CUST_4726,46,Monthly,1078.556476348324,3,14.0,10,SMB,1,Loyal
CUST_4727,42,Annual,2732.436978831803,3,13.0,0,SMB,0,Loyal
CUST_4728,65,Multi-Year,2574.299813509322,3,4.0,0,SMB,0,Loyal
CUST_4729,59,Monthly,3687.758847656759,4,7.0,0,Enterprise,0,Loyal
CUST_4730,52,Monthly,903.7011922386532,4,17.0,2,SMB,0,Loyal
CUST_4731,47,Multi-Year,3401.8488801370695,4,4.0,2,SMB,0,Loyal
CUST_4732,7,Annual,3273.6646901056206,3,22.0,0,Enterprise,0,New
CUST_4733,11,Monthly,1551.2881931511997,2,8.0,0,SMB,0,New
CUST_4734,61,Annual,2940.7728392077975,1,9.0,0,SMB,0,Loyal
CUST_4735,68,Monthly,1499.9324314819187,2,16.0,0,SMB,0,Loyal
CUST_4736,25,Multi-Year,1161.1536219527284,3,26.0,10,SMB,0,Mid-Tenure
CUST_4737,12,Monthly,3079.1072059433172,2,24.0,0,SMB,0,New
CUST_4738,26,Multi-Year,4898.634252352566,5,2.0,0,SMB,0,Mid-Tenure
CUST_4739,12,Annual,1566.2000712728527,1,0.0,0,SMB,0,New
CUST_4740,43,Monthly,2099.0126720981834,2,6.0,0,SMB,0,Loyal
CUST_4741,51,Monthly,1654.5795169552102,4,14.0,0,SMB,0,Loyal
CUST_4742,37,Annual,1699.0691974092263,4,18.0,0,Enterprise,0,Loyal
CUST_4743,46,Multi-Year,2318.864603840063,1,7.0,0,SMB,0,Loyal
CUST_4744,53,Monthly,3658.3497979277904,5,10.0,5,SMB,0,Loyal
CUST_4745,13,Monthly,674.6203581392531,2,1.0,0,Enterprise,0,Mid-Tenure
CUST_4746,54,Annual,4807.058880585021,4,19.0,0,Enterprise,0,Loyal
CUST_4747,57,Annual,708.2594577016138,1,27.0,0,Enterprise,0,Loyal
CUST_4748,4,Monthly,4465.639318750518,6,1.0,0,SMB,1,New
CUST_4749,49,Annual,4524.701444428995,0,10.0,0,Enterprise,0,Loyal
CUST_4750,7,Annual,2860.2013441618546,6,19.0,0,SMB,0,New
CUST_4751,11,Monthly,1116.4857287853536,2,27.0,0,SMB,1,New
CUST_4752,54,Monthly,3043.156867506247,0,16.0,0,Enterprise,0,Loyal
CUST_4753,45,Monthly,3328.8447195628237,4,28.0,0,SMB,0,Loyal
CUST_4754,23,Annual,4359.915310132001,4,9.0,0,SMB,0,Mid-Tenure
CUST_4755,28,Annual,2979.0291909630637,5,4.0,5,Enterprise,0,Mid-Tenure
CUST_4756,57,Annual,2348.192281565022,4,2.0,0,SMB,0,Loyal
CUST_4757,26,Monthly,4272.310372343512,3,8.0,0,SMB,1,Mid-Tenure
CUST_4758,25,Monthly,4914.283088086785,1,19.0,0,SMB,0,Mid-Tenure
CUST_4759,54,Multi-Year,3402.9644232107,3,21.0,0,SMB,0,Loyal
CUST_4760,29,Monthly,4434.741667862643,1,24.0,2,SMB,1,Mid-Tenure
CUST_4761,36,Annual,3194.308007730789,3,1.0,0,SMB,0,Mid-Tenure
CUST_4762,14,Annual,3604.0459613463754,2,22.0,0,SMB,0,Mid-Tenure
CUST_4763,35,Monthly,3596.7520289701347,2,18.0,0,SMB,0,Mid-Tenure
CUST_4764,30,Monthly,3671.541440781194,0,16.0,0,SMB,0,Mid-Tenure
CUST_4765,17,Monthly,1944.5604976788513,4,24.0,0,SMB,0,Mid-Tenure
CUST_4766,67,Monthly,3090.476283222705,4,24.0,0,Enterprise,0,Loyal
CUST_4767,30,Annual,3173.6101278820793,2,11.0,0,SMB,0,Mid-Tenure
CUST_4768,45,Monthly,1917.822320209544,3,26.0,0,Enterprise,0,Loyal
CUST_4769,51,Monthly,2074.3356546664863,1,19.0,10,Enterprise,0,Loyal
CUST_4770,47,Annual,3930.1104425752164,2,8.0,0,SMB,0,Loyal
CUST_4771,53,Monthly,3122.257282777621,4,22.0,0,SMB,0,Loyal
CUST_4772,64,Annual,1171.4501658342588,3,3.0,0,Enterprise,0,Loyal
CUST_4773,38,Monthly,4269.366449072925,2,27.0,2,SMB,0,Loyal
CUST_4774,64,Monthly,4474.014291834439,0,17.0,0,SMB,0,Loyal
CUST_4775,7,Monthly,2597.6351658101635,3,15.0,2,SMB,0,New
CUST_4776,22,Monthly,1440.0834441031711,5,28.0,0,SMB,0,Mid-Tenure
CUST_4777,41,Multi-Year,4764.2292293220735,0,20.0,0,SMB,0,Loyal
CUST_4778,10,Annual,4470.213040338093,4,23.0,2,SMB,0,New
CUST_4779,57,Monthly,1599.7178585382733,2,9.0,5,SMB,0,Loyal
CUST_4780,7,Monthly,930.1718133621383,2,25.0,0,SMB,0,New
CUST_4781,50,Monthly,2482.9412339709806,2,21.0,0,Enterprise,0,Loyal
CUST_4782,52,Monthly,3543.786439221828,2,11.0,0,SMB,0,Loyal
CUST_4783,33,Monthly,1289.2486334897483,2,29.0,0,SMB,0,Mid-Tenure
CUST_4784,1,Annual,2809.456962942866,3,27.0,5,SMB,0,New
CUST_4785,53,Multi-Year,2414.369724226325,2,10.0,0,SMB,0,Loyal
CUST_4786,60,Monthly,4507.480169462595,4,4.0,0,SMB,0,Loyal
CUST_4787,34,Annual,2433.0498476320786,0,19.0,0,Enterprise,0,Mid-Tenure
CUST_4788,4,Multi-Year,2901.9937718076694,0,10.0,0,Enterprise,1,New
CUST_4789,17,Monthly,4798.7878820082005,1,15.0,0,SMB,0,Mid-Tenure
CUST_4790,4,Multi-Year,1848.6129464355406,1,14.0,0,SMB,0,New
CUST_4791,43,Annual,1800.459193738736,0,5.0,0,SMB,0,Loyal
CUST_4792,4,Monthly,4098.177859739192,2,12.0,2,SMB,0,New
CUST_4793,1,Multi-Year,1748.9254376478589,3,15.0,0,SMB,0,New
CUST_4794,71,Monthly,4243.396415329422,2,26.0,0,SMB,0,Loyal
CUST_4795,50,Monthly,929.9102421274023,2,2.0,0,SMB,1,Loyal
CUST_4796,61,Annual,1000.6756128926079,2,17.0,0,SMB,0,Loyal
CUST_4797,35,Monthly,4555.9551837324725,2,0.0,0,SMB,0,Mid-Tenure
CUST_4798,8,Monthly,2933.6552711709587,1,24.0,15,Enterprise,1,New
CUST_4799,24,Monthly,3734.6642001240743,2,16.0,2,Enterprise,0,Mid-Tenure
CUST_4800,36,Annual,1513.8000133814494,2,26.0,2,Enterprise,0,Mid-Tenure
CUST_4801,50,Annual,1248.2346577194874,3,19.0,0,SMB,0,Loyal
CUST_4802,43,Annual,4257.294180046881,5,5.0,2,SMB,0,Loyal
CUST_4803,27,Multi-Year,2113.80533160462,1,8.0,0,SMB,0,Mid-Tenure
CUST_4804,32,Monthly,2547.6467860489747,3,3.0,0,SMB,0,Mid-Tenure
CUST_4805,18,Monthly,625.8735377391154,4,6.0,0,SMB,0,Mid-Tenure
CUST_4806,28,Annual,2236.4633038683487,4,22.0,0,SMB,0,Mid-Tenure
CUST_4807,29,Annual,3966.970136562403,2,28.0,0,SMB,0,Mid-Tenure
CUST_4808,16,Monthly,4195.738297787762,3,29.0,0,Enterprise,0,Mid-Tenure
CUST_4809,47,Monthly,3644.396549971438,1,21.0,0,SMB,0,Loyal
CUST_4810,59,Multi-Year,3614.8088009468397,3,24.0,0,SMB,0,Loyal
CUST_4811,31,Multi-Year,2778.0766996872107,3,10.0,0,SMB,0,Mid-Tenure
CUST_4812,4,Annual,2922.4819816692034,4,25.0,10,SMB,0,New
CUST_4813,37,Monthly,3841.8428606591456,2,22.0,2,SMB,0,Loyal
CUST_4814,17,Multi-Year,1612.8580947247528,2,2.0,0,Enterprise,0,Mid-Tenure
CUST_4815,39,Multi-Year,1541.826807107252,4,15.0,0,SMB,0,Loyal
CUST_4816,48,Annual,4774.661707613246,3,5.0,0,Enterprise,0,Loyal
CUST_4817,46,Multi-Year,624.6044904144892,2,6.0,0,SMB,0,Loyal
CUST_4818,48,Multi-Year,1127.594586493317,3,11.0,10,SMB,0,Loyal
CUST_4819,39,Multi-Year,3066.495917905616,0,6.0,0,Enterprise,0,Loyal
CUST_4820,4,Multi-Year,3820.2567741425682,6,28.0,2,Enterprise,1,New
CUST_4821,30,Annual,2920.509873432553,4,21.0,2,Enterprise,0,Mid-Tenure
CUST_4822,30,Annual,2097.787982741979,4,18.0,0,SMB,0,Mid-Tenure
CUST_4823,22,Monthly,4900.892537088354,3,21.0,10,SMB,0,Mid-Tenure
CUST_4824,66,Annual,3667.337083097806,0,15.0,0,SMB,0,Loyal
CUST_4825,12,Annual,4241.258784801856,3,17.0,0,SMB,0,New
CUST_4826,36,Multi-Year,681.1109338469182,1,9.0,5,SMB,0,Mid-Tenure
CUST_4827,18,Monthly,1561.6404971302265,3,28.0,0,SMB,0,Mid-Tenure
CUST_4828,53,Annual,2183.76992116211,1,0.0,0,Enterprise,0,Loyal
CUST_4829,71,Monthly,1321.7062913702512,3,7.0,0,SMB,0,Loyal
CUST_4830,1,Annual,828.0467271911624,2,2.0,2,SMB,0,New
CUST_4831,58,Annual,1512.912490676061,2,29.0,0,SMB,0,Loyal
CUST_4832,6,Monthly,2901.360340566692,4,15.0,5,SMB,1,New
CUST_4833,70,Annual,3630.8536176051734,4,23.0,0,Enterprise,0,Loyal
CUST_4834,44,Monthly,3983.0941533428645,5,2.0,0,SMB,0,Loyal
CUST_4835,24,Monthly,693.2126969047268,2,1.0,0,Enterprise,0,Mid-Tenure
CUST_4836,19,Annual,2425.93777495666,4,11.0,0,Enterprise,0,Mid-Tenure
CUST_4837,18,Monthly,1049.9521261341529,1,7.0,0,Enterprise,0,Mid-Tenure
CUST_4838,30,Monthly,2440.401739001023,1,18.0,5,Enterprise,1,Mid-Tenure
CUST_4839,42,Monthly,2452.891321041328,1,23.0,0,SMB,0,Loyal
CUST_4840,33,Monthly,2741.952590205097,4,17.0,2,SMB,0,Mid-Tenure
CUST_4841,12,Annual,4517.737818184578,2,19.0,0,SMB,0,New
CUST_4842,27,Monthly,4122.929761808402,2,24.0,0,SMB,0,Mid-Tenure
CUST_4843,39,Multi-Year,3365.243803113763,0,14.0,0,Enterprise,0,Loyal
CUST_4844,9,Monthly,4484.332953200888,0,16.0,0,SMB,0,New
CUST_4845,21,Monthly,3553.108774270805,3,17.0,0,SMB,0,Mid-Tenure
CUST_4846,29,Monthly,4184.847323433838,2,17.0,0,SMB,1,Mid-Tenure
CUST_4847,33,Annual,3037.00235442857,1,8.0,2,SMB,0,Mid-Tenure
CUST_4848,62,Annual,2863.482132339053,6,25.0,0,SMB,0,Loyal
CUST_4849,15,Multi-Year,3758.4375924757314,5,4.0,0,SMB,1,Mid-Tenure
CUST_4850,2,Annual,588.6019038908798,4,10.0,5,SMB,0,New
CUST_4851,52,Monthly,3606.6990723414056,4,28.0,10,SMB,0,Loyal
CUST_4852,44,Annual,4705.331982819641,2,3.0,5,SMB,0,Loyal
CUST_4853,54,Multi-Year,3712.7393592203935,1,25.0,2,SMB,0,Loyal
CUST_4854,18,Monthly,665.5717593374833,1,9.0,0,SMB,0,Mid-Tenure
CUST_4855,3,Monthly,2200.4853834772575,6,3.0,5,SMB,1,New
CUST_4856,7,Annual,4143.115860220787,4,22.0,2,Enterprise,0,New
CUST_4857,43,Monthly,4813.73847519989,6,2.0,10,SMB,1,Loyal
CUST_4858,38,Multi-Year,2165.7351003636977,0,24.0,0,SMB,0,Loyal
CUST_4859,37,Monthly,4285.373251446086,0,15.0,5,Enterprise,1,Loyal
CUST_4860,58,Monthly,4387.144438856809,0,20.0,0,SMB,0,Loyal
CUST_4861,33,Multi-Year,1054.7887969672252,2,10.0,0,SMB,0,Mid-Tenure
CUST_4862,59,Multi-Year,4306.048100234093,3,8.0,0,SMB,0,Loyal
CUST_4863,11,Monthly,1959.1245303737678,4,0.0,5,SMB,1,New
CUST_4864,68,Multi-Year,3169.569747044378,3,9.0,0,SMB,0,Loyal
CUST_4865,68,Monthly,2925.3295371038944,0,11.0,15,SMB,0,Loyal
CUST_4866,22,Monthly,3483.742386812543,5,29.0,0,SMB,1,Mid-Tenure
CUST_4867,66,Multi-Year,3832.090929251286,3,23.0,0,SMB,0,Loyal
CUST_4868,44,Annual,2483.9649392836104,1,1.0,0,SMB,0,Loyal
CUST_4869,6,Monthly,4497.3986996710955,1,14.0,0,SMB,0,New
CUST_4870,42,Monthly,4142.742897027026,1,29.0,0,SMB,0,Loyal
CUST_4871,25,Annual,4034.394916915369,4,23.0,0,SMB,0,Mid-Tenure
CUST_4872,57,Monthly,2562.110788704313,3,19.0,0,SMB,0,Loyal
CUST_4873,55,Annual,669.0779863007457,2,15.0,0,SMB,0,Loyal
CUST_4874,16,Annual,2715.15382870525,4,1.0,0,SMB,0,Mid-Tenure
CUST_4875,14,Monthly,4543.0049036488235,3,12.0,5,SMB,0,Mid-Tenure
CUST_4876,39,Annual,1357.0257002338349,3,17.0,0,SMB,0,Loyal
CUST_4877,28,Multi-Year,4921.666124047645,0,28.0,0,SMB,0,Mid-Tenure
CUST_4878,51,Monthly,4134.607790059272,1,21.0,0,Enterprise,0,Loyal
CUST_4879,49,Monthly,3694.2340652692915,4,18.0,2,SMB,0,Loyal
CUST_4880,9,Monthly,3547.2198106504434,2,10.0,0,SMB,0,New
CUST_4881,58,Annual,3141.616468701932,2,13.0,0,SMB,0,Loyal
CUST_4882,45,Multi-Year,3743.016454621094,0,29.0,0,SMB,0,Loyal
CUST_4883,22,Monthly,2398.5750029869423,2,25.0,10,SMB,0,Mid-Tenure
CUST_4884,32,Monthly,4303.796486090583,3,2.0,0,Enterprise,0,Mid-Tenure
CUST_4885,69,Monthly,3633.5568024287636,1,8.0,0,SMB,0,Loyal
CUST_4886,69,Annual,3970.6390057079707,4,4.0,0,Enterprise,0,Loyal
CUST_4887,42,Monthly,4066.193399746908,3,13.0,10,SMB,0,Loyal
CUST_4888,53,Multi-Year,914.3152056900615,4,6.0,0,SMB,0,Loyal
CUST_4889,59,Monthly,750.3834770948207,2,11.0,0,Enterprise,0,Loyal
CUST_4890,39,Annual,4104.436408181311,0,20.0,0,SMB,0,Loyal
CUST_4891,15,Annual,1667.228094672108,2,17.0,10,SMB,0,Mid-Tenure
CUST_4892,71,Annual,3118.8641338031643,1,10.0,2,SMB,0,Loyal
CUST_4893,29,Monthly,2496.6988484854382,5,26.0,0,Enterprise,0,Mid-Tenure
CUST_4894,3,Annual,599.176416504354,1,23.0,0,SMB,0,New
CUST_4895,10,Monthly,681.2656617482216,4,8.0,0,SMB,1,New
CUST_4896,29,Monthly,4222.06359025458,1,10.0,0,SMB,0,Mid-Tenure
CUST_4897,35,Annual,3234.5490266992574,1,17.0,0,SMB,0,Mid-Tenure
CUST_4898,6,Annual,2857.293854315802,3,1.0,5,SMB,0,New
CUST_4899,12,Monthly,4749.584375622876,1,19.0,0,SMB,0,New
CUST_4900,38,Monthly,1279.017616679802,0,12.0,0,SMB,0,Loyal
CUST_4901,19,Multi-Year,1660.8687784645933,1,14.0,10,Enterprise,1,Mid-Tenure
CUST_4902,67,Multi-Year,3905.3258520603226,2,7.0,0,SMB,0,Loyal
CUST_4903,8,Monthly,3988.5585258106826,6,4.0,2,Enterprise,1,New
CUST_4904,8,Annual,2322.0373839762397,2,4.0,0,SMB,0,New
CUST_4905,47,Monthly,4779.40295589692,0,6.0,5,SMB,0,Loyal
CUST_4906,4,Annual,4722.1455997182675,3,11.0,2,Enterprise,0,New
CUST_4907,51,Multi-Year,555.843717770718,4,19.0,2,SMB,0,Loyal
CUST_4908,67,Monthly,1275.4755605332625,3,11.0,0,SMB,1,Loyal
CUST_4909,45,Annual,4190.98748757742,2,8.0,0,SMB,0,Loyal
CUST_4910,8,Monthly,2008.4750817170375,0,3.0,10,SMB,1,New
CUST_4911,16,Annual,929.5820541492278,3,7.0,0,Enterprise,0,Mid-Tenure
CUST_4912,67,Annual,4032.496284906126,3,18.0,2,SMB,0,Loyal
CUST_4913,9,Multi-Year,2545.6257750884424,8,21.0,0,Enterprise,0,New
CUST_4914,60,Monthly,2715.848540219173,2,0.0,0,Enterprise,0,Loyal
CUST_4915,71,Monthly,1338.6622496727707,4,22.0,0,SMB,0,Loyal
CUST_4916,15,Monthly,3474.027742725175,4,10.0,0,SMB,1,Mid-Tenure
CUST_4917,71,Multi-Year,2980.5859315517796,1,22.0,15,SMB,0,Loyal
CUST_4918,41,Annual,1430.0282200508411,3,12.0,5,SMB,0,Loyal
CUST_4919,22,Annual,2031.4917879764305,2,17.0,0,Enterprise,0,Mid-Tenure
CUST_4920,24,Monthly,3185.956793012774,3,20.0,2,SMB,0,Mid-Tenure
CUST_4921,44,Multi-Year,4661.925149450345,0,19.0,0,SMB,0,Loyal
CUST_4922,1,Multi-Year,4641.6935764467125,1,9.0,2,SMB,0,New
CUST_4923,10,Annual,1795.5765697886734,4,12.0,2,SMB,0,New
CUST_4924,56,Monthly,3810.294399919482,3,24.0,0,SMB,0,Loyal
CUST_4925,50,Monthly,3989.8358623571426,3,11.0,0,SMB,1,Loyal
CUST_4926,12,Annual,4139.703949922577,2,12.0,0,SMB,0,New
CUST_4927,60,Annual,3068.4302813816603,3,1.0,10,Enterprise,0,Loyal
CUST_4928,26,Monthly,547.2859914481451,4,2.0,0,SMB,1,Mid-Tenure
CUST_4929,41,Annual,3927.5432845081186,7,28.0,5,SMB,0,Loyal
CUST_4930,36,Monthly,979.6885242320752,2,16.0,2,SMB,0,Mid-Tenure
CUST_4931,23,Annual,1025.921237991808,4,25.0,0,SMB,0,Mid-Tenure
CUST_4932,43,Annual,3225.311611907687,5,20.0,5,SMB,0,Loyal
CUST_4933,6,Monthly,4925.842344613858,1,18.0,0,Enterprise,0,New
CUST_4934,69,Annual,1591.4276296960993,2,11.0,0,SMB,0,Loyal
CUST_4935,43,Monthly,3406.148960230434,1,15.0,2,SMB,0,Loyal
CUST_4936,25,Monthly,1866.4414058192046,3,19.0,0,SMB,0,Mid-Tenure
CUST_4937,18,Multi-Year,4544.2675112473835,3,19.0,0,SMB,0,Mid-Tenure
CUST_4938,62,Monthly,3170.826014512388,3,21.0,0,SMB,1,Loyal
CUST_4939,13,Monthly,1433.6479744541189,3,9.0,0,SMB,0,Mid-Tenure
CUST_4940,43,Monthly,1679.5897270044272,1,22.0,10,SMB,0,Loyal
CUST_4941,28,Monthly,2446.163286881544,3,22.0,10,Enterprise,0,Mid-Tenure
CUST_4942,18,Monthly,1049.196029134157,2,14.0,0,SMB,0,Mid-Tenure
CUST_4943,59,Monthly,854.3001571856674,4,29.0,0,SMB,0,Loyal
CUST_4944,60,Annual,3560.2762808658026,1,26.0,2,Enterprise,0,Loyal
CUST_4945,63,Monthly,2332.2427794010414,1,7.0,0,SMB,1,Loyal
CUST_4946,57,Annual,3768.0160634162467,2,18.0,0,SMB,0,Loyal
CUST_4947,51,Monthly,995.2619019692968,2,4.0,2,SMB,0,Loyal
CUST_4948,56,Monthly,3244.394965554931,2,11.0,2,SMB,0,Loyal
CUST_4949,27,Monthly,2494.880570163832,1,9.0,0,Enterprise,0,Mid-Tenure
CUST_4950,32,Multi-Year,760.9939450566285,1,21.0,2,SMB,0,Mid-Tenure
CUST_4951,9,Annual,2951.608902241896,0,13.0,0,SMB,0,New
CUST_4952,68,Annual,872.6192362154559,3,27.0,0,SMB,0,Loyal
CUST_4953,46,Monthly,4224.738865059537,0,21.0,0,SMB,0,Loyal
CUST_4954,67,Multi-Year,3343.8085942551297,0,11.0,0,SMB,0,Loyal
CUST_4955,26,Monthly,3006.353901922018,2,23.0,0,SMB,0,Mid-Tenure
CUST_4956,8,Monthly,1100.6105201134656,2,12.0,2,SMB,0,New
CUST_4957,6,Annual,1793.5570107683734,2,20.0,5,Enterprise,0,New
CUST_4958,24,Monthly,2717.941537108847,2,20.0,0,SMB,0,Mid-Tenure
CUST_4959,48,Multi-Year,3349.7758113785962,0,16.0,5,SMB,0,Loyal
CUST_4960,45,Monthly,1324.5382343397,1,0.0,0,SMB,0,Loyal
CUST_4961,13,Multi-Year,539.8982516013052,1,21.0,0,SMB,0,Mid-Tenure
CUST_4962,69,Annual,2051.42084271183,3,9.0,0,SMB,0,Loyal
CUST_4963,25,Annual,2672.9215455030962,2,25.0,0,Enterprise,0,Mid-Tenure
CUST_4964,20,Monthly,1329.9507751856136,1,4.0,0,Enterprise,0,Mid-Tenure
CUST_4965,66,Monthly,2714.744776348426,2,10.0,5,Enterprise,0,Loyal
CUST_4966,45,Multi-Year,2023.1863635617092,1,9.0,0,SMB,0,Loyal
CUST_4967,47,Monthly,2547.9034974788347,0,5.0,0,SMB,0,Loyal
CUST_4968,63,Annual,2063.559877603673,0,14.0,2,Enterprise,0,Loyal
CUST_4969,55,Multi-Year,3328.105324040601,2,8.0,0,Enterprise,0,Loyal
CUST_4970,19,Monthly,693.0365494710726,5,7.0,0,SMB,0,Mid-Tenure
CUST_4971,35,Annual,1269.073804749231,4,22.0,0,Enterprise,0,Mid-Tenure
CUST_4972,53,Annual,2447.378910999498,3,22.0,0,Enterprise,0,Loyal
CUST_4973,26,Monthly,2103.3352199833553,3,5.0,2,SMB,0,Mid-Tenure
CUST_4974,14,Monthly,2262.3438017921767,2,5.0,0,SMB,0,Mid-Tenure
CUST_4975,45,Monthly,4116.923126962159,5,16.0,0,SMB,0,Loyal
CUST_4976,44,Monthly,4488.492462113146,0,11.0,0,Enterprise,0,Loyal
CUST_4977,65,Annual,1619.009525739065,3,6.0,0,SMB,0,Loyal
CUST_4978,51,Monthly,4263.759771288374,3,4.0,0,SMB,0,Loyal
CUST_4979,43,Multi-Year,2564.5543938066103,6,15.0,0,SMB,0,Loyal
CUST_4980,23,Monthly,1732.1927867879936,1,22.0,0,SMB,1,Mid-Tenure
CUST_4981,56,Annual,4934.552319521053,1,5.0,0,SMB,0,Loyal
CUST_4982,19,Annual,4211.608061453753,1,7.0,0,SMB,0,Mid-Tenure
CUST_4983,55,Monthly,4974.139935889412,4,2.0,10,Enterprise,1,Loyal
CUST_4984,60,Monthly,1256.8585299271458,2,7.0,10,SMB,0,Loyal
CUST_4985,59,Annual,1147.292032765364,4,28.0,0,Enterprise,0,Loyal
CUST_4986,33,Multi-Year,2765.2007882490766,3,6.0,0,SMB,0,Mid-Tenure
CUST_4987,19,Monthly,3373.896920155493,2,16.0,0,SMB,1,Mid-Tenure
CUST_4988,28,Monthly,1269.7704164000825,2,18.0,0,Enterprise,0,Mid-Tenure
CUST_4989,52,Monthly,4371.938006398442,2,25.0,0,SMB,0,Loyal
CUST_4990,49,Monthly,2894.060653985135,4,19.0,0,SMB,0,Loyal
CUST_4991,37,Annual,2349.2382494929134,0,13.0,2,SMB,0,Loyal
CUST_4992,26,Multi-Year,3209.241528171703,7,24.0,0,SMB,0,Mid-Tenure
CUST_4993,40,Monthly,3357.2917083753014,4,27.0,10,SMB,1,Loyal
CUST_4994,38,Multi-Year,692.5247644270736,2,5.0,0,SMB,0,Loyal
CUST_4995,54,Monthly,4999.517000172722,3,6.0,0,SMB,0,Loyal
CUST_4996,22,Annual,2137.63809562014,2,29.0,5,SMB,0,Mid-Tenure
CUST_4997,16,Monthly,776.9419110945329,2,4.0,0,Enterprise,1,Mid-Tenure
CUST_4998,28,Monthly,4335.4542864898185,2,18.0,10,SMB,1,Mid-Tenure
CUST_4999,35,Monthly,4968.5840564554055,1,20.0,0,SMB,0,Mid-Tenure
CUST_5000,60,Monthly,4173.613291472406,1,27.0,10,SMB,1,Loyal
