Customer_ID,Tenure_Months,Contract_Type,Monthly_Charges,Total_Support_Tickets,Login_Frequency_Days,Payment_Delay_Days,Segment,Churn,Tenure_Cohort,Recency_Score,Frequency_Score,Monetary_Value,Support_Ticket_Ratio,Risk_Payment_Interaction,Is_Enterprise,Is_Monthly_Contract,Churn_Probability,Estimated_LTV,Revenue_At_Risk,Target_For_Retention
CUST_0001,52,Multi-Year,3720.032722995046,3,8.0,0,Enterprise,0,Loyal,8.0,3,193441.7015957424,0.0566037735849056,0.0,1,0,0.008913687,757725.2987007678,6754.126470666146,0
CUST_0002,15,Monthly,3747.094367382621,2,23.0,5,SMB,1,Mid-Tenure,23.0,2,56206.41551073932,0.125,18.735471836913103,0,1,0.4174091,96200.80570386966,40155.090976595005,0
CUST_0003,61,Annual,1770.7869954762216,3,5.0,0,Enterprise,0,Loyal,5.0,3,108018.00672404953,0.0483870967741935,0.0,1,0,0.0071515255,371808.86240262055,2659.000548564441,0
CUST_0004,21,Annual,4258.879073863026,2,5.0,0,SMB,0,Mid-Tenure,5.0,2,89436.46055112354,0.0909090909090909,0.0,0,0,0.02988499,639751.575543372,19118.969632535645,0
CUST_0005,24,Monthly,1925.802246426485,3,27.0,0,SMB,0,Mid-Tenure,27.0,3,46219.25391423564,0.12,0.0,0,1,0.2783273,70385.94441071618,19590.32889751617,0
CUST_0006,3,Monthly,3762.91905793944,4,15.0,0,SMB,1,New,15.0,4,11288.75717381832,1.0,0.0,0,1,0.51274896,80240.09143457156,41143.02316700827,1
CUST_0007,22,Monthly,1044.498953804299,1,1.0,2,SMB,0,Mid-Tenure,1.0,1,22978.976983694574,0.0434782608695652,2.088997907608598,0,1,0.24332686,42730.446410106,10397.46525249294,0
CUST_0008,53,Monthly,1259.1573926168555,2,28.0,0,SMB,0,Loyal,28.0,2,66735.34180869334,0.037037037037037,0.0,0,1,0.09159694,106710.55727848303,9774.36037044475,0
CUST_0009,2,Monthly,1921.0804002871305,4,15.0,0,SMB,0,New,15.0,4,3842.160800574261,1.3333333333333333,0.0,0,1,0.32074198,62180.61408463718,19943.933357963026,0
CUST_0010,30,Annual,3172.431954505377,3,2.0,0,Enterprise,0,Mid-Tenure,2.0,3,95172.95863516133,0.0967741935483871,0.0,1,0,0.024447592,511355.45301741577,12501.409469730479,0
CUST_0011,38,Annual,3404.801684654147,0,21.0,0,SMB,0,Loyal,21.0,0,129382.4640168576,0.0,0.0,0,0,0.0077308035,707726.4923758735,5471.294410637102,0
CUST_0012,2,Annual,2283.602773853637,4,29.0,0,Enterprise,0,New,29.0,4,4567.205547707274,1.3333333333333333,0.0,1,0,0.06454525,239234.9911925088,15441.48265715445,0
CUST_0013,64,Multi-Year,850.2761889973132,3,15.0,0,SMB,0,Loyal,15.0,3,54417.67609582804,0.0461538461538461,0.0,0,0,0.004605384,186855.46420169758,860.5411796987776,0
CUST_0014,60,Monthly,2181.355934417259,0,11.0,0,SMB,0,Loyal,11.0,0,130881.35606503554,0.0,0.0,0,1,0.07757597,205181.8418339461,15917.179732799344,0
CUST_0015,21,Monthly,3599.453821816182,2,2.0,0,SMB,1,Mid-Tenure,2.0,2,75588.53025813983,0.0909090909090909,0.0,0,1,0.29617172,124774.61699040276,36954.7135248447,0
CUST_0016,33,Annual,2757.103924579053,3,10.0,0,Enterprise,0,Mid-Tenure,10.0,3,90984.42951110876,0.088235294117647,0.0,1,0,0.012016196,533493.6506278666,6410.564166071563,0
CUST_0017,58,Monthly,1220.8838594244924,3,10.0,2,Enterprise,0,Loyal,10.0,3,70811.26384662055,0.0508474576271186,2.441767718848985,1,1,0.114767954,88916.6020718235,10204.776474494856,0
CUST_0018,22,Monthly,535.0278662103522,3,22.0,0,SMB,0,Mid-Tenure,22.0,3,11770.613056627748,0.1304347826086956,0.0,0,1,0.18849473,26920.23658173225,5074.3226456661705,0
CUST_0019,49,Monthly,3888.4172778325255,3,29.0,0,SMB,0,Loyal,29.0,3,190532.44661379376,0.06,0.0,0,1,0.0420026,507170.5268674527,21302.480612746178,0
CUST_0020,59,Monthly,978.6567487335968,4,15.0,0,SMB,0,Loyal,15.0,4,57740.74817528221,0.0666666666666666,0.0,0,1,0.06432279,102725.62732932044,6607.599159117801,0
CUST_0021,42,Multi-Year,870.5711478392848,4,4.0,0,SMB,0,Loyal,4.0,4,36563.98820924996,0.0930232558139534,0.0,0,0,0.0023432304,199583.66412340425,467.6705121381731,0
CUST_0022,60,Monthly,512.1554757537356,3,19.0,0,SMB,0,Loyal,19.0,3,30729.328545224133,0.0491803278688524,0.0,0,1,0.0544873,58819.26046324897,3204.9026420586147,0
CUST_0023,15,Monthly,2446.705966806173,3,7.0,0,SMB,0,Mid-Tenure,7.0,3,36700.5895020926,0.1875,0.0,0,1,0.24426433,99775.8374901423,24371.678537746287,0
CUST_0024,62,Monthly,2764.687554053665,6,10.0,0,SMB,1,Loyal,10.0,6,171410.6283513272,0.0952380952380952,0.0,0,1,0.6806885,45404.095026848634,30906.045356042563,1
CUST_0025,62,Annual,3369.4882076686577,1,10.0,0,SMB,0,Loyal,10.0,1,208908.2688754568,0.0158730158730158,0.0,0,0,0.010144651,672276.8751967506,6820.014231301055,0
CUST_0026,47,Monthly,1832.2872832066364,4,17.0,2,SMB,0,Loyal,17.0,4,86117.5023107119,0.0833333333333333,3.6645745664132727,0,1,0.03981436,244809.918997721,9746.950354207966,0
CUST_0027,62,Annual,3696.9112237405097,1,18.0,2,SMB,0,Loyal,18.0,1,229208.4958719116,0.0158730158730158,7.3938224474810195,0,0,0.011853517,717225.7447332672,8501.647581816458,0
CUST_0028,51,Monthly,1261.993358331237,2,9.0,0,SMB,1,Loyal,9.0,2,64361.661274893086,0.0384615384615384,0.0,0,1,0.1746673,67405.98468119714,11773.621266800475,0
CUST_0029,55,Monthly,4243.955238996563,4,27.0,0,SMB,0,Loyal,27.0,4,233417.53814481097,0.0714285714285714,0.0,0,1,0.067481086,433495.0079376864,29252.713762990235,0
CUST_0030,64,Annual,3073.317480007005,1,3.0,0,SMB,0,Loyal,3.0,1,196692.31872044835,0.0153846153846153,0.0,0,0,0.010829011,606286.5002391755,6565.483167110037,0
CUST_0031,3,Monthly,3127.504205174218,1,27.0,2,Enterprise,0,New,27.0,1,9382.512615522654,0.25,6.255008410348436,1,1,0.28180316,113109.37789520444,31874.580218961535,0
CUST_0032,51,Monthly,1443.9893620059863,1,9.0,10,SMB,1,Loyal,9.0,1,73643.4574623053,0.0192307692307692,14.439893620059864,0,1,0.7754948,20990.891525503583,16278.327517565729,1
CUST_0033,7,Monthly,833.4893718517471,1,13.0,0,Enterprise,0,New,13.0,1,5834.42560296223,0.125,0.0,1,1,0.17461982,44528.004832468076,7775.4723533013575,0
CUST_0034,21,Multi-Year,2591.261613863021,3,5.0,0,SMB,0,Mid-Tenure,5.0,3,54416.49389112344,0.1363636363636363,0.0,0,0,0.016818574,465366.7111602532,7826.80432843142,0
CUST_0035,39,Monthly,3270.253783650616,2,4.0,2,Enterprise,0,Loyal,4.0,2,127539.897562374,0.05,6.540507567301232,1,1,0.09461535,271361.545087398,25674.96693635685,0
CUST_0036,18,Annual,927.7090639775852,6,14.0,2,SMB,1,Mid-Tenure,14.0,6,16698.763151596533,0.3157894736842105,1.8554181279551705,0,0,0.24221604,38096.84452702366,9227.666654917282,0
CUST_0037,4,Monthly,4777.40513537675,1,4.0,0,Enterprise,0,New,4.0,1,19109.620541507,0.2,0.0,1,1,0.11076771,356594.3912213416,39499.14312618802,0
CUST_0038,60,Monthly,4911.864621047631,1,22.0,0,SMB,1,Loyal,22.0,1,294711.87726285786,0.0163934426229508,0.0,0,1,0.3766226,138160.46205834995,52034.35070265303,0
CUST_0039,14,Monthly,2954.555129266214,2,23.0,0,SMB,0,Mid-Tenure,23.0,2,41363.771809727,0.1333333333333333,0.0,0,1,0.20346682,139878.9091395258,28460.716511089915,0
CUST_0040,9,Multi-Year,4775.311198730328,2,5.0,0,SMB,0,New,5.0,2,42977.80078857295,0.2,0.0,0,0,0.018981371,830713.1747729626,15768.075027186265,0
CUST_0041,53,Monthly,1307.5035691138387,3,29.0,0,SMB,0,Loyal,29.0,3,69297.68916303346,0.0555555555555555,0.0,0,1,0.071047716,129618.6560869223,9209.109445579403,0
CUST_0042,2,Monthly,614.3930833078621,0,18.0,0,SMB,0,New,18.0,0,1228.786166615724,0.0,0.0,0,1,0.21322301,28009.392709812917,5972.247030305719,0
CUST_0043,60,Monthly,677.3429088067546,3,15.0,2,Enterprise,0,Loyal,15.0,3,40640.57452840528,0.0491803278688524,1.3546858176135093,1,1,0.084682554,60350.17040990835,5110.606565043161,0
CUST_0044,71,Monthly,3143.8061574205058,0,29.0,2,SMB,0,Loyal,29.0,0,223210.2371768559,0.0,6.287612314841011,0,1,0.095778726,258787.23018532,24786.311222911,0
CUST_0045,44,Monthly,777.3884754657058,1,16.0,2,SMB,0,Loyal,16.0,1,34205.09292049106,0.0222222222222222,1.5547769509314115,0,1,0.10661724,59563.441152110194,6350.489825495849,0
CUST_0046,8,Annual,4813.455230708392,4,13.0,0,Enterprise,0,New,13.0,4,38507.64184566714,0.4444444444444444,0.0,1,0,0.025970133,760318.0156271412,19745.560004459916,0
CUST_0047,47,Monthly,1138.6994484172938,2,10.0,0,SMB,0,Loyal,10.0,2,53518.87407561281,0.0416666666666666,0.0,0,1,0.13088655,75541.23426939745,9887.331892668073,0
CUST_0048,35,Monthly,1871.252627238404,1,13.0,0,SMB,1,Mid-Tenure,13.0,1,65493.84195334414,0.0277777777777777,0.0,0,1,0.41492096,48298.599291578284,20040.100986517766,0
CUST_0049,36,Annual,4201.330108992568,2,4.0,0,Enterprise,0,Mid-Tenure,4.0,2,151247.88392373244,0.054054054054054,0.0,1,0,0.01715588,750730.3793620574,12879.440382125926,0
CUST_0050,50,Monthly,1484.3314539684188,3,12.0,0,SMB,0,Loyal,12.0,3,74216.57269842095,0.0588235294117647,0.0,0,1,0.09242097,125065.68750291299,11558.692513388185,0
CUST_0051,4,Monthly,1593.3580630455676,2,11.0,0,SMB,1,New,11.0,2,6373.432252182271,0.4,0.0,0,1,0.31335786,52621.11610067025,16489.240324220715,0
CUST_0052,2,Monthly,3390.390301059582,2,25.0,0,Enterprise,0,New,25.0,2,6780.780602119164,0.6666666666666666,0.0,1,1,0.3868123,93139.96549525684,36027.684227637226,0
CUST_0053,6,Annual,1742.3873982016803,4,23.0,0,SMB,0,New,23.0,4,10454.324389210082,0.5714285714285714,0.0,0,0,0.063214935,184681.00419714596,11674.597742974443,0
CUST_0054,54,Monthly,1478.514353034651,3,18.0,0,SMB,0,Loyal,18.0,3,79839.77506387116,0.0545454545454545,0.0,0,1,0.07649802,140256.5282456481,10729.346242130436,0
CUST_0055,4,Monthly,1643.7997143754587,2,9.0,0,SMB,0,New,9.0,2,6575.198857501835,0.4,0.0,0,1,0.31335786,54286.966390382455,17011.247605835317,0
CUST_0056,54,Monthly,2707.9137470332707,2,12.0,0,SMB,0,Loyal,12.0,2,146227.34233979665,0.0363636363636363,0.0,0,1,0.081783056,246579.2388010818,20166.003759208557,0
CUST_0057,63,Annual,4847.44942729167,0,14.0,2,SMB,0,Loyal,14.0,0,305389.3139193752,0.0,9.69489885458334,0,0,0.026050694,764876.511039481,19925.564156261527,0
CUST_0058,18,Monthly,4245.070737025528,3,19.0,0,Enterprise,0,Mid-Tenure,19.0,3,76411.2732664595,0.1578947368421052,0.0,1,1,0.20391008,200625.53615562923,40909.5696448821,0
CUST_0059,44,Annual,1780.746190520797,3,12.0,0,Enterprise,0,Loyal,12.0,3,78352.83238291506,0.0666666666666666,0.0,1,0,0.004576609,391540.5256338869,1791.9278951600604,0
CUST_0060,34,Multi-Year,2135.17943824144,1,3.0,0,SMB,0,Mid-Tenure,3.0,1,72596.10090020896,0.0285714285714285,0.0,0,0,0.027700203,329756.5715603353,9134.323820973246,0
CUST_0061,62,Annual,2590.3051272683483,4,21.0,2,SMB,0,Loyal,21.0,4,160598.9178906376,0.0634920634920634,5.180610254536696,0,0,0.010163338,516654.5390638737,5250.934670260903,0
CUST_0062,14,Monthly,4905.183411576457,1,8.0,0,SMB,0,Mid-Tenure,8.0,1,68672.5677620704,0.0666666666666666,0.0,0,1,0.19862671,236749.30653816718,47024.73631757704,0
CUST_0063,48,Monthly,1275.7571075107207,1,25.0,2,SMB,0,Loyal,25.0,1,61236.3411605146,0.0204081632653061,2.5515142150214416,0,1,0.17045501,69443.12848332632,11836.929072918982,0
CUST_0064,15,Monthly,2108.673965713473,2,18.0,0,Enterprise,0,Mid-Tenure,18.0,2,31630.10948570209,0.125,0.0,1,1,0.1945994,103451.14250789431,20131.53077147539,0
CUST_0065,62,Monthly,3782.417422922217,1,19.0,0,Enterprise,0,Loyal,19.0,1,234509.88022117747,0.0158730158730158,0.0,1,1,0.104752176,293301.2580556286,30723.94486112638,0
CUST_0066,40,Monthly,4837.746804210245,4,21.0,10,Enterprise,1,Loyal,21.0,4,193509.87216840975,0.0975609756097561,48.37746804210244,1,1,0.8077965,67676.84679789376,54669.11850385736,1
CUST_0067,53,Annual,1200.5384574390696,0,21.0,0,SMB,0,Loyal,21.0,0,63628.53824427069,0.0,0.0,0,0,0.0073173833,251345.4136878248,1839.1907346524974,0
CUST_0068,24,Monthly,1523.209793874556,3,6.0,0,SMB,1,Mid-Tenure,6.0,3,36557.03505298935,0.12,0.0,0,1,0.334859,47494.05968529716,15903.813976056505,0
CUST_0069,26,Monthly,1515.626034756936,4,14.0,0,SMB,0,Mid-Tenure,14.0,4,39406.27690368034,0.1481481481481481,0.0,0,1,0.27034807,56774.21944131265,15348.800768216162,0
CUST_0070,60,Annual,594.1941327143309,1,16.0,0,SMB,0,Loyal,16.0,1,35651.64796285985,0.0163934426229508,0.0,0,0,0.00754362,123911.73052168333,934.7430318672658,0
CUST_0071,41,Annual,3218.5203124142727,3,13.0,0,SMB,0,Loyal,13.0,3,131959.33280898517,0.0714285714285714,0.0,0,0,0.0063011604,685993.7276469497,4322.556536077915,0
CUST_0072,29,Monthly,3518.163833656522,3,13.0,0,Enterprise,1,Mid-Tenure,13.0,3,102026.75117603914,0.1,0.0,1,1,0.3390878,108504.97800567624,36792.715810114314,0
CUST_0073,15,Multi-Year,3211.36650556364,3,8.0,0,SMB,0,Mid-Tenure,8.0,3,48170.497583454606,0.1875,0.0,0,0,0.060786318,347844.3772794741,21144.178943625713,0
CUST_0074,45,Monthly,820.9534523576646,5,15.0,5,SMB,0,Loyal,15.0,5,36942.9053560949,0.108695652173913,4.104767261788322,0,1,0.06951523,82428.33835006833,5730.02475644415,0
CUST_0075,65,Annual,811.5355658553426,0,1.0,0,SMB,0,Loyal,1.0,0,52749.81178059727,0.0,0.0,0,0,0.006914317,171106.7982906177,1183.0866685709157,0
CUST_0076,71,Annual,1446.7394952235582,5,13.0,0,Enterprise,0,Loyal,13.0,5,102718.50416087265,0.0694444444444444,0.0,1,0,0.12554404,98897.54217482825,12415.997128678928,0
CUST_0077,9,Annual,1806.325320645116,3,3.0,0,Enterprise,0,New,3.0,3,16256.927885806044,0.3,0.0,1,0,0.031893827,264682.98592182796,8441.753368424845,0
CUST_0078,1,Annual,4039.446451595213,1,2.0,0,SMB,0,New,2.0,1,4039.446451595213,0.5,0.0,0,0,0.05905437,444487.98023432744,26248.958076256833,0
CUST_0079,8,Monthly,1217.256195870145,1,2.0,0,Enterprise,0,New,2.0,1,9738.04956696116,0.1111111111111111,0.0,1,1,0.16849516,66853.07961799826,11264.42056877953,0
CUST_0080,63,Monthly,698.4149737888946,3,10.0,0,SMB,0,Loyal,10.0,3,44000.14334870036,0.046875,0.0,0,1,0.14181064,43694.02961909601,6196.27833473029,0
CUST_0081,11,Annual,2272.9437847087484,2,4.0,5,SMB,0,New,4.0,2,25002.381631796237,0.1666666666666666,11.36471892354374,0,0,0.045380265,285964.0451389237,12977.124011798065,0
CUST_0082,8,Monthly,2373.7647656386416,1,15.0,0,SMB,1,New,15.0,1,18990.118125109133,0.1111111111111111,0.0,0,1,0.28549233,84905.59563156497,24239.89639393188,0
CUST_0083,35,Multi-Year,2529.0830218502942,3,22.0,0,SMB,0,Mid-Tenure,22.0,3,88517.9057647603,0.0833333333333333,0.0,0,0,0.012452867,485950.4041254458,6051.475693869975,0
CUST_0084,35,Monthly,4221.065948121359,7,28.0,0,SMB,0,Mid-Tenure,28.0,7,147737.30818424755,0.1944444444444444,0.0,0,1,0.37813658,118309.88730833364,44737.29560167586,0
CUST_0085,33,Monthly,941.0243669192378,2,27.0,0,SMB,0,Mid-Tenure,27.0,2,31053.804108334847,0.0588235294117647,0.0,0,1,0.11668822,67744.99415874592,7905.042896989372,0
CUST_0086,5,Monthly,3667.739370898829,3,22.0,2,SMB,0,New,22.0,3,18338.696854494145,0.5,7.335478741797657,0,1,0.3234849,117843.77715728221,38120.68218811454,0
CUST_0087,41,Monthly,2020.7550697038084,2,29.0,0,SMB,0,Loyal,29.0,2,82850.95785785615,0.0476190476190476,0.0,0,1,0.104599364,156850.96944697775,16406.51166291834,0
CUST_0088,28,Annual,1894.9106139596147,4,29.0,0,SMB,0,Mid-Tenure,29.0,4,53057.49719086921,0.1379310344827586,0.0,0,0,0.052326042,222220.33327910778,11627.910537992935,0
CUST_0089,7,Annual,4696.444067386909,2,22.0,2,Enterprise,0,New,22.0,2,32875.108471708365,0.25,9.392888134773818,1,0,0.023732917,764344.1873115764,18140.117449881298,0
CUST_0090,12,Annual,1618.1083598753391,6,18.0,5,SMB,1,New,18.0,6,19417.30031850407,0.4615384615384615,8.090541799376696,0,0,0.47787705,36783.75665843693,17578.11314332705,0
CUST_0091,34,Multi-Year,3391.3932590271484,6,8.0,0,SMB,0,Mid-Tenure,8.0,6,115307.37080692303,0.1714285714285714,0.0,0,0,0.40302166,89833.93361264281,36205.02135678969,0
CUST_0092,33,Multi-Year,1738.0749081924143,5,21.0,2,SMB,0,Mid-Tenure,21.0,5,57356.47197034968,0.1470588235294117,3.476149816384829,0,0,0.30915266,58072.51447363784,17953.27248234876,0
CUST_0093,48,Multi-Year,2782.147471881733,3,10.0,0,SMB,0,Loyal,10.0,3,133543.07865032318,0.0612244897959183,0.0,0,0,0.004728632,610023.7996571424,2884.578088962658,0
CUST_0094,23,Monthly,4038.3180166832494,3,11.0,0,SMB,1,Mid-Tenure,11.0,3,92881.31438371474,0.125,0.0,0,1,0.33913156,124533.24071100958,42233.152680096595,0
CUST_0095,62,Annual,4467.751355823173,2,26.0,0,SMB,0,Loyal,26.0,2,277000.5840610367,0.0317460317460317,0.0,0,0,0.00958514,899771.6046288736,8624.437044007527,0
CUST_0096,37,Monthly,4274.137581327726,3,25.0,0,SMB,0,Loyal,25.0,3,158143.09050912588,0.0789473684210526,0.0,0,1,0.07328635,416020.51099977747,30488.623566187234,0
CUST_0097,44,Monthly,3119.813312650879,0,26.0,0,Enterprise,0,Loyal,26.0,0,137271.78575663868,0.0,0.0,1,1,0.027697256,481841.4741679489,13345.686581912914,0
CUST_0098,35,Annual,1619.6734190219995,1,7.0,0,SMB,0,Mid-Tenure,7.0,1,56688.56966576998,0.0277777777777777,0.0,0,0,0.035382565,227635.24184841246,8054.318766241899,0
CUST_0099,65,Monthly,3475.550224678396,2,13.0,0,Enterprise,0,Loyal,13.0,2,225910.7646040957,0.0303030303030303,0.0,1,1,0.034048963,496217.92667019705,16895.70599291973,0
CUST_0100,47,Monthly,3694.572706008236,1,29.0,0,SMB,1,Loyal,29.0,1,173644.9171823871,0.0208333333333333,0.0,0,1,0.058286857,409420.6208645187,23863.841123830764,0
CUST_0101,3,Monthly,548.1139555107563,4,16.0,0,SMB,0,New,16.0,4,1644.341866532269,1.0,0.0,0,1,0.15099022,32724.8143297195,4941.126847170648,0
CUST_0102,1,Monthly,2476.447299193436,3,19.0,2,SMB,0,New,19.0,3,2476.447299193436,1.5,4.952894598386871,0,1,0.09768851,201216.51972765327,19656.542203610523,0
CUST_0103,5,Multi-Year,4294.67919269794,3,14.0,0,SMB,0,New,14.0,3,21473.395963489704,0.5,0.0,0,0,0.026247993,675901.7545718458,17741.0645981272,0
CUST_0104,14,Monthly,2703.1441830937133,4,14.0,0,SMB,0,Mid-Tenure,14.0,4,37844.01856331198,0.2666666666666666,0.0,0,1,0.2776544,98999.82446598604,27487.737793655386,0
CUST_0105,27,Monthly,1901.189489734945,2,22.0,0,SMB,1,Mid-Tenure,22.0,2,51332.11622284351,0.0714285714285714,0.0,0,1,0.27184805,70885.22934213567,19270.011564694774,0
CUST_0106,9,Monthly,4423.089969610983,7,11.0,0,SMB,0,New,11.0,7,39807.80972649885,0.7,0.0,0,1,0.36509308,127867.89370483675,46683.68342578588,0
CUST_0107,15,Monthly,1201.4631388841258,2,8.0,0,SMB,0,Mid-Tenure,8.0,2,18021.947083261886,0.125,0.0,0,1,0.29364252,41955.10243760174,12319.802044585627,0
CUST_0108,42,Multi-Year,1429.0035458729017,2,11.0,15,SMB,0,Loyal,11.0,2,60018.148926661874,0.0465116279069767,21.435053188093523,0,0,0.15631443,83116.06018218215,12992.239789070874,0
CUST_0109,51,Monthly,3593.1756512126,1,18.0,0,SMB,0,Loyal,18.0,1,183251.9582118426,0.0192307692307692,0.0,0,1,0.12768614,242664.44095648712,30984.886489923232,0
CUST_0110,63,Annual,2085.961736869587,4,11.0,2,SMB,0,Loyal,11.0,4,131415.589422784,0.0625,4.171923473739175,0,0,0.009215293,422720.8860341513,3895.497013154885,0
CUST_0111,52,Annual,3708.575760802005,2,10.0,0,SMB,0,Loyal,10.0,2,192845.93956170423,0.0377358490566037,0.0,0,0,0.00818174,764894.7739759694,6258.169860934572,0
CUST_0112,4,Multi-Year,1209.6662956677137,2,27.0,5,Enterprise,0,New,27.0,2,4838.665182670855,0.4,6.048331478338569,1,0,0.046892364,149815.68103345323,7025.211384718523,0
CUST_0113,23,Annual,1635.2109032038068,1,5.0,0,SMB,0,Mid-Tenure,5.0,1,37609.850773687554,0.0416666666666666,0.0,0,0,0.03319009,235875.8190230171,7828.739711553646,0
CUST_0114,15,Multi-Year,1204.913202636351,1,7.0,5,SMB,0,Mid-Tenure,7.0,1,18073.698039545263,0.0625,6.024566013181755,0,0,0.055712212,136776.61334471457,7620.127662493964,0
CUST_0115,43,Monthly,4788.096411035794,4,10.0,0,SMB,0,Loyal,10.0,4,205888.14567453912,0.0909090909090909,0.0,0,1,0.11815886,341683.7939383932,40372.968253806925,0
CUST_0116,29,Monthly,2324.3178238291584,2,2.0,0,SMB,1,Mid-Tenure,2.0,2,67405.2168910456,0.0666666666666666,0.0,0,1,0.22111663,102877.54178282594,22747.935570412737,0
CUST_0117,36,Monthly,2017.489594596017,3,15.0,0,SMB,0,Mid-Tenure,15.0,3,72629.62540545661,0.081081081081081,0.0,0,1,0.22733083,87296.00590681835,19845.073799161804,0
CUST_0118,13,Multi-Year,563.9097027684412,0,5.0,0,SMB,0,Mid-Tenure,5.0,0,7330.826135989736,0.0,0.0,0,0,0.24091206,23261.03767693373,5603.864618697902,0
CUST_0119,32,Monthly,1190.379107348993,3,8.0,0,Enterprise,0,Mid-Tenure,8.0,3,38092.13143516778,0.0909090909090909,0.0,1,1,0.14785184,72198.21421821181,10674.638792444772,0
CUST_0120,71,Monthly,2395.111353091248,0,8.0,0,SMB,0,Loyal,8.0,0,170052.9060694786,0.0,0.0,0,1,0.036682423,331570.5183085899,12162.810074626193,0
CUST_0121,59,Monthly,808.2625665735234,2,5.0,2,SMB,0,Loyal,5.0,2,47687.49142783788,0.0333333333333333,1.6165251331470467,0,1,0.16159746,45837.74735381017,7407.263567798906,0
CUST_0122,28,Monthly,2798.3269827779764,2,4.0,0,SMB,0,Mid-Tenure,4.0,2,78353.15551778334,0.0689655172413793,0.0,0,1,0.21486394,126781.78854805633,27240.834743772073,0
CUST_0123,66,Monthly,2547.569473090015,2,0.0,0,SMB,0,Loyal,0.0,2,168139.585223941,0.0298507462686567,0.0,0,1,0.022088824,424071.75651609205,9367.246325212696,0
CUST_0124,42,Multi-Year,3952.256631549584,2,2.0,0,SMB,0,Loyal,2.0,2,165994.77852508254,0.0465116279069767,0.0,0,0,0.009232223,800697.2649816198,7392.215732948069,0
CUST_0125,45,Monthly,3469.112156301425,2,2.0,0,SMB,1,Loyal,2.0,2,156110.04703356413,0.0434782608695652,0.0,0,1,0.07941364,321676.6612267901,25545.513772948754,0
CUST_0126,62,Annual,2506.762873942582,2,11.0,0,SMB,0,Loyal,11.0,2,155419.29818444006,0.0317460317460317,0.0,0,0,0.004421261,552746.3708222043,2443.8360491578046,0
CUST_0127,57,Annual,1510.9731504728215,1,3.0,0,SMB,0,Loyal,3.0,1,86125.46957695083,0.0172413793103448,0.0,0,0,0.008820968,308251.9328700806,2719.0803583402762,0
CUST_0128,6,Monthly,3770.886047080128,1,20.0,0,SMB,0,New,20.0,1,22625.31628248077,0.1428571428571428,0.0,0,1,0.2615558,145240.85943858343,37988.587861626394,0
CUST_0129,28,Monthly,3685.379465543919,2,15.0,0,SMB,0,Mid-Tenure,15.0,2,103190.62503522974,0.0689655172413793,0.0,0,1,0.2857902,131702.92449794558,37639.405791608544,0
CUST_0130,28,Monthly,1189.8327223192432,1,10.0,0,SMB,0,Mid-Tenure,10.0,1,33315.31622493881,0.0344827586206896,0.0,0,1,0.22848922,51269.46044573062,11714.519034364794,0
CUST_0131,44,Monthly,4616.383241414313,4,7.0,5,Enterprise,0,Loyal,7.0,4,203120.86262222976,0.0888888888888888,23.08191620707156,1,1,0.083983645,413457.9276003674,34723.70374915403,0
CUST_0132,30,Annual,789.8230220676943,2,28.0,0,SMB,0,Mid-Tenure,28.0,2,23694.69066203083,0.064516129032258,0.0,0,0,0.013126947,150139.93304283018,1970.8789414930206,0
CUST_0133,62,Monthly,747.6696900172228,4,26.0,0,SMB,1,Loyal,26.0,4,46355.52078106781,0.0634920634920634,0.0,0,1,0.24616495,30294.050620406197,7457.333388053139,0
CUST_0134,62,Monthly,1343.0768794809214,2,8.0,0,SMB,1,Loyal,8.0,2,83270.76652781713,0.0317460317460317,0.0,0,1,0.08427117,120032.6324206961,10115.29039614857,0
CUST_0135,1,Annual,4592.573591219471,1,27.0,0,Enterprise,1,New,27.0,1,4592.573591219471,0.5,0.0,1,0,0.15767856,265366.26620840223,41842.570575066646,0
CUST_0136,27,Multi-Year,2839.991558166148,2,29.0,0,SMB,0,Mid-Tenure,29.0,2,76679.772070486,0.0714285714285714,0.0,0,0,0.03563501,397966.9076890998,14181.554499572596,0
CUST_0137,62,Multi-Year,4045.7341430280494,7,13.0,15,SMB,1,Loyal,13.0,7,250835.51686773903,0.1111111111111111,60.68601214542074,0,0,0.6867376,65897.01561209864,45253.95815017801,1
CUST_0138,3,Multi-Year,1525.2943463442527,1,22.0,15,SMB,1,New,22.0,1,4575.883039032759,0.25,22.87941519516379,0,0,0.2884559,54079.51618082514,15599.555702411708,0
CUST_0139,70,Annual,2705.9988859418336,7,28.0,0,SMB,0,Loyal,28.0,7,189419.92201592837,0.0985915492957746,0.0,0,0,0.015296022,497304.1940422453,7606.77609551862,0
CUST_0140,27,Monthly,2112.30258630747,1,25.0,0,SMB,0,Mid-Tenure,25.0,1,57032.16983030169,0.0357142857142857,0.0,0,1,0.23992403,87428.52886670693,20976.20485291161,0
CUST_0141,9,Annual,4225.228731797867,4,21.0,5,SMB,0,New,21.0,4,38027.05858618081,0.4,21.12614365898933,0,0,0.025296452,673374.9333395711,17033.996358633874,0
CUST_0142,62,Monthly,601.7199771165198,2,14.0,0,SMB,0,Loyal,14.0,2,37306.63858122422,0.0317460317460317,0.0,0,1,0.09488326,49837.639758212055,4728.757886015375,0
CUST_0143,37,Annual,1597.292284847474,2,18.0,0,Enterprise,0,Loyal,18.0,2,59099.81453935654,0.0526315789473684,0.0,1,0,0.014657235,296447.9971461513,4345.107892168578,0
CUST_0144,51,Annual,1186.5840093607044,3,8.0,0,Enterprise,0,Loyal,8.0,3,60515.78447739592,0.0576923076923076,0.0,1,0,0.0075629875,247363.94938583387,1870.8104587362554,0
CUST_0145,44,Monthly,4366.350674247062,5,25.0,0,SMB,0,Loyal,25.0,5,192119.4296668707,0.1111111111111111,0.0,0,1,0.22460717,190804.21639155693,42855.99499682339,0
CUST_0146,24,Annual,2603.947323621945,5,16.0,15,SMB,1,Mid-Tenure,16.0,5,62494.73576692668,0.2,39.05920985432918,0,0,0.660583,43974.26692230847,29048.6540131338,1
CUST_0147,59,Multi-Year,2318.990197519473,1,8.0,2,Enterprise,0,Loyal,8.0,1,136820.4216536489,0.0166666666666666,4.637980395038946,1,0,0.008759909,473586.2050415401,4148.572206368974,0
CUST_0148,32,Monthly,2522.6724294548594,3,2.0,0,Enterprise,0,Mid-Tenure,2.0,3,80725.5177425555,0.0909090909090909,0.0,1,1,0.14423357,155853.9530289492,22479.371966491828,0
CUST_0149,52,Multi-Year,4873.660478160508,2,24.0,2,Enterprise,0,Loyal,24.0,2,253430.34486434644,0.0377358490566037,9.747320956321015,1,0,0.04652008,605924.9539947232,28187.67758674067,0
CUST_0150,62,Monthly,4326.2032745116585,4,15.0,0,SMB,0,Loyal,15.0,4,268224.60301972285,0.0634920634920634,0.0,0,1,0.1157419,313224.5832192675,36253.20873295353,0
CUST_0151,58,Annual,3678.659473326384,3,12.0,5,SMB,0,Loyal,12.0,3,213362.2494529303,0.0508474576271186,18.39329736663192,0,0,0.014927931,679890.9170881712,10149.364786158802,0
CUST_0152,52,Monthly,1807.1553165046453,0,25.0,0,SMB,0,Loyal,25.0,0,93972.07645824156,0.0,0.0,0,1,0.06289258,192092.90122840973,12081.217877913072,0
CUST_0153,12,Annual,1243.278497833015,2,16.0,0,Enterprise,0,New,16.0,2,14919.34197399618,0.1538461538461538,0.0,1,0,0.10999974,93246.03705332428,10257.039704487697,0
CUST_0154,39,Multi-Year,4646.45133061004,3,23.0,0,SMB,0,Loyal,23.0,3,181211.60189379155,0.075,0.0,0,0,0.00846432,953699.9213305194,8072.420966637225,0
CUST_0155,2,Multi-Year,2403.839852584173,3,21.0,0,SMB,0,New,21.0,3,4807.679705168346,1.0,0.0,0,0,0.046718575,298247.5380735831,13933.699994060531,0
CUST_0156,3,Annual,1754.4010976088312,5,29.0,0,SMB,1,New,29.0,5,5263.203292826493,1.25,0.0,0,0,0.62095743,31377.270337679092,19483.949280375808,1
CUST_0157,56,Monthly,2619.14371887936,0,24.0,0,SMB,0,Loyal,24.0,0,146672.04825724414,0.0,0.0,0,1,0.048540555,318952.16360044584,15482.115020702746,0
CUST_0158,59,Multi-Year,4630.313402691585,6,3.0,15,Enterprise,1,Loyal,3.0,6,273188.4907588035,0.1,69.45470104037378,1,0,0.86394334,60795.62897759766,52523.97865867876,1
CUST_0159,2,Monthly,2241.80291026082,2,27.0,5,SMB,1,New,27.0,2,4483.60582052164,0.6666666666666666,11.2090145513041,0,1,0.4028363,59406.974732051385,23931.28547834095,0
CUST_0160,2,Multi-Year,3031.884487616448,2,20.0,0,SMB,0,New,20.0,2,6063.768975232896,0.6666666666666666,0.0,0,0,0.11342797,222621.716587921,25251.528685465746,0
CUST_0161,54,Monthly,4113.34835498855,3,21.0,5,Enterprise,1,Loyal,21.0,3,222120.8111693817,0.0545454545454545,20.566741774942752,1,1,0.27566317,151568.19505142258,41781.7687004578,0
CUST_0162,1,Monthly,2422.0963897177608,4,27.0,10,SMB,1,New,27.0,4,2422.0963897177608,2.0,24.220963897177608,0,1,0.5569195,47889.63838040276,26670.674186704015,1
CUST_0163,19,Annual,1550.9381086686574,0,8.0,0,Enterprise,0,Mid-Tenure,8.0,0,29467.82406470449,0.0,0.0,1,0,0.064645946,162336.81550003658,10494.417012823473,0
CUST_0164,2,Monthly,4975.365867723651,4,21.0,0,SMB,0,New,21.0,4,9950.731735447302,1.3333333333333333,0.0,0,1,0.16461717,278190.1950151688,45794.88149099676,0
CUST_0165,53,Monthly,4804.568858534718,2,8.0,5,SMB,0,Loyal,8.0,2,254642.1495023401,0.037037037037037,24.02284429267359,0,1,0.19010459,240123.80309050134,45648.63686351624,0
CUST_0166,44,Monthly,4295.6562610648125,4,17.0,0,SMB,0,Loyal,17.0,4,189008.87548685176,0.0888888888888888,0.0,0,1,0.074002005,415701.93327110563,30762.77661089001,0
CUST_0167,32,Monthly,3597.682457236652,1,13.0,0,SMB,0,Mid-Tenure,13.0,1,115125.83863157286,0.0303030303030303,0.0,0,1,0.4004297,95846.67428132489,38379.85463019219,0
CUST_0168,70,Monthly,1826.8953263136364,2,19.0,0,SMB,0,Loyal,19.0,2,127882.67284195454,0.028169014084507,0.0,0,1,0.04936156,220636.0653199008,10890.940485381918,0
CUST_0169,32,Monthly,4610.3582217381445,2,2.0,0,Enterprise,0,Mid-Tenure,2.0,2,147531.46309562062,0.0606060606060606,0.0,1,1,0.11416663,337000.880702113,38474.25563009298,0
CUST_0170,68,Monthly,1740.0050155455294,0,3.0,10,SMB,0,Loyal,3.0,0,118320.341057096,0.0,17.400050155455293,0,1,0.15998957,99433.8000659199,15908.370479586176,0
CUST_0171,55,Monthly,4103.642726045746,1,0.0,0,SMB,0,Loyal,0.0,1,225700.349932516,0.0178571428571428,0.0,0,1,0.085640945,363044.58993876755,31091.481592674787,0
CUST_0172,56,Annual,4632.161755735879,3,17.0,5,Enterprise,0,Loyal,17.0,3,259401.0583212092,0.0526315789473684,23.160808778679392,1,0,0.009349829,936581.3421855519,8756.875006264165,0
CUST_0173,17,Monthly,3213.5172819346017,3,3.0,2,SMB,0,Mid-Tenure,3.0,3,54629.79379288823,0.1666666666666666,6.427034563869204,0,1,0.22575459,139842.48051155097,31570.0816905854,0
CUST_0174,38,Multi-Year,4113.752980510305,1,9.0,0,SMB,0,Loyal,9.0,1,156322.6132593916,0.0256410256410256,0.0,0,0,0.006871222,868014.2983570176,5964.318988949768,0
CUST_0175,24,Multi-Year,4062.62794640786,2,3.0,2,SMB,0,Mid-Tenure,3.0,2,97503.07071378863,0.08,8.12525589281572,0,0,0.053109296,472814.14278172684,25110.82610416405,0
CUST_0176,69,Monthly,1369.2098800444096,1,20.0,0,SMB,0,Loyal,20.0,1,94475.48172306428,0.0142857142857142,0.0,0,1,0.040035415,182489.50531439952,7306.043158847664,0
CUST_0177,70,Annual,3505.660131182381,3,24.0,0,SMB,0,Loyal,24.0,3,245396.20918276667,0.0422535211267605,0.0,0,0,0.0073023182,734139.9556870625,5360.923584719114,0
CUST_0178,11,Multi-Year,920.605716069996,3,16.0,2,Enterprise,1,New,16.0,3,10126.662876769957,0.25,1.841211432139992,1,0,0.267601,34783.47901806768,9308.094227285186,0
CUST_0179,16,Multi-Year,2785.325644118666,1,7.0,0,SMB,0,Mid-Tenure,7.0,1,44565.210305898654,0.0588235294117647,0.0,0,0,0.015361914,511366.6987423897,7855.571458811925,0
CUST_0180,59,Annual,1230.0599666325988,3,18.0,2,SMB,0,Loyal,18.0,3,72573.53803132333,0.05,2.4601199332651977,0,0,0.01686243,220762.52214725345,3722.592505343135,0
CUST_0181,70,Monthly,2373.5727445839425,0,8.0,0,SMB,0,Loyal,8.0,0,166150.09212087598,0.0,0.0,0,1,0.036682423,328588.79156039684,12053.433112169743,0
CUST_0182,3,Annual,4248.41933614297,2,15.0,2,SMB,0,New,15.0,2,12745.25800842891,0.5,8.49683867228594,0,0,0.022282908,705298.5524377438,15716.102572619147,0
CUST_0183,20,Annual,4942.25527833592,4,26.0,0,SMB,0,Mid-Tenure,26.0,4,98845.1055667184,0.1904761904761904,0.0,0,0,0.10244961,389027.3263197046,39855.69818343758,0
CUST_0184,59,Annual,1930.81924246828,2,23.0,0,SMB,0,Loyal,23.0,2,113918.33530562853,0.0333333333333333,0.0,0,0,0.006364472,411071.5437351166,2616.253416591361,0
CUST_0185,36,Monthly,2893.800644524295,3,23.0,0,Enterprise,1,Mid-Tenure,23.0,3,104176.8232028746,0.081081081081081,0.0,1,1,0.16246848,163438.871189693,26553.66466189268,0
CUST_0186,19,Multi-Year,2800.8411096671985,3,24.0,0,SMB,0,Mid-Tenure,24.0,3,53215.98108367677,0.15,0.0,0,0,0.030491078,417562.95167715533,12731.944643268365,0
CUST_0187,67,Multi-Year,4794.806794239797,2,14.0,0,SMB,0,Loyal,14.0,2,321252.05521406635,0.0294117647058823,0.0,0,0,0.016143328,869893.9803780396,14042.983484157856,0
CUST_0188,19,Monthly,2653.626795947481,3,19.0,0,Enterprise,1,Mid-Tenure,19.0,3,50418.90912300214,0.15,0.0,1,1,0.3379734,82076.55916093424,27739.692614894226,0
CUST_0189,20,Monthly,3645.97792429864,1,15.0,0,SMB,0,Mid-Tenure,15.0,1,72919.5584859728,0.0476190476190476,0.0,0,1,0.28827327,129338.42782251588,37284.81215862368,0
CUST_0190,71,Monthly,4648.051548988367,1,27.0,0,SMB,0,Loyal,27.0,1,330011.6599781741,0.0138888888888888,0.0,0,1,0.020487493,791298.1037375882,16211.714285325541,0
CUST_0191,52,Multi-Year,2180.20351791578,2,20.0,0,Enterprise,0,Loyal,20.0,2,113370.58293162056,0.0377358490566037,0.0,1,0,0.004437246,480598.19432356657,2132.53236453345,0
CUST_0192,33,Annual,4559.5500721042445,4,11.0,0,SMB,0,Mid-Tenure,11.0,4,150465.15237944006,0.1176470588235294,0.0,0,0,0.022488672,754802.0756512249,16974.49652031832,0
CUST_0193,40,Annual,4628.552998509561,5,22.0,10,SMB,0,Loyal,22.0,5,185142.11994038243,0.1219512195121951,46.28552998509561,0,0,0.11764477,331311.4768142825,38977.063128785754,0
CUST_0194,39,Monthly,4687.981267852088,4,17.0,10,SMB,1,Loyal,17.0,4,182831.26944623145,0.1,46.879812678520885,0,1,0.7758183,68121.25039780058,52849.71188226644,1
CUST_0195,1,Annual,1717.0078346214189,2,6.0,0,Enterprise,0,New,6.0,2,1717.0078346214189,1.0,0.0,1,0,0.015578914,314187.7836693068,4894.7045979035465,0
CUST_0196,11,Monthly,2301.6001742148133,2,15.0,0,SMB,0,New,15.0,2,25317.601916362943,0.1666666666666666,0.0,0,1,0.31784517,75083.7683043467,23865.01278029216,0
CUST_0197,57,Monthly,4416.781587015659,0,27.0,0,Enterprise,0,Loyal,27.0,0,251756.55045989255,0.0,0.0,1,1,0.043593124,566295.6712907482,24686.597167343116,0
CUST_0198,50,Annual,2116.2282092618843,1,18.0,0,SMB,0,Loyal,18.0,1,105811.41046309422,0.0196078431372549,0.0,0,0,0.0058984566,454301.2370330548,2679.6761094585727,0
CUST_0199,23,Multi-Year,3201.138648200773,4,5.0,0,Enterprise,0,Mid-Tenure,5.0,4,73626.18890861777,0.1666666666666666,0.0,1,0,0.037255,440245.9837049548,16401.364265152715,0
CUST_0200,31,Multi-Year,1031.2452826702338,2,28.0,0,SMB,0,Mid-Tenure,28.0,2,31968.60376277725,0.0625,0.0,0,0,0.004419721,227398.13516966466,1005.0363582442512,0
CUST_0201,42,Multi-Year,753.2374465005835,4,5.0,0,SMB,0,Loyal,5.0,4,31635.972753024507,0.0930232558139534,0.0,0,0,0.003194886,169919.5112293923,542.8734721251406,0
CUST_0202,7,Monthly,2353.9729527147765,1,5.0,0,SMB,0,New,5.0,1,16477.810669003436,0.125,0.0,0,1,0.22121924,104150.70119056728,23040.139131475844,0
CUST_0203,16,Monthly,3105.1243966672287,4,25.0,0,SMB,1,Mid-Tenure,25.0,4,49681.99034667566,0.2352941176470588,0.0,0,1,0.4862685,69482.90764583371,33787.34862016627,0
CUST_0204,60,Annual,2267.146010115236,5,14.0,0,SMB,0,Loyal,14.0,5,136028.76060691418,0.081967213114754,0.0,0,0,0.12046378,159598.42753071248,19225.83003138664,0
CUST_0205,2,Multi-Year,3099.8109657237887,3,1.0,5,SMB,0,New,1.0,3,6199.6219314475775,1.0,15.499054828618943,0,0,0.05958479,339442.4574627167,20225.6071981236,0
CUST_0206,1,Monthly,2817.8796927730327,1,8.0,5,Enterprise,0,New,8.0,1,2817.8796927730327,0.5,14.089398463865164,1,1,0.27856368,102916.29088467018,28668.740542185093,0
CUST_0207,48,Monthly,3585.6825317873413,2,7.0,5,SMB,0,Loyal,7.0,2,172112.7615257924,0.0408163265306122,17.928412658936708,0,1,0.1337166,234209.60061314795,31317.7110487897,0
CUST_0208,12,Monthly,3422.895939794254,1,6.0,0,Enterprise,0,New,6.0,1,41074.751277531046,0.0769230769230769,0.0,1,1,0.16098319,194682.5804905272,31340.62283320399,0
CUST_0209,69,Annual,2409.1056644296104,2,26.0,0,SMB,0,Loyal,26.0,2,166228.29084564312,0.0285714285714285,0.0,0,0,0.0051934486,523780.77136025106,2720.228527086829,0
CUST_0210,37,Monthly,2412.4785818893847,2,29.0,0,SMB,0,Loyal,29.0,2,89261.70752990723,0.0526315789473684,0.0,0,1,0.10160259,190958.09529651632,19401.837364197592,0
CUST_0211,32,Monthly,1133.502530055044,5,27.0,0,Enterprise,0,Mid-Tenure,27.0,5,36272.08096176141,0.1515151515151515,0.0,1,1,0.1176802,81118.88012483958,9546.085991788896,0
CUST_0212,9,Monthly,2809.5735744340664,1,27.0,0,Enterprise,0,New,27.0,1,25286.1621699066,0.1,0.0,1,1,0.15793383,162142.36605675548,25607.765073592927,0
CUST_0213,19,Monthly,3142.306076610635,0,15.0,5,SMB,1,Mid-Tenure,15.0,0,59703.81545560207,0.0,15.711530383053177,0,1,0.34777382,94796.76609667811,32967.8334844282,0
CUST_0214,48,Multi-Year,2644.202288092218,2,14.0,15,SMB,0,Loyal,14.0,2,126921.70982842648,0.0408163265306122,39.66303432138327,0,0,0.20742814,123259.35900063349,25567.45987441646,0
CUST_0215,3,Monthly,1965.683007891496,3,8.0,2,SMB,1,New,8.0,3,5897.049023674487,0.75,3.931366015782992,0,1,0.41058332,51213.7426589686,21027.508351234137,0
CUST_0216,20,Annual,3747.418449132812,2,19.0,2,SMB,0,Mid-Tenure,19.0,2,74948.36898265623,0.0952380952380952,7.494836898265624,0,0,0.03547359,526115.9803922652,18663.221977993526,0
CUST_0217,24,Annual,835.9774009035083,3,14.0,0,SMB,0,Mid-Tenure,14.0,3,20063.4576216842,0.12,0.0,0,0,0.023345154,136774.25422261676,3193.0159978065008,0
CUST_0218,54,Multi-Year,4614.9816638932125,1,1.0,2,SMB,0,Loyal,1.0,1,249209.00985023347,0.0181818181818181,9.229963327786423,0,0,0.015842915,841089.475238538,13325.308711433614,0
CUST_0219,33,Monthly,592.8954779560697,3,19.0,10,SMB,1,Mid-Tenure,19.0,3,19565.5507725503,0.088235294117647,5.928954779560698,0,1,0.7671555,8706.721532554875,6679.409555052885,1
CUST_0220,24,Multi-Year,4830.575600472251,4,13.0,0,SMB,0,Mid-Tenure,13.0,4,115933.81441133402,0.16,0.0,0,0,0.12278798,335479.97643639357,41192.90938365558,0
CUST_0221,36,Annual,2580.600204205981,0,27.0,0,SMB,0,Mid-Tenure,27.0,0,92901.60735141532,0.0,0.0,0,0,0.0117806345,501244.48083757673,5904.9780351366935,0
CUST_0222,38,Multi-Year,2357.014748015936,3,25.0,0,SMB,0,Loyal,25.0,3,89566.56042460556,0.0769230769230769,0.0,0,0,0.005345669,511045.8919109169,2731.882237860818,0
CUST_0223,25,Multi-Year,1653.9980785843466,9,10.0,0,Enterprise,0,Mid-Tenure,10.0,9,41349.95196460866,0.3461538461538461,0.0,1,0,0.14550398,101522.1119846143,14771.871646340916,0
CUST_0224,18,Monthly,545.3201067452743,3,29.0,0,SMB,0,Mid-Tenure,29.0,3,9815.761921414938,0.1578947368421052,0.0,0,1,0.33342275,17066.90871495216,5690.495641742278,0
CUST_0225,66,Monthly,1736.5561898980989,3,2.0,5,SMB,0,Loyal,2.0,3,114612.70853327452,0.044776119402985,8.682780949490494,0,1,0.10446854,134905.62393835397,14093.39348390958,0
CUST_0226,54,Monthly,992.2996645715028,2,1.0,0,Enterprise,1,Loyal,1.0,2,53584.18188686115,0.0363636363636363,0.0,1,1,0.24958916,39746.41836154585,9920.275175234297,0
CUST_0227,35,Annual,3469.193792120276,5,17.0,0,SMB,0,Mid-Tenure,17.0,5,121421.78272420968,0.1388888888888889,0.0,0,0,0.11853251,247016.59391738978,29279.496545740636,0
CUST_0228,61,Monthly,1935.837375443268,1,13.0,0,SMB,0,Loyal,13.0,1,118086.07990203936,0.0161290322580645,0.0,0,1,0.08749037,168957.63209686265,14782.16614517661,0
CUST_0229,41,Monthly,3952.306977816477,4,23.0,0,SMB,0,Loyal,23.0,4,162044.58609047555,0.0952380952380952,0.0,0,1,0.13240485,260013.2879475228,34427.020111321566,0
CUST_0230,33,Monthly,1431.122843057526,0,28.0,0,SMB,1,Mid-Tenure,28.0,0,47227.05382089836,0.0,0.0,0,1,0.35419092,42488.51950376066,15049.047634999655,0
CUST_0231,68,Monthly,4551.056858444493,6,4.0,2,SMB,1,Loyal,4.0,6,309471.8663742256,0.0869565217391304,9.102113716888985,0,1,0.53210366,93819.51214083526,49921.70557587642,1
CUST_0232,33,Monthly,2853.4168179762464,2,11.0,0,Enterprise,1,Mid-Tenure,11.0,2,94162.75499321612,0.0588235294117647,0.0,1,1,0.21543916,128997.55542900304,27791.124428707484,0
CUST_0233,14,Monthly,1015.2778841104164,1,13.0,10,Enterprise,1,Mid-Tenure,13.0,1,14213.89037754583,0.0666666666666666,10.152778841104164,1,1,0.8096999,14171.613303223017,11474.75377522505,1
CUST_0234,21,Monthly,2303.803560440655,2,5.0,0,SMB,0,Mid-Tenure,5.0,2,48379.87476925376,0.0909090909090909,0.0,0,1,0.23915575,95608.13708547909,22865.236155948358,0
CUST_0235,48,Monthly,1430.4223583139274,2,7.0,0,SMB,0,Loyal,7.0,2,68660.27319906851,0.0408163265306122,0.0,0,1,0.06302081,151875.29339728272,9571.304082526638,0
CUST_0236,20,Monthly,1398.5844177568065,4,6.0,5,SMB,0,Mid-Tenure,6.0,4,27971.68835513613,0.1904761904761904,6.992922088784033,0,1,0.4389182,34326.83114870745,15066.671046438589,0
CUST_0237,8,Monthly,2778.6638194349403,4,6.0,15,SMB,1,New,6.0,4,22229.31055547952,0.4444444444444444,41.6799572915241,0,1,0.8953426,35271.83247748375,31580.37378887209,1
CUST_0238,7,Multi-Year,3523.5140703636766,1,11.0,0,Enterprise,0,New,11.0,1,24664.598492545734,0.125,0.0,1,0,0.026753092,550885.5240136788,14737.891207134231,0
CUST_0239,67,Annual,4602.281924765427,4,28.0,2,SMB,0,Loyal,28.0,4,308352.8889592836,0.0588235294117647,9.204563849530857,0,0,0.014981351,849895.9179267351,12732.588942208335,0
CUST_0240,17,Monthly,2759.7290484364403,3,6.0,0,SMB,0,Mid-Tenure,6.0,3,46915.39382341949,0.1666666666666666,0.0,0,1,0.22300185,121305.94947811606,27051.45146885138,0
CUST_0241,33,Monthly,4846.2744877624855,2,11.0,0,SMB,0,Mid-Tenure,11.0,2,159927.058096162,0.0588235294117647,0.0,0,1,0.19614679,236262.66039062603,46342.161537736116,0
CUST_0242,48,Multi-Year,4737.35683433016,2,26.0,0,SMB,0,Loyal,26.0,2,227393.1280478477,0.0408163265306122,0.0,0,0,0.01362966,893424.3034669331,12177.069501227188,0
CUST_0243,59,Multi-Year,4392.781384929622,2,15.0,0,Enterprise,0,Loyal,15.0,2,259174.1017108477,0.0333333333333333,0.0,1,0,0.006068689,940157.116318863,5705.520978330222,0
CUST_0244,22,Multi-Year,2749.897692330884,1,26.0,0,SMB,0,Mid-Tenure,26.0,1,60497.74923127945,0.0434782608695652,0.0,0,0,0.016463881,496491.81161793735,8174.182281946585,0
CUST_0245,30,Annual,1134.067746595926,2,6.0,0,SMB,0,Mid-Tenure,6.0,2,34022.03239787778,0.064516129032258,0.0,0,0,0.016086685,205923.66702772086,3312.6290707772623,0
CUST_0246,38,Monthly,1480.570114169232,2,7.0,0,SMB,0,Loyal,7.0,2,56261.66433843082,0.0512820512820512,0.0,0,1,0.066332705,152724.38338463413,10130.621518067883,0
CUST_0247,51,Monthly,3414.5150122038904,2,0.0,0,SMB,0,Loyal,0.0,2,174140.2656223984,0.0384615384615384,0.0,0,1,0.08363208,306619.3426351117,25643.213928487945,0
CUST_0248,54,Monthly,2397.897411278883,2,12.0,0,SMB,0,Loyal,12.0,2,129486.46020905967,0.0363636363636363,0.0,0,1,0.0914896,203370.21177988127,18606.25895244299,0
CUST_0249,8,Multi-Year,1160.607342892984,2,18.0,2,Enterprise,0,New,18.0,2,9284.858743143872,0.2222222222222222,2.321214685785968,1,0,0.0843705,103648.40134211743,8744.867584265476,0
CUST_0250,27,Annual,2655.472701376897,4,0.0,0,SMB,0,Mid-Tenure,0.0,4,71697.76293717622,0.1428571428571428,0.0,0,0,0.016146146,481746.44034558686,7778.348245669014,0
CUST_0251,27,Annual,578.4374547592066,2,23.0,0,SMB,0,Mid-Tenure,23.0,2,15617.81127849858,0.0714285714285714,0.0,0,0,0.044778273,73236.71862315992,3279.413744214913,0
CUST_0252,21,Monthly,3802.5291690481695,1,17.0,15,Enterprise,1,Mid-Tenure,17.0,1,79853.11255001156,0.0454545454545454,57.03793753572254,1,1,0.4729198,87260.708606779,41267.31615858214,0
CUST_0253,30,Multi-Year,831.1158252036089,1,6.0,0,SMB,0,Mid-Tenure,6.0,1,24933.474756108262,0.032258064516129,0.0,0,0,0.057101898,93120.56725557084,5317.361123383389,0
CUST_0254,28,Monthly,3331.011289604536,1,21.0,0,SMB,1,Mid-Tenure,21.0,1,93268.316108927,0.0344827586206896,0.0,0,1,0.30128357,113788.79555908628,34282.69434083197,0
CUST_0255,64,Monthly,4068.546384315197,3,26.0,0,SMB,0,Loyal,26.0,3,260386.9685961726,0.0461538461538461,0.0,0,1,0.11775344,291037.5829144797,34270.676165019,0
CUST_0256,69,Monthly,1096.8974350428448,0,16.0,0,SMB,0,Loyal,16.0,0,75685.92301795629,0.0,0.0,0,1,0.07967439,101506.31304098414,8087.453870977318,0
CUST_0257,61,Annual,2833.8741079970564,2,27.0,0,SMB,0,Loyal,27.0,2,172866.32058782043,0.032258064516129,0.0,0,0,0.008127153,585036.2034248711,4754.67868883518,0
CUST_0258,48,Monthly,4005.803814617613,3,14.0,2,SMB,0,Loyal,14.0,3,192278.58310164543,0.0612244897959183,8.011607629235227,0,1,0.07779155,376156.6736626205,29261.810410728966,0
CUST_0259,19,Multi-Year,1672.8505464065065,4,21.0,0,SMB,0,Mid-Tenure,21.0,4,31784.160381723625,0.2,0.0,0,0,0.091917254,141450.07287277293,13001.702280908332,0
CUST_0260,4,Monthly,1233.124668507286,4,24.0,0,SMB,1,New,24.0,4,4932.498674029144,0.8,0.0,0,1,0.62081945,22058.835312266376,13694.553993512305,1
CUST_0261,35,Annual,2015.685999353556,2,18.0,0,SMB,0,Mid-Tenure,18.0,2,70549.00997737446,0.0555555555555555,0.0,0,0,0.024547081,324469.1982977156,7964.771835608502,0
CUST_0262,64,Annual,2996.146294624921,4,27.0,0,SMB,0,Loyal,27.0,4,191753.36285599496,0.0615384615384615,0.0,0,0,0.009787897,601355.0565090263,5886.001141892229,0
CUST_0263,49,Monthly,3088.758176846375,3,22.0,2,SMB,0,Loyal,22.0,3,151349.15066547238,0.06,6.17751635369275,0,1,0.091961525,261092.55205314985,24010.469352324348,0
CUST_0264,17,Multi-Year,1088.9435005595917,7,3.0,5,Enterprise,0,Mid-Tenure,3.0,7,18512.03950951306,0.3888888888888889,5.444717502797959,1,0,0.18651377,55249.73178795658,10304.835581974305,0
CUST_0265,44,Annual,2559.0598145328727,3,16.0,0,Enterprise,0,Loyal,16.0,3,112598.6318394464,0.0666666666666666,0.0,1,0,0.0028967243,580541.0230537839,1681.6672705104277,0
CUST_0266,30,Annual,1707.2698799276952,1,6.0,2,SMB,1,Mid-Tenure,6.0,1,51218.09639783086,0.032258064516129,3.4145397598553906,0,0,0.14789855,103523.94381132089,15311.041677091695,0
CUST_0267,46,Multi-Year,4289.108981292278,1,15.0,2,Enterprise,0,Loyal,15.0,1,197299.0131394448,0.0212765957446808,8.578217962584556,1,0,0.007899137,888947.7103486923,7021.919939960931,0
CUST_0268,6,Annual,1911.0880942881383,3,16.0,0,SMB,0,New,16.0,3,11466.52856572883,0.4285714285714285,0.0,0,0,0.028799193,291031.61473207036,8381.475635930066,0
CUST_0269,37,Monthly,4274.170360402368,1,26.0,10,Enterprise,0,Loyal,26.0,1,158144.3033348876,0.0263157894736842,42.74170360402368,1,1,0.3448972,129882.00827968834,44795.9423625298,0
CUST_0270,24,Annual,2428.5407567080647,3,19.0,5,SMB,0,Mid-Tenure,19.0,3,58284.97816099355,0.12,12.142703783540323,0,0,0.047013957,300394.8064981746,14122.748531776471,0
CUST_0271,46,Monthly,3769.63594621904,2,28.0,0,SMB,0,Loyal,28.0,2,173403.25352607583,0.0425531914893617,0.0,0,1,0.0377428,515548.03959905345,19458.227069996476,0
CUST_0272,53,Monthly,2795.2710284486466,1,14.0,0,Enterprise,0,Loyal,14.0,1,148149.36450777826,0.0185185185185185,0.0,1,1,0.066410564,288146.10919736815,19135.945593401873,0
CUST_0273,60,Monthly,3298.8318085893943,0,8.0,2,Enterprise,0,Loyal,8.0,0,197929.90851536367,0.0,6.597663617178789,1,1,0.07285575,322215.1249004509,23475.224017636334,0
CUST_0274,63,Annual,2279.104298876224,1,20.0,0,SMB,0,Loyal,20.0,1,143583.57082920213,0.015625,0.0,0,0,0.0054784096,492971.087539634,2700.697530913562,0
CUST_0275,32,Annual,3956.930455133708,1,22.0,5,Enterprise,0,Mid-Tenure,22.0,1,126621.77456427866,0.0303030303030303,19.78465227566854,1,0,0.040696666,523538.17733400915,21306.258155169395,0
CUST_0276,33,Monthly,2413.3522260814625,0,12.0,0,SMB,0,Mid-Tenure,12.0,0,79640.62346068826,0.0,0.0,0,1,0.28599563,86192.26826776889,24650.612272097198,0
CUST_0277,67,Annual,2558.5774096361984,1,6.0,0,SMB,0,Loyal,6.0,1,171424.6864456253,0.0147058823529411,0.0,0,0,0.003079106,578437.1908145694,1781.0694826482336,0
CUST_0278,18,Multi-Year,2829.554007039308,3,27.0,0,SMB,0,Mid-Tenure,27.0,3,50931.97212670754,0.1578947368421052,0.0,0,0,0.05219046,332268.2617454813,17341.233511842755,0
CUST_0279,25,Monthly,4243.208532736926,1,18.0,0,SMB,0,Mid-Tenure,18.0,1,106080.21331842316,0.0384615384615384,0.0,0,1,0.27621144,156090.48059194098,43113.976502502526,0
CUST_0280,54,Monthly,3467.205178706592,1,28.0,0,Enterprise,0,Loyal,28.0,1,187229.079650156,0.0181818181818181,0.0,1,1,0.043412913,445403.75241601875,19336.274191826513,0
CUST_0281,58,Annual,2071.221739545874,3,10.0,2,Enterprise,0,Loyal,10.0,3,120130.86089366068,0.0508474576271186,4.142443479091748,1,0,0.0088458,422369.33003011136,3736.1944517173347,0
CUST_0282,67,Monthly,3516.4383529169427,1,7.0,0,SMB,0,Loyal,7.0,1,235601.3696454352,0.0147058823529411,0.0,0,1,0.10028626,280779.23425849737,28158.299358865774,0
CUST_0283,46,Annual,3390.9195785385978,3,16.0,0,SMB,0,Loyal,16.0,3,155982.3006127755,0.0638297872340425,0.0,0,0,0.007434095,708482.1929097037,5266.923779379426,0
CUST_0284,24,Monthly,4689.586741458669,7,3.0,0,SMB,0,Mid-Tenure,3.0,7,112550.08179500808,0.28,0.0,0,1,0.6671111,78474.64647922115,52351.30763805229,1
CUST_0285,32,Monthly,4286.373962114075,3,25.0,0,SMB,0,Mid-Tenure,25.0,3,137163.9667876504,0.0909090909090909,0.0,0,1,0.262093,164811.400236278,43195.91556885,0
CUST_0286,47,Annual,3413.5111568806165,3,3.0,2,SMB,0,Loyal,3.0,3,160435.02437338897,0.0625,6.8270223137612325,0,0,0.016482292,616136.0190379999,10155.333619253064,0
CUST_0287,23,Annual,2036.781998078196,2,17.0,2,SMB,0,Mid-Tenure,17.0,2,46845.98595579851,0.0833333333333333,4.073563996156392,0,0,0.04561673,255618.28427877362,11660.470524801523,0
CUST_0288,66,Multi-Year,4008.094019875713,1,21.0,0,SMB,0,Loyal,21.0,1,264534.20531179704,0.0149253731343283,0.0,0,0,0.004062259,889661.8383239541,3614.0369023043604,0
CUST_0289,27,Multi-Year,3088.4373187826045,8,16.0,0,Enterprise,0,Mid-Tenure,16.0,8,83387.80760713032,0.2857142857142857,0.0,1,0,0.22925226,132716.01706229054,30425.447367801284,0
CUST_0290,2,Annual,4933.714946454057,4,2.0,0,SMB,0,New,2.0,4,9867.429892908114,1.3333333333333333,0.0,0,0,0.0072513204,1034117.293583651,7498.715833982277,0
CUST_0291,17,Annual,1613.777578564118,2,8.0,0,SMB,0,Mid-Tenure,8.0,2,27434.218835590003,0.1111111111111111,0.0,0,0,0.03788596,220346.12509671695,8348.024523762911,0
CUST_0292,33,Monthly,858.4512841889913,3,27.0,2,Enterprise,1,Mid-Tenure,27.0,3,28328.892378236716,0.088235294117647,1.7169025683779826,1,1,0.10985838,64440.88625012956,7079.371289810224,0
CUST_0293,9,Annual,814.5131534957645,1,25.0,0,SMB,0,New,25.0,1,7330.618381461881,0.1,0.0,0,0,0.09019667,69717.47697252441,6288.284201097225,0
CUST_0294,43,Monthly,3380.1367475825614,1,5.0,0,SMB,0,Loyal,5.0,1,145345.88014605013,0.0227272727272727,0.0,0,1,0.10974001,253922.85553188954,27865.497059272642,0
CUST_0295,48,Multi-Year,4726.6710301018575,1,1.0,0,SMB,0,Loyal,1.0,1,226880.2094448892,0.0204081632653061,0.0,0,0,0.016345548,854918.7135947674,13974.11445210965,0
CUST_0296,39,Monthly,508.6936143117733,1,27.0,10,SMB,0,Loyal,27.0,1,19839.05095815916,0.025,5.086936143117733,0,1,0.6863625,8289.83446578089,5689.831549629708,1
CUST_0297,42,Annual,3765.9697113099983,4,11.0,15,Enterprise,0,Loyal,11.0,4,158170.72787501992,0.0930232558139534,56.48954566964998,1,0,0.15715802,218150.55871711997,34284.10925000331,0
CUST_0298,26,Monthly,3456.793321398254,3,14.0,10,SMB,1,Mid-Tenure,14.0,3,89876.62635635461,0.1111111111111111,34.56793321398254,0,1,0.68988156,56065.080213340734,38678.26517776417,1
CUST_0299,50,Annual,3795.368864987596,2,8.0,2,Enterprise,0,Loyal,8.0,2,189768.4432493798,0.0392156862745098,7.590737729975192,1,0,0.01061724,751344.4173772219,7977.204251450831,0
CUST_0300,25,Multi-Year,2099.32433043051,2,28.0,2,SMB,0,Mid-Tenure,28.0,2,52483.108260762754,0.0769230769230769,4.1986486608610205,0,0,0.015234966,386171.60837782745,5883.311258554478,0
CUST_0301,24,Monthly,4192.234000960349,4,1.0,2,SMB,0,Mid-Tenure,1.0,4,100613.61602304837,0.16,8.384468001920697,0,1,0.44454646,101723.11553185689,45220.65102229731,0
CUST_0302,13,Multi-Year,701.1811913848787,3,11.0,5,SMB,0,Mid-Tenure,11.0,3,9115.355488003424,0.2142857142857142,3.5059059569243938,0,0,0.07667182,66424.98890623139,5092.9245543641355,0
CUST_0303,60,Monthly,3899.439952799124,2,15.0,10,Enterprise,1,Loyal,15.0,2,233966.39716794743,0.0327868852459016,38.99439952799124,1,1,0.8750181,50586.3375304075,44263.96195403297,1
CUST_0304,7,Annual,1701.8237360708947,4,6.0,0,SMB,1,New,6.0,4,11912.766152496262,0.5,0.0,0,0,0.08576234,150423.79024226076,12900.695769035528,0
CUST_0305,57,Multi-Year,2645.769986861322,3,0.0,0,SMB,0,Loyal,0.0,3,150808.88925109536,0.0517241379310344,0.0,0,0,0.006018756,566760.898793197,3411.19553608068,0
CUST_0306,36,Monthly,4201.863222007492,3,20.0,0,SMB,0,Mid-Tenure,20.0,3,151267.07599226973,0.081081081081081,0.0,0,1,0.20787647,195529.1059185847,40645.901037272095,0
CUST_0307,45,Multi-Year,1721.1156583601166,5,6.0,0,SMB,0,Loyal,6.0,5,77450.20462620525,0.108695652173913,0.0,0,0,0.050965652,204558.5615253818,10425.460433684328,0
CUST_0308,20,Monthly,1333.4338023975206,1,2.0,2,SMB,0,Mid-Tenure,2.0,1,26668.67604795041,0.0476190476190476,2.666867604795041,0,1,0.28943586,47140.58468088884,13644.175832766245,0
CUST_0309,65,Monthly,3565.909334065479,2,19.0,5,SMB,0,Loyal,19.0,2,231784.1067142561,0.0303030303030303,17.829546670327396,0,1,0.0725499,349171.31538670027,25332.344678533318,0
CUST_0310,8,Multi-Year,2900.2770117806203,4,4.0,0,Enterprise,0,New,4.0,4,23202.216094244963,0.4444444444444444,0.0,1,0,0.05264671,339059.3293625066,17850.358683717655,0
CUST_0311,16,Monthly,2814.81740935783,5,2.0,0,Enterprise,1,Mid-Tenure,2.0,5,45037.07854972528,0.2941176470588235,0.0,1,1,0.22016206,125027.94412400493,27526.410215644468,0
CUST_0312,14,Multi-Year,1655.4628199206093,1,14.0,15,SMB,0,Mid-Tenure,14.0,1,23176.47947888853,0.0666666666666666,24.83194229880914,0,0,0.26153266,63767.15945207093,16677.19510627999,0
CUST_0313,15,Multi-Year,656.9613761901245,5,5.0,0,SMB,1,Mid-Tenure,5.0,5,9854.420642851868,0.3125,0.0,0,0,0.570116,12713.003006971257,7247.886212382125,1
CUST_0314,66,Monthly,2346.2111224927257,3,14.0,0,SMB,0,Loyal,14.0,3,154849.9340845199,0.044776119402985,0.0,0,1,0.042600095,304044.33487153397,12952.317632458742,0
CUST_0315,32,Annual,979.517662104956,3,2.0,2,SMB,0,Mid-Tenure,2.0,3,31344.565187358592,0.0909090909090909,1.959035324209912,0,0,0.0189144,170562.4977132023,3226.087250217804,0
CUST_0316,63,Monthly,4576.95117792141,1,23.0,0,SMB,0,Loyal,23.0,1,288347.9242090488,0.015625,0.0,0,1,0.11447558,333930.5188942813,38226.88918553335,0
CUST_0317,51,Monthly,685.6264556227874,3,22.0,0,SMB,0,Loyal,22.0,3,34966.94923676216,0.0576923076923076,0.0,0,1,0.06758876,69968.57161025735,4729.089095483174,0
CUST_0318,25,Monthly,2442.428843829716,4,0.0,0,Enterprise,0,Mid-Tenure,0.0,4,61060.7210957429,0.1538461538461538,0.0,1,1,0.1716098,132255.64025850405,22696.36450718391,0
CUST_0319,58,Monthly,735.1051266537254,1,1.0,0,SMB,1,Loyal,1.0,1,42636.09734591608,0.0169491525423728,0.0,0,1,0.36886358,21059.986198372066,7768.261958871503,0
CUST_0320,63,Monthly,929.9474355414484,3,3.0,0,SMB,0,Loyal,3.0,3,58586.68843911125,0.046875,0.0,0,1,0.0908193,79246.02326810679,7197.068299263595,0
CUST_0321,62,Monthly,3464.900001149099,5,20.0,0,Enterprise,0,Loyal,20.0,5,214823.80007124413,0.0793650793650793,0.0,1,1,0.43912354,85006.74268407034,37328.46186622633,0
CUST_0322,22,Multi-Year,3412.0006743834256,0,13.0,0,Enterprise,0,Mid-Tenure,13.0,0,75064.01483643537,0.0,0.0,1,0,0.037316453,468915.1525470667,17498.250115878756,0
CUST_0323,58,Multi-Year,648.734876957479,1,13.0,0,SMB,0,Loyal,13.0,1,37626.622863533776,0.0169491525423728,0.0,0,0,0.0067130965,137266.68023950234,921.4844731627634,0
CUST_0324,58,Annual,505.0916380439159,1,26.0,2,SMB,1,Loyal,26.0,1,29295.315006547124,0.0169491525423728,1.0101832760878318,0,0,0.16278154,28485.08305214287,4636.84558881201,0
CUST_0325,49,Annual,854.681347592528,2,29.0,0,SMB,0,Loyal,29.0,2,41879.38603203387,0.04,0.0,0,0,0.003071466,193252.17618882487,593.5674876551714,0
CUST_0326,52,Multi-Year,3933.49503970374,3,9.0,0,SMB,0,Loyal,9.0,3,204541.7420645945,0.0566037735849056,0.0,0,0,0.0093766,794958.6129607332,7454.009236117903,0
CUST_0327,42,Monthly,3130.594127381782,2,10.0,0,Enterprise,1,Loyal,10.0,2,131484.95335003483,0.0465116279069767,0.0,1,1,0.09599161,257323.89631461387,24700.93547973566,0
CUST_0328,70,Annual,671.5321033482122,0,3.0,0,Enterprise,0,Loyal,3.0,0,47007.24723437485,0.0,0.0,1,0,0.0063091726,143109.63136094686,902.9033655843735,0
CUST_0329,15,Multi-Year,2696.436571427723,2,14.0,0,Enterprise,0,Mid-Tenure,14.0,2,40446.54857141584,0.125,0.0,1,0,0.013283647,511304.92014429654,6791.993897535439,0
CUST_0330,54,Monthly,3704.1321067450313,5,19.0,0,SMB,0,Loyal,19.0,5,200023.1337642317,0.0909090909090909,0.0,0,1,0.3838095,102463.37010412548,39326.41555427555,0
CUST_0331,60,Annual,4410.281275703628,5,29.0,10,SMB,0,Loyal,29.0,5,264616.8765422177,0.081967213114754,44.10281275703628,0,0,0.096567795,361084.6195775249,34869.145405683324,0
CUST_0332,8,Multi-Year,4703.164207965548,3,24.0,5,SMB,0,New,24.0,3,37625.31366372438,0.3333333333333333,23.51582103982774,0,0,0.01726718,839011.9955111514,14487.371657697977,0
CUST_0333,53,Multi-Year,1973.4825332933,4,3.0,0,SMB,0,Loyal,3.0,4,104594.5742645449,0.074074074074074,0.0,0,0,0.007920623,408866.2887170177,3238.4756590395937,0
CUST_0334,60,Annual,1111.2459278596957,3,19.0,0,SMB,0,Loyal,19.0,3,66674.75567158175,0.0491803278688524,0.0,0,0,0.0076640504,231252.4138054446,1772.3301640623467,0
CUST_0335,5,Monthly,1566.1666432915135,2,19.0,0,SMB,1,New,19.0,2,7830.833216457568,0.3333333333333333,0.0,0,1,0.3412166,48039.88234645544,16392.005029495365,0
CUST_0336,68,Monthly,3992.771714181007,2,15.0,0,SMB,0,Loyal,15.0,2,271508.4765643085,0.0289855072463768,0.0,0,1,0.05203092,469595.50603251957,24433.48666804978,0
CUST_0337,6,Monthly,4871.678967690398,2,1.0,2,SMB,0,New,1.0,2,29230.07380614239,0.2857142857142857,9.743357935380796,0,1,0.12213112,339625.67151596135,41478.86251824165,0
CUST_0338,47,Annual,2598.7712781217124,2,12.0,0,SMB,0,Loyal,12.0,2,122142.25007172048,0.0416666666666666,0.0,0,0,0.003952474,578013.442950652,2284.5830284328567,0
CUST_0339,55,Monthly,1874.089460965054,4,7.0,2,SMB,0,Loyal,7.0,4,103074.92035307798,0.0714285714285714,3.748178921930108,0,1,0.049959023,224982.9259015295,11239.927068878831,0
CUST_0340,40,Multi-Year,2431.357618820155,1,12.0,10,SMB,1,Loyal,12.0,1,97254.3047528062,0.024390243902439,24.31357618820155,0,0,0.42483824,61444.694073844665,26104.055989671793,0
CUST_0341,52,Monthly,1871.659150903096,3,29.0,0,SMB,0,Loyal,29.0,3,97326.27584696098,0.0566037735849056,0.0,0,1,0.14521113,115054.45468162042,16707.187419645124,0
CUST_0342,16,Monthly,1654.1938544321945,0,19.0,0,SMB,0,Mid-Tenure,19.0,0,26467.10167091511,0.0,0.0,0,1,0.41909897,42315.858442814526,17734.532826601266,0
CUST_0343,13,Monthly,3171.878385832308,4,20.0,0,Enterprise,1,Mid-Tenure,20.0,4,41234.41901582001,0.2857142857142857,0.0,1,1,0.27967682,115454.09440236173,32289.834533549554,0
CUST_0344,30,Annual,570.8119116809498,5,7.0,0,SMB,1,Mid-Tenure,7.0,5,17124.357350428494,0.1612903225806451,0.0,0,0,0.5618377,11195.359663012961,6289.9748235616635,1
CUST_0345,19,Monthly,1667.9851189924468,4,29.0,5,Enterprise,1,Mid-Tenure,29.0,4,31691.71726085649,0.2,8.339925594962235,1,1,0.70306355,26579.19265187128,18686.861478467134,1
CUST_0346,17,Monthly,3476.2193503024505,4,3.0,0,Enterprise,0,Mid-Tenure,3.0,4,59095.72895514166,0.2222222222222222,0.0,1,1,0.2535488,137423.14394098823,34843.47336836846,0
CUST_0347,63,Monthly,644.2821333806226,2,4.0,0,SMB,0,Loyal,4.0,2,40589.77440297922,0.03125,0.0,0,1,0.10149661,51033.39211637534,5179.7161468400645,0
CUST_0348,19,Monthly,874.4081742902074,2,20.0,2,SMB,0,Mid-Tenure,20.0,2,16613.75531151394,0.1,1.748816348580415,0,1,0.27036506,32752.94041579507,8855.25068024726,0
CUST_0349,58,Monthly,1820.282651536032,3,5.0,0,SMB,0,Loyal,5.0,3,105576.39378908988,0.0508474576271186,0.0,0,1,0.06572591,188751.10006238436,12405.83737783528,0
CUST_0350,55,Multi-Year,4450.121593740432,3,22.0,0,SMB,0,Loyal,22.0,3,244756.68765572377,0.0535714285714285,0.0,0,0,0.008538932,912238.3510964903,7789.540890390137,0
CUST_0351,62,Annual,3941.987720743833,2,18.0,0,SMB,0,Loyal,18.0,2,244403.23868611763,0.0317460317460317,0.0,0,0,0.007413098,823920.9297638178,6107.806697870421,0
CUST_0352,23,Monthly,599.7048323730959,2,29.0,0,Enterprise,1,Mid-Tenure,29.0,2,13793.211144581206,0.0833333333333333,0.0,1,1,0.4534525,14294.21499874998,6481.747494140133,0
CUST_0353,9,Multi-Year,2757.7076750982133,1,9.0,0,SMB,0,New,9.0,1,24819.36907588392,0.1,0.0,0,0,0.02041732,469948.1755147315,9595.08209995662,0
CUST_0354,12,Multi-Year,1736.0937229433755,2,26.0,0,Enterprise,0,New,26.0,2,20833.124675320505,0.1538461538461538,0.0,1,0,0.074138395,167821.7592805011,12442.035961073725,0
CUST_0355,1,Annual,3418.905465779283,3,2.0,0,Enterprise,0,New,2.0,3,3418.905465779283,1.5,0.0,1,0,0.032052282,500008.8247981952,16026.423976906028,0
CUST_0356,58,Annual,3746.992471670576,2,12.0,0,SMB,0,Loyal,12.0,2,217325.5633568934,0.0338983050847457,0.0,0,0,0.008262071,771752.6639186114,6376.275170365124,0
CUST_0357,1,Multi-Year,4382.881597081771,2,8.0,0,SMB,0,New,8.0,2,4382.881597081771,1.0,0.0,0,0,0.029542599,661212.7264796091,19533.942348358934,0
CUST_0358,34,Multi-Year,2639.373066968064,3,16.0,10,SMB,1,Mid-Tenure,16.0,3,89738.68427691418,0.0857142857142857,26.39373066968064,0,0,0.0995848,211735.93040580823,21085.6809143486,0
CUST_0359,48,Annual,4975.02539845513,3,9.0,0,SMB,0,Loyal,9.0,3,238801.21912584623,0.0612244897959183,0.0,0,0,0.020919703,841801.3406346915,17610.23398658174,0
CUST_0360,1,Monthly,4909.937482791992,3,11.0,0,SMB,0,New,11.0,3,4909.937482791992,1.5,0.0,0,1,0.09225416,414182.9684837117,38210.10260367975,0
CUST_0361,16,Annual,4469.750260119649,4,12.0,10,Enterprise,0,Mid-Tenure,12.0,4,71516.00416191439,0.2352941176470588,44.6975026011965,1,0,0.17744108,235828.13139402572,41845.5972545571,0
CUST_0362,61,Annual,3086.9127282113186,1,23.0,15,SMB,1,Loyal,23.0,1,188301.67642089044,0.0161290322580645,46.30369092316978,0,0,0.595685,57370.00512168806,34174.45179854766,1
CUST_0363,64,Monthly,2291.0289687671675,2,9.0,2,SMB,0,Loyal,9.0,2,146625.85400109872,0.0307692307692307,4.582057937534335,0,1,0.074060045,221605.16380648882,16412.088444229288,0
CUST_0364,63,Monthly,2139.7383956290323,2,18.0,0,Enterprise,1,Loyal,18.0,2,134803.51892462902,0.03125,0.0,1,1,0.10177048,169182.1722571611,17217.751378387085,0
CUST_0365,69,Multi-Year,554.5613753948518,3,20.0,0,SMB,0,Loyal,20.0,3,38264.73490224477,0.0428571428571428,0.0,0,0,0.008523702,113710.10585337394,969.2310214481046,0
CUST_0366,22,Annual,1621.285237590649,4,18.0,0,SMB,0,Mid-Tenure,18.0,4,35668.27522699428,0.1739130434782608,0.0,0,0,0.05855461,179222.4485797782,10494.300288567747,0
CUST_0367,67,Monthly,3734.637057271241,2,25.0,2,SMB,0,Loyal,25.0,2,250220.68283717317,0.0294117647058823,7.469274114542482,0,1,0.06089653,404121.26140993193,24609.582821133503,0
CUST_0368,26,Annual,3216.3444495188,1,16.0,0,SMB,0,Mid-Tenure,16.0,1,83624.95568748881,0.037037037037037,0.0,0,0,0.024315897,519352.3104799713,12628.517483279415,0
CUST_0369,16,Monthly,4623.899851253901,3,25.0,0,Enterprise,0,Mid-Tenure,25.0,3,73982.39762006242,0.1764705882352941,0.0,1,1,0.14120269,290198.8439455741,40976.85688262806,0
CUST_0370,51,Monthly,725.1002011245104,5,29.0,0,Enterprise,1,Loyal,29.0,5,36980.11025735003,0.0961538461538461,0.0,1,1,0.21689467,32601.63444849075,7071.120788230029,0
CUST_0371,57,Annual,1198.7447142979877,6,4.0,0,SMB,0,Loyal,4.0,6,68328.4487149853,0.1034482758620689,0.0,0,0,0.077415444,112897.90013017757,8740.041060374031,0
CUST_0372,29,Monthly,4051.597052084586,1,7.0,0,SMB,0,Mid-Tenure,7.0,1,117496.31451045298,0.0333333333333333,0.0,0,1,0.308714,135537.3993988152,41842.29303934256,0
CUST_0373,69,Monthly,2113.284340379002,1,4.0,2,SMB,0,Loyal,4.0,1,145816.61948615115,0.0142857142857142,4.226568680758004,0,1,0.028912883,321359.5904760474,9291.432321314103,0
CUST_0374,47,Multi-Year,1032.5540017304506,3,14.0,2,SMB,0,Loyal,14.0,3,48530.03808133118,0.0625,2.0651080034609013,0,0,0.007539416,215341.9060930969,1623.5522548391712,0
CUST_0375,62,Monthly,4984.027272950401,3,3.0,0,SMB,0,Loyal,3.0,3,309009.6909229249,0.0476190476190476,0.0,0,1,0.060422324,541632.5511030948,32726.69729896389,0
CUST_0376,69,Monthly,4042.626362012133,1,24.0,5,SMB,0,Loyal,24.0,1,278941.2189788372,0.0142857142857142,20.213131810060663,0,1,0.07075686,401728.850163804,28425.072040087492,0
CUST_0377,16,Multi-Year,2339.334665411551,3,12.0,0,SMB,1,Mid-Tenure,12.0,3,37429.35464658482,0.1764705882352941,0.0,0,0,0.028672157,356822.7630430022,10230.878231569017,0
CUST_0378,48,Annual,4205.063646257631,2,16.0,0,Enterprise,0,Loyal,16.0,2,201843.0550203663,0.0408163265306122,0.0,1,0,0.0053272303,912042.1261481801,4858.658466969077,0
CUST_0379,39,Annual,3562.71741553619,5,4.0,0,SMB,0,Loyal,4.0,5,138945.9792059114,0.125,0.0,0,0,0.045959726,445526.5985743225,20476.28038549089,0
CUST_0380,33,Multi-Year,4054.88641806425,4,0.0,0,SMB,0,Mid-Tenure,0.0,4,133811.25179612025,0.1176470588235294,0.0,0,0,0.021892287,676826.9049692826,14817.288742654822,0
CUST_0381,23,Monthly,4168.428699045424,3,21.0,0,Enterprise,0,Mid-Tenure,21.0,3,95873.86007804476,0.125,0.0,1,1,0.21672182,187540.50699890775,40644.11959751396,0
CUST_0382,10,Annual,881.2790748064306,0,14.0,0,SMB,1,New,14.0,0,8812.790748064306,0.0,0.0,0,0,0.40910453,23034.729616437544,9423.612142259914,0
CUST_0383,69,Annual,3303.3779945964307,3,9.0,10,SMB,0,Loyal,9.0,3,227933.0816271537,0.0428571428571428,33.033779945964305,0,0,0.11671325,237776.75320835068,27751.697211794715,0
CUST_0384,34,Multi-Year,530.5349883957242,5,24.0,5,SMB,0,Mid-Tenure,24.0,5,18038.189605454623,0.1428571428571428,2.652674941978621,0,0,0.08028758,48864.36210799611,3923.2015369081637,0
CUST_0385,52,Annual,695.5531083552678,3,10.0,0,Enterprise,0,Loyal,10.0,3,36168.76163447392,0.0566037735849056,0.0,1,0,0.0032864206,156637.22539608876,514.7758043451107,0
CUST_0386,10,Annual,4567.910040751283,1,29.0,0,SMB,0,New,29.0,1,45679.10040751283,0.0909090909090909,0.0,0,0,0.017441757,812774.1517271877,14176.209269272418,0
CUST_0387,19,Monthly,2874.036746105625,2,17.0,0,SMB,0,Mid-Tenure,17.0,2,54606.69817600688,0.1,0.0,0,1,0.24527305,116801.85216704039,28648.346952528897,0
CUST_0388,58,Monthly,3811.5589364083617,4,28.0,0,SMB,0,Loyal,28.0,4,221070.41831168497,0.0677966101694915,0.0,0,1,0.03980024,509338.3708688318,20271.790211405387,0
CUST_0389,1,Annual,4273.2544569941565,2,12.0,0,Enterprise,0,New,12.0,2,4273.2544569941565,1.0,0.0,1,0,0.035827562,597466.0580163124,21405.75236370186,0
CUST_0390,69,Annual,4773.140454040633,4,19.0,0,SMB,0,Loyal,19.0,4,329346.69132880366,0.0571428571428571,0.0,0,0,0.009783714,958081.7238503481,9373.597649860541,0
CUST_0391,4,Annual,4412.087815652581,2,23.0,0,SMB,0,New,23.0,2,17648.351262610326,0.4,0.0,0,0,0.036219995,614069.3123724292,22241.58771169223,0
CUST_0392,16,Monthly,2674.9015191378226,2,29.0,0,SMB,1,Mid-Tenure,29.0,2,42798.42430620516,0.1176470588235294,0.0,0,1,0.4128378,69352.19459090069,28631.207673366258,0
CUST_0393,24,Annual,2011.8663832123016,2,15.0,0,SMB,0,Mid-Tenure,15.0,2,48284.793197095234,0.08,0.0,0,0,0.028486961,307597.53384995373,8762.519103926854,0
CUST_0394,2,Annual,1195.219562927172,0,18.0,2,Enterprise,0,New,18.0,0,2390.439125854344,0.0,2.390439125854344,1,0,0.042213798,155536.75910469837,6565.797263426813,0
CUST_0395,32,Multi-Year,2301.44667119276,3,29.0,2,SMB,0,Mid-Tenure,29.0,3,73646.29347816831,0.0909090909090909,4.60289334238552,0,0,0.05152425,272027.228989344,14015.999415550237,0
CUST_0396,24,Annual,2149.2211062252354,2,22.0,0,SMB,0,Mid-Tenure,22.0,2,51581.30654940565,0.08,0.0,0,0,0.021104053,362717.0799669357,7654.800357337177,0
CUST_0397,12,Multi-Year,3018.08678880143,1,11.0,0,Enterprise,0,New,11.0,1,36217.04146561716,0.0769230769230769,0.0,1,0,0.017573385,535966.0803745773,9418.738045877073,0
CUST_0398,50,Multi-Year,3494.7923394074605,4,22.0,5,Enterprise,0,Loyal,22.0,4,174739.61697037303,0.0784313725490196,17.473961697037304,1,0,0.014653633,648648.8819485164,9505.062888081282,0
CUST_0399,35,Annual,4902.464644002714,2,13.0,0,SMB,0,Mid-Tenure,13.0,2,171586.26254009496,0.0555555555555555,0.0,0,0,0.14112847,307801.22929996165,43439.51518035363,0
CUST_0400,33,Annual,3777.737837453296,3,1.0,0,SMB,0,Mid-Tenure,1.0,3,124665.34863595876,0.088235294117647,0.0,0,0,0.020113923,646559.9048248681,13004.855917848132,0
CUST_0401,33,Multi-Year,3396.868395993155,0,27.0,0,SMB,0,Mid-Tenure,27.0,0,112096.65706777413,0.0,0.0,0,0,0.029108023,515275.43784227327,14998.649435669375,0
CUST_0402,61,Annual,2007.9159542075413,3,9.0,0,Enterprise,0,Loyal,9.0,3,122482.87320666002,0.0483870967741935,0.0,1,0,0.007197546,421259.16413984227,3032.0321449795065,0
CUST_0403,51,Multi-Year,655.2674442424669,3,3.0,0,Enterprise,0,Loyal,3.0,3,33418.63965636581,0.0576923076923076,0.0,1,0,0.0039715418,145691.7620199244,578.6209178355214,0
CUST_0404,43,Annual,1796.563079846113,4,0.0,0,SMB,0,Loyal,0.0,4,77252.21243338285,0.0909090909090909,0.0,0,0,0.0058775237,385821.6128844663,2267.675667146158,0
CUST_0405,12,Annual,3958.01555206828,2,23.0,0,Enterprise,0,New,23.0,2,47496.18662481936,0.1538461538461538,0.0,1,0,0.051310424,468818.35562435165,24055.268494304888,0
CUST_0406,67,Monthly,1423.723733617108,2,25.0,2,Enterprise,0,Loyal,25.0,2,95389.49015234625,0.0294117647058823,2.847447467234216,1,1,0.05205454,167407.4021173153,8714.31519645247,0
CUST_0407,65,Monthly,3704.8468715335152,1,25.0,0,Enterprise,0,Loyal,25.0,1,240815.0466496785,0.0151515151515151,0.0,1,1,0.029401595,559915.2148700121,16462.40025480888,0
CUST_0408,33,Multi-Year,3109.009291562372,5,24.0,0,SMB,0,Mid-Tenure,24.0,5,102597.30662155828,0.1470588235294117,0.0,0,0,0.45388892,74040.3512063182,33606.0952623772,0
CUST_0409,40,Annual,1273.355913877092,1,16.0,0,Enterprise,0,Loyal,16.0,1,50934.23655508368,0.024390243902439,0.0,1,0,0.013282834,241459.9720346549,3207.2726346449067,0
CUST_0410,43,Annual,1677.311628313235,1,10.0,0,Enterprise,0,Loyal,10.0,1,72124.4000174691,0.0227272727272727,0.0,1,0,0.007018921,353001.0611335752,2477.6865488316303,0
CUST_0411,44,Multi-Year,2733.366215689144,4,6.0,0,SMB,0,Loyal,6.0,4,120268.11349032234,0.0888888888888888,0.0,0,0,0.004970483,596691.0251846325,2965.8426066127363,0
CUST_0412,29,Annual,2382.686172985313,0,16.0,0,Enterprise,0,Mid-Tenure,16.0,0,69097.89901657408,0.0,0.0,1,0,0.03199875,348691.0944125831,11157.67909539949,0
CUST_0413,13,Annual,4003.537313960418,2,27.0,0,SMB,0,Mid-Tenure,27.0,2,52045.98508148544,0.1428571428571428,0.0,0,0,0.031978704,586035.6749121676,18740.661402133024,0
CUST_0414,12,Annual,3804.8208914446113,2,16.0,0,SMB,0,New,16.0,2,45657.850697335336,0.1538461538461538,0.0,0,0,0.037239943,523359.4715276497,19489.87673101966,0
CUST_0415,46,Annual,3085.585265628577,2,8.0,2,Enterprise,0,Loyal,8.0,2,141936.92221891455,0.0425531914893617,6.171170531257154,1,0,0.013112074,586686.8514185481,7692.68127228917,0
CUST_0416,2,Monthly,4200.236201628163,0,9.0,2,SMB,1,New,9.0,0,8400.472403256326,0.0,8.400472403256327,0,1,0.48749685,93773.26217278917,45714.17019303411,0
CUST_0417,35,Monthly,3032.012933079389,1,25.0,0,Enterprise,0,Mid-Tenure,25.0,1,106120.45265777862,0.0277777777777777,0.0,1,1,0.20225303,144236.7443794315,29172.318407840085,0
CUST_0418,8,Monthly,4839.75165495767,2,5.0,0,SMB,0,New,5.0,2,38718.01323966136,0.2222222222222222,0.0,0,1,0.11133206,359984.37834335066,40077.802015161564,0
CUST_0419,26,Monthly,1477.5084461798665,2,16.0,10,SMB,1,Mid-Tenure,16.0,2,38415.21960067653,0.074074074074074,14.775084461798668,0,1,0.5977806,27370.53476211559,16361.574289770417,1
CUST_0420,34,Annual,3713.593971209688,3,15.0,0,SMB,0,Mid-Tenure,15.0,3,126262.1950211294,0.0857142857142857,0.0,0,0,0.019973986,636852.7427117566,12720.487671974808,0
CUST_0421,7,Monthly,2164.748594245106,1,6.0,5,SMB,1,New,6.0,1,15153.24015971574,0.125,10.82374297122553,0,1,0.26453274,82589.11852227674,21847.52622028842,0
CUST_0422,68,Monthly,1755.3478748908724,2,18.0,0,SMB,0,Loyal,18.0,2,119363.65549257932,0.0289855072463768,0.0,0,1,0.05326745,203976.90929617462,10865.329641780298,0
CUST_0423,58,Monthly,1311.743641854708,1,25.0,0,SMB,0,Loyal,25.0,1,76081.13122757306,0.0169491525423728,0.0,0,1,0.11727212,94103.68945553392,11035.739509930649,0
CUST_0424,29,Monthly,2986.2656431769474,5,3.0,0,SMB,0,Mid-Tenure,3.0,5,86601.70365213147,0.1666666666666666,0.0,0,1,0.34566495,90569.52555238837,31306.710360831075,0
CUST_0425,36,Annual,1469.6124473714508,1,29.0,2,SMB,0,Mid-Tenure,29.0,1,52906.04810537223,0.027027027027027,2.9392248947429014,0,0,0.11197678,108875.7838131699,12191.559691086233,0
CUST_0426,21,Multi-Year,1401.5788315178263,1,19.0,0,Enterprise,0,Mid-Tenure,19.0,1,29433.155461874358,0.0454545454545454,0.0,1,0,0.043990236,178943.54350834896,7871.768669473139,0
CUST_0427,36,Annual,4957.39357287718,1,23.0,2,SMB,0,Mid-Tenure,23.0,1,178466.1686235785,0.027027027027027,9.91478714575436,0,0,0.08237165,449406.82735528063,37018.382846098844,0
CUST_0428,10,Monthly,4107.863375805924,2,16.0,2,SMB,0,New,16.0,2,41078.63375805924,0.1818181818181818,8.215726751611848,0,1,0.20700648,191802.00205146626,39704.25812063974,0
CUST_0429,24,Monthly,3867.245691144689,1,23.0,0,SMB,0,Mid-Tenure,23.0,1,92813.89658747253,0.04,0.0,0,1,0.25194386,153693.95821763683,38722.248550679666,0
CUST_0430,64,Monthly,4073.272816472397,1,8.0,0,SMB,0,Loyal,8.0,1,260689.46025423345,0.0153846153846153,0.0,0,1,0.12993872,271644.002787012,35297.074467880375,0
CUST_0431,49,Annual,4860.152931734341,1,10.0,0,Enterprise,0,Loyal,10.0,1,238147.4936549827,0.02,0.0,1,0,0.03609582,677406.0796881325,24451.528168164314,0
CUST_0432,36,Monthly,3079.745099389416,1,22.0,0,SMB,1,Mid-Tenure,22.0,1,110870.82357801896,0.027027027027027,0.0,0,1,0.38538736,84882.89621382784,32712.795370098618,0
CUST_0433,24,Annual,1491.0974483128723,4,0.0,5,SMB,0,Mid-Tenure,0.0,4,35786.33875950894,0.16,7.455487241564361,0,0,0.05024931,178486.71683226127,8968.834070073273,0
CUST_0434,23,Monthly,4379.943383389576,2,6.0,0,SMB,1,Mid-Tenure,6.0,2,100738.69781796026,0.0833333333333333,0.0,0,1,0.4146848,113107.46336631956,46903.9460840129,0
CUST_0435,62,Multi-Year,3842.288282543406,2,21.0,0,SMB,0,Loyal,21.0,2,238221.8735176912,0.0317460317460317,0.0,0,0,0.007352269,803934.3280057373,5910.741268172972,0
CUST_0436,37,Monthly,2364.3874055037786,2,4.0,0,SMB,0,Loyal,4.0,2,87482.33400363981,0.0526315789473684,0.0,0,1,0.053899303,273078.34450443066,14718.732454660694,0
CUST_0437,12,Monthly,2631.0627435859087,0,4.0,5,Enterprise,0,New,4.0,0,31572.752923030905,0.0,13.155313717929545,1,1,0.21574461,118808.62215819625,25632.320398811946,0
CUST_0438,55,Multi-Year,2350.635793154911,3,0.0,0,SMB,0,Loyal,0.0,3,129284.96862352012,0.0535714285714285,0.0,0,0,0.005674087,506656.34423528204,2874.812164536682,0
CUST_0439,13,Monthly,4684.739721030519,0,5.0,15,SMB,1,Mid-Tenure,5.0,0,60901.61637339675,0.0,70.27109581545778,0,1,0.77740014,67944.00121155064,52819.67578183308,1
CUST_0440,23,Monthly,2045.892251742324,3,12.0,2,SMB,0,Mid-Tenure,12.0,3,47055.52179007346,0.125,4.091784503484648,0,1,0.23492895,86164.31296361111,20242.491629516997,0
CUST_0441,30,Annual,4835.679253952776,4,14.0,5,Enterprise,0,Mid-Tenure,14.0,4,145070.37761858327,0.1290322580645161,24.17839626976388,1,0,0.048931032,586551.5741269942,28700.574089143513,0
CUST_0442,17,Annual,4596.222970642774,3,3.0,0,Enterprise,0,Mid-Tenure,3.0,3,78135.79050092716,0.1666666666666666,0.0,1,0,0.027332889,713211.0872992733,19494.11942290678,0
CUST_0443,62,Annual,3337.34514011678,3,29.0,0,SMB,0,Loyal,29.0,3,206915.39868724035,0.0476190476190476,0.0,0,0,0.009368658,674567.0608627533,6319.788135672066,0
CUST_0444,13,Monthly,3109.197978950336,6,29.0,0,SMB,0,Mid-Tenure,29.0,6,40419.57372635437,0.4285714285714285,0.0,0,1,0.31751028,101521.98963903365,32234.275055215923,0
CUST_0445,59,Monthly,2165.401760314869,3,16.0,0,SMB,0,Loyal,16.0,3,127758.70385857728,0.05,0.0,0,1,0.07144638,213961.25470651736,15286.757431971215,0
CUST_0446,19,Monthly,582.5227505479245,0,27.0,2,SMB,1,Mid-Tenure,27.0,0,11067.932260410566,0.0,1.165045501095849,0,1,0.78125185,8409.332172072274,6569.806297724429,1
CUST_0447,49,Monthly,1074.3043380698896,5,23.0,0,SMB,1,Loyal,23.0,5,52640.91256542459,0.1,0.0,0,1,0.2611672,41429.98242884194,10820.1524415127,0
CUST_0448,12,Multi-Year,3894.040955072969,2,23.0,0,Enterprise,1,New,23.0,2,46728.49146087563,0.1538461538461538,0.0,1,0,0.053796317,450194.1136564029,24218.78544263473,0
CUST_0449,61,Annual,2621.930569646744,2,27.0,0,Enterprise,0,Loyal,27.0,2,159937.7647484514,0.032258064516129,0.0,1,0,0.005207542,569907.0287002202,2967.8147107524555,0
CUST_0450,19,Monthly,1174.2716038458566,2,12.0,0,Enterprise,1,Mid-Tenure,12.0,2,22311.160473071275,0.1,0.0,1,1,0.37351355,33272.27396607519,12427.645151210105,0
CUST_0451,9,Annual,1687.8238435934195,1,10.0,0,SMB,0,New,10.0,1,15190.414592340776,0.1,0.0,0,0,0.11822842,120395.15325567407,14234.128819142845,0
CUST_0452,71,Monthly,4765.266049311499,3,3.0,0,Enterprise,0,Loyal,3.0,3,338333.8895011164,0.0416666666666666,0.0,1,1,0.12822449,320849.244022546,41140.73134681595,0
CUST_0453,28,Multi-Year,2152.0977588961928,1,28.0,0,SMB,0,Mid-Tenure,28.0,1,60258.7372490934,0.0344827586206896,0.0,0,0,0.0089787515,437872.497073048,3931.548334662023,0
CUST_0454,52,Monthly,4584.56875348619,1,6.0,0,SMB,0,Loyal,6.0,1,238397.5751812819,0.0188679245283018,0.0,0,1,0.15471368,268740.35523365973,41577.80808105997,0
CUST_0455,16,Monthly,1870.861245321095,6,18.0,0,SMB,0,Mid-Tenure,18.0,6,29933.77992513752,0.3529411764705882,0.0,0,1,0.621623,33426.98988258855,20778.98505124294,1
CUST_0456,69,Annual,2944.490424652224,0,23.0,0,SMB,0,Loyal,23.0,0,203169.83930100343,0.0,0.0,0,0,0.0047212187,645707.17243637,3048.524790195526,0
CUST_0457,12,Annual,592.1468751298905,2,6.0,0,Enterprise,0,New,6.0,2,7105.762501558686,0.1538461538461538,0.0,1,0,0.08147698,54045.676408828615,4403.478439514254,0
CUST_0458,25,Annual,2848.437996681096,1,13.0,2,SMB,0,Mid-Tenure,13.0,1,71210.9499170274,0.0384615384615384,5.696875993362192,0,0,0.032235436,415651.1560692257,13398.696298606408,0
CUST_0459,52,Monthly,3366.239047747836,2,20.0,2,SMB,0,Loyal,20.0,2,175044.4304828875,0.0377358490566037,6.732478095495672,0,1,0.09012978,288267.5621798913,25981.491323083752,0
CUST_0460,53,Monthly,1554.3729470173007,5,15.0,0,SMB,0,Loyal,15.0,5,82381.76619191693,0.0925925925925925,0.0,0,1,0.1614549,88210.18349602382,14241.966452293253,0
CUST_0461,23,Monthly,3105.2172929241065,1,20.0,0,Enterprise,0,Mid-Tenure,20.0,1,71419.99773725445,0.0416666666666666,0.0,1,1,0.24033587,128343.10933450409,30845.45243085635,0
CUST_0462,16,Monthly,3412.254974229435,2,8.0,0,Enterprise,0,Mid-Tenure,8.0,2,54596.07958767096,0.1176470588235294,0.0,1,1,0.2606761,131799.8390333328,34357.06616791006,0
CUST_0463,57,Multi-Year,3590.9873527179043,5,21.0,5,SMB,0,Loyal,21.0,5,204686.2791049205,0.0862068965517241,17.954936763589522,0,0,0.06869275,363053.7346511422,24939.159877081074,0
CUST_0464,39,Monthly,3993.814949099464,4,21.0,2,SMB,0,Loyal,21.0,4,155758.7830148791,0.1,7.987629898198928,0,1,0.1337264,260854.07080022368,34883.07662658809,0
CUST_0465,53,Monthly,1901.0265931823744,1,1.0,0,Enterprise,0,Loyal,1.0,1,100754.40943866584,0.0185185185185185,0.0,1,1,0.07296769,185514.7402998988,13536.582656070563,0
CUST_0466,42,Annual,3054.996303943452,4,26.0,5,SMB,0,Loyal,26.0,4,128309.84476562498,0.0930232558139534,15.27498151971726,0,0,0.021143802,515293.7088757337,10895.267899992356,0
CUST_0467,58,Monthly,4917.105633940675,3,15.0,0,Enterprise,1,Loyal,15.0,3,285192.1267685592,0.0508474576271186,0.0,1,1,0.30037948,168403.8824874786,50585.07147538345,0
CUST_0468,39,Annual,4541.648767993207,3,4.0,0,Enterprise,0,Loyal,4.0,3,177124.30195173508,0.075,0.0,1,0,0.009800447,911360.8481349477,8931.743827696215,0
CUST_0469,14,Multi-Year,4786.9944264426495,1,11.0,10,SMB,0,Mid-Tenure,11.0,1,67017.92197019709,0.0666666666666666,47.86994426442649,0,0,0.079663195,443024.1847940624,35292.721897136245,0
CUST_0470,5,Monthly,2237.6137933785712,6,19.0,0,Enterprise,0,New,19.0,6,11188.068966892855,1.0,0.0,1,1,0.4094307,58444.8625124895,23929.121698201325,0
CUST_0471,35,Multi-Year,4041.1764765349776,3,25.0,0,SMB,0,Mid-Tenure,25.0,3,141441.1766787242,0.0833333333333333,0.0,0,0,0.024771037,648568.1922455092,16065.706414870914,0
CUST_0472,18,Annual,3289.540782921565,3,14.0,2,Enterprise,0,Mid-Tenure,14.0,3,59211.73409258817,0.1578947368421052,6.57908156584313,1,0,0.054110058,379161.13572836336,20516.430913658252,0
CUST_0473,9,Monthly,872.307873780085,2,2.0,0,SMB,0,New,2.0,2,7850.770864020765,0.2,0.0,0,1,0.1819825,45122.776563718166,8211.555791651464,0
CUST_0474,58,Monthly,4207.911751206794,5,8.0,5,Enterprise,1,Loyal,8.0,5,244058.8815699941,0.0847457627118644,21.03955875603397,1,1,0.29641828,145762.91806234495,43206.793373734894,0
CUST_0475,17,Monthly,3546.955743608141,0,26.0,0,Enterprise,0,Mid-Tenure,26.0,0,60298.24764133839,0.0,0.0,1,1,0.12447815,243947.2823403656,30366.105533298964,0
CUST_0476,7,Annual,1395.1281178187005,3,27.0,0,SMB,1,New,27.0,3,9765.896824730904,0.375,0.0,0,0,0.06818302,141657.72604543186,9658.651533725737,0
CUST_0477,46,Annual,858.8235084325761,2,6.0,0,SMB,0,Loyal,6.0,2,39505.8813878985,0.0425531914893617,0.0,0,0,0.0026270936,195828.44691309216,514.4596552276056,0
CUST_0478,13,Multi-Year,4266.599587917488,2,3.0,0,SMB,0,Mid-Tenure,3.0,2,55465.79464292734,0.1428571428571428,0.0,0,0,0.019459628,737107.2024425782,14343.831637754975,0
CUST_0479,40,Multi-Year,855.0582327104048,3,24.0,5,Enterprise,0,Loyal,24.0,3,34202.32930841619,0.073170731707317,4.275291163552024,1,0,0.0033042654,192493.01279182287,636.0480095152432,0
CUST_0480,42,Annual,911.0923941489648,2,8.0,2,Enterprise,0,Loyal,8.0,2,38265.88055425653,0.0465116279069767,1.8221847882979296,1,0,0.0043914462,201007.86504891337,882.7152339777981,0
CUST_0481,9,Annual,2423.3372955694185,2,27.0,0,Enterprise,0,New,27.0,2,21810.03566012477,0.2,0.0,1,0,0.044173375,308792.67667203664,13640.41463350508,0
CUST_0482,50,Monthly,1106.590227887647,2,14.0,0,SMB,1,Loyal,14.0,2,55329.511394382345,0.0392156862745098,0.0,0,1,0.20790006,51489.258182607264,10704.619978971348,0
CUST_0483,27,Annual,4611.5131884922375,2,22.0,2,SMB,0,Mid-Tenure,22.0,2,124510.8560892904,0.0714285714285714,9.223026376984476,0,0,0.038099628,628131.5720248012,23931.5791926723,0
CUST_0484,66,Monthly,2616.277713184565,3,20.0,2,SMB,0,Loyal,20.0,3,172674.3290701813,0.044776119402985,5.23255542636913,0,1,0.03936215,351326.95311591733,13828.984640659937,0
CUST_0485,5,Annual,3061.179412945572,1,28.0,2,SMB,0,New,28.0,1,15305.89706472786,0.1666666666666666,6.122358825891144,0,0,0.072104536,300841.8263135411,21692.060294802046,0
CUST_0486,29,Monthly,4676.477402651393,3,24.0,0,SMB,0,Mid-Tenure,24.0,3,135617.8446768904,0.1,0.0,0,1,0.3542579,138816.6454840236,49176.89490279217,0
CUST_0487,37,Monthly,2886.1845153725685,2,29.0,0,Enterprise,0,Loyal,29.0,2,106788.82706878505,0.0526315789473684,0.0,1,1,0.13209285,190200.8511141632,25124.17219560537,0
CUST_0488,38,Monthly,2091.160156807933,3,28.0,5,SMB,0,Loyal,28.0,3,79464.08595870146,0.0769230769230769,10.455800784039663,0,1,0.07025075,208679.9673979868,14659.924133710623,0
CUST_0489,8,Monthly,4087.197976171243,1,6.0,2,Enterprise,0,New,6.0,1,32697.583809369946,0.1111111111111111,8.174395952342486,1,1,0.15702237,236913.4116896706,37200.70583562838,0
CUST_0490,65,Annual,2492.8258886384483,4,24.0,0,SMB,0,Loyal,24.0,4,162033.68276149913,0.0606060606060606,0.0,0,0,0.0044516055,549366.9006228067,2445.5647115730108,0
CUST_0491,17,Monthly,1933.1124152103744,1,10.0,0,SMB,0,Mid-Tenure,10.0,1,32862.91105857636,0.0555555555555555,0.0,0,1,0.18121289,100328.96334484937,18180.901114285633,0
CUST_0492,71,Annual,3754.5325637249057,3,18.0,0,SMB,0,Loyal,18.0,3,266571.8120244683,0.0416666666666666,0.0,0,0,0.005457116,812418.5800843473,4433.462290118137,0
CUST_0493,45,Monthly,4107.225544758694,3,10.0,2,SMB,0,Loyal,10.0,3,184825.14951414123,0.0652173913043478,8.214451089517388,0,1,0.06561713,426292.4373382278,27972.085940643403,0
CUST_0494,4,Annual,4062.722754129221,3,24.0,2,Enterprise,0,New,24.0,3,16250.891016516884,0.6,8.125445508258442,1,0,0.026486803,637399.7965725819,16882.6827460217,0
CUST_0495,36,Monthly,4899.534863579184,3,0.0,5,SMB,0,Mid-Tenure,0.0,3,176383.25508885062,0.081081081081081,24.49767431789592,0,1,0.1907759,244187.30789569704,46585.05369590024,0
CUST_0496,70,Monthly,4040.001269937332,1,20.0,0,SMB,0,Loyal,20.0,1,282800.0888956132,0.0140845070422535,0.0,0,1,0.11215134,298980.0530472022,33531.01347791786,0
CUST_0497,31,Annual,3964.700461769088,4,12.0,0,Enterprise,0,Mid-Tenure,12.0,4,122905.71431484174,0.125,0.0,1,0,0.017014187,709945.2707446263,12079.141475047303,0
CUST_0498,19,Monthly,4358.683641812992,3,12.0,5,Enterprise,0,Mid-Tenure,12.0,3,82814.98919444685,0.15,21.793418209064964,1,1,0.45940617,102676.82038126134,47170.36451869746,0
CUST_0499,61,Monthly,500.83337882949263,5,1.0,0,SMB,1,Loyal,1.0,5,30550.83610859905,0.0806451612903225,0.0,0,1,0.68428546,8184.828326589157,5600.7590320536965,1
CUST_0500,54,Monthly,2130.941350344968,1,16.0,0,SMB,0,Loyal,16.0,1,115070.83291862828,0.0181818181818181,0.0,0,1,0.07810693,199608.9894927868,15590.845837178558,0
CUST_0501,39,Monthly,3819.2139321548993,3,29.0,0,SMB,0,Loyal,29.0,3,148949.34335404108,0.075,0.0,0,1,0.033389103,549598.9920778829,18350.617172481485,0
CUST_0502,19,Annual,3198.735549996248,2,18.0,5,SMB,0,Mid-Tenure,18.0,2,60775.97544992872,0.1,15.99367774998124,0,0,0.05858269,353507.7872296399,20709.436975089156,0
CUST_0503,39,Monthly,1299.0740118422796,1,22.0,0,SMB,0,Loyal,22.0,1,50663.8864618489,0.025,0.0,0,1,0.13644394,83611.66449501686,11408.30516653869,0
CUST_0504,67,Annual,1866.798900898454,3,14.0,0,Enterprise,0,Loyal,14.0,3,125075.5263601964,0.0441176470588235,0.0,1,0,0.0057461206,401850.12924653845,2309.0793005486535,0
CUST_0505,45,Multi-Year,2015.5667498694809,2,18.0,0,SMB,0,Loyal,18.0,2,90700.50374412665,0.0434782608695652,0.0,0,0,0.004920208,440398.935243604,2166.854318284265,0
CUST_0506,13,Monthly,3055.226500275422,1,9.0,0,SMB,1,Mid-Tenure,9.0,1,39717.94450358049,0.0714285714285714,0.0,0,1,0.28249562,110265.26281486014,31149.4535480977,0
CUST_0507,58,Multi-Year,4242.192333984844,5,9.0,0,SMB,0,Loyal,9.0,5,246047.15537112093,0.0847457627118644,0.0,0,0,0.056745168,476895.6636759384,27061.524468706248,0
CUST_0508,20,Annual,4696.213008999559,3,26.0,0,Enterprise,0,Mid-Tenure,26.0,3,93924.26017999118,0.1428571428571428,0.0,1,0,0.018443579,823372.4025584473,15185.933832961484,0
CUST_0509,61,Annual,3875.415857841376,5,8.0,5,SMB,0,Loyal,8.0,5,236400.36732832392,0.0806451612903225,19.37707928920688,0,0,0.071378365,383140.69706748886,27347.956582570325,0
CUST_0510,39,Annual,4293.276755795645,2,18.0,0,SMB,0,Loyal,18.0,2,167437.79347603014,0.05,0.0,0,0,0.006765187,907586.5562985847,6139.992578413824,0
CUST_0511,1,Annual,2615.4318130318225,5,10.0,0,SMB,0,New,10.0,5,2615.4318130318225,2.5,0.0,0,0,0.22534564,113984.66393329066,25685.947200914256,0
CUST_0512,3,Annual,2253.9889383002933,4,5.0,5,SMB,0,New,5.0,4,6761.966814900879,1.0,11.269944691501466,0,0,0.025015948,360561.5640538801,9019.789459868462,0
CUST_0513,62,Monthly,2267.188394648976,3,1.0,0,SMB,0,Loyal,1.0,3,140565.6804682365,0.0476190476190476,0.0,0,1,0.060042743,247233.57396355353,14844.58185340667,0
CUST_0514,63,Monthly,3272.173377529807,3,23.0,0,SMB,1,Loyal,23.0,3,206146.92278437785,0.046875,0.0,0,1,0.17711481,172890.88397258744,30621.5368469833,0
CUST_0515,25,Monthly,1059.0651750011407,0,9.0,0,SMB,0,Mid-Tenure,9.0,0,26476.62937502852,0.0,0.0,0,1,0.46604216,24627.409865317593,11477.411313166205,0
CUST_0516,56,Monthly,3107.7238225561755,2,14.0,2,SMB,0,Loyal,14.0,2,174032.53406314584,0.0350877192982456,6.215447645112351,0,1,0.14117256,195073.42909819444,27539.014997128506,0
CUST_0517,33,Monthly,3493.097870826765,4,4.0,2,SMB,1,Mid-Tenure,4.0,4,115272.22973728324,0.1176470588235294,6.98619574165353,0,1,0.62119305,62451.73966247978,38794.58672231444,1
CUST_0518,38,Monthly,2475.0893309280746,3,17.0,0,Enterprise,0,Loyal,17.0,3,94053.39457526684,0.0769230769230769,0.0,1,1,0.02781834,381671.8703883926,10617.478167349562,0
CUST_0519,6,Monthly,4789.252295470254,5,29.0,0,SMB,0,New,29.0,5,28735.51377282152,0.7142857142857143,0.0,0,1,0.22672732,207681.0768173967,47086.974323711045,0
CUST_0520,58,Annual,3236.9597257080886,1,29.0,2,Enterprise,0,Loyal,29.0,1,187743.66409106916,0.0169491525423728,6.473919451416177,1,0,0.0063570705,689239.4539779144,4381.543817030063,0
CUST_0521,44,Multi-Year,1489.9976250648133,6,6.0,0,SMB,0,Loyal,6.0,6,65559.89550285178,0.1333333333333333,0.0,0,0,0.04715863,184028.65795930813,8678.539151260493,0
CUST_0522,45,Multi-Year,2656.473158450823,6,2.0,2,Enterprise,0,Loyal,2.0,6,119541.29213028704,0.1304347826086956,5.312946316901646,1,0,0.07568158,253638.4259840264,19195.757358109975,0
CUST_0523,32,Monthly,3539.3199671088228,5,29.0,0,SMB,1,Mid-Tenure,29.0,5,113258.23894748231,0.1515151515151515,0.0,0,1,0.7338634,54182.70356407935,39762.70378119375,1
CUST_0524,45,Annual,1956.331060612156,3,20.0,0,SMB,0,Loyal,20.0,3,88034.89772754701,0.0652173913043478,0.0,0,0,0.00513994,425752.5965489785,2188.342780943048,0
CUST_0525,61,Multi-Year,858.3872283006042,2,26.0,0,Enterprise,0,Loyal,26.0,2,52361.62092633686,0.032258064516129,0.0,1,0,0.013736661,161612.58486037236,2220.017225664425,0
CUST_0526,47,Monthly,3125.4603561989825,2,24.0,0,Enterprise,0,Loyal,24.0,2,146896.63674135218,0.0416666666666666,0.0,1,1,0.048550185,380572.84276856383,18476.881852410734,0
CUST_0527,21,Monthly,4765.41575878856,1,15.0,0,Enterprise,1,Mid-Tenure,15.0,1,100073.73093455976,0.0454545454545454,0.0,1,1,0.4625827,111562.45996871231,51606.86477709895,0
CUST_0528,36,Multi-Year,2682.823935034282,4,16.0,0,Enterprise,0,Mid-Tenure,16.0,4,96581.66166123416,0.1081081081081081,0.0,1,0,0.013851412,504200.0503864941,6983.8824471368125,0
CUST_0529,19,Annual,4577.490862911671,3,1.0,0,SMB,0,Mid-Tenure,1.0,3,86972.32639532174,0.15,0.0,0,0,0.034632634,649039.1121495499,22477.934263890733,0
CUST_0530,20,Monthly,4257.606147672623,1,15.0,0,SMB,0,Mid-Tenure,15.0,1,85152.12295345246,0.0476190476190476,0.0,0,1,0.28887016,150769.46464181435,43552.79874266868,0
CUST_0531,57,Monthly,1163.357526352925,3,20.0,0,SMB,0,Loyal,20.0,3,66311.37900211674,0.0517241379310344,0.0,0,1,0.11898581,82612.20275046841,9829.679809406356,0
CUST_0532,18,Monthly,3686.764648260069,5,29.0,0,SMB,1,Mid-Tenure,29.0,5,66361.76366868125,0.2631578947368421,0.0,0,1,0.6729019,61199.41489984142,41181.20430457488,1
CUST_0533,47,Multi-Year,2459.594862823903,0,19.0,2,Enterprise,0,Loyal,19.0,0,115600.95855272344,0.0,4.919189725647806,1,0,0.0063023246,524225.934025298,3303.841994378349,0
CUST_0534,49,Annual,1626.108463683216,3,0.0,5,SMB,0,Loyal,0.0,3,79679.31472047759,0.06,8.130542318416081,0,0,0.009980969,325324.87561508757,3247.0575410582906,0
CUST_0535,14,Monthly,3591.2226005001635,4,13.0,0,Enterprise,1,Mid-Tenure,13.0,4,50277.116407002286,0.2666666666666666,0.0,1,1,0.44660974,86777.73932302352,38755.78320537952,0
CUST_0536,15,Monthly,3841.973233953896,1,15.0,0,SMB,0,Mid-Tenure,15.0,1,57629.59850930844,0.0625,0.0,0,1,0.22409387,168203.97851904837,37693.48038278125,0
CUST_0537,31,Annual,1309.5334343067746,2,22.0,0,SMB,0,Mid-Tenure,22.0,2,40595.53646351001,0.0625,0.0,0,0,0.019538486,225981.34416283618,4415.33341424721,0
CUST_0538,1,Annual,4615.001069252938,3,8.0,0,SMB,0,New,8.0,3,4615.001069252938,1.5,0.0,0,0,0.024647716,741884.8817449802,18285.768191038926,0
CUST_0539,54,Monthly,3880.162597781484,0,16.0,0,SMB,1,Loyal,16.0,0,209528.78028020007,0.0,0.0,0,1,0.21244524,177415.87143359843,37691.15813043839,0
CUST_0540,3,Multi-Year,4700.189746138859,4,7.0,0,Enterprise,0,New,7.0,4,14100.569238416578,1.0,0.0,1,0,0.015806207,857096.5706501834,13547.446186103665,0
CUST_0541,16,Monthly,1926.8294844366087,3,8.0,2,Enterprise,0,Mid-Tenure,8.0,3,30829.271750985747,0.1764705882352941,3.8536589688732175,1,1,0.1958291,94057.0286798229,18419.102659559947,0
CUST_0542,57,Monthly,4727.007570843441,1,1.0,0,SMB,1,Loyal,1.0,1,269439.43153807614,0.0172413793103448,0.0,0,1,0.44345304,114953.3683175352,50976.42106389359,0
CUST_0543,12,Annual,2158.3294602727137,1,12.0,0,Enterprise,0,New,12.0,1,25899.953523272565,0.0769230769230769,0.0,1,0,0.023031706,354639.8409735863,8167.9605497978,0
CUST_0544,16,Monthly,742.8639264232628,5,0.0,5,SMB,1,Mid-Tenure,0.0,5,11885.822822772205,0.2941176470588235,3.714319632116314,0,1,0.6400602,12918.245595020928,8268.45468333062,1
CUST_0545,24,Multi-Year,3933.362249190605,1,21.0,0,Enterprise,0,Mid-Tenure,21.0,1,94400.69398057452,0.04,0.0,1,0,0.023579625,641486.6539804301,15126.015008182954,0
CUST_0546,28,Annual,3665.7866483975336,3,29.0,0,SMB,0,Mid-Tenure,29.0,3,102642.02615513094,0.1034482758620689,0.0,0,0,0.02159313,614436.621512559,13267.609391828883,0
CUST_0547,8,Annual,3190.599465184996,1,6.0,0,SMB,0,New,6.0,1,25524.795721479968,0.1111111111111111,0.0,0,0,0.026245708,502155.3796904159,13179.423288226963,0
CUST_0548,36,Monthly,2704.521849728783,3,17.0,15,SMB,0,Mid-Tenure,17.0,3,97362.78659023618,0.081081081081081,40.56782774593174,0,1,0.37992078,75488.93367545752,28679.814613074304,0
CUST_0549,8,Monthly,644.7437164518412,1,20.0,0,SMB,0,New,20.0,1,5157.94973161473,0.1111111111111111,0.0,0,1,0.31666887,21100.576077581296,6681.895542004562,0
CUST_0550,58,Monthly,3310.6876318406944,1,4.0,0,SMB,0,Loyal,4.0,1,192019.88264676023,0.0169491525423728,0.0,0,1,0.13324839,216800.0084228001,28888.2518070627,0
CUST_0551,60,Annual,2375.755768502572,3,6.0,2,SMB,0,Loyal,6.0,3,142545.3461101543,0.0491803278688524,4.751511537005143,0,0,0.010548573,470846.2555706197,4966.756092692085,0
CUST_0552,50,Annual,3020.9423123342526,2,11.0,0,SMB,0,Loyal,11.0,2,151047.11561671263,0.0392156862745098,0.0,0,0,0.007893522,626172.0904726316,4942.70334101309,0
CUST_0553,28,Multi-Year,2431.946038854363,2,26.0,2,SMB,0,Mid-Tenure,26.0,2,68094.48908792216,0.0689655172413793,4.863892077708726,0,0,0.031258643,359141.5334592772,11226.276863613672,0
CUST_0554,41,Annual,4847.252597443396,2,16.0,0,SMB,0,Loyal,16.0,2,198737.35649517924,0.0476190476190476,0.0,0,0,0.030989578,718203.9147859807,22256.83623267714,0
CUST_0555,64,Multi-Year,3218.4900551788123,4,25.0,10,SMB,0,Loyal,25.0,4,205983.363531444,0.0615384615384615,32.184900551788125,0,0,0.27365333,119331.01206869578,32655.328636174443,0
CUST_0556,27,Annual,3871.5634877111024,3,23.0,2,Enterprise,0,Mid-Tenure,23.0,3,104532.21416819976,0.1071428571428571,7.7431269754222045,1,0,0.033789046,554472.9476161145,18735.11199304027,0
CUST_0557,63,Monthly,4713.561263619875,2,4.0,0,SMB,0,Loyal,4.0,2,296954.3596080521,0.03125,0.0,0,1,0.13368505,307933.25501281646,41166.07333051029,0
CUST_0558,17,Monthly,3162.1969531253285,1,11.0,0,SMB,0,Mid-Tenure,11.0,1,53757.34820313058,0.0555555555555555,0.0,0,1,0.22003649,140523.09600878457,30920.209055856176,0
CUST_0559,33,Annual,554.2813302008034,2,18.0,5,SMB,0,Mid-Tenure,18.0,2,18291.28389662651,0.0588235294117647,2.771406651004017,0,0,0.035879705,77449.91551686196,2778.880128861858,0
CUST_0560,29,Monthly,654.3125523974406,5,12.0,0,SMB,0,Mid-Tenure,12.0,5,18975.06401952578,0.1666666666666666,0.0,0,1,0.29941508,22471.12609394459,6728.19405619536,0
CUST_0561,13,Monthly,3660.522953458378,3,15.0,0,SMB,0,Mid-Tenure,15.0,3,47586.79839495892,0.2142857142857142,0.0,0,1,0.32591543,116851.48043557488,38083.7000267436,0
CUST_0562,46,Annual,1755.8831126807756,2,28.0,2,SMB,0,Loyal,28.0,2,80770.62318331568,0.0425531914893617,3.511766225361552,0,0,0.0101747755,350156.62734664505,3562.7650717324946,0
CUST_0563,35,Multi-Year,3107.208773065769,5,24.0,0,SMB,1,Mid-Tenure,24.0,5,108752.30705730192,0.1388888888888889,0.0,0,0,0.11393879,227441.6271431217,25914.424597462013,0
CUST_0564,6,Monthly,1410.24731490801,5,26.0,0,SMB,1,New,26.0,5,8461.48388944806,0.7142857142857143,0.0,0,1,0.76390576,20792.293515207166,15883.35285527231,1
CUST_0565,69,Annual,1716.1199377777136,1,18.0,0,SMB,0,Loyal,18.0,1,118412.27570666224,0.0142857142857142,0.0,0,0,0.0033087207,386305.2540554909,1278.176172794474,0
CUST_0566,47,Multi-Year,2770.884751766339,3,22.0,0,Enterprise,0,Loyal,22.0,3,130231.58333301792,0.0625,0.0,1,0,0.0043746205,611509.8703491356,2675.1236176418834,0
CUST_0567,25,Monthly,4890.06258510237,0,9.0,0,Enterprise,0,Mid-Tenure,9.0,0,122251.56462755924,0.0,0.0,1,1,0.12690067,331715.8213344466,42094.960943096296,0
CUST_0568,66,Monthly,3273.2172014413622,1,11.0,0,SMB,1,Loyal,11.0,1,216032.33529512992,0.0149253731343283,0.0,0,1,0.1401418,206575.34021158505,28949.840022359578,0
CUST_0569,10,Monthly,4712.666470308604,3,6.0,2,SMB,0,New,6.0,3,47126.66470308605,0.2727272727272727,9.425332940617208,0,1,0.39381796,127421.60314958448,50180.91596724015,0
CUST_0570,56,Annual,4817.209344741264,2,13.0,0,Enterprise,0,Loyal,13.0,2,269763.7233055108,0.0350877192982456,0.0,1,0,0.03126182,711361.2685597675,22238.448178901355,0
CUST_0571,30,Annual,1436.4949838922837,3,9.0,0,Enterprise,0,Mid-Tenure,9.0,3,43094.84951676851,0.0967741935483871,0.0,1,0,0.021311203,241728.3462745874,5151.521862622248,0
CUST_0572,5,Multi-Year,1900.37121111025,2,27.0,2,Enterprise,1,New,27.0,2,9501.85605555125,0.3333333333333333,3.8007424222205,1,0,0.12162152,132876.430757225,16160.63339146437,0
CUST_0573,33,Annual,3964.965265484168,4,7.0,0,SMB,0,Mid-Tenure,7.0,4,130843.85376097754,0.1176470588235294,0.0,0,0,0.02205055,660363.9220908312,14561.387819282645,0
CUST_0574,65,Monthly,4400.438010311047,4,14.0,0,SMB,0,Loyal,14.0,4,286028.47067021806,0.0606060606060606,0.0,0,1,0.08820632,382075.55833863915,33701.4793454745,0
CUST_0575,18,Monthly,2836.520348852875,2,25.0,2,SMB,0,Mid-Tenure,25.0,2,51057.36627935175,0.1052631578947368,5.67304069770575,0,1,0.2703729,106245.7005488129,28725.957892246406,0
CUST_0576,49,Annual,4969.517302762471,5,15.0,0,Enterprise,1,Loyal,15.0,5,243506.3478353611,0.1,0.0,1,0,0.4481209,119718.33978058377,53648.289216966645,0
CUST_0577,11,Monthly,552.0748943987162,2,7.0,0,Enterprise,0,New,7.0,2,6072.823838385878,0.1666666666666666,0.0,1,1,0.254128,21783.25663962756,5535.735641126562,0
CUST_0578,26,Monthly,1848.1669501334704,2,3.0,0,SMB,0,Mid-Tenure,3.0,2,48052.34070347023,0.074074074074074,0.0,0,1,0.24095346,76225.26160431089,18366.74054855508,0
CUST_0579,63,Monthly,3304.227891850609,2,29.0,0,SMB,0,Loyal,29.0,2,208166.3571865884,0.03125,0.0,0,1,0.081318334,301943.639332679,24553.553635435528,0
CUST_0580,59,Monthly,2611.8045992186726,5,16.0,2,SMB,0,Loyal,16.0,5,154096.4713539017,0.0833333333333333,5.223609198437345,0,1,0.35564914,77262.96178625658,27478.50618026496,0
CUST_0581,27,Monthly,1024.7133489296034,2,3.0,0,Enterprise,0,Mid-Tenure,3.0,2,27667.26042109929,0.0714285714285714,0.0,1,1,0.12229903,71367.55424361309,8728.18268766647,0
CUST_0582,49,Monthly,2155.041884662536,3,21.0,0,SMB,0,Loyal,21.0,3,105597.05234846428,0.06,0.0,0,1,0.046138015,268993.51428457245,12410.826701306023,0
CUST_0583,33,Monthly,614.5121448276757,0,25.0,5,SMB,1,Mid-Tenure,25.0,0,20278.9007793133,0.0,3.0725607241383788,0,1,0.72106445,9563.591784891321,6895.966034680644,1
CUST_0584,1,Monthly,3392.357207338757,4,10.0,0,SMB,1,New,10.0,4,3392.357207338757,2.0,0.0,0,1,0.5901813,63588.68385526777,37528.85153726551,1
CUST_0585,21,Annual,4517.341443483599,2,12.0,0,SMB,0,Mid-Tenure,12.0,2,94864.17031315556,0.0909090909090909,0.0,0,0,0.025672317,716353.1120395721,18390.44385472322,0
CUST_0586,55,Multi-Year,4481.933557025564,3,5.0,0,SMB,0,Loyal,5.0,3,246506.34563640604,0.0535714285714285,0.0,0,0,0.008407374,920828.9853311175,7741.753589268661,0
CUST_0587,6,Monthly,3647.950131944959,2,21.0,0,Enterprise,1,New,21.0,2,21887.700791669755,0.2857142857142857,0.0,1,1,0.3482628,109915.86891057719,38279.60682751139,0
CUST_0588,69,Annual,2595.9658797406737,1,13.0,0,SMB,0,Loyal,13.0,1,179121.64570210647,0.0142857142857142,0.0,0,0,0.0033759912,583625.499974459,1970.3145797866537,0
CUST_0589,5,Monthly,2804.142284111704,2,27.0,0,SMB,0,New,27.0,2,14020.71142055852,0.3333333333333333,0.0,0,1,0.19434385,137714.56829167838,26763.979405177928,0
CUST_0590,3,Annual,1116.1347079804832,6,6.0,0,SMB,0,New,6.0,6,3348.4041239414496,1.5,0.0,0,0,0.22034913,49541.92290475306,10916.519759942403,0
CUST_0591,53,Multi-Year,2034.5769190364133,4,11.0,0,SMB,0,Loyal,11.0,4,107832.5767089299,0.074074074074074,0.0,0,0,0.0065358644,431848.39479205187,2822.50256489208,0
CUST_0592,23,Annual,1344.7763397422314,3,26.0,0,SMB,0,Mid-Tenure,26.0,3,30929.85581407132,0.125,0.0,0,0,0.039138895,181035.63015276645,7085.534434386399,0
CUST_0593,53,Multi-Year,4195.400915074795,2,0.0,10,SMB,0,Loyal,0.0,2,222356.24849896412,0.037037037037037,41.95400915074795,0,0,0.47649232,95623.07218105698,45563.65908171846,0
CUST_0594,37,Monthly,4616.392556020819,5,9.0,0,Enterprise,0,Loyal,9.0,5,170806.52457277031,0.131578947368421,0.0,1,1,0.039782215,617012.0693524822,24546.1067449159,0
CUST_0595,17,Monthly,2916.1546763905267,1,0.0,0,Enterprise,0,Mid-Tenure,0.0,1,49574.62949863896,0.0555555555555555,0.0,1,1,0.17137009,158078.5224296665,27089.930466313705,0
CUST_0596,1,Multi-Year,3774.938182308249,3,15.0,0,SMB,0,New,15.0,3,3774.938182308249,1.5,0.0,0,0,0.021546328,633145.7885282829,13641.967110228537,0
CUST_0597,51,Monthly,1046.5914690820737,0,6.0,0,SMB,1,Loyal,6.0,0,53376.16492318576,0.0,0.0,0,1,0.32724845,33291.3153011737,10894.531467062794,0
CUST_0598,45,Monthly,3238.405894747573,1,27.0,0,SMB,1,Loyal,27.0,1,145728.2652636408,0.0217391304347826,0.0,0,1,0.1084941,245188.12210164758,26601.46536260604,0
CUST_0599,4,Annual,3662.559596200307,3,19.0,15,Enterprise,1,New,19.0,3,14650.238384801229,0.6,54.938393943004606,1,0,0.6791114,60279.83263382051,40936.72280412106,1
CUST_0600,62,Multi-Year,2537.456582801304,0,5.0,2,Enterprise,0,Loyal,5.0,0,157322.30813368087,0.0,5.0749131656026085,1,0,0.007143475,532860.1128154277,3806.4729558325453,0
CUST_0601,65,Multi-Year,1594.7288801181437,1,21.0,0,SMB,0,Loyal,21.0,1,103657.37720767934,0.0151515151515151,0.0,0,0,0.0033087207,358979.6561546995,1187.7634026405967,0
CUST_0602,32,Monthly,4448.185342436262,2,24.0,0,SMB,0,Mid-Tenure,24.0,2,142341.93095796037,0.0606060606060606,0.0,0,1,0.28177518,160886.72682018776,45333.88585030651,0
CUST_0603,34,Multi-Year,3843.089239791751,4,17.0,0,SMB,1,Mid-Tenure,17.0,4,130665.03415291951,0.1142857142857142,0.0,0,0,0.023471864,627683.3983431425,14732.899323531874,0
CUST_0604,39,Monthly,4549.357768321377,1,19.0,0,SMB,0,Loyal,19.0,1,177424.9529645337,0.025,0.0,0,1,0.10908217,343170.3989443319,37433.7717385487,0
CUST_0605,26,Monthly,4182.8119137402055,2,3.0,0,SMB,1,Mid-Tenure,3.0,2,108753.10975724534,0.074074074074074,0.0,0,1,0.29741076,144479.52553330708,42969.76496588695,0
CUST_0606,34,Annual,4956.684933104882,3,22.0,0,SMB,0,Mid-Tenure,22.0,3,168527.28772556598,0.0857142857142857,0.0,0,0,0.07707025,468089.2661657424,36075.75728398618,0
CUST_0607,54,Monthly,1364.7772994650204,2,15.0,0,SMB,0,Loyal,15.0,2,73697.9741711111,0.0363636363636363,0.0,0,1,0.112035945,101072.19042632733,11323.718373482478,0
CUST_0608,3,Monthly,890.3649551178834,4,0.0,0,SMB,1,New,0.0,4,2671.09486535365,1.0,0.0,0,1,0.43170533,22180.321918448513,9575.363101082134,0
CUST_0609,50,Annual,2016.5125610176635,5,20.0,0,Enterprise,0,Loyal,20.0,5,100825.62805088316,0.0980392156862745,0.0,1,0,0.0463367,251183.09768375417,11638.995660878263,0
CUST_0610,12,Monthly,1080.518787604665,3,29.0,5,SMB,0,New,29.0,3,12966.22545125598,0.2307692307692307,5.402593938023325,0,1,0.27593523,39781.599773753434,10977.144988334685,0
CUST_0611,65,Monthly,2854.0855080780098,0,26.0,5,Enterprise,0,Loyal,26.0,0,185515.55802507064,0.0,14.270427540390047,1,1,0.016159981,517669.849186897,8365.535180367644,0
CUST_0612,54,Monthly,3348.630074334841,1,19.0,0,SMB,0,Loyal,19.0,1,180826.02401408143,0.0181818181818181,0.0,0,1,0.12292976,232369.25796012115,28565.096955240508,0
CUST_0613,5,Monthly,3102.2987682803164,2,1.0,0,SMB,1,New,1.0,2,15511.49384140158,0.3333333333333333,0.0,0,1,0.24195643,127510.75868921947,30852.0476649145,0
CUST_0614,57,Monthly,1666.5806092562157,1,15.0,0,SMB,0,Loyal,15.0,1,94995.09472760429,0.0172413793103448,0.0,0,1,0.07386686,161455.35570244634,11926.200007126727,0
CUST_0615,17,Annual,4589.708139359585,3,20.0,2,SMB,0,Mid-Tenure,20.0,3,78025.03836911295,0.1666666666666666,9.17941627871917,0,0,0.043748315,587493.193724727,25701.83754836213,0
CUST_0616,47,Annual,595.275636809203,2,8.0,10,SMB,1,Loyal,8.0,2,27977.95493003254,0.0416666666666666,5.952756368092031,0,0,0.39019954,16227.43043999925,6331.9359262644275,0
CUST_0617,23,Monthly,2066.0600919357184,3,14.0,5,SMB,1,Mid-Tenure,14.0,3,47519.382114521526,0.125,10.330300459678591,0,1,0.26574022,78522.52873790264,20866.593730272,0
CUST_0618,14,Multi-Year,3735.4661392912735,2,23.0,0,SMB,0,Mid-Tenure,23.0,2,52296.52595007783,0.1333333333333333,0.0,0,0,0.033980317,533763.0609862263,18137.43823607715,0
CUST_0619,66,Monthly,3951.1801685712176,1,15.0,0,Enterprise,0,Loyal,15.0,1,260777.89112570035,0.0149253731343283,0.0,1,1,0.04892405,479298.60628424754,23449.229566010494,0
CUST_0620,51,Monthly,2372.5334499433693,2,8.0,0,SMB,0,Loyal,8.0,2,120999.20594711184,0.0384615384615384,0.0,0,1,0.09034779,202856.0666975635,18327.59715760497,0
CUST_0621,38,Multi-Year,576.0941596536519,3,6.0,0,SMB,0,Loyal,6.0,3,21891.57806683877,0.0769230769230769,0.0,0,0,0.011489661,112427.5116189088,1291.7540417208006,0
CUST_0622,64,Monthly,3281.1965560568183,1,9.0,0,Enterprise,0,Loyal,9.0,1,209996.5795876364,0.0153846153846153,0.0,1,1,0.08971343,281822.2763469988,25283.243595488122,0
CUST_0623,38,Multi-Year,783.9260653244708,3,6.0,0,Enterprise,0,Loyal,6.0,3,29789.19048232989,0.0769230769230769,0.0,1,0,0.005559536,169315.89194073554,941.3178241751328,0
CUST_0624,50,Monthly,985.3509926908152,4,29.0,2,SMB,0,Loyal,29.0,4,49267.54963454076,0.0784313725490196,1.9707019853816303,0,1,0.060244396,107254.54196015921,6461.485133925265,0
CUST_0625,30,Annual,3426.128238407855,4,29.0,2,SMB,0,Mid-Tenure,29.0,4,102783.84715223566,0.1290322580645161,6.85225647681571,0,0,0.019883826,588312.6718560159,11697.907021401857,0
CUST_0626,51,Monthly,1906.1974676428467,1,12.0,0,SMB,0,Loyal,12.0,1,97216.0708497852,0.0192307692307692,0.0,0,1,0.09764271,154930.5655764943,15127.840640295844,0
CUST_0627,63,Monthly,2066.135687187138,6,1.0,5,SMB,1,Loyal,1.0,6,130166.5482927897,0.09375,10.33067843593569,0,1,0.6286684,36532.75562451917,22966.990029515317,1
CUST_0628,52,Monthly,2690.631846424596,3,11.0,0,SMB,0,Loyal,11.0,3,139912.856014079,0.0566037735849056,0.0,0,1,0.068269625,272999.79083492194,18637.593428951834,0
CUST_0629,38,Annual,4903.602776867183,6,12.0,5,SMB,0,Loyal,12.0,6,186336.90552095292,0.1538461538461538,24.51801388433592,0,0,0.19716623,238071.49147745277,46939.65945804189,0
CUST_0630,30,Annual,4844.489993324197,6,2.0,5,Enterprise,0,Mid-Tenure,2.0,6,145334.6997997259,0.1935483870967742,24.222449966620985,1,0,0.16786355,266836.1977101621,44792.070829616096,0
CUST_0631,51,Multi-Year,2373.174497120338,4,10.0,0,SMB,0,Loyal,10.0,4,121031.89935313724,0.0769230769230769,0.0,0,0,0.0057873125,510476.16494881426,2954.2850999599746,0
CUST_0632,5,Monthly,1694.7464774822697,4,25.0,0,SMB,1,New,25.0,4,8473.732387411348,0.6666666666666666,0.0,0,1,0.6153078,30567.74191317553,18808.570269732583,1
CUST_0633,29,Monthly,1861.664686988521,4,7.0,0,SMB,0,Mid-Tenure,7.0,4,53988.27592266711,0.1333333333333333,0.0,0,1,0.31971002,60425.67023228506,19318.69201191788,0
CUST_0634,4,Monthly,1709.5158417272185,2,10.0,2,SMB,0,New,10.0,2,6838.063366908874,0.4,3.419031683454437,0,1,0.28055948,62058.995703639586,17411.239575743763,0
CUST_0635,10,Annual,2895.106132138013,1,17.0,0,SMB,0,New,17.0,1,28951.06132138013,0.0909090909090909,0.0,0,0,0.02280457,477185.34002941387,10882.006228654678,0
CUST_0636,56,Multi-Year,3230.8691351041784,1,6.0,5,SMB,0,Loyal,6.0,1,180928.671565834,0.0175438596491228,16.15434567552089,0,0,0.021812212,539886.2991299964,11776.114262503685,0
CUST_0637,17,Monthly,2699.507247033497,0,11.0,0,SMB,0,Mid-Tenure,11.0,0,45891.623199569454,0.0,0.0,0,1,0.25821036,105103.81807397923,27138.894807767854,0
CUST_0638,17,Annual,2335.9746301166856,2,5.0,0,Enterprise,0,Mid-Tenure,5.0,2,39711.56871198366,0.1111111111111111,0.0,1,0,0.017197441,417154.20564017375,7173.98496858744,0
CUST_0639,69,Monthly,1450.7826690647198,2,27.0,15,SMB,1,Loyal,27.0,2,100104.00416546568,0.0285714285714285,21.7617400359708,0,1,0.59066266,27174.038445371898,16050.689782568263,1
CUST_0640,34,Annual,2671.27516121951,3,9.0,0,SMB,0,Mid-Tenure,9.0,3,90823.35548146335,0.0857142857142857,0.0,0,0,0.013156679,507552.04839458404,6677.699609443858,0
CUST_0641,6,Multi-Year,2034.9622121110613,2,19.0,0,Enterprise,0,New,19.0,2,12209.773272666367,0.2857142857142857,0.0,1,0,0.03774658,278296.29148732714,10504.732800353959,0
CUST_0642,53,Monthly,2937.179582592544,5,26.0,0,Enterprise,0,Loyal,26.0,5,155670.5178774048,0.0925925925925925,0.0,1,1,0.18831536,147897.11907282347,27851.29947823712,0
CUST_0643,66,Monthly,3538.352369802308,2,14.0,0,SMB,0,Loyal,14.0,2,233531.25640695237,0.0298507462686567,0.0,0,1,0.078535736,330337.93459498015,25943.33269236245,0
CUST_0644,43,Multi-Year,3349.904784964748,2,19.0,0,Enterprise,0,Loyal,19.0,2,144045.90575348417,0.0454545454545454,0.0,1,0,0.006279164,714276.0250842011,4485.056298411196,0
CUST_0645,23,Multi-Year,2581.20594682517,4,14.0,0,SMB,0,Mid-Tenure,14.0,4,59367.73677697891,0.1666666666666666,0.0,0,0,0.03610743,359718.9039260528,12988.524557530589,0
CUST_0646,55,Annual,3002.235909259824,5,18.0,0,SMB,0,Loyal,18.0,5,165122.97500929033,0.0892857142857142,0.0,0,0,0.054100733,346076.6272089573,18722.999292822846,0
CUST_0647,16,Annual,1781.852589323419,2,29.0,2,SMB,1,Mid-Tenure,29.0,2,28509.641429174702,0.1176470588235294,3.563705178646838,0,0,0.30341142,60502.37453828294,18357.11162372237,0
CUST_0648,8,Monthly,609.0811656007536,3,5.0,0,SMB,1,New,5.0,3,4872.649324806029,0.3333333333333333,0.0,0,1,0.39045456,16594.160770616298,6479.265750860416,0
CUST_0649,4,Annual,3312.5875437564687,2,18.0,2,SMB,0,New,18.0,2,13250.350175025877,0.4,6.625175087512937,0,0,0.05144646,391842.6399497769,20158.91677591568,0
CUST_0650,4,Multi-Year,1636.558516119591,0,14.0,0,SMB,0,New,14.0,0,6546.234064478364,0.0,0.0,0,0,0.24238631,67166.96587442551,16280.35309902119,0
CUST_0651,56,Annual,3510.2916953072354,2,24.0,0,Enterprise,0,Loyal,24.0,2,196576.3349372052,0.0350877192982456,0.0,1,0,0.010317878,698358.462927316,7205.5773274004305,0
CUST_0652,25,Monthly,3861.538248186317,4,19.0,0,SMB,1,Mid-Tenure,19.0,4,96538.45620465792,0.1538461538461538,0.0,0,1,0.47517562,88234.21392557149,41926.74723012344,0
CUST_0653,67,Monthly,4621.674857467016,2,19.0,0,SMB,0,Loyal,19.0,2,309652.2154502901,0.0294117647058823,0.0,0,1,0.033525884,663986.9883672586,22260.750850076693,0
CUST_0654,67,Monthly,4811.552579658259,2,17.0,0,SMB,0,Loyal,17.0,2,322374.02283710334,0.0294117647058823,0.0,0,1,0.07231547,472046.852727606,34136.289726328054,0
CUST_0655,27,Monthly,547.3672083936565,4,1.0,0,Enterprise,0,Mid-Tenure,1.0,4,14778.914626628724,0.1428571428571428,0.0,1,1,0.09886372,44123.622550761094,4362.225504684466,0
CUST_0656,32,Monthly,4956.683942095869,3,6.0,15,Enterprise,1,Mid-Tenure,6.0,3,158613.8861470678,0.0909090909090909,74.35025913143802,1,1,0.8492728,66142.56245575161,56173.07839388205,1
CUST_0657,50,Monthly,3573.5824332237244,3,4.0,0,SMB,1,Loyal,4.0,3,178679.12166118622,0.0588235294117647,0.0,0,1,0.12924877,239237.29221864732,30921.12530073502,0
CUST_0658,61,Monthly,3395.8587216838514,1,2.0,0,Enterprise,0,Loyal,2.0,1,207147.3820227149,0.0161290322580645,0.0,1,1,0.10552653,262015.12812480284,27649.547082667177,0
CUST_0659,51,Monthly,568.4589283790993,3,5.0,0,Enterprise,0,Loyal,5.0,3,28991.40534733407,0.0576923076923076,0.0,1,1,0.08158352,51841.65001534408,4229.424408031754,0
CUST_0660,19,Annual,4375.550353490318,3,5.0,5,Enterprise,0,Mid-Tenure,5.0,3,83135.45671631605,0.15,21.877751767451592,1,0,0.050021105,524955.2296984215,26258.84041022999,0
CUST_0661,21,Monthly,1154.711512615219,2,0.0,0,SMB,0,Mid-Tenure,0.0,2,24248.9417649196,0.0909090909090909,0.0,0,1,0.12086033,81098.62439789111,9801.60656894897,0
CUST_0662,5,Monthly,4267.985692698685,2,18.0,2,SMB,1,New,18.0,2,21339.928463493423,0.3333333333333333,8.535971385397369,0,1,0.514489,90729.54066000633,46679.3501978035,1
CUST_0663,42,Monthly,570.031458164222,4,11.0,0,SMB,0,Loyal,11.0,4,23941.321242897327,0.0930232558139534,0.0,0,1,0.038542196,77255.56881678112,2977.5992873711457,0
CUST_0664,61,Monthly,3406.839181246226,1,4.0,0,Enterprise,0,Loyal,4.0,1,207817.19005601975,0.0161290322580645,0.0,1,1,0.10792565,258869.09473773377,27938.616209558048,0
CUST_0665,22,Annual,2456.606901964225,2,26.0,0,Enterprise,0,Mid-Tenure,26.0,2,54045.35184321295,0.0869565217391304,0.0,1,0,0.017554015,436380.933960463,7660.237426064077,0
CUST_0666,21,Monthly,1403.450280767008,0,28.0,5,Enterprise,1,Mid-Tenure,28.0,0,29472.45589610717,0.0,7.01725140383504,1,1,0.61118084,25471.704559045815,15567.817837605426,1
CUST_0667,70,Annual,984.0262629669536,3,26.0,0,SMB,0,Loyal,26.0,3,68881.83840768675,0.0422535211267605,0.0,0,0,0.005613437,212328.45956578976,1191.8924146095003,0
CUST_0668,1,Multi-Year,2480.574634458469,4,6.0,0,SMB,0,New,6.0,4,2480.574634458469,2.0,0.0,0,0,0.015433418,454918.8396987534,7020.952442270638,0
CUST_0669,5,Annual,1054.8761239464116,3,19.0,0,SMB,0,New,19.0,3,5274.380619732057,0.5,0.0,0,0,0.1352809,68320.65907601207,9242.480737167765,0
CUST_0670,12,Annual,2689.009752609714,5,27.0,0,SMB,0,New,27.0,5,32268.117031316564,0.3846153846153846,0.0,0,0,0.26341605,102956.16836473068,27120.30738574686,0
CUST_0671,46,Multi-Year,3313.476763937835,3,7.0,0,SMB,0,Loyal,7.0,3,152419.9311411404,0.0638297872340425,0.0,0,0,0.008486082,679849.2912987901,5769.25672894631,0
CUST_0672,34,Annual,4223.228871233112,4,18.0,0,SMB,0,Mid-Tenure,18.0,4,143589.7816219258,0.1142857142857142,0.0,0,0,0.018549306,739303.5758205019,13713.568490008378,0
CUST_0673,49,Monthly,3553.9224673229,2,5.0,0,Enterprise,0,Loyal,5.0,2,174142.2008988221,0.04,0.0,1,1,0.048766974,431794.8338765959,21057.327592332786,0
CUST_0674,45,Monthly,793.3989501776771,5,14.0,15,SMB,1,Loyal,14.0,5,35702.95275799547,0.108695652173913,11.900984252665156,0,1,0.27987307,28861.97096528185,8077.688509806528,0
CUST_0675,27,Multi-Year,1883.4463964652675,1,5.0,0,Enterprise,0,Mid-Tenure,5.0,1,50853.05270456222,0.0357142857142857,0.0,1,0,0.029588582,283977.36774237826,8402.487629935606,0
CUST_0676,26,Monthly,1795.903735696252,1,8.0,0,SMB,0,Mid-Tenure,8.0,1,46693.49712810255,0.037037037037037,0.0,0,1,0.25618044,70386.09099823718,18031.539439375574,0
CUST_0677,47,Monthly,4617.645905619879,1,3.0,0,SMB,0,Loyal,3.0,1,217029.35756413432,0.0208333333333333,0.0,0,1,0.11479981,336236.74111271434,38599.9148138664,0
CUST_0678,56,Annual,4405.019199767436,1,15.0,2,SMB,0,Loyal,15.0,1,246681.0751869764,0.0175438596491228,8.810038399534871,0,0,0.009722689,885094.5733811636,8605.499420087088,0
CUST_0679,63,Multi-Year,2165.6656325768763,1,22.0,0,Enterprise,0,Loyal,22.0,1,136436.9348523432,0.015625,0.0,1,0,0.0049307602,473104.4482517778,2332.764605536918,0
CUST_0680,48,Monthly,820.198651471615,3,9.0,0,Enterprise,0,Loyal,9.0,3,39369.53527063752,0.0612244897959183,0.0,1,1,0.03801785,111822.58704408801,4251.254382140659,0
CUST_0681,61,Annual,4523.4829301213,4,0.0,0,SMB,0,Loyal,0.0,4,275932.4587373993,0.064516129032258,0.0,0,0,0.006802053,955630.8670243338,6500.251988239035,0
CUST_0682,26,Monthly,4496.854788338842,2,10.0,0,SMB,0,Mid-Tenure,10.0,2,116918.22449680988,0.074074074074074,0.0,0,1,0.21830544,201122.47933737785,43906.13109563042,0
CUST_0683,36,Annual,4346.357594138262,2,16.0,0,SMB,0,Mid-Tenure,16.0,2,156468.87338897743,0.054054054054054,0.0,0,0,0.030787343,645599.761131777,19876.30138953773,0
CUST_0684,1,Monthly,4302.867369809757,5,17.0,0,SMB,1,New,17.0,5,4302.867369809757,2.5,0.0,0,1,0.91853046,53312.1153254691,48968.80203591369,1
CUST_0685,8,Monthly,2661.143004887696,1,19.0,0,SMB,0,New,19.0,1,21289.144039101568,0.1111111111111111,0.0,0,1,0.303898,90234.23240715088,27422.003362618936,0
CUST_0686,52,Multi-Year,1298.442435123192,1,27.0,2,SMB,0,Loyal,27.0,1,67519.00662640599,0.0188679245283018,2.596884870246384,0,0,0.028199766,199250.07328861384,5618.805408594739,0
CUST_0687,47,Monthly,2648.6962270809245,3,21.0,5,SMB,1,Loyal,21.0,3,124488.72267280344,0.0625,13.243481135404622,0,1,0.05111447,314340.32869024604,16067.339227265975,0
CUST_0688,56,Annual,2725.689968012592,3,19.0,0,SMB,0,Loyal,19.0,3,152638.63820870515,0.0526315789473684,0.0,0,0,0.0055565843,588738.1327850616,3271.373086559052,0
CUST_0689,14,Monthly,2704.692889601873,6,14.0,0,Enterprise,0,Mid-Tenure,14.0,6,37865.70045442622,0.4,0.0,1,1,0.26956567,101563.82972432734,27378.121978270916,0
CUST_0690,28,Monthly,2924.4766375180225,4,5.0,10,SMB,1,Mid-Tenure,5.0,4,81885.34585050463,0.1379310344827586,29.244766375180223,0,1,0.7176041,45718.51436569248,32807.79338692448,1
CUST_0691,2,Annual,1659.456603460198,5,15.0,2,Enterprise,0,New,15.0,5,3318.913206920396,1.6666666666666667,3.318913206920396,1,0,0.32129487,53632.51690003372,17231.85275717127,0
CUST_0692,26,Monthly,2148.085315101268,3,1.0,0,SMB,0,Mid-Tenure,1.0,3,55850.218192632965,0.1111111111111111,0.0,0,1,0.23476434,90520.54384631304,21250.99550981059,0
CUST_0693,14,Monthly,2453.839663835613,2,24.0,0,SMB,1,Mid-Tenure,24.0,2,34353.75529369858,0.1333333333333333,0.0,0,1,0.21235727,112236.55648828053,23834.24847610433,0
CUST_0694,59,Monthly,1090.0454428242492,4,26.0,5,SMB,0,Loyal,26.0,4,64312.68112663071,0.0666666666666666,5.450227214121246,0,1,0.14507987,67052.25802368268,9727.932612538158,0
CUST_0695,56,Annual,2549.138605526752,2,2.0,0,SMB,0,Loyal,2.0,2,142751.7619094981,0.0350877192982456,0.0,0,0,0.0056046816,550127.4804781298,3083.2893448837626,0
CUST_0696,7,Multi-Year,4147.113276813168,1,22.0,2,Enterprise,0,New,22.0,1,29029.79293769218,0.125,8.294226553626336,1,0,0.016580889,747442.0681216533,12393.253966568278,0
CUST_0697,3,Multi-Year,4226.267942297944,1,16.0,0,Enterprise,0,New,16.0,1,12678.80382689383,0.25,0.0,1,0,0.036096938,589047.8091238482,21262.822218134006,0
CUST_0698,23,Monthly,2352.0369735546365,0,7.0,0,Enterprise,0,Mid-Tenure,7.0,0,54096.85039175664,0.0,0.0,1,1,0.3026117,80043.97482214269,24222.243987349964,0
CUST_0699,18,Monthly,2834.637404379591,4,19.0,0,SMB,0,Mid-Tenure,19.0,4,51023.47327883264,0.2105263157894736,0.0,0,1,0.3700333,80983.21817841064,29966.486978239365,0
CUST_0700,38,Monthly,651.4264946077549,6,29.0,0,Enterprise,1,Loyal,29.0,6,24754.206795094684,0.1538461538461538,0.0,1,1,0.35541144,19281.936648975046,6853.0208729857095,0
CUST_0701,15,Multi-Year,3534.946504108686,1,26.0,0,SMB,0,Mid-Tenure,26.0,1,53024.19756163029,0.0625,0.0,0,0,0.023944238,573666.8276731507,13736.015169693872,0
CUST_0702,64,Monthly,2320.726473260884,1,27.0,5,SMB,0,Loyal,27.0,1,148526.4942886966,0.0153846153846153,11.60363236630442,0,1,0.049636588,279502.9337185432,13873.571826187102,0
CUST_0703,28,Multi-Year,2504.6495738750564,3,14.0,0,SMB,0,Mid-Tenure,14.0,3,70130.18806850158,0.1034482758620689,0.0,0,0,0.01582716,456586.5274496228,7226.468173836065,0
CUST_0704,39,Monthly,4431.527272308942,2,12.0,2,SMB,0,Loyal,12.0,2,172829.56362004875,0.05,8.863054544617883,0,1,0.12326739,306914.79768155713,37832.586011613384,0
CUST_0705,57,Multi-Year,2578.2549555227374,2,20.0,0,SMB,0,Loyal,20.0,2,146960.53246479604,0.0344827586206896,0.0,0,0,0.0046321424,566316.0591588134,2623.256613816758,0
CUST_0706,17,Multi-Year,595.3651080253375,3,22.0,0,SMB,0,Mid-Tenure,22.0,3,10121.206836430736,0.1666666666666666,0.0,0,0,0.07493422,57185.14060836523,4285.124010248288,0
CUST_0707,44,Multi-Year,1523.7090089107803,7,18.0,0,SMB,0,Loyal,18.0,7,67043.19639207433,0.1555555555555555,0.0,0,0,0.07095237,151171.14647805045,10725.951233551963,0
CUST_0708,25,Monthly,2640.2927643871653,3,24.0,5,SMB,0,Mid-Tenure,24.0,3,66007.31910967913,0.1153846153846153,13.201463821935828,0,1,0.22711343,114334.09163061602,25966.807228146597,0
CUST_0709,17,Monthly,2409.7833173684107,0,24.0,0,SMB,0,Mid-Tenure,24.0,0,40966.31639526298,0.0,0.0,0,1,0.17358848,129333.13741630719,22450.743323048355,0
CUST_0710,13,Monthly,4371.665617762163,4,23.0,0,SMB,1,Mid-Tenure,23.0,4,56831.65303090811,0.2857142857142857,0.0,0,1,0.5665387,85087.90627466812,48205.59108508566,1
CUST_0711,25,Monthly,2939.61879187775,2,0.0,15,SMB,0,Mid-Tenure,0.0,2,73490.46979694375,0.0769230769230769,44.09428187816625,0,1,0.7434125,44460.38499515445,33052.40572276618,1
CUST_0712,68,Monthly,3603.360838618045,3,27.0,0,SMB,0,Loyal,27.0,3,245028.53702602704,0.0434782608695652,0.0,0,1,0.054277524,414665.879036639,22507.03734738521,0
CUST_0713,10,Annual,2611.9548366956155,1,28.0,5,Enterprise,0,New,28.0,1,26119.548366956154,0.0909090909090909,13.059774183478078,1,0,0.049349498,315486.82615504897,15569.116497538938,0
CUST_0714,67,Monthly,2478.450803266242,1,11.0,5,SMB,0,Loyal,11.0,1,166056.20381883823,0.0147058823529411,12.39225401633121,0,1,0.022983816,407506.9126390112,9366.063703628037,0
CUST_0715,18,Annual,2508.2900081345806,3,17.0,0,SMB,0,Mid-Tenure,17.0,3,45149.22014642245,0.1578947368421052,0.0,0,0,0.027101351,390388.4972667284,10580.055670571695,0
CUST_0716,34,Annual,2349.147063622275,2,17.0,0,Enterprise,0,Mid-Tenure,17.0,2,79871.00016315734,0.0571428571428571,0.0,1,0,0.016137604,426228.9965388623,6878.3146189588315,0
CUST_0717,8,Monthly,2923.625236343916,3,2.0,10,SMB,1,New,2.0,3,23389.00189075133,0.3333333333333333,29.23625236343916,0,1,0.88897365,37363.6707130182,33215.31885506642,1
CUST_0718,40,Multi-Year,1626.9953078912165,1,17.0,0,Enterprise,0,Loyal,17.0,1,65079.81231564866,0.024390243902439,0.0,1,0,0.007637131,338738.98264290753,2586.9939946937498,0
CUST_0719,42,Monthly,4509.748372288193,3,16.0,0,SMB,0,Loyal,16.0,3,189409.43163610413,0.0697674418604651,0.0,0,1,0.06420298,473866.6386415554,30423.649947613187,0
CUST_0720,41,Monthly,1998.884966422428,0,10.0,0,SMB,0,Loyal,10.0,0,81954.28362331956,0.0,0.0,0,1,0.06061941,216839.1551526606,13144.661677878346,0
CUST_0721,6,Monthly,1163.8572537980608,1,4.0,0,SMB,0,New,4.0,1,6983.143522788365,0.1428571428571428,0.0,0,1,0.22317879,51125.0791031952,11410.03324278158,0
CUST_0722,52,Multi-Year,934.4771536898533,3,21.0,2,SMB,0,Loyal,21.0,3,48592.81199187237,0.0566037735849056,1.8689543073797064,0,0,0.0073134294,195656.1601353721,1430.9175095154358,0
CUST_0723,26,Monthly,560.4031180405742,3,28.0,10,SMB,0,Mid-Tenure,28.0,3,14570.48106905493,0.1111111111111111,5.604031180405742,0,1,0.27379262,20768.963406238552,5686.388998589626,0
CUST_0724,64,Monthly,2402.8523535508766,0,6.0,5,SMB,0,Loyal,6.0,0,153782.5506272561,0.0,12.014261767754382,0,1,0.064021744,252883.5829252599,16190.047965869817,0
CUST_0725,59,Annual,1344.249448454411,0,25.0,10,SMB,1,Loyal,25.0,0,79310.71745881025,0.0,13.442494484544111,0,0,0.5276082,27927.22230577183,14734.631933245906,1
CUST_0726,56,Monthly,597.4155616426156,4,22.0,0,SMB,0,Loyal,22.0,4,33455.27145198647,0.0701754385964912,0.0,0,1,0.054111656,68858.63675123714,3726.0548508458483,0
CUST_0727,59,Annual,2840.087958302857,1,17.0,2,Enterprise,0,Loyal,17.0,1,167565.18953986856,0.0166666666666666,5.680175916605713,1,0,0.009287118,574847.5503097681,5338.677020482576,0
CUST_0728,70,Multi-Year,3559.9034689284267,4,28.0,0,Enterprise,0,Loyal,28.0,4,249193.24282498987,0.056338028169014,0.0,1,0,0.003774628,794405.1421604428,2998.5839272410262,0
CUST_0729,33,Multi-Year,885.8797290999696,5,6.0,0,SMB,1,Mid-Tenure,6.0,5,29234.031060299,0.1470588235294117,0.0,0,0,0.4018752,23525.425866376456,9454.285175435884,0
CUST_0730,53,Monthly,2574.1434781384683,1,17.0,2,SMB,0,Loyal,17.0,1,136429.60434133885,0.0185185185185185,5.148286956276936,0,1,0.060242906,280196.9181861527,16879.87666340587,0
CUST_0731,22,Monthly,3846.32905370336,3,1.0,0,SMB,0,Mid-Tenure,1.0,3,84619.23918147392,0.1304347826086956,0.0,0,1,0.215689,173721.7045911792,37469.86134395725,0
CUST_0732,21,Monthly,4936.130694537913,5,27.0,5,SMB,1,Mid-Tenure,27.0,5,103658.74458529615,0.2272727272727272,24.680653472689563,0,1,0.7123154,77702.18064290956,55348.45837602731,1
CUST_0733,70,Monthly,3502.356550891524,4,5.0,0,Enterprise,0,Loyal,5.0,4,245164.95856240668,0.056338028169014,0.0,1,1,0.042410966,454797.5211924449,19288.402212225483,0
CUST_0734,70,Monthly,1601.7779786428423,1,21.0,2,SMB,0,Loyal,21.0,1,112124.45850499895,0.0140845070422535,3.2035559572856847,0,1,0.029944738,240432.7839900945,7199.696812913959,0
CUST_0735,4,Monthly,3724.491379005498,3,7.0,0,Enterprise,0,New,7.0,3,14897.965516021992,0.6,0.0,1,1,0.20802987,173212.0980342579,36033.28958150397,0
CUST_0736,62,Multi-Year,3190.6824206892347,1,20.0,0,Enterprise,0,Loyal,20.0,1,197822.31008273253,0.0158730158730158,0.0,1,0,0.007700255,663570.545685273,5109.662505605041,0
CUST_0737,62,Multi-Year,1453.0967986169649,2,20.0,0,Enterprise,0,Loyal,20.0,2,90092.00151425182,0.0317460317460317,0.0,1,0,0.006127853,310668.59743507445,1903.7314801837106,0
CUST_0738,24,Monthly,4329.998716313996,4,25.0,0,SMB,1,Mid-Tenure,25.0,4,103919.9691915359,0.16,0.0,0,1,0.5847716,81856.19171618651,47867.17403415677,1
CUST_0739,55,Monthly,2423.319922524204,0,16.0,0,Enterprise,0,Loyal,16.0,0,133282.5957388312,0.0,0.0,1,1,0.088267036,210316.49348352654,18564.013455926124,0
CUST_0740,9,Monthly,4828.899446303566,2,3.0,10,Enterprise,1,New,3.0,2,43460.09501673209,0.2,48.288994463035664,1,1,0.7520052,72252.38824926499,54334.17308186395,1
CUST_0741,3,Monthly,3753.054533515001,2,16.0,0,Enterprise,0,New,16.0,2,11259.163600545002,0.5,0.0,1,1,0.21465987,170168.04409987282,36528.2501686252,0
CUST_0742,31,Annual,3400.5341958431995,1,25.0,0,SMB,0,Mid-Tenure,25.0,1,105416.5600711392,0.03125,0.0,0,0,0.023784269,553050.2732642303,13153.896274852315,0
CUST_0743,40,Annual,3777.587768644528,3,15.0,0,SMB,0,Loyal,15.0,3,151103.51074578112,0.073170731707317,0.0,0,0,0.007964044,782054.6821769188,6228.317803867073,0
CUST_0744,36,Multi-Year,2651.436584681997,0,20.0,0,SMB,0,Mid-Tenure,20.0,0,95451.71704855189,0.0,0.0,0,0,0.012975216,505234.3221248862,6555.524415655269,0
CUST_0745,24,Annual,2773.519150107533,0,14.0,0,Enterprise,0,Mid-Tenure,14.0,0,66564.45960258078,0.0,0.0,1,0,0.02548926,440886.9511808075,11237.881913763642,0
CUST_0746,6,Annual,4330.433234501348,0,14.0,0,Enterprise,0,New,14.0,0,25982.59940700809,0.0,0.0,1,0,0.012472938,831803.3253625944,10375.031151467469,0
CUST_0747,66,Annual,3564.1784148957627,5,7.0,0,SMB,0,Loyal,7.0,5,235235.77538312037,0.0746268656716417,0.0,0,0,0.0689092,359687.41488150024,24785.771306626164,0
CUST_0748,4,Monthly,4537.594963362388,2,16.0,2,Enterprise,0,New,16.0,2,18150.37985344955,0.4,9.075189926724777,1,1,0.1720101,245264.25500771755,42187.927540907214,0
CUST_0749,6,Annual,4508.720391084209,5,29.0,0,Enterprise,0,New,29.0,5,27052.32234650525,0.7142857142857143,0.0,1,0,0.10233784,355162.2284988284,36346.53432653502,0
CUST_0750,51,Monthly,4894.205153199121,2,18.0,0,SMB,0,Loyal,18.0,2,249604.4628131552,0.0384615384615384,0.0,0,1,0.1878028,246971.27607388407,46381.89877072701,0
CUST_0751,62,Monthly,3650.965964804004,3,0.0,0,SMB,0,Loyal,0.0,3,226359.88981784825,0.0476190476190476,0.0,0,1,0.06716839,373919.86924238806,25115.596443976574,0
CUST_0752,57,Monthly,2760.35772947784,4,12.0,0,SMB,0,Loyal,12.0,4,157340.39058023685,0.0689655172413793,0.0,0,1,0.08516301,245069.21648123968,20870.832660035278,0
CUST_0753,66,Monthly,1248.402650940871,1,5.0,2,Enterprise,0,Loyal,5.0,1,82394.57496209748,0.0149253731343283,2.496805301881742,1,1,0.055013366,142656.4230628636,7848.010020423363,0
CUST_0754,8,Multi-Year,3674.212518413378,1,9.0,0,SMB,1,New,9.0,1,29393.700147307023,0.1111111111111111,0.0,0,0,0.018105133,647389.5479323101,11721.073547859227,0
CUST_0755,26,Monthly,1812.099725419688,2,0.0,0,SMB,0,Mid-Tenure,0.0,2,47114.592860911886,0.074074074074074,0.0,0,1,0.18479237,92614.58120514877,17114.46792079178,0
CUST_0756,51,Monthly,1773.2640561679905,0,25.0,0,SMB,0,Loyal,25.0,0,90436.46686456753,0.0,0.0,0,1,0.056220315,200330.48950175423,11262.643303381097,0
CUST_0757,45,Monthly,1572.2949940163064,0,11.0,5,SMB,0,Loyal,11.0,0,70753.27473073378,0.0,7.861474970081532,0,1,0.09393335,131085.24999118494,12313.2768426397,0
CUST_0758,44,Annual,4438.049258081526,1,18.0,0,SMB,0,Loyal,18.0,1,195274.16735558715,0.0222222222222222,0.0,0,0,0.0067077763,939140.8698511438,6299.546904706653,0
CUST_0759,5,Monthly,4405.840010069713,0,14.0,0,SMB,0,New,14.0,0,22029.20005034856,0.0,0.0,0,1,0.13564327,284793.948881692,38630.383525504054,0
CUST_0760,70,Multi-Year,3339.367001915262,3,20.0,0,SMB,0,Loyal,20.0,3,233755.69013406837,0.0422535211267605,0.0,0,0,0.0056712283,719804.5391278473,4082.17585992439,0
CUST_0761,26,Multi-Year,2628.414416168311,1,4.0,0,SMB,0,Mid-Tenure,4.0,1,68338.77482037609,0.037037037037037,0.0,0,0,0.018791744,458499.3742241679,8616.00308718105,0
CUST_0762,68,Annual,3524.5150704445955,1,1.0,0,SMB,0,Loyal,1.0,1,239667.0247902325,0.0144927536231884,0.0,0,0,0.008566414,722157.6000107374,6186.300979310613,0
CUST_0763,19,Annual,3232.532526342758,2,18.0,15,SMB,0,Mid-Tenure,18.0,2,61418.1180005124,0.1,48.48798789514137,0,0,0.15172698,192291.54003709875,29175.813887331602,0
CUST_0764,20,Monthly,2370.804117455243,4,13.0,0,SMB,0,Mid-Tenure,13.0,4,47416.08234910487,0.1904761904761904,0.0,0,1,0.38773528,64992.81666933191,25200.00780122157,0
CUST_0765,12,Monthly,2208.3389036853546,3,28.0,5,SMB,0,New,28.0,3,26500.066844224253,0.2307692307692307,11.041694518426771,0,1,0.34017047,67919.19911389644,23104.106078869485,0
CUST_0766,47,Annual,2222.574386654076,0,8.0,0,SMB,0,Loyal,8.0,0,104460.99617274158,0.0,0.0,0,0,0.0052306,482900.6270739035,2525.860026892222,0
CUST_0767,1,Monthly,3151.1003142021723,1,28.0,0,SMB,0,New,28.0,1,3151.1003142021723,0.5,0.0,0,1,0.24049191,130169.55937982205,31304.72618937048,0
CUST_0768,14,Monthly,3414.5121025437165,2,0.0,10,Enterprise,1,Mid-Tenure,0.0,2,47803.16943561203,0.1333333333333333,34.14512102543717,1,1,0.8396963,46054.08073423962,38671.44064480519,1
CUST_0769,64,Annual,2532.837890819489,1,12.0,0,SMB,0,Loyal,12.0,1,162101.6250124473,0.0153846153846153,0.0,0,0,0.004279365,559955.9775312191,2396.2559175728425,0
CUST_0770,38,Monthly,4859.111525958694,3,16.0,0,SMB,0,Loyal,16.0,3,184646.2379864304,0.0769230769230769,0.0,0,1,0.16185297,275234.93738974514,44547.5922622811,0
CUST_0771,37,Multi-Year,877.3057310201647,2,27.0,5,Enterprise,0,Loyal,27.0,2,32460.31204774609,0.0526315789473684,4.386528655100823,1,0,0.0112419,171903.0330180237,1932.5166730686988,0
CUST_0772,11,Monthly,2061.7116167919967,1,1.0,10,SMB,1,New,1.0,1,22678.827784711964,0.0833333333333333,20.617116167919963,0,1,0.8826075,26528.350420299637,23414.121564246398,1
CUST_0773,3,Annual,2385.836074064484,0,23.0,2,SMB,1,New,23.0,0,7157.508222193452,0.0,4.771672148128968,0,0,0.053259786,277262.17272658314,14766.924045868236,0
CUST_0774,33,Annual,576.146045592244,3,21.0,5,SMB,0,Mid-Tenure,21.0,3,19012.81950454405,0.088235294117647,2.8807302279612204,0,0,0.03555998,80805.91675401434,2873.4566492011113,0
CUST_0775,6,Annual,2142.307344507013,2,13.0,0,Enterprise,0,New,13.0,2,12853.84406704208,0.2857142857142857,0.0,1,0,0.027487192,331766.9297706943,9119.341398363818,0
CUST_0776,50,Monthly,1731.6946272777914,1,19.0,0,Enterprise,1,Loyal,19.0,1,86584.73136388957,0.0196078431372549,0.0,1,1,0.060289737,188415.85792916088,11359.5424904947,0
CUST_0777,10,Annual,2777.163216023664,1,22.0,2,SMB,0,New,22.0,1,27771.63216023664,0.0909090909090909,5.554326432047328,0,0,0.029934566,416915.4816771147,12480.184197801997,0
CUST_0778,5,Multi-Year,2013.847462324712,1,5.0,10,SMB,1,New,5.0,1,10069.23731162356,0.1666666666666666,20.138474623247124,0,0,0.6742159,33368.735376231656,22497.732381298636,1
CUST_0779,23,Monthly,3767.8196072590754,3,24.0,0,SMB,0,Mid-Tenure,24.0,3,86659.85096695874,0.125,0.0,0,1,0.2504328,150495.66858044302,37689.05006403858,0
CUST_0780,10,Monthly,2794.696229334418,4,5.0,0,SMB,0,New,5.0,4,27946.962293344182,0.3636363636363636,0.0,0,1,0.29204252,98047.32238559161,28633.987463918267,0
CUST_0781,44,Annual,1083.9300507331895,4,17.0,0,Enterprise,0,Loyal,17.0,4,47692.92223226034,0.0888888888888888,0.0,1,0,0.007110799,227753.07479150814,1619.5063813662327,0
CUST_0782,2,Annual,3875.275958649562,3,18.0,0,SMB,0,New,18.0,3,7750.551917299124,1.0,0.0,0,0,0.053662337,448603.71357093344,24073.1238198332,0
CUST_0783,13,Monthly,946.5300323720446,2,8.0,0,SMB,0,Mid-Tenure,8.0,2,12304.89042083658,0.1428571428571428,0.0,0,1,0.2239576,41460.28425004088,9285.345681717386,0
CUST_0784,40,Multi-Year,4275.721256357108,0,14.0,2,Enterprise,0,Loyal,14.0,0,171028.85025428433,0.0,8.551442512714218,1,0,0.010730819,844853.6708244239,9065.971692430367,0
CUST_0785,2,Monthly,4691.399873387987,2,6.0,0,SMB,0,New,6.0,2,9382.799746775974,0.6666666666666666,0.0,0,1,0.2049693,220798.34214110117,45256.882031631125,0
CUST_0786,65,Monthly,1951.0038058318423,2,5.0,0,SMB,1,Loyal,5.0,2,126815.24737906975,0.0303030303030303,0.0,0,1,0.11602238,141017.41188866404,16361.175495813544,0
CUST_0787,63,Annual,4667.641849683189,0,28.0,0,SMB,0,Loyal,28.0,0,294061.4365300409,0.0,0.0,0,0,0.007804101,968991.8533018157,7562.110162818279,0
CUST_0788,17,Annual,4068.5367160514224,0,4.0,0,SMB,0,Mid-Tenure,4.0,0,69165.12417287419,0.0,0.0,0,0,0.021687036,681049.7939241569,14769.951657541682,0
CUST_0789,9,Multi-Year,4650.960249516965,2,18.0,0,Enterprise,0,New,18.0,2,41858.642245652685,0.2,0.0,1,0,0.02115202,784398.3308347033,16591.608790157607,0
CUST_0790,15,Multi-Year,3498.2156161438147,2,19.0,0,SMB,0,Mid-Tenure,19.0,2,52473.23424215722,0.125,0.0,0,0,0.022915546,575715.1849424619,13192.827717661441,0
CUST_0791,24,Monthly,1560.3981773963983,3,0.0,0,SMB,0,Mid-Tenure,0.0,3,37449.55625751356,0.12,0.0,0,1,0.20555346,73271.47343891021,15061.204675177274,0
CUST_0792,38,Monthly,4525.354566099377,4,20.0,0,SMB,0,Loyal,20.0,4,171963.4735117763,0.1025641025641025,0.0,0,1,0.07526754,433506.2121159286,32628.94547934528,0
CUST_0793,35,Monthly,1329.1928427683467,2,6.0,0,SMB,0,Mid-Tenure,6.0,2,46521.74949689214,0.0555555555555555,0.0,0,1,0.22461195,58083.10278496185,13046.159147073202,0
CUST_0794,49,Annual,1458.77247957891,1,17.0,0,SMB,0,Loyal,17.0,1,71479.85149936659,0.02,0.0,0,0,0.0073626847,305168.2324950362,2246.85747651196,0
CUST_0795,69,Multi-Year,1719.7834556316368,0,26.0,10,SMB,0,Loyal,26.0,0,118665.05843858294,0.0,17.19783455631637,0,0,0.23571897,72229.71904656023,17025.914654206284,0
CUST_0796,62,Monthly,1869.108401689631,2,27.0,2,Enterprise,0,Loyal,27.0,2,115884.72090475712,0.0317460317460317,3.7382168033792618,1,1,0.073483005,181638.77151709655,13347.362785746467,0
CUST_0797,60,Monthly,2815.158389589638,3,7.0,5,Enterprise,0,Loyal,7.0,3,168909.50337537826,0.0491803278688524,14.07579194794819,1,1,0.06498536,293793.05484638514,19092.2466193991,0
CUST_0798,50,Monthly,3710.558121953198,1,11.0,0,SMB,0,Loyal,11.0,1,185527.9060976599,0.0196078431372549,0.0,0,1,0.14004652,234293.67550698444,32812.01438633872,0
CUST_0799,9,Multi-Year,4667.936784803077,2,9.0,0,SMB,0,New,9.0,2,42011.43106322769,0.2,0.0,0,0,0.018008707,823648.0993971637,14832.837368277213,0
CUST_0800,34,Monthly,897.969143009761,0,5.0,0,SMB,0,Mid-Tenure,5.0,0,30530.950862331872,0.0,0.0,0,1,0.3563765,26516.36949525424,9449.810925254662,0
CUST_0801,35,Monthly,4794.662130027062,7,25.0,2,SMB,1,Mid-Tenure,25.0,7,167813.17455094715,0.1944444444444444,9.589324260054124,0,1,0.7824985,69112.37220900721,54080.3261259907,1
CUST_0802,1,Annual,4645.95335193566,0,15.0,0,Enterprise,0,New,15.0,0,4645.95335193566,0.0,0.0,1,0,0.06669993,477733.26264680683,31864.774955253477,0
CUST_0803,40,Multi-Year,742.9968148146752,1,29.0,2,Enterprise,0,Loyal,29.0,1,29719.87259258701,0.024390243902439,1.4859936296293503,1,0,0.022082824,123690.51541960114,2731.4359146394286,0
CUST_0804,64,Annual,2121.445119612032,3,18.0,0,Enterprise,0,Loyal,18.0,3,135772.48765517006,0.0461538461538461,0.0,1,0,0.007449871,443122.7001707325,3301.2069220359717,0
CUST_0805,22,Annual,4159.145256347014,1,17.0,0,Enterprise,0,Mid-Tenure,17.0,1,91501.1956396343,0.0434782608695652,0.0,1,0,0.020429742,708645.828034775,14477.45114644313,0
CUST_0806,60,Monthly,3252.094454657305,2,23.0,0,SMB,1,Loyal,23.0,2,195125.6672794383,0.0327868852459016,0.0,0,1,0.1627502,183431.71525010502,29853.548240051525,0
CUST_0807,64,Annual,4005.922745217967,3,12.0,2,SMB,0,Loyal,12.0,3,256379.0556939499,0.0461538461538461,8.011845490435935,0,0,0.009571334,806949.758156107,7723.585936646881,0
CUST_0808,11,Annual,3735.650024554494,1,19.0,0,Enterprise,0,New,19.0,1,41092.15027009943,0.0833333333333333,0.0,1,0,0.014555203,694410.311509126,10107.282908381634,0
CUST_0809,14,Multi-Year,2735.4655090722363,3,6.0,0,Enterprise,0,Mid-Tenure,6.0,3,38296.517127011306,0.2,0.0,1,0,0.028674547,417232.60195852356,11963.95570007814,0
CUST_0810,60,Monthly,685.4812067826479,2,6.0,5,Enterprise,0,Loyal,6.0,2,41128.87240695887,0.0327868852459016,3.4274060339132397,1,1,0.097332865,55831.22711823038,5434.213291870278,0
CUST_0811,30,Monthly,3129.2069092902548,5,15.0,0,SMB,1,Mid-Tenure,15.0,5,93876.20727870765,0.1612903225806451,0.0,0,1,0.6221673,55864.78670663619,34757.2429101911,1
CUST_0812,35,Monthly,718.5499387668319,1,29.0,0,SMB,1,Mid-Tenure,29.0,1,25149.24785683912,0.0277777777777777,0.0,0,1,0.6277793,12721.838879079693,7986.507169591861,1
CUST_0813,37,Monthly,3216.770228908089,2,25.0,0,SMB,0,Loyal,25.0,2,119020.49846959928,0.0526315789473684,0.0,0,1,0.08737711,280987.4357871523,24551.869701427735,0
CUST_0814,5,Multi-Year,4101.848881221552,4,24.0,0,SMB,0,New,24.0,4,20509.24440610776,0.6666666666666666,0.0,0,0,0.03683421,566852.4902200559,20879.5637530079,0
CUST_0815,26,Monthly,3132.4628691586336,1,9.0,0,SMB,0,Mid-Tenure,9.0,1,81444.03459812448,0.037037037037037,0.0,0,1,0.20713529,146185.8957623461,30280.257899114622,0
CUST_0816,62,Monthly,4986.598120527637,4,14.0,2,Enterprise,0,Loyal,14.0,4,309169.0834727135,0.0634920634920634,9.973196241055271,1,1,0.06646238,513806.92721172515,34148.83261700935,0
CUST_0817,4,Monthly,2551.3992508119486,1,13.0,0,Enterprise,0,New,13.0,1,10205.597003247794,0.2,0.0,1,1,0.15577696,148786.29298769665,23177.47680377626,0
CUST_0818,42,Monthly,3869.723586217944,3,23.0,5,Enterprise,0,Loyal,23.0,3,162528.39062115364,0.0697674418604651,19.34861793108972,1,1,0.07168826,381603.6354970234,27356.499553862977,0
CUST_0819,18,Monthly,3502.459812838584,3,11.0,0,SMB,0,Mid-Tenure,11.0,3,63044.27663109452,0.1578947368421052,0.0,0,1,0.27743194,128361.07820284773,35611.46231373733,0
CUST_0820,40,Monthly,4961.442612011396,2,28.0,0,SMB,0,Loyal,28.0,2,198457.70448045584,0.048780487804878,0.0,0,1,0.050688874,591299.7986003689,29972.320973565624,0
CUST_0821,39,Monthly,3709.485522846973,1,14.0,10,SMB,1,Loyal,14.0,1,144669.93539103193,0.025,37.094855228469726,0,1,0.76171964,54838.91630028376,41771.87980541866,1
CUST_0822,14,Annual,1238.1382915672525,2,7.0,0,SMB,0,Mid-Tenure,7.0,2,17333.936081941534,0.1333333333333333,0.0,0,0,0.12454071,85124.31974682209,10601.443130930562,0
CUST_0823,32,Annual,4799.829678877584,4,6.0,5,SMB,0,Mid-Tenure,6.0,4,153594.5497240827,0.1212121212121212,23.99914839438792,0,0,0.04355904,615632.1735412987,26816.347010784357,0
CUST_0824,51,Monthly,3504.997519005926,0,25.0,2,Enterprise,0,Loyal,25.0,0,178754.87346930223,0.0,7.009995038011851,1,1,0.043595925,449378.2349951303,19591.059817566093,0
CUST_0825,38,Multi-Year,767.0220386287544,4,20.0,0,SMB,0,Loyal,20.0,4,29146.83746789267,0.1025641025641025,0.0,0,0,0.006661641,162442.59717763934,1082.1342567042316,0
CUST_0826,23,Annual,3459.057376030756,4,8.0,0,SMB,1,Mid-Tenure,8.0,4,79558.31964870739,0.1666666666666666,0.0,0,0,0.059863895,377819.2059471971,22617.729340998198,0
CUST_0827,63,Annual,4474.037330036488,2,13.0,0,SMB,0,Loyal,13.0,2,281864.3517922987,0.03125,0.0,0,0,0.0074431715,934635.8554823081,6956.6549251882125,0
CUST_0828,15,Monthly,3096.6883789551125,1,27.0,10,Enterprise,0,Mid-Tenure,27.0,1,46450.325684326686,0.0625,30.96688378955113,1,1,0.22530064,134980.64863275806,30411.226506728726,0
CUST_0829,25,Monthly,2093.08837114405,1,26.0,0,Enterprise,0,Mid-Tenure,26.0,1,52327.20927860125,0.0384615384615384,0.0,1,1,0.19391645,102974.03170178055,19968.3591755261,0
CUST_0830,17,Monthly,4194.093353317772,5,6.0,0,Enterprise,0,Mid-Tenure,6.0,5,71299.58700640213,0.2777777777777778,0.0,1,1,0.28370532,150819.04552347053,42788.16616573661,0
CUST_0831,66,Monthly,4021.3040369262326,2,11.0,0,Enterprise,0,Loyal,11.0,2,265406.0664371314,0.0298507462686567,0.0,1,1,0.028241152,616755.3216683193,17417.880751383997,0
CUST_0832,53,Monthly,2948.8196940408534,2,13.0,0,SMB,0,Loyal,13.0,2,156287.44378416525,0.037037037037037,0.0,0,1,0.086756036,258751.55653822244,22448.259272718853,0
CUST_0833,51,Multi-Year,1194.6279645315517,2,10.0,0,Enterprise,0,Loyal,10.0,2,60926.02619110914,0.0384615384615384,0.0,1,0,0.0070916223,251097.0031033772,1780.6851152017598,0
CUST_0834,39,Monthly,1629.4391848543162,0,18.0,0,SMB,0,Loyal,18.0,0,63548.12820931833,0.0,0.0,0,1,0.11107304,121393.80829754374,13483.579260701996,0
CUST_0835,51,Monthly,3823.177874837476,3,27.0,15,SMB,1,Loyal,27.0,3,194982.07161671127,0.0576923076923076,57.34766812256213,0,1,0.589719,71716.0719377737,42292.33004623882,1
CUST_0836,70,Annual,4127.369744277174,3,5.0,0,SMB,0,Loyal,5.0,3,288915.88209940214,0.0422535211267605,0.0,0,0,0.0076469057,859169.0129582277,6569.984443038654,0
CUST_0837,6,Monthly,1756.693751184454,3,2.0,0,Enterprise,0,New,2.0,3,10540.162507106725,0.4285714285714285,0.0,1,1,0.13251074,115501.83705853914,15305.233505508791,0
CUST_0838,67,Annual,2155.93284734054,3,5.0,0,Enterprise,0,Loyal,5.0,3,144447.50077181618,0.0441176470588235,0.0,1,0,0.007311543,451413.3299386611,3300.5279654414217,0
CUST_0839,7,Annual,849.3434836240781,4,28.0,2,SMB,0,New,28.0,4,5945.404385368547,0.5,1.6986869672481562,0,0,0.08676332,74523.79665984717,6465.9321925948,0
CUST_0840,51,Annual,3710.578767649249,3,23.0,0,SMB,0,Loyal,23.0,3,189239.5171501117,0.0576923076923076,0.0,0,0,0.009683441,746051.8970305088,7224.349804413569,0
CUST_0841,42,Multi-Year,516.098950700141,0,8.0,0,Enterprise,0,Loyal,8.0,0,21676.155929405923,0.0,0.0,1,0,0.04092101,68116.12737973276,2787.380734912237,0
CUST_0842,64,Monthly,709.4368454858063,0,1.0,0,SMB,0,Loyal,1.0,0,45403.9581110916,0.0,0.0,0,1,0.13643174,45664.12532393334,6230.036015722708,0
CUST_0843,15,Annual,519.5483050284046,1,5.0,0,Enterprise,0,Mid-Tenure,5.0,1,7793.224575426068,0.0625,0.0,1,0,0.073510386,50478.17948018271,3710.670460676672,0
CUST_0844,29,Multi-Year,3403.9381250192755,2,13.0,0,SMB,0,Mid-Tenure,13.0,2,98714.205625559,0.0666666666666666,0.0,0,0,0.038848557,459740.2255949916,17860.244165282766,0
CUST_0845,33,Annual,2378.2420746524595,2,18.0,0,SMB,0,Mid-Tenure,18.0,2,78481.98846353116,0.0588235294117647,0.0,0,0,0.0161061,431713.6156117195,6953.222989462559,0
CUST_0846,27,Monthly,1838.9604260449864,2,29.0,0,SMB,0,Mid-Tenure,29.0,2,49651.93150321463,0.0714285714285714,0.0,0,1,0.35014668,55148.58800300523,19310.095054967176,0
CUST_0847,36,Multi-Year,4607.1545466069965,1,29.0,0,SMB,0,Mid-Tenure,29.0,1,165857.56367785187,0.027027027027027,0.0,0,0,0.017022187,824888.8162774342,14041.411594347031,0
CUST_0848,29,Monthly,1367.6125760447298,1,22.0,2,Enterprise,0,Mid-Tenure,22.0,1,39660.764705297166,0.0333333333333333,2.7352251520894595,1,1,0.19074,68170.43628238406,13002.829301581285,0
CUST_0849,38,Multi-Year,2252.1560467163026,0,26.0,0,Enterprise,0,Loyal,26.0,0,85581.9297752195,0.0,0.0,1,0,0.004323996,497494.1808349547,2151.162916522067,0
CUST_0850,57,Monthly,4731.403104174882,2,3.0,5,SMB,0,Loyal,3.0,2,269689.9769379683,0.0344827586206896,23.65701552087441,0,1,0.37840125,132531.90955199185,50150.24019259551,0
CUST_0851,27,Annual,2421.9795327666907,2,13.0,0,Enterprise,0,Mid-Tenure,13.0,2,65393.447384700645,0.0714285714285714,0.0,1,0,0.019661164,417216.0387172767,8202.95292361171,0
CUST_0852,55,Multi-Year,2996.12158541176,3,20.0,2,SMB,0,Loyal,20.0,3,164786.6871976468,0.0535714285714285,5.99224317082352,0,0,0.010855942,590796.1791949412,6413.649074794788,0
CUST_0853,33,Monthly,861.5158995626941,1,9.0,0,SMB,1,Mid-Tenure,9.0,1,28430.024685568907,0.0294117647058823,0.0,0,1,0.5154182,18284.14983969475,9423.98308480354,1
CUST_0854,68,Monthly,4055.748741020581,1,5.0,0,SMB,0,Loyal,5.0,1,275790.9143893995,0.0144927536231884,0.0,0,1,0.06916278,408424.37257733376,28247.764437581052,0
CUST_0855,66,Monthly,2402.414496897072,1,10.0,2,SMB,0,Loyal,10.0,1,158559.35679520672,0.0149253731343283,4.804828993794144,0,1,0.031054394,355674.39960847795,11045.25305484769,0
CUST_0856,10,Multi-Year,4102.318060693175,3,12.0,0,SMB,0,New,12.0,3,41023.18060693175,0.2727272727272727,0.0,0,0,0.016901946,735820.416567254,12436.796722298792,0
CUST_0857,5,Multi-Year,1642.0893915019649,3,23.0,0,SMB,0,New,23.0,3,8210.446957509825,0.5,0.0,0,0,0.11880844,116730.37245846861,13868.55355327472,0
CUST_0858,38,Annual,2401.1543775263453,2,17.0,2,Enterprise,0,Loyal,17.0,2,91243.86634600112,0.0512820512820512,4.802308755052691,1,0,0.009012563,488266.42219816596,4400.531966088095,0
CUST_0859,13,Annual,4039.470213642546,3,19.0,2,SMB,0,Mid-Tenure,19.0,3,52513.112777353104,0.2142857142857142,8.078940427285092,0,0,0.068442546,409258.6865134012,28010.706408511593,0
CUST_0860,31,Multi-Year,4882.449951696379,1,13.0,0,SMB,0,Mid-Tenure,13.0,1,151355.94850258774,0.03125,0.0,0,0,0.07529464,467612.973001864,35208.752163858604,0
CUST_0861,47,Monthly,768.3148597427099,3,26.0,0,SMB,0,Loyal,26.0,3,36110.798407907365,0.0625,0.0,0,1,0.05712789,86063.28676597416,4916.613914491666,0
CUST_0862,52,Monthly,4156.05279838507,2,19.0,0,SMB,0,Loyal,19.0,2,216114.74551602363,0.0377358490566037,0.0,0,1,0.08638149,365684.7629572982,31588.393798017645,0
CUST_0863,56,Annual,1853.100804321996,4,21.0,5,SMB,0,Loyal,21.0,4,103773.6450420318,0.0701754385964912,9.26550402160998,0,0,0.010399506,368168.7324248095,3828.773099200247,0
CUST_0864,15,Monthly,2978.3447640098248,1,19.0,0,SMB,1,Mid-Tenure,19.0,1,44675.17146014737,0.0625,0.0,0,1,0.25185287,118402.50436622165,29820.01053833898,0
CUST_0865,29,Monthly,1805.4151922783656,5,10.0,2,SMB,0,Mid-Tenure,10.0,5,52357.0405760726,0.1666666666666666,3.6108303845567313,0,1,0.3908842,49139.84709305114,19207.989366895203,0
CUST_0866,8,Monthly,3260.504626555956,7,20.0,0,SMB,1,New,20.0,7,26084.037012447647,0.7777777777777778,0.0,0,1,0.7878986,46695.45331294271,36791.28229637115,1
CUST_0867,5,Monthly,2092.11273789789,4,4.0,0,SMB,1,New,4.0,4,10460.563689489449,0.6666666666666666,0.0,0,1,0.51167095,44697.61601999002,22870.471520938074,1
CUST_0868,29,Multi-Year,2001.2670093995664,1,7.0,0,SMB,0,Mid-Tenure,7.0,1,58036.743272587424,0.0333333333333333,0.0,0,0,0.028422171,306229.7680803224,8703.714910222327,0
CUST_0869,47,Monthly,670.7224082117099,0,3.0,0,SMB,0,Loyal,3.0,0,31523.95318595037,0.0,0.0,0,1,0.16107525,38131.75177254853,6142.081423554567,0
CUST_0870,68,Annual,1161.321826567152,5,11.0,0,SMB,0,Loyal,11.0,5,78969.88420656633,0.072463768115942,0.0,0,0,0.12734367,78581.10858783865,10006.806723603842,0
CUST_0871,45,Monthly,4626.851894894655,4,5.0,0,SMB,0,Loyal,5.0,4,208208.33527025947,0.0869565217391304,0.0,0,1,0.065056115,482566.476273254,31393.900363233326,0
CUST_0872,2,Monthly,4992.248429929608,1,22.0,0,SMB,0,New,22.0,1,9984.496859859217,0.3333333333333333,0.0,0,1,0.12402793,344237.72983687604,42695.09312844893,0
CUST_0873,27,Monthly,4012.342591413229,5,23.0,0,SMB,1,Mid-Tenure,23.0,5,108333.24996815718,0.1785714285714285,0.0,0,1,0.7036218,63888.95601767032,44953.66253445952,1
CUST_0874,36,Annual,1790.6568114806903,1,24.0,0,SMB,0,Mid-Tenure,24.0,1,64463.64521330485,0.027027027027027,0.0,0,0,0.024406042,288792.15933894995,7048.273555653861,0
CUST_0875,36,Annual,2311.0031229961664,2,25.0,0,SMB,0,Mid-Tenure,25.0,2,83196.112427862,0.054054054054054,0.0,0,0,0.014061366,432898.00387005566,6087.137363084753,0
CUST_0876,26,Multi-Year,3827.765547077372,1,7.0,2,Enterprise,0,Mid-Tenure,7.0,1,99521.90422401168,0.037037037037037,7.655531094154744,1,0,0.03909065,515578.11039999715,20154.282581471118,0
CUST_0877,43,Annual,4858.311005974391,4,29.0,0,SMB,0,Loyal,29.0,4,208907.37325689883,0.0909090909090909,0.0,0,0,0.010987937,955922.3314754702,10503.614785701544,0
CUST_0878,27,Annual,2549.620268282154,3,3.0,0,SMB,0,Mid-Tenure,3.0,3,68839.74724361816,0.1071428571428571,0.0,0,0,0.016870614,457531.955873512,7718.845084822377,0
CUST_0879,69,Annual,4232.850868797686,2,19.0,10,SMB,0,Loyal,19.0,2,292066.7099470404,0.0285714285714285,42.328508687976864,0,0,0.17099188,229846.50157351993,39301.886031892194,0
CUST_0880,20,Multi-Year,4887.810151694226,1,9.0,0,Enterprise,1,Mid-Tenure,9.0,1,97756.20303388452,0.0476190476190476,0.0,1,0,0.19110976,243265.64862879677,46490.440113879005,0
CUST_0881,11,Annual,4430.629269752019,1,10.0,5,Enterprise,0,New,10.0,1,48736.92196727221,0.0833333333333333,22.153146348760096,1,0,0.07648965,420331.2245596042,32150.988130017027,0
CUST_0882,38,Monthly,1522.1738604709712,0,14.0,0,SMB,0,Loyal,14.0,0,57842.60669789691,0.0,0.0,0,1,0.10999003,114170.15551359321,12557.57889022557,0
CUST_0883,6,Annual,536.1433874403032,4,4.0,0,SMB,0,New,4.0,4,3216.860324641819,0.5714285714285714,0.0,0,0,0.04913512,64898.503432256024,3188.7956710834487,0
CUST_0884,23,Annual,2714.367674247868,5,2.0,0,SMB,0,Mid-Tenure,2.0,5,62430.45650770096,0.2083333333333333,0.0,0,0,0.113790326,198866.51448315143,22629.08547781425,0
CUST_0885,47,Annual,2891.1237426287007,3,14.0,0,SMB,0,Loyal,14.0,3,135882.81590354894,0.0625,0.0,0,0,0.0053682793,626594.9334250753,3363.7366063170266,0
CUST_0886,46,Monthly,1405.6266404802632,2,1.0,0,SMB,0,Loyal,1.0,2,64658.82546209211,0.0425531914893617,0.0,0,1,0.05474151,161039.48745088303,8815.544593316401,0
CUST_0887,12,Multi-Year,1781.0347637606794,1,1.0,0,SMB,0,New,1.0,1,21372.417165128158,0.0769230769230769,0.0,0,0,0.020967152,301159.28774879937,6314.452553307029,0
CUST_0888,13,Multi-Year,3943.189223818461,3,24.0,2,SMB,1,Mid-Tenure,24.0,3,51261.45990963999,0.2142857142857142,7.886378447636922,0,0,0.12489795,270547.8802888545,33790.87546193553,0
CUST_0889,62,Monthly,2616.562664209102,1,7.0,0,SMB,0,Loyal,7.0,1,162226.8851809643,0.0158730158730158,0.0,0,1,0.06727007,267747.36882374866,18011.38432727113,0
CUST_0890,60,Multi-Year,1928.0933762011548,1,21.0,0,SMB,0,Loyal,21.0,1,115685.60257206929,0.0163934426229508,0.0,0,0,0.005689496,415466.4886627899,2363.794997861066,0
CUST_0891,43,Monthly,3301.8171231286374,3,13.0,0,Enterprise,0,Loyal,13.0,3,141978.1362945314,0.0681818181818181,0.0,1,1,0.036045864,460473.1117176612,16598.151263977397,0
CUST_0892,68,Monthly,3437.418901892564,6,29.0,2,SMB,0,Loyal,29.0,6,233744.48532869437,0.0869565217391304,6.874837803785128,0,1,0.19079073,171306.54374164555,32683.700146161773,0
CUST_0893,5,Monthly,3962.28099578361,5,29.0,0,SMB,1,New,29.0,5,19811.40497891805,0.8333333333333334,0.0,0,1,0.7646171,58367.755970819395,44628.983455064474,1
CUST_0894,37,Monthly,1205.191830933136,2,8.0,0,SMB,0,Loyal,8.0,2,44592.09774452604,0.0526315789473684,0.0,0,1,0.09053592,102908.2236261231,9316.89032985587,0
CUST_0895,31,Multi-Year,3836.827635471456,1,4.0,2,SMB,0,Mid-Tenure,4.0,1,118941.65669961512,0.03125,7.673655270942912,0,0,0.037085667,528697.0250544206,19607.081948576357,0
CUST_0896,9,Monthly,3197.427764496884,2,29.0,10,Enterprise,1,New,29.0,2,28776.849880471957,0.2,31.97427764496884,1,1,0.7687791,46861.39724716308,36026.06275297306,1
CUST_0897,51,Monthly,759.0733938625871,1,11.0,0,SMB,0,Loyal,11.0,1,38712.74308699194,0.0192307692307692,0.0,0,1,0.13588211,49003.53725067019,6658.704009859456,0
CUST_0898,29,Monthly,3998.50532714035,3,9.0,10,SMB,1,Mid-Tenure,9.0,3,115956.65448707016,0.1,39.9850532714035,0,1,0.8780119,51704.14756989658,45396.8559308279,1
CUST_0899,40,Monthly,2223.8612659993328,1,0.0,0,SMB,0,Loyal,0.0,1,88954.4506399733,0.024390243902439,0.0,0,1,0.06269311,236805.3712854147,14846.065569118759,0
CUST_0900,41,Monthly,1986.714204483369,1,23.0,10,SMB,0,Loyal,23.0,1,81455.28238381814,0.0238095238095238,19.86714204483369,0,1,0.5389523,40479.628545612664,21816.58854396502,1
CUST_0901,11,Annual,2516.3381821173543,6,18.0,0,SMB,1,New,18.0,6,27679.7200032909,0.5,0.0,0,0,0.3856991,69304.84322936115,26730.815197762084,0
CUST_0902,23,Monthly,2057.787847877581,2,29.0,5,SMB,0,Mid-Tenure,29.0,2,47329.12050118436,0.0833333333333333,10.288939239387906,0,1,0.35817984,60496.504694346884,21668.628218639093,0
CUST_0903,1,Multi-Year,2022.2851649445909,4,24.0,2,SMB,0,New,24.0,4,2022.2851649445909,2.0,4.044570329889182,0,0,0.007644933,420981.00425898127,3218.3716487652932,0
CUST_0904,46,Multi-Year,4136.349504652815,1,10.0,0,SMB,0,Loyal,10.0,1,190272.0772140295,0.0212765957446808,0.0,0,0,0.005993599,886461.8914796222,5313.097170223151,0
CUST_0905,21,Monthly,1060.2736446456151,0,16.0,0,SMB,1,Mid-Tenure,16.0,0,22265.74653755792,0.0,0.0,0,1,0.6534164,18087.840441555614,11818.89149804574,1
CUST_0906,36,Multi-Year,4867.700305358563,1,2.0,0,SMB,1,Mid-Tenure,2.0,1,175237.21099290828,0.027027027027027,0.0,0,0,0.22219685,214596.17077457675,47682.592567388216,0
CUST_0907,54,Monthly,2997.192399684545,4,0.0,0,Enterprise,0,Loyal,0.0,4,161848.38958296544,0.0727272727272727,0.0,1,1,0.03220955,437495.50829980103,14091.533055264932,0
CUST_0908,57,Monthly,1323.157992895908,4,16.0,0,SMB,0,Loyal,16.0,4,75420.00559506674,0.0689655172413793,0.0,0,1,0.06739834,135248.04851668177,9115.493891987398,0
CUST_0909,1,Monthly,1090.4696731925892,6,5.0,10,SMB,1,New,5.0,6,1090.4696731925892,3.0,10.904696731925892,0,1,0.6261347,19353.59325741465,12117.956184727529,1
CUST_0910,63,Monthly,3161.7928946074217,1,12.0,0,Enterprise,0,Loyal,12.0,1,199192.9523602676,0.015625,0.0,1,1,0.07103027,313487.8109838795,22267.12278469537,0
CUST_0911,54,Annual,3348.497497311176,4,19.0,0,SMB,0,Loyal,19.0,4,180818.8648548035,0.0727272727272727,0.0,0,0,0.009905417,670756.8664614157,6644.126769601534,0
CUST_0912,55,Annual,738.6159696341484,2,25.0,0,SMB,0,Loyal,25.0,2,40623.87832987816,0.0357142857142857,0.0,0,0,0.006106339,157974.86725166577,964.6480817632658,0
CUST_0913,40,Monthly,1593.508613579536,3,3.0,0,SMB,0,Loyal,3.0,3,63740.34454318143,0.073170731707317,0.0,0,1,0.052789647,186031.41228575908,9820.532610062277,0
CUST_0914,15,Annual,4079.578645496603,4,4.0,0,SMB,0,Mid-Tenure,4.0,4,61193.679682449045,0.25,0.0,0,0,0.026954765,636152.1915501086,17147.33250955769,0
CUST_0915,21,Monthly,723.3108248458648,0,14.0,0,SMB,0,Mid-Tenure,14.0,0,15189.52732176316,0.0,0.0,0,1,0.5160005,15335.197713261156,7912.969829677517,1
CUST_0916,47,Annual,4347.898987577162,3,13.0,5,SMB,0,Loyal,13.0,3,204351.25241612663,0.0625,21.73949493788581,0,0,0.010370368,864244.9467593794,8962.538259262657,0
CUST_0917,53,Monthly,3461.7311443685007,5,18.0,2,SMB,1,Loyal,18.0,5,183471.7506515305,0.0925925925925925,6.923462288737001,0,1,0.527959,71874.94901182517,37947.02542501459,1
CUST_0918,9,Monthly,2454.9046671344213,4,14.0,2,SMB,0,New,14.0,4,22094.142004209796,0.4,4.909809334268843,0,1,0.26571167,93309.3646665081,24793.386659953343,0
CUST_0919,52,Monthly,2058.947820369121,1,11.0,2,SMB,0,Loyal,11.0,1,107065.28665919427,0.0188679245283018,4.117895640738242,0,1,0.0693249,207059.65191047496,14354.390323276926,0
CUST_0920,57,Monthly,586.6203373200228,3,17.0,0,SMB,1,Loyal,17.0,3,33437.3592272413,0.0517241379310344,0.0,0,1,0.059666432,64189.59388255629,3829.964066762614,0
CUST_0921,26,Annual,4213.467255883294,1,13.0,2,Enterprise,0,Mid-Tenure,13.0,1,109550.14865296564,0.037037037037037,8.426934511766587,1,0,0.033121724,608283.9043499215,20147.41139989662,0
CUST_0922,41,Multi-Year,1142.2483428584214,0,9.0,0,SMB,0,Loyal,9.0,0,46832.18205719528,0.0,0.0,0,0,0.008849605,232915.40745201902,2061.2093512452284,0
CUST_0923,35,Monthly,1892.9389633793965,3,7.0,0,SMB,0,Mid-Tenure,7.0,3,66252.86371827888,0.0833333333333333,0.0,0,1,0.24108793,78035.76024899163,18813.479780667865,0
CUST_0924,63,Annual,3060.981411632617,2,26.0,0,SMB,0,Loyal,26.0,2,192841.82893285487,0.03125,0.0,0,0,0.009988205,612316.6598037159,6115.944063458481,0
CUST_0925,25,Annual,1606.966700320644,0,22.0,0,SMB,0,Mid-Tenure,22.0,0,40174.1675080161,0.0,0.0,0,0,0.045753367,201388.212846786,9214.188861232959,0
CUST_0926,38,Multi-Year,2737.132086884906,1,25.0,0,SMB,0,Loyal,25.0,1,104011.01930162644,0.0256410256410256,0.0,0,0,0.0050672223,596463.4407265174,3022.4128396430424,0
CUST_0927,2,Monthly,4142.042729324161,0,28.0,0,Enterprise,0,New,28.0,0,8284.085458648322,0.0,0.0,1,1,0.14395644,256266.3766320703,36891.194684019734,0
CUST_0928,7,Monthly,2617.420706556237,3,3.0,0,SMB,0,New,3.0,3,18321.944945893654,0.375,0.0,0,1,0.14551453,160648.1548341031,23376.6412157385,0
CUST_0929,34,Multi-Year,4770.398048538182,3,17.0,0,SMB,0,Mid-Tenure,17.0,3,162193.53365029817,0.0857142857142857,0.0,0,0,0.041201074,627676.5591373589,25860.94815793476,0
CUST_0930,17,Annual,4313.752791693538,1,27.0,2,SMB,0,Mid-Tenure,27.0,1,73333.79745879014,0.0555555555555555,8.627505583387075,0,0,0.028891135,656157.7927198012,18957.14337545674,0
CUST_0931,43,Monthly,1998.676559135274,2,24.0,0,SMB,0,Loyal,24.0,2,85943.09204281677,0.0454545454545454,0.0,0,1,0.051561594,236153.4362211336,12176.447602358689,0
CUST_0932,59,Monthly,2299.82956062772,3,7.0,5,SMB,0,Loyal,7.0,3,135689.9440770355,0.05,11.499147803138602,0,1,0.06615662,237592.6061726603,15718.32335677791,0
CUST_0933,51,Monthly,2404.970271601372,3,3.0,0,SMB,0,Loyal,3.0,3,122653.48385166998,0.0576923076923076,0.0,0,1,0.0857261,212631.50184612337,18228.06880060155,0
CUST_0934,54,Annual,3317.807538160316,5,10.0,0,SMB,0,Loyal,10.0,5,179161.6070606571,0.0909090909090909,0.0,0,0,0.11867572,236036.87771222554,28011.847275757234,0
CUST_0935,24,Annual,1790.5807813484291,4,4.0,0,SMB,0,Mid-Tenure,4.0,4,42973.9387523623,0.16,0.0,0,0,0.044333328,227777.0726622475,10098.11557336163,0
CUST_0936,25,Monthly,4861.621124701289,2,29.0,10,SMB,1,Mid-Tenure,29.0,2,121540.52811753222,0.0769230769230769,48.61621124701289,0,1,0.572795,93673.60821663702,53655.77196890719,1
CUST_0937,71,Annual,3239.0789927157543,4,9.0,0,SMB,0,Loyal,9.0,4,229974.60848281856,0.0555555555555555,0.0,0,0,0.006702009,685495.0588868078,4594.194138306533,0
CUST_0938,52,Annual,2297.307464335101,1,5.0,0,SMB,0,Loyal,5.0,1,119459.98814542525,0.0188679245283018,0.0,0,0,0.0064327484,488505.15941306594,3142.430782447328,0
CUST_0939,70,Annual,3402.544169712053,0,28.0,0,SMB,0,Loyal,28.0,0,238178.09187984373,0.0,0.0,0,0,0.0065522077,721997.0853018998,4730.674897313805,0
CUST_0940,33,Annual,2279.3225473836847,7,3.0,0,SMB,0,Mid-Tenure,3.0,7,75217.64406366159,0.2058823529411764,0.0,0,0,0.14041093,143646.5386122621,20169.544066091155,0
CUST_0941,49,Multi-Year,4180.080564407385,1,17.0,0,SMB,0,Loyal,17.0,1,204823.94765596188,0.02,0.0,0,0,0.0060595865,894779.4443190405,5421.993473609818,0
CUST_0942,29,Monthly,3055.2843224827457,3,20.0,2,SMB,1,Mid-Tenure,20.0,3,88603.24535199962,0.1,6.110568644965492,0,1,0.3131177,100968.38953377774,31614.99118946707,0
CUST_0943,63,Multi-Year,688.8672653273015,2,26.0,0,SMB,0,Loyal,26.0,2,43398.63771562,0.03125,0.0,0,0,0.009636096,138614.15391236276,1335.6992559393975,0
CUST_0944,22,Monthly,1295.405903405573,2,16.0,0,SMB,0,Mid-Tenure,16.0,2,28498.929874922607,0.0869565217391304,0.0,0,1,0.25572866,50845.31536016491,13002.60446673524,0
CUST_0945,26,Monthly,4392.472878632906,3,6.0,0,SMB,1,Mid-Tenure,6.0,3,114204.29484445557,0.1111111111111111,0.0,0,1,0.6229811,78322.66885993059,48793.54016691937,1
CUST_0946,28,Monthly,3033.049218605555,3,8.0,0,SMB,0,Mid-Tenure,8.0,3,84925.37812095553,0.1034482758620689,0.0,0,1,0.25114346,120861.29888297887,30353.52423833876,0
CUST_0947,49,Monthly,4776.545644312573,2,2.0,5,SMB,0,Loyal,2.0,2,234050.73657131608,0.04,23.882728221562864,0,1,0.1304016,317727.5024939052,41432.173553957364,0
CUST_0948,71,Monthly,825.9004078730816,1,21.0,5,SMB,0,Loyal,21.0,1,58638.92895898879,0.0138888888888888,4.129502039365407,0,1,0.06296522,87733.23641439853,5524.142681558924,0
CUST_0949,49,Monthly,1828.6728353868823,3,8.0,0,SMB,0,Loyal,8.0,3,89604.96893395724,0.06,0.0,0,1,0.049673613,220159.3096178705,10936.108379717598,0
CUST_0950,20,Multi-Year,1370.9451795780767,1,26.0,0,SMB,0,Mid-Tenure,26.0,1,27418.90359156153,0.0476190476190476,0.0,0,0,0.053012673,159702.1180686578,8466.23613251668,0
CUST_0951,63,Monthly,2992.2813150293127,0,3.0,5,SMB,0,Loyal,3.0,0,188513.7228468467,0.0,14.961406575146563,0,1,0.07872908,278937.5727775857,21960.497972771213,0
CUST_0952,61,Annual,2222.567739859592,3,21.0,0,SMB,0,Loyal,21.0,3,135576.63213143512,0.0483870967741935,0.0,0,0,0.0058334167,477685.4770999538,2786.538444974365,0
CUST_0953,49,Monthly,1207.7309033437696,6,29.0,0,SMB,0,Loyal,29.0,6,59178.81426384471,0.12,0.0,0,1,0.19439766,59299.9586368776,11527.773085009003,0
CUST_0954,71,Multi-Year,3392.383612817961,0,18.0,5,SMB,0,Loyal,18.0,0,240859.2365100752,0.0,16.961918064089804,0,0,0.010688896,670775.1288501566,7169.845786833264,0
CUST_0955,1,Annual,2913.34264608734,5,8.0,0,SMB,1,New,8.0,5,2913.34264608734,2.5,0.0,0,0,0.5213072,61193.19489660308,31900.4512787382,1
CUST_0956,13,Monthly,1736.3131308333543,3,22.0,0,SMB,1,Mid-Tenure,22.0,3,22572.070700833607,0.2142857142857142,0.0,0,1,0.3361472,53958.06964996073,18137.8534442719,0
CUST_0957,51,Annual,2658.9711100207,2,22.0,0,SMB,0,Loyal,22.0,2,135607.5266110557,0.0384615384615384,0.0,0,0,0.0050423536,579692.7219790024,2923.0157096317103,0
CUST_0958,56,Annual,3855.822417685353,1,19.0,5,Enterprise,0,Loyal,19.0,1,215926.0553903797,0.0175438596491228,19.279112088426764,1,0,0.011699288,749925.4714407133,8773.594183028035,0
CUST_0959,62,Annual,1423.7225354779634,7,5.0,0,SMB,0,Loyal,5.0,7,88270.79719963373,0.1111111111111111,0.0,0,0,0.046191454,177611.11051331778,8204.115429392028,0
CUST_0960,32,Annual,1818.0758601577809,2,26.0,0,Enterprise,0,Mid-Tenure,26.0,2,58178.42752504899,0.0606060606060606,0.0,1,0,0.018901428,316639.454990426,5984.937926244236,0
CUST_0961,30,Annual,2057.499441923518,1,10.0,2,Enterprise,0,Mid-Tenure,10.0,1,61724.98325770554,0.032258064516129,4.114998883847036,1,0,0.051851902,242410.7218380382,12569.457030570245,0
CUST_0962,29,Annual,3860.2689674046414,2,23.0,2,Enterprise,0,Mid-Tenure,23.0,2,111947.8000547346,0.0666666666666666,7.720537934809283,1,0,0.03667803,534428.7199500869,19601.793204073056,0
CUST_0963,49,Monthly,4311.151697979081,3,14.0,0,Enterprise,0,Loyal,14.0,3,211246.43320097495,0.06,0.0,1,1,0.047682244,529613.3430968528,25253.152826313646,0
CUST_0964,45,Monthly,2193.748233987249,4,21.0,0,SMB,0,Loyal,21.0,4,98718.6705294262,0.0869565217391304,0.0,0,1,0.035611503,307493.46249279374,10950.304308604404,0
CUST_0965,30,Multi-Year,1834.793878252632,4,5.0,0,SMB,0,Mid-Tenure,5.0,4,55043.81634757896,0.1290322580645161,0.0,0,0,0.030649029,273004.22173050675,8367.31423208227,0
CUST_0966,16,Monthly,4502.510412582547,3,19.0,0,SMB,0,Mid-Tenure,19.0,3,72040.16660132076,0.1764705882352941,0.0,0,1,0.22265239,198164.87001202317,44121.88204096674,0
CUST_0967,40,Monthly,4997.142194867054,1,23.0,0,SMB,0,Loyal,23.0,1,199885.68779468216,0.024390243902439,0.0,0,1,0.11535659,362644.7899721062,41833.4652186508,0
CUST_0968,19,Monthly,3516.591378478096,3,29.0,2,SMB,0,Mid-Tenure,29.0,3,66815.23619108382,0.15,7.033182756956192,0,1,0.15007453,210916.89118639432,31653.25261099875,0
CUST_0969,18,Monthly,4954.912767451314,2,9.0,0,Enterprise,1,Mid-Tenure,9.0,2,89188.42981412365,0.1052631578947368,0.0,1,1,0.25937468,192190.74837273356,49849.41349968682,0
CUST_0970,1,Multi-Year,3469.848250108595,1,23.0,0,SMB,0,New,23.0,1,3469.848250108595,0.5,0.0,0,0,0.1684127,190639.91935052373,32106.18360192819,0
CUST_0971,47,Monthly,3800.571224035212,2,24.0,0,SMB,0,Loyal,24.0,2,178626.84752965494,0.0416666666666666,0.0,0,1,0.08261607,343901.411747963,28411.78256366528,0
CUST_0972,66,Monthly,2248.952006945812,3,21.0,0,SMB,0,Loyal,21.0,3,148430.83245842357,0.044776119402985,0.0,0,1,0.043204766,289549.82768932905,12509.93248315186,0
CUST_0973,38,Annual,2448.353961495741,4,17.0,2,SMB,0,Loyal,17.0,4,93037.45053683817,0.1025641025641025,4.896707922991482,0,0,0.00945929,494123.7415869642,4674.059630261207,0
CUST_0974,51,Multi-Year,1148.6104879522782,3,15.0,2,SMB,0,Loyal,15.0,3,58579.134885566185,0.0576923076923076,2.2972209759045565,0,0,0.009255574,232608.08981488447,2152.9214080097468,0
CUST_0975,63,Monthly,4202.375066443055,3,3.0,0,SMB,0,Loyal,3.0,3,264749.6291859125,0.046875,0.0,0,1,0.09432783,349402.46321769926,32958.37607448098,0
CUST_0976,4,Monthly,4689.7656389924,4,19.0,0,Enterprise,1,New,19.0,4,18759.0625559696,0.8,0.0,1,1,0.29122022,164929.2238338838,48030.72451010506,0
CUST_0977,1,Multi-Year,3305.4716016235043,3,12.0,0,SMB,0,New,12.0,3,3305.4716016235043,1.5,0.0,0,0,0.02836268,506180.4768247555,14356.635001110435,0
CUST_0978,8,Annual,2046.412888004293,2,23.0,0,SMB,0,New,23.0,2,16371.303104034345,0.2222222222222222,0.0,0,0,0.064062044,215294.7153253895,13792.219531410292,0
CUST_0979,29,Monthly,1193.0734641846482,2,4.0,0,SMB,0,Mid-Tenure,4.0,2,34599.1304613548,0.0666666666666666,0.0,0,1,0.17730372,62985.691460909904,11167.59718488227,0
CUST_0980,55,Monthly,1693.2030336739172,5,19.0,0,Enterprise,0,Loyal,19.0,5,93126.16685206543,0.0892857142857142,0.0,1,1,0.09191222,143176.0854056509,13159.631493757483,0
CUST_0981,3,Monthly,1649.3468938332949,0,23.0,0,SMB,0,New,23.0,0,4948.040681499884,0.0,0.0,0,1,0.38948455,45034.94374300382,17540.41500199098,0
CUST_0982,32,Monthly,3260.875478736079,4,28.0,0,SMB,1,Mid-Tenure,28.0,4,104348.01531955451,0.1212121212121212,0.0,0,1,0.28543675,116655.38858632233,33297.73492487623,0
CUST_0983,10,Monthly,4752.66859413622,4,18.0,0,Enterprise,0,New,18.0,4,47526.6859413622,0.3636363636363636,0.0,1,1,0.3136844,156817.3412145637,49191.15419949807,0
CUST_0984,34,Multi-Year,717.2234913109165,1,17.0,0,SMB,0,Mid-Tenure,17.0,1,24385.598704571163,0.0285714285714285,0.0,0,0,0.034666855,101653.49629861681,3524.007005062402,0
CUST_0985,55,Monthly,504.600348175016,2,19.0,0,SMB,0,Loyal,19.0,2,27753.01914962588,0.0357142857142857,0.0,0,1,0.083338864,45412.14606707899,3784.5966717381298,0
CUST_0986,32,Annual,3200.818749414465,5,26.0,2,SMB,1,Mid-Tenure,26.0,5,102426.19998126288,0.1515151515151515,6.40163749882893,0,0,0.6251706,56889.06621438462,35565.37100408383,1
CUST_0987,50,Monthly,1778.2720793587189,3,16.0,0,SMB,0,Loyal,16.0,3,88913.60396793594,0.0588235294117647,0.0,0,1,0.057846513,197866.98968217397,11445.915320773534,0
CUST_0988,7,Annual,4462.4675405253065,1,15.0,5,Enterprise,0,New,15.0,1,31237.272783677145,0.125,22.31233770262653,1,0,0.025174255,712339.7358337125,17932.62183704743,0
CUST_0989,8,Annual,1972.6263855761763,0,0.0,0,SMB,0,New,0.0,0,15781.01108460941,0.0,0.0,0,0,0.08807493,171439.636858213,15099.534017608568,0
CUST_0990,65,Monthly,1803.8192023800016,0,20.0,0,Enterprise,0,Loyal,20.0,0,117248.24815470012,0.0,0.0,1,1,0.029523507,272194.123744137,8036.125052554868,0
CUST_0991,57,Annual,1712.7977954823375,2,28.0,0,SMB,0,Loyal,28.0,2,97629.47434249324,0.0344827586206896,0.0,0,0,0.0036910449,382811.952280102,1412.9760922175874,0
CUST_0992,67,Monthly,1151.8377227070985,3,26.0,0,SMB,0,Loyal,26.0,3,77173.1274213756,0.0441176470588235,0.0,0,1,0.15597141,67106.65822044037,10466.719961456589,0
CUST_0993,59,Multi-Year,3116.887134246997,2,0.0,5,SMB,0,Loyal,0.0,2,183896.3409205728,0.0333333333333333,15.584435671234983,0,0,0.027546681,482324.2303709169,13286.431936260786,0
CUST_0994,54,Multi-Year,1256.961210503945,3,29.0,0,SMB,0,Loyal,29.0,3,67875.90536721304,0.0545454545454545,0.0,0,0,0.007105623,264133.9623773115,1876.8363333835885,0
CUST_0995,67,Monthly,2410.840219056309,1,19.0,0,SMB,0,Loyal,19.0,1,161526.2946767727,0.0147058823529411,0.0,0,1,0.034197383,343598.3422450872,11750.16398041706,0
CUST_0996,51,Monthly,2574.37423515042,3,23.0,0,SMB,0,Loyal,23.0,3,131293.08599267143,0.0576923076923076,0.0,0,1,0.06119264,277828.5488125405,17001.062139187623,0
CUST_0997,8,Monthly,592.2142109508851,5,13.0,0,SMB,0,New,13.0,5,4737.713687607081,0.5555555555555556,0.0,0,1,0.31297034,19578.928385937077,6127.623878714753,0
CUST_0998,34,Annual,575.6327591951413,2,23.0,0,Enterprise,0,Mid-Tenure,23.0,2,19571.513812634803,0.0571428571428571,0.0,1,0,0.015989967,104676.40747259076,1673.7722687721514,0
CUST_0999,35,Monthly,2840.957099405732,4,1.0,0,SMB,1,Mid-Tenure,1.0,4,99433.49847920064,0.1111111111111111,0.0,0,1,0.3269061,90450.86501500035,29568.940863860433,0
CUST_1000,32,Monthly,3632.156295031095,2,14.0,0,SMB,1,Mid-Tenure,14.0,2,116229.00144099504,0.0606060606060606,0.0,0,1,0.33740833,112506.2895453962,37960.55972192385,0
CUST_1001,46,Monthly,4739.641170261821,1,28.0,2,SMB,0,Loyal,28.0,1,218023.49383204372,0.0212765957446808,9.47928234052364,0,1,0.3753714,133708.31445563096,50190.27672643299,0
CUST_1002,16,Monthly,1306.0367787062978,2,2.0,0,SMB,0,Mid-Tenure,2.0,2,20896.588459300765,0.1176470588235294,0.0,0,1,0.25628683,51169.16306630073,13113.98258117658,0
CUST_1003,68,Annual,964.6646424623716,2,29.0,0,SMB,0,Loyal,29.0,2,65597.19568744127,0.0289855072463768,0.0,0,0,0.004050793,214168.4604706385,867.552127528754,0
CUST_1004,37,Monthly,734.3955811721792,0,12.0,0,SMB,0,Loyal,12.0,0,27172.636503370628,0.0,0.0,0,1,0.2271332,31799.68001823288,7222.763067924938,0
CUST_1005,54,Annual,2462.187123108276,3,18.0,2,Enterprise,0,Loyal,18.0,3,132958.1046478469,0.0545454545454545,4.924374246216552,1,0,0.009080347,500102.7713642868,4541.106536479374,0
CUST_1006,14,Monthly,3304.163153011806,2,0.0,2,Enterprise,0,Mid-Tenure,0.0,2,46258.284142165285,0.1333333333333333,6.608326306023613,1,1,0.13963048,209090.6384067377,29195.426538943448,0
CUST_1007,55,Monthly,4282.490105380689,1,12.0,0,SMB,1,Loyal,12.0,1,235536.9557959379,0.0178571428571428,0.0,0,1,0.19311012,211385.19943923826,40820.62192258334,0
CUST_1008,48,Annual,3571.901970319091,3,14.0,0,Enterprise,0,Loyal,14.0,3,171451.29457531637,0.0612244897959183,0.0,1,0,0.0071421536,750108.651962441,5357.391185425664,0
CUST_1009,7,Multi-Year,1437.6235508368582,0,15.0,0,SMB,0,New,15.0,0,10063.364855858006,0.0,0.0,0,0,0.2664874,54509.2237987229,14526.020770305568,0
CUST_1010,7,Annual,2577.966648783256,4,29.0,0,Enterprise,0,New,29.0,4,18045.766541482797,0.5,0.0,1,0,0.042936824,332866.961432955,14292.250225720049,0
CUST_1011,33,Monthly,4596.558558388949,2,10.0,0,SMB,0,Mid-Tenure,10.0,2,151686.43242683532,0.0588235294117647,0.0,0,1,0.2216284,203066.76601685458,45005.361979080175,0
CUST_1012,23,Monthly,1970.3347811481704,5,2.0,0,SMB,0,Mid-Tenure,2.0,5,45317.69996640792,0.2083333333333333,0.0,0,1,0.43863985,48387.410123854585,21224.646290762434,0
CUST_1013,19,Multi-Year,2744.286642913692,6,7.0,2,Enterprise,0,Mid-Tenure,7.0,6,52141.44621536015,0.3,5.488573285827384,1,0,0.32231417,88450.67163757635,28508.905078671312,0
CUST_1014,19,Monthly,4813.544005896635,2,5.0,0,SMB,0,Mid-Tenure,5.0,2,91457.33611203606,0.1,0.0,0,1,0.30881304,160982.23988189764,49713.414157606894,0
CUST_1015,36,Monthly,3806.18602508164,0,4.0,0,SMB,0,Mid-Tenure,4.0,0,137022.69690293903,0.0,0.0,0,1,0.25483766,149831.32404948905,38182.66431237666,0
CUST_1016,29,Multi-Year,3864.831735387614,1,25.0,0,SMB,0,Mid-Tenure,25.0,1,112080.1203262408,0.0333333333333333,0.0,0,0,0.039982717,515409.86688656226,20607.48709631298,0
CUST_1017,60,Multi-Year,1635.5030198595243,0,27.0,2,SMB,0,Loyal,27.0,0,98130.18119157146,0.0,3.271006039719049,0,0,0.017128155,292366.7009204002,5007.702063614949,0
CUST_1018,2,Multi-Year,2366.1415323730766,2,14.0,0,SMB,0,New,14.0,2,4732.283064746153,0.6666666666666666,0.0,0,0,0.07044432,235741.26698983318,16606.633985139677,0
CUST_1019,1,Multi-Year,870.5397339352477,2,8.0,0,SMB,0,New,8.0,2,870.5397339352477,1.0,0.0,0,0,0.013001789,165812.38323115424,2155.8576765502235,0
CUST_1020,47,Multi-Year,3229.366401727402,1,29.0,0,Enterprise,0,Loyal,29.0,1,151780.22088118788,0.0208333333333333,0.0,1,0,0.0033821834,725942.5084962028,2455.270686027701,0
CUST_1021,69,Monthly,966.7857404412238,2,22.0,0,SMB,0,Loyal,22.0,2,66708.21609044445,0.0285714285714285,0.0,0,1,0.07431756,93320.92104086184,6935.38311136961,0
CUST_1022,20,Monthly,4261.593119926796,1,21.0,0,Enterprise,0,Mid-Tenure,21.0,1,85231.86239853592,0.0476190476190476,0.0,1,1,0.2062323,199581.0799166871,41160.06403808517,0
CUST_1023,11,Annual,4165.492041589985,3,4.0,0,SMB,0,New,4.0,3,45820.41245748984,0.25,0.0,0,0,0.033698577,597213.3050127656,20125.238803482953,0
CUST_1024,2,Annual,2901.222955050393,0,20.0,0,SMB,0,New,20.0,0,5802.445910100786,0.0,0.0,0,0,0.1249612,198985.12684934484,24865.419711159368,0
CUST_1025,67,Monthly,1135.2471493866335,2,9.0,0,SMB,0,Loyal,9.0,2,76061.55900890444,0.0294117647058823,0.0,0,1,0.10553403,87588.32957403915,9243.549574971208,0
CUST_1026,12,Monthly,615.1054243782567,1,24.0,0,Enterprise,1,New,24.0,1,7381.26509253908,0.0769230769230769,0.0,1,1,0.17734013,32467.93704070691,5757.868337265727,0
CUST_1027,20,Monthly,4085.189003941576,0,28.0,0,SMB,0,Mid-Tenure,28.0,0,81703.78007883152,0.0,0.0,0,1,0.091010615,347649.4943558151,31639.794365584392,0
CUST_1028,5,Annual,3200.6321744604206,1,25.0,0,SMB,0,New,25.0,1,16003.160872302104,0.1666666666666666,0.0,0,0,0.14193386,200108.44887475425,28402.164246156986,0
CUST_1029,37,Monthly,3699.183365365475,3,5.0,0,SMB,0,Loyal,5.0,3,136869.78451852256,0.0789473684210526,0.0,0,1,0.06713453,378967.6857822982,25441.8172246825,0
CUST_1030,38,Monthly,1867.1320658136544,4,27.0,5,Enterprise,0,Loyal,27.0,4,70951.01850091887,0.1025641025641025,9.335660329068272,1,1,0.048022788,228575.26369633919,10976.821434645051,0
CUST_1031,9,Annual,2792.6723202976154,3,10.0,2,SMB,0,New,10.0,3,25134.050882678537,0.3,5.585344640595231,0,0,0.03284446,404517.881198066,13286.171975332238,0
CUST_1032,53,Annual,3862.283767428427,4,3.0,15,SMB,1,Loyal,3.0,4,204701.03967370663,0.074074074074074,57.934256511426405,0,0,0.6145358,69744.0285090633,42860.20295227435,1
CUST_1033,44,Monthly,2581.5348874120978,1,19.0,0,Enterprise,0,Loyal,19.0,1,113587.5350461323,0.0222222222222222,0.0,1,1,0.066013224,267024.8810800884,17627.173401246517,0
CUST_1034,24,Annual,3206.2290024592894,4,11.0,0,SMB,0,Mid-Tenure,11.0,4,76949.49605902295,0.16,0.0,0,0,0.047708742,393769.74214861507,18786.259161792797,0
CUST_1035,30,Annual,4053.77717813583,1,19.0,0,Enterprise,0,Mid-Tenure,19.0,1,121613.3153440749,0.032258064516129,0.0,1,0,0.022311926,672715.1509943195,15009.570592761373,0
CUST_1036,59,Monthly,1468.4929036987048,3,26.0,0,Enterprise,0,Loyal,26.0,3,86641.08131822359,0.05,0.0,1,1,0.056032274,166193.87729177068,9312.220855971836,0
CUST_1037,14,Monthly,796.6800021086704,1,5.0,0,SMB,0,Mid-Tenure,5.0,1,11153.520029521384,0.0666666666666666,0.0,0,1,0.22302143,35016.152516333816,7809.352503843621,0
CUST_1038,9,Monthly,2893.205798648623,5,0.0,0,SMB,0,New,0.0,5,26038.852187837605,0.5,0.0,0,1,0.39985147,77177.62614457207,30859.58735652587,0
CUST_1039,40,Monthly,779.5659682404307,3,24.0,0,SMB,0,Loyal,24.0,3,31182.63872961723,0.073170731707317,0.0,0,1,0.05071783,92881.18930462134,4710.732430461616,0
CUST_1040,66,Multi-Year,3949.5078246503895,2,29.0,0,Enterprise,0,Loyal,29.0,2,260667.5164269257,0.0298507462686567,0.0,1,0,0.0026069914,900908.6380426176,2348.661112685413,0
CUST_1041,25,Monthly,3736.451514352049,4,17.0,10,SMB,0,Mid-Tenure,17.0,4,93411.28785880122,0.1538461538461538,37.36451514352049,0,1,0.7382123,56884.95118558133,41993.16993482405,1
CUST_1042,22,Annual,4467.7070215938365,5,1.0,0,Enterprise,0,Mid-Tenure,1.0,5,98289.5544750644,0.217391304347826,0.0,1,0,0.07806351,418639.8001870134,32680.492378309624,0
CUST_1043,4,Monthly,3378.0294411528225,5,4.0,0,SMB,1,New,4.0,5,13512.11776461129,1.0,0.0,0,1,0.84124565,45482.80566082443,38262.21246859535,1
CUST_1044,26,Monthly,802.3890683856819,2,15.0,0,SMB,1,Mid-Tenure,15.0,2,20862.115778027728,0.074074074074074,0.0,0,1,0.2041252,37889.467594307906,7734.194989235136,0
CUST_1045,58,Annual,1639.1845647032785,0,11.0,2,SMB,0,Loyal,11.0,0,95072.70475279016,0.0,3.278369129406557,0,0,0.014407441,305402.8443778577,4400.073467717858,0
CUST_1046,29,Monthly,4135.693300532237,2,11.0,2,SMB,0,Mid-Tenure,11.0,2,119935.10571543488,0.0666666666666666,8.271386601064474,0,1,0.28029615,150254.00170594105,42115.61772992251,0
CUST_1047,37,Monthly,1252.0958779111447,1,10.0,0,SMB,0,Loyal,10.0,1,46327.547482712354,0.0263157894736842,0.0,0,1,0.18170168,64846.966360816405,11782.802410151937,0
CUST_1048,70,Monthly,3643.162105166993,1,19.0,0,SMB,1,Loyal,19.0,1,255021.34736168952,0.0140845070422535,0.0,0,1,0.17383432,195313.86020548502,33952.25283381033,0
CUST_1049,18,Monthly,4011.166989142151,7,18.0,2,SMB,1,Mid-Tenure,18.0,7,72201.00580455872,0.3684210526315789,8.022333978284303,0,1,0.69639856,64488.33896987662,44909.58615245108,1
CUST_1050,42,Annual,1985.5030903485847,3,20.0,0,SMB,0,Loyal,20.0,3,83391.12979464055,0.0697674418604651,0.0,0,0,0.005571544,428745.2709914526,2388.773215170266,0
CUST_1051,41,Monthly,1950.3386303130883,4,6.0,15,SMB,1,Loyal,6.0,4,79963.88384283661,0.0952380952380952,29.25507945469632,0,1,0.73448086,29833.823188852708,21912.372048667537,1
CUST_1052,38,Multi-Year,3010.112065441161,3,25.0,0,SMB,0,Loyal,25.0,3,114384.25848676413,0.0769230769230769,0.0,0,0,0.008192756,620718.9219315358,5085.398804335051,0
CUST_1053,34,Annual,4375.788497396437,4,1.0,0,SMB,0,Mid-Tenure,1.0,4,148776.80891147887,0.1142857142857142,0.0,0,0,0.022831528,720971.5979497067,16460.882877020464,0
CUST_1054,17,Monthly,1507.5779086106625,7,28.0,5,SMB,1,Mid-Tenure,28.0,7,25628.824446381263,0.3888888888888889,7.537889543053312,0,1,0.75122297,22579.15131543218,16961.977068391883,1
CUST_1055,37,Monthly,4735.661882190812,2,28.0,0,Enterprise,0,Loyal,28.0,2,175219.48964106006,0.0526315789473684,0.0,1,1,0.10077947,376894.4292234486,37983.21944026792,0
CUST_1056,25,Monthly,3196.034081690487,2,5.0,0,SMB,0,Mid-Tenure,5.0,2,79900.85204226217,0.0769230769230769,0.0,0,1,0.24608915,129529.94037054178,31875.91234778806,0
CUST_1057,27,Annual,4964.569121085243,5,3.0,0,Enterprise,0,Mid-Tenure,3.0,5,134043.36626930156,0.1785714285714285,0.0,1,0,0.27968943,180699.83949376686,50539.83532422462,0
CUST_1058,57,Monthly,903.261757978952,0,1.0,2,SMB,0,Loyal,1.0,0,51485.92020480026,0.0,1.806523515957904,0,1,0.21164045,41427.61836141306,8767.759683821076,0
CUST_1059,31,Multi-Year,1069.529614280416,4,16.0,0,Enterprise,0,Mid-Tenure,16.0,4,33155.418042692894,0.125,0.0,1,0,0.02228298,177557.0751194492,3956.500821650551,0
CUST_1060,6,Monthly,4219.888116710672,4,7.0,0,SMB,0,New,7.0,4,25319.32870026403,0.5714285714285714,0.0,0,1,0.27645898,155114.91140590198,42882.90998111912,0
CUST_1061,40,Multi-Year,4391.401530217321,2,4.0,0,SMB,0,Loyal,4.0,2,175656.06120869284,0.048780487804878,0.0,0,0,0.008813949,895991.7953423263,7897.226259010857,0
CUST_1062,12,Monthly,2504.564097669203,3,9.0,2,SMB,0,New,9.0,3,30054.76917203044,0.2307692307692307,5.009128195338406,0,1,0.20930646,115904.43639656623,24259.547697624264,0
CUST_1063,53,Multi-Year,3713.320292640507,5,15.0,0,SMB,0,Loyal,15.0,5,196805.97550994687,0.0925925925925925,0.0,0,0,0.099458195,298142.51469216996,29652.716444276688,0
CUST_1064,71,Monthly,4404.007793504923,1,1.0,0,SMB,0,Loyal,1.0,1,312684.5533388495,0.0138888888888888,0.0,0,1,0.019553518,759819.142863662,14857.13722804004,0
CUST_1065,10,Monthly,694.075046984729,0,23.0,0,SMB,0,New,23.0,0,6940.75046984729,0.0,0.0,0,1,0.40883547,18152.259098771,7421.287392486407,0
CUST_1066,45,Monthly,3082.776903469664,0,18.0,2,SMB,0,Loyal,18.0,0,138724.96065613488,0.0,6.165553806939328,0,1,0.08317005,277790.10301092867,23103.816449271,0
CUST_1067,17,Monthly,4340.662999369203,3,6.0,2,SMB,1,Mid-Tenure,6.0,3,73791.27098927645,0.1666666666666666,8.681325998738407,0,1,0.54623044,87362.12018184984,47719.848941900316,1
CUST_1068,26,Multi-Year,2291.697250631488,2,1.0,0,SMB,0,Mid-Tenure,1.0,2,59584.128516418685,0.074074074074074,0.0,0,0,0.016945189,410789.30290420563,6960.902321460395,0
CUST_1069,62,Monthly,1860.7262275059209,3,12.0,2,SMB,0,Loyal,12.0,3,115365.0261053671,0.0476190476190476,3.7214524550118417,0,1,0.07146217,183832.67323918117,13137.081615976049,0
CUST_1070,46,Monthly,4080.680082926769,1,22.0,0,SMB,0,Loyal,22.0,1,187711.28381463137,0.0212765957446808,0.0,0,1,0.110546336,305009.527173795,33717.68554543071,0
CUST_1071,64,Annual,2011.0396257627629,3,3.0,0,SMB,0,Loyal,3.0,3,128706.53604881682,0.0461538461538461,0.0,0,0,0.008043929,415762.25501301995,3344.3620615263653,0
CUST_1072,2,Monthly,514.2843418302645,2,15.0,2,SMB,0,New,15.0,2,1028.568683660529,0.6666666666666666,1.028568683660529,0,1,0.19532797,25155.762884290623,4913.624032718658,0
CUST_1073,54,Annual,4818.076644330796,5,9.0,0,SMB,1,Loyal,9.0,5,260176.13879386295,0.0909090909090909,0.0,0,0,0.43581504,119010.14582416209,51866.41102204996,0
CUST_1074,65,Annual,3164.5545635795834,6,16.0,0,SMB,0,Loyal,16.0,6,205696.0466326729,0.0909090909090909,0.0,0,0,0.08874137,273708.2217351271,24289.24245262755,0
CUST_1075,51,Monthly,4187.83063419532,0,20.0,10,SMB,1,Loyal,20.0,0,213579.36234396131,0.0,41.878306341953206,0,1,0.8070293,58637.39606965969,47322.097107848625,1
CUST_1076,53,Multi-Year,4213.857030542215,3,27.0,0,SMB,0,Loyal,27.0,3,223334.42261873744,0.0555555555555555,0.0,0,0,0.0064008213,896552.2809243385,5738.670904775226,0
CUST_1077,36,Monthly,798.8468916772977,3,13.0,0,SMB,0,Mid-Tenure,13.0,3,28758.48810038272,0.081081081081081,0.0,0,1,0.19735405,38754.824811339924,7648.421575058954,0
CUST_1078,26,Monthly,1268.8708972390916,2,11.0,5,Enterprise,0,Mid-Tenure,11.0,2,32990.643328216385,0.074074074074074,6.344354486195458,1,1,0.14848238,76714.37041032688,11390.732474979395,0
CUST_1079,29,Annual,1900.043063418413,4,12.0,0,Enterprise,0,Mid-Tenure,12.0,4,55101.24883913398,0.1333333333333333,0.0,1,0,0.023536725,310056.1946009508,7297.707377488216,0
CUST_1080,21,Annual,1943.1467826859528,2,29.0,0,SMB,0,Mid-Tenure,29.0,2,40806.082436405006,0.0909090909090909,0.0,0,0,0.048383284,237009.37986865666,11467.292222212853,0
CUST_1081,11,Monthly,3464.537529564108,1,19.0,0,SMB,0,New,19.0,1,38109.91282520519,0.0833333333333333,0.0,0,1,0.17440738,185263.29796834022,32311.28600847994,0
CUST_1082,40,Annual,3304.0981433870816,5,7.0,0,SMB,0,Loyal,7.0,5,132163.92573548327,0.1219512195121951,0.0,0,0,0.070410565,329283.22238881217,23185.017582544846,0
CUST_1083,11,Monthly,2725.6540010441618,2,16.0,0,SMB,0,New,16.0,2,29982.19401148578,0.1666666666666666,0.0,0,1,0.23368013,115298.33530272549,26942.929872930403,0
CUST_1084,36,Monthly,1450.6867953894557,3,17.0,0,SMB,0,Mid-Tenure,17.0,3,52224.72463402041,0.081081081081081,0.0,0,1,0.25383568,57294.91997283391,14543.4948630231,0
CUST_1085,59,Multi-Year,2218.925613606365,2,20.0,0,SMB,0,Loyal,20.0,2,130916.61120277552,0.0333333333333333,0.0,0,0,0.0048287706,485641.15409690246,2345.0497488889723,0
CUST_1086,39,Monthly,2946.1728580932627,1,9.0,2,SMB,0,Loyal,9.0,1,114900.74146563724,0.025,5.892345716186525,0,1,0.13209383,194153.0611304861,25646.421819216055,0
CUST_1087,54,Monthly,2605.9341474677385,3,25.0,0,Enterprise,0,Loyal,25.0,3,140720.4439632579,0.0545454545454545,0.0,1,1,0.039348047,349993.20611356565,13771.549203169321,0
CUST_1088,55,Multi-Year,1072.8163989278528,1,27.0,0,Enterprise,0,Loyal,27.0,1,59004.9019410319,0.0178571428571428,0.0,1,0,0.009338626,216954.7520559548,2026.059224747466,0
CUST_1089,24,Multi-Year,3422.797220758657,1,12.0,2,Enterprise,0,Mid-Tenure,12.0,1,82147.13329820777,0.04,6.845594441517314,1,0,0.035173405,482234.640122943,16961.834283663935,0
CUST_1090,22,Monthly,828.7329956479725,1,1.0,2,SMB,0,Mid-Tenure,1.0,1,18232.125904255397,0.0434782608695652,1.657465991295945,0,1,0.15861985,47669.46217333177,7561.32298117515,0
CUST_1091,69,Annual,2201.8760738648616,2,26.0,0,Enterprise,0,Loyal,26.0,2,151929.44909667544,0.0285714285714285,0.0,1,0,0.004598445,483942.5729020029,2225.3832046529164,0
CUST_1092,56,Annual,3695.132064538531,2,16.0,0,SMB,0,Loyal,16.0,2,206927.3956141577,0.0350877192982456,0.0,0,0,0.010012351,738874.3067463887,7397.86888663868,0
CUST_1093,33,Multi-Year,590.1059053386793,1,5.0,0,SMB,0,Mid-Tenure,5.0,1,19473.494876176417,0.0294117647058823,0.0,0,0,0.051268276,69925.85539869027,3584.9780420308166,0
CUST_1094,36,Multi-Year,3064.9226857039225,1,11.0,0,Enterprise,0,Mid-Tenure,11.0,1,110337.2166853412,0.027027027027027,0.0,1,0,0.027265465,476009.2081786723,12978.612351495198,0
CUST_1095,20,Monthly,2005.3443836448373,2,28.0,0,Enterprise,0,Mid-Tenure,28.0,2,40106.88767289675,0.0952380952380952,0.0,1,1,0.112843536,147774.56052478898,16675.403916894833,0
CUST_1096,62,Monthly,539.7432954023051,2,12.0,0,SMB,0,Loyal,12.0,2,33464.08431494291,0.0317460317460317,0.0,0,1,0.05281855,62993.6876956557,3327.2353477806946,0
CUST_1097,26,Monthly,1356.7247197743734,0,27.0,0,SMB,0,Mid-Tenure,27.0,0,35274.84271413371,0.0,0.0,0,1,0.26015306,52492.45731758297,13656.073145654476,0
CUST_1098,66,Annual,4734.257869717945,4,25.0,10,SMB,0,Loyal,25.0,4,312461.0194013844,0.0597014925373134,47.34257869717945,0,0,0.11260758,349375.4367951695,39342.32363807681,0
CUST_1099,40,Annual,2845.170074772907,5,3.0,2,SMB,1,Loyal,3.0,5,113806.80299091629,0.1219512195121951,5.690340149545814,0,0,0.40408537,75188.59318788131,30382.61034156294,0
CUST_1100,17,Annual,4987.522420831093,3,14.0,0,Enterprise,0,Mid-Tenure,14.0,3,84787.88115412858,0.1666666666666666,0.0,1,0,0.052138686,585970.634973312,30551.739047636085,0
CUST_1101,1,Multi-Year,2861.675376641336,4,15.0,0,SMB,0,New,15.0,4,2861.675376641336,2.0,0.0,0,0,0.024474792,461096.98935858434,11285.252990502648,0
CUST_1102,61,Monthly,2947.713855306208,4,20.0,2,SMB,0,Loyal,20.0,4,179810.54517367866,0.064516129032258,5.895427710612416,0,1,0.083883144,264204.76869573386,22162.32664780045,0
CUST_1103,43,Monthly,2263.293558197836,2,18.0,2,SMB,0,Loyal,18.0,2,97321.62300250694,0.0454545454545454,4.526587116395672,0,1,0.04598315,282961.36740141705,13011.455171593765,0
CUST_1104,42,Monthly,1895.1818842913644,1,14.0,10,SMB,1,Loyal,14.0,1,79597.63914023731,0.0232558139534883,18.95181884291364,0,1,0.64747834,32606.291624413174,21111.86764157843,1
CUST_1105,25,Monthly,1631.9549890982516,3,25.0,0,Enterprise,0,Mid-Tenure,25.0,3,40798.87472745629,0.1153846153846153,0.0,1,1,0.16432612,91372.25302510895,15014.847490234106,0
CUST_1106,39,Monthly,2045.3927725880324,3,5.0,0,SMB,0,Loyal,5.0,3,79770.31813093326,0.075,0.0,0,1,0.053265363,237685.83454888785,12660.422251970984,0
CUST_1107,35,Monthly,2569.3298640519447,3,19.0,5,SMB,0,Mid-Tenure,19.0,3,89926.54524181806,0.0833333333333333,12.846649320259724,0,1,0.13307658,168410.17646042988,22411.450047503284,0
CUST_1108,3,Annual,1363.9637760385554,2,28.0,0,Enterprise,0,New,28.0,2,4091.891328115666,0.5,0.0,1,0,0.0913002,115835.39972652501,10575.794808311826,0
CUST_1109,44,Multi-Year,1511.9379131256314,0,5.0,2,SMB,0,Loyal,5.0,0,66525.26817752779,0.0,3.023875826251263,0,0,0.019329619,261695.57993426122,5058.475765816113,0
CUST_1110,51,Annual,1721.9514590079762,1,28.0,0,Enterprise,0,Loyal,28.0,1,87819.52440940679,0.0192307692307692,0.0,1,0,0.0057536797,370619.7839811106,2132.4275151570682,0
CUST_1111,12,Annual,2521.669513688776,3,4.0,2,Enterprise,0,New,4.0,3,30260.034164265315,0.2307692307692307,5.043339027377552,1,0,0.031175701,372772.0762200508,11621.430769868035,0
CUST_1112,19,Monthly,3437.6601506640936,0,26.0,0,SMB,0,Mid-Tenure,26.0,0,65315.54286261778,0.0,0.0,0,1,0.16314512,193539.1316209621,31574.965803712574,0
CUST_1113,44,Annual,4352.657676288292,1,1.0,0,SMB,0,Loyal,1.0,1,191516.93775668487,0.0222222222222222,0.0,0,0,0.00752096,908049.7360545143,6829.405904714843,0
CUST_1114,59,Annual,1792.0932673421448,3,19.0,0,SMB,0,Loyal,19.0,3,105733.50277318654,0.05,0.0,0,0,0.0063324617,381753.5861519044,2417.4399716176626,0
CUST_1115,49,Annual,1326.777531536468,1,1.0,10,SMB,0,Loyal,1.0,1,65012.09904528693,0.02,13.26777531536468,0,0,0.29973745,45523.662616656664,13645.146704920433,0
CUST_1116,61,Monthly,2204.813591827497,4,4.0,0,SMB,0,Loyal,4.0,4,134493.62910147733,0.064516129032258,0.0,0,1,0.056922927,247447.05797240994,14085.410940759168,0
CUST_1117,17,Monthly,4524.723843673351,1,2.0,0,SMB,0,Mid-Tenure,2.0,1,76920.30534244697,0.0555555555555555,0.0,0,1,0.16317974,254699.09478385924,41561.7321439497,0
CUST_1118,57,Monthly,544.3732775171276,4,5.0,0,SMB,0,Loyal,5.0,4,31029.27681847627,0.0689655172413793,0.0,0,1,0.05224233,63892.11755522975,3337.8731668240207,0
CUST_1119,55,Annual,3550.4087722598542,2,10.0,5,SMB,0,Loyal,10.0,2,195272.482474292,0.0357142857142857,17.752043861299274,0,0,0.017155856,634418.3480443509,10883.98975561472,0
CUST_1120,47,Multi-Year,2647.2202088521167,3,4.0,0,SMB,0,Loyal,4.0,3,124419.34981604948,0.0625,0.0,0,0,0.0048148907,579525.7910861707,2790.3533297246813,0
CUST_1121,12,Multi-Year,1224.7079673230603,3,17.0,0,SMB,0,New,17.0,3,14696.495607876725,0.2307692307692307,0.0,0,0,0.06127114,132078.22996132413,8092.58351937482,0
CUST_1122,62,Monthly,1944.5968682351,1,13.0,0,SMB,0,Loyal,13.0,1,120565.0058305762,0.0158730158730158,0.0,0,1,0.09302302,163156.69594005393,15177.328108063348,0
CUST_1123,8,Annual,1512.2751974466523,3,9.0,0,SMB,0,New,9.0,3,12098.20157957322,0.3333333333333333,0.0,0,0,0.0552445,172429.9317416476,9525.80565380714,0
CUST_1124,21,Multi-Year,4450.244755505551,1,26.0,0,SMB,0,Mid-Tenure,26.0,1,93455.13986561658,0.0454545454545454,0.0,0,0,0.032084037,650588.577040365,20873.507729322104,0
CUST_1125,70,Monthly,2668.430227752456,4,23.0,0,Enterprise,0,Loyal,23.0,4,186790.11594267192,0.056338028169014,0.0,1,1,0.028884513,405924.5832376707,11724.934024802009,0
CUST_1126,25,Monthly,3033.924250426217,3,21.0,2,SMB,0,Mid-Tenure,21.0,3,75848.10626065542,0.1153846153846153,6.067848500852434,0,1,0.26410517,115907.32337044469,30611.723454869403,0
CUST_1127,12,Multi-Year,3171.5942870165927,2,24.0,0,Enterprise,0,New,24.0,2,38059.13144419911,0.1538461538461538,0.0,1,0,0.040697925,419625.14197859436,17077.872469398826,0
CUST_1128,15,Monthly,3378.277060710602,3,2.0,0,SMB,0,Mid-Tenure,2.0,3,50674.15591065904,0.1875,0.0,0,1,0.34682506,102159.18112848775,35431.36445427049,0
CUST_1129,59,Multi-Year,2730.000606691685,0,15.0,2,SMB,0,Loyal,15.0,0,161070.0357948094,0.0,5.46000121338337,0,0,0.010539166,541137.3942048668,5703.136662904625,0
CUST_1130,26,Multi-Year,580.4308887634212,3,29.0,5,Enterprise,0,Mid-Tenure,29.0,3,15091.20310784895,0.1111111111111111,2.902154443817106,1,0,0.04661306,72093.46590772782,3360.4970474917563,0
CUST_1131,26,Annual,2006.2520911159336,1,15.0,2,SMB,0,Mid-Tenure,15.0,1,52162.55436901427,0.037037037037037,4.012504182231867,0,0,0.09247725,168974.52810044144,15626.299191952467,0
CUST_1132,47,Multi-Year,1327.4295832444604,3,10.0,0,SMB,0,Loyal,10.0,3,62389.19041248964,0.0625,0.0,0,0,0.007106031,278939.9678310742,1982.1560098787108,0
CUST_1133,32,Annual,3560.642793102546,2,3.0,0,SMB,0,Mid-Tenure,3.0,2,113940.56937928149,0.0606060606060606,0.0,0,0,0.036528185,493801.1236911547,18037.658804314844,0
CUST_1134,10,Annual,755.1709311652099,5,10.0,0,SMB,0,New,10.0,5,7551.709311652099,0.4545454545454545,0.0,0,0,0.28194067,27300.212657630756,7697.040215657086,0
CUST_1135,16,Monthly,3037.1152600024,2,7.0,0,SMB,0,Mid-Tenure,7.0,2,48593.8441600384,0.1176470588235294,0.0,0,1,0.32076794,98297.01574957023,31530.53116075855,0
CUST_1136,71,Monthly,1447.8427502343543,1,15.0,0,SMB,0,Loyal,15.0,1,102796.83526663916,0.0138888888888888,0.0,0,1,0.03859082,196116.41311484535,7568.292931542439,0
CUST_1137,17,Monthly,4769.806273101775,2,22.0,5,SMB,1,Mid-Tenure,22.0,2,81086.70664273018,0.1111111111111111,23.849031365508875,0,1,0.48391876,107202.97147180034,51877.5286205698,0
CUST_1138,23,Annual,2009.9342398394097,3,7.0,0,Enterprise,0,Mid-Tenure,7.0,3,46228.48751630642,0.125,0.0,1,0,0.022659477,331948.58644138725,7521.781308682587,0
CUST_1139,26,Monthly,1963.495361185854,2,8.0,0,Enterprise,0,Mid-Tenure,8.0,2,51050.87939083221,0.074074074074074,0.0,1,1,0.23344596,83126.76182139361,19405.606490897626,0
CUST_1140,7,Monthly,4655.231005958257,1,13.0,0,SMB,0,New,13.0,1,32586.6170417078,0.125,0.0,0,1,0.13555817,301052.61356780573,40810.1422903155,0
CUST_1141,14,Monthly,2378.065641368636,2,7.0,0,Enterprise,0,Mid-Tenure,7.0,2,33292.9189791609,0.1333333333333333,0.0,1,1,0.15776013,137354.49784538397,21669.063213502737,0
CUST_1142,7,Annual,4832.88050383584,2,23.0,0,SMB,0,New,23.0,2,33830.16352685088,0.25,0.0,0,0,0.016905917,866807.746475942,14654.17969096612,0
CUST_1143,9,Multi-Year,608.7665846007657,3,15.0,0,SMB,0,New,15.0,3,5478.899261406891,0.3,0.0,0,0,0.050208587,72899.92968720983,3660.202476534015,0
CUST_1144,48,Multi-Year,1878.5505884096583,1,21.0,0,Enterprise,0,Loyal,21.0,1,90170.4282436636,0.0204081632653061,0.0,1,0,0.0057022213,404698.5344292905,2307.680603284791,0
CUST_1145,59,Monthly,3497.86832119894,0,26.0,0,SMB,0,Loyal,26.0,0,206374.23095073743,0.0,0.0,0,1,0.08108197,320215.0556633197,25963.668025536525,0
CUST_1146,39,Multi-Year,4508.856340374374,1,1.0,5,SMB,0,Loyal,1.0,1,175845.39727460055,0.025,22.54428170187187,0,0,0.044286378,573850.3782092157,25413.7546087206,0
CUST_1147,18,Annual,1653.8251685372777,4,27.0,0,SMB,0,Mid-Tenure,27.0,4,29768.853033671,0.2105263157894736,0.0,0,0,0.07643197,156969.0145753716,11997.450591972574,0
CUST_1148,59,Annual,4687.149163836507,0,22.0,2,SMB,0,Loyal,22.0,0,276541.8006663539,0.0,9.374298327673014,0,0,0.010662344,927194.4696876291,9886.066654360051,0
CUST_1149,17,Annual,3173.546599246347,4,19.0,0,SMB,0,Mid-Tenure,19.0,4,53950.29218718789,0.2222222222222222,0.0,0,0,0.052226834,372529.95163609943,19456.059943812532,0
CUST_1150,14,Monthly,4104.537094390622,1,18.0,5,Enterprise,1,Mid-Tenure,18.0,1,57463.5193214687,0.0666666666666666,20.52268547195311,1,1,0.546682,82547.2263876275,45127.08282926647,1
CUST_1151,31,Multi-Year,2287.4328693810376,1,19.0,0,SMB,0,Mid-Tenure,19.0,1,70910.41895081216,0.03125,0.0,0,0,0.017580045,406173.0756358152,7140.541104715477,0
CUST_1152,24,Monthly,1454.81172155093,3,19.0,5,SMB,1,Mid-Tenure,19.0,3,34915.48131722232,0.12,7.27405860775465,0,1,0.438015,35772.95725281633,15669.092369523461,0
CUST_1153,60,Monthly,4600.559369514619,0,18.0,0,SMB,1,Loyal,18.0,0,276033.5621708771,0.0,0.0,0,1,0.1746927,245698.73374030812,42921.776479399305,0
CUST_1154,45,Annual,4699.111407827984,1,24.0,0,Enterprise,0,Loyal,24.0,1,211460.0133522593,0.0217391304347826,0.0,1,0,0.0041944413,1040500.3510972712,4364.317594797613,0
CUST_1155,3,Monthly,2739.0881486936096,4,29.0,0,SMB,0,New,29.0,4,8217.26444608083,1.0,0.0,0,1,0.5806145,52122.266119450185,30262.943857004975,1
CUST_1156,37,Monthly,529.2275719966543,3,18.0,0,SMB,0,Loyal,18.0,3,19581.42016387621,0.0789473684210526,0.0,0,1,0.037046872,72957.59613307142,2702.8507311604117,0
CUST_1157,43,Annual,994.02329151682,3,17.0,0,Enterprise,0,Loyal,17.0,3,42743.00153522326,0.0681818181818181,0.0,1,0,0.0018577036,230019.43661828522,427.3079243543314,0
CUST_1158,40,Monthly,3078.625821042748,2,12.0,10,SMB,1,Loyal,12.0,2,123145.03284170992,0.048780487804878,30.78625821042748,0,1,0.68581456,50207.63557752812,34433.12747511492,1
CUST_1159,55,Annual,606.995160358488,1,16.0,0,SMB,0,Loyal,16.0,1,33384.73381971684,0.0178571428571428,0.0,0,0,0.008695135,124097.87649287263,1079.0477760477936,0
CUST_1160,39,Annual,2286.103657940129,3,26.0,0,SMB,0,Loyal,26.0,3,89158.04265966502,0.075,0.0,0,0,0.004683698,501671.3169188074,2349.676974740185,0
CUST_1161,15,Annual,1865.1647550740563,3,0.0,0,SMB,0,Mid-Tenure,0.0,3,27977.471326110845,0.1875,0.0,0,0,0.02848146,285188.0889436023,8122.572932431089,0
CUST_1162,4,Annual,3714.567239309921,4,20.0,0,SMB,0,New,20.0,4,14858.268957239685,0.8,0.0,0,0,0.040862493,490574.3074013013,20046.08930861594,0
CUST_1163,25,Annual,750.1040282657087,0,27.0,0,SMB,0,Mid-Tenure,27.0,0,18752.60070664272,0.0,0.0,0,0,0.08777307,65333.87512471371,5734.554777662941,0
CUST_1164,13,Annual,2699.2907103977936,3,27.0,0,SMB,0,Mid-Tenure,27.0,3,35090.779235171314,0.2142857142857142,0.0,0,0,0.037886396,368560.90451786807,13963.444397277211,0
CUST_1165,33,Annual,3106.014214440224,6,4.0,2,Enterprise,1,Mid-Tenure,4.0,6,102498.46907652738,0.1764705882352941,6.212028428880448,1,0,0.48314694,69909.75531789169,33776.68405747194,0
CUST_1166,16,Annual,3277.80984223678,2,27.0,0,SMB,0,Mid-Tenure,27.0,2,52444.95747578848,0.1176470588235294,0.0,0,0,0.0284604,501319.34975858935,14267.749311619813,0
CUST_1167,42,Annual,2323.2095240762337,3,24.0,5,SMB,0,Loyal,24.0,3,97574.80001120182,0.0697674418604651,11.616047620381169,0,0,0.007340561,486191.8535409636,3568.921023224742,0
CUST_1168,66,Multi-Year,1869.6550254329795,5,19.0,0,Enterprise,0,Loyal,19.0,5,123397.23167857665,0.0746268656716417,0.0,1,0,0.087426305,163257.39691236123,14272.99094612265,0
CUST_1169,55,Monthly,3571.2186518171693,4,20.0,5,SMB,0,Loyal,20.0,4,196417.0258499443,0.0714285714285714,17.856093259085846,0,1,0.11419387,261000.14682355107,29804.61725846953,0
CUST_1170,42,Monthly,4314.060716461228,4,12.0,0,SMB,0,Loyal,12.0,4,181190.5500913716,0.0930232558139534,0.0,0,1,0.07784305,404939.71105502103,31521.741234562116,0
CUST_1171,34,Multi-Year,3621.2793700229545,2,5.0,2,SMB,0,Mid-Tenure,5.0,2,123123.49858078043,0.0571428571428571,7.242558740045909,0,0,0.033134956,522708.5474898496,17319.924676334762,0
CUST_1172,30,Monthly,4694.460644557497,1,28.0,0,SMB,0,Mid-Tenure,28.0,1,140833.81933672493,0.032258064516129,0.0,0,1,0.13644694,302142.4179125961,41226.40773951474,0
CUST_1173,13,Monthly,3727.685864110672,3,9.0,0,SMB,0,Mid-Tenure,9.0,3,48459.91623343874,0.2142857142857142,0.0,0,1,0.39196855,101211.34034326312,39671.66214563171,0
CUST_1174,13,Annual,3940.7843030612826,1,22.0,0,SMB,0,Mid-Tenure,22.0,1,51230.19593979667,0.0714285714285714,0.0,0,0,0.034796223,557683.0146550478,19405.2625660079,0
CUST_1175,18,Monthly,1255.5643847093995,4,8.0,0,Enterprise,1,Mid-Tenure,8.0,4,22600.15892476919,0.2105263157894736,0.0,1,1,0.26474148,47870.309401468025,12673.256575780833,0
CUST_1176,32,Monthly,2387.9284003702032,4,28.0,0,SMB,0,Mid-Tenure,28.0,4,76413.7088118465,0.1212121212121212,0.0,0,1,0.18929544,119747.9611482755,22667.7431039054,0
CUST_1177,39,Multi-Year,2682.748989301844,3,5.0,0,SMB,0,Loyal,5.0,3,104627.2105827719,0.075,0.0,0,0,0.0057504424,577448.0928751471,3320.5819909467486,0
CUST_1178,46,Annual,1653.3192303257345,4,0.0,0,SMB,0,Loyal,0.0,4,76052.68459498379,0.0851063829787234,0.0,0,0,0.004896985,361401.1049093738,1769.7757540468276,0
CUST_1179,29,Monthly,2878.429371603296,2,23.0,2,Enterprise,0,Mid-Tenure,23.0,2,83474.45177649558,0.0666666666666666,5.756858743206592,1,1,0.11675772,207133.75626459817,24184.46526331635,0
CUST_1180,62,Multi-Year,1808.5637489983137,4,29.0,15,SMB,1,Loyal,29.0,4,112130.95243789544,0.0634920634920634,27.128456234974703,0,0,0.5894428,33940.11933186248,20005.758616788888,1
CUST_1181,62,Multi-Year,3593.759417619872,5,17.0,0,Enterprise,1,Loyal,17.0,5,222813.08389243204,0.0793650793650793,0.0,1,0,0.32627764,114609.81643947365,37394.6208232093,0
CUST_1182,57,Monthly,2616.298145164292,0,24.0,0,SMB,0,Loyal,24.0,0,149128.99427436464,0.0,0.0,0,1,0.048540555,318605.63741077424,15465.2944471546,0
CUST_1183,16,Monthly,2564.63129421066,2,26.0,0,SMB,1,Mid-Tenure,26.0,2,41034.10070737056,0.1176470588235294,0.0,0,1,0.19287345,126714.45209298472,24439.853303517182,0
CUST_1184,56,Multi-Year,4926.391389647652,5,22.0,2,SMB,0,Loyal,22.0,5,275877.91782026854,0.087719298245614,9.852782779295303,0,0,0.19148645,244803.3746109591,46876.52867479479,0
CUST_1185,10,Annual,2266.0018184415667,2,6.0,10,SMB,0,New,6.0,2,22660.01818441567,0.1818181818181818,22.66001818441567,0,0,0.23258615,96225.59745671088,22380.740801364747,0
CUST_1186,30,Annual,2130.3294466530574,4,25.0,10,SMB,1,Mid-Tenure,25.0,4,63909.88339959172,0.1290322580645161,21.303294466530573,0,0,0.2855075,76194.87623508646,21754.208639768665,0
CUST_1187,25,Multi-Year,1933.7196707719447,0,9.0,10,SMB,1,Mid-Tenure,9.0,0,48342.99176929862,0.0,19.33719670771945,0,0,0.57971257,36849.56712954969,21362.15725350478,1
CUST_1188,5,Annual,4526.371494391091,1,11.0,5,Enterprise,0,New,11.0,1,22631.857471955453,0.1666666666666666,22.631857471955453,1,0,0.028683294,690317.536617497,19800.5805874916,0
CUST_1189,65,Monthly,2735.257217441802,2,20.0,15,SMB,0,Loyal,20.0,2,177791.71913371712,0.0303030303030303,41.02885826162703,0,1,0.1976403,132543.3987570292,26195.91706646027,0
CUST_1190,49,Annual,3200.06514866286,3,23.0,0,SMB,0,Loyal,23.0,3,156803.19228448014,0.06,0.0,0,0,0.007475676,668122.2858806374,4994.665747657827,0
CUST_1191,3,Monthly,1313.6831555107774,6,25.0,10,Enterprise,1,New,25.0,6,3941.049466532332,1.5,13.136831555107774,1,1,0.6030734,24138.476839654413,14557.273736393541,1
CUST_1192,45,Annual,2934.2406200221712,5,14.0,2,SMB,0,Loyal,14.0,5,132040.8279009977,0.108695652173913,5.868481240044343,0,0,0.09204523,247885.04000612252,22816.636178714918,0
CUST_1193,14,Annual,1735.9168679081972,3,16.0,0,SMB,0,Mid-Tenure,16.0,3,24302.83615071476,0.2,0.0,0,0,0.06903623,174997.16564085486,12081.144654387817,0
CUST_1194,30,Monthly,3787.8661456829486,2,2.0,0,SMB,0,Mid-Tenure,2.0,2,113635.98437048846,0.064516129032258,0.0,0,1,0.32807973,120224.3565987341,39443.17448507266,0
CUST_1195,68,Annual,4246.37756956572,4,24.0,0,SMB,0,Loyal,24.0,4,288753.67473046895,0.0579710144927536,0.0,0,0,0.009204347,860689.0041919367,7922.079983928516,0
CUST_1196,18,Monthly,3716.648114590749,1,14.0,2,SMB,0,Mid-Tenure,14.0,1,66899.66606263348,0.0526315789473684,7.433296229181498,0,1,0.28299373,133935.78088809742,37902.98673404519,0
CUST_1197,62,Monthly,3786.098748216158,2,0.0,0,SMB,0,Loyal,0.0,2,234738.1223894018,0.0317460317460317,0.0,0,1,0.07794944,355086.9991453254,27678.833433965043,0
CUST_1198,37,Annual,2806.1361685378265,1,10.0,0,Enterprise,0,Loyal,10.0,1,103827.03823589958,0.0263157894736842,0.0,1,0,0.013222996,532616.8590323479,7042.79067400604,0
CUST_1199,25,Monthly,3704.5312535036087,4,23.0,2,SMB,0,Mid-Tenure,23.0,4,92613.28133759022,0.1538461538461538,7.409062507007217,0,1,0.41049516,96536.02808157232,39627.57248716556,0
CUST_1200,48,Annual,2402.0912097867213,1,5.0,0,Enterprise,0,Loyal,5.0,1,115300.37806976262,0.0204081632653061,0.0,1,0,0.006139241,513457.1387109593,3152.2371993373104,0
CUST_1201,65,Monthly,3431.7011908832587,2,27.0,2,SMB,0,Loyal,27.0,2,223060.57740741185,0.0303030303030303,6.863402381766518,0,1,0.0704414,341912.4313491173,24084.79119467556,0
CUST_1202,53,Annual,1665.676445542316,1,28.0,2,SMB,0,Loyal,28.0,1,88280.85161374275,0.0185185185185185,3.331352891084632,0,0,0.014554354,309632.35594148206,4506.499030372005,0
CUST_1203,15,Multi-Year,813.9065554040457,3,15.0,10,Enterprise,0,Mid-Tenure,15.0,3,12208.598331060684,0.1875,8.139065554040457,1,0,0.18108092,42266.054184852255,7653.576081568593,0
CUST_1204,49,Annual,2360.629688548858,1,25.0,0,SMB,0,Loyal,25.0,1,115670.85473889404,0.02,0.0,0,0,0.0057018697,508556.6431240913,2899.7237274775066,0
CUST_1205,68,Monthly,2578.001701012205,4,20.0,5,Enterprise,0,Loyal,20.0,4,175304.11566882994,0.0579710144927536,12.890008505061026,1,1,0.024565812,414882.091271682,10191.91553945112,0
CUST_1206,12,Multi-Year,1653.8322118491049,1,11.0,0,SMB,0,New,11.0,1,19845.986542189257,0.0769230769230769,0.0,0,0,0.041378167,217185.2110274733,8986.725828999999,0
CUST_1207,59,Monthly,3774.69283283257,2,21.0,0,Enterprise,0,Loyal,21.0,2,222706.87713712163,0.0333333333333333,0.0,1,1,0.086124636,332756.16934594844,28658.50403915742,0
CUST_1208,37,Monthly,830.9771553932565,4,26.0,0,SMB,0,Loyal,26.0,4,30746.15474955049,0.1052631578947368,0.0,0,1,0.07318755,80947.50897464876,5924.350054123075,0
CUST_1209,61,Monthly,1502.3674597063489,2,20.0,0,SMB,0,Loyal,20.0,2,91644.41504208728,0.032258064516129,0.0,0,1,0.077372745,141540.56257224118,10951.381809687873,0
CUST_1210,43,Monthly,3868.541233041321,3,14.0,15,SMB,0,Loyal,14.0,3,166347.2730207768,0.0681818181818181,58.028118495619815,0,1,0.42982617,96748.56547158757,41585.0653695837,0
CUST_1211,70,Multi-Year,2467.059231830056,2,24.0,0,Enterprise,0,Loyal,24.0,2,172694.14622810393,0.028169014084507,0.0,1,0,0.004610883,542102.7403874082,2499.572348947207,0
CUST_1212,39,Monthly,3673.776308176906,2,17.0,5,SMB,0,Loyal,17.0,2,143277.2760188993,0.05,18.36888154088453,0,1,0.14133194,230412.7380921701,32564.679480197832,0
CUST_1213,56,Annual,3053.686450026183,5,9.0,0,Enterprise,0,Loyal,9.0,5,171006.44120146625,0.087719298245614,0.0,1,0,0.21450661,138538.07904107418,29717.333861136136,0
CUST_1214,63,Annual,4778.207374988131,0,21.0,0,SMB,0,Loyal,21.0,0,301027.06462425226,0.0,0.0,0,0,0.010447788,948562.2014842557,9910.37683549348,0
CUST_1215,46,Monthly,3190.0812472527487,3,11.0,0,SMB,0,Loyal,11.0,3,146743.73737362644,0.0638297872340425,0.0,0,1,0.06810007,324140.1357846953,22073.966728778898,0
CUST_1216,11,Annual,566.9103845548386,2,19.0,0,SMB,0,New,19.0,2,6236.014230103225,0.1666666666666666,0.0,0,0,0.07277069,55411.63150189069,4032.3427918542334,0
CUST_1217,62,Monthly,2087.948077269504,4,18.0,10,SMB,0,Loyal,18.0,4,129452.78079070924,0.0634920634920634,20.87948077269504,0,1,0.56477326,40755.47524356963,23017.602679212447,1
CUST_1218,25,Monthly,1143.7730699211847,2,27.0,2,SMB,0,Mid-Tenure,27.0,2,28594.32674802962,0.0769230769230769,2.287546139842369,0,1,0.21359383,52069.796998828984,11121.787144292855,0
CUST_1219,71,Monthly,4660.851549189664,1,4.0,0,SMB,0,Loyal,4.0,1,330920.45999246615,0.0138888888888888,0.0,0,1,0.024167072,754111.1776310019,18224.65914686926,0
CUST_1220,52,Multi-Year,968.0560442828614,3,17.0,2,Enterprise,0,Loyal,17.0,3,50338.91430270879,0.0566037735849056,1.9361120885657228,1,0,0.007463716,202156.65110721765,1508.839825415013,0
CUST_1221,4,Multi-Year,2244.679984089894,0,18.0,0,SMB,0,New,18.0,0,8978.719936359576,0.0,0.0,0,0,0.107577085,170939.5768674367,18389.181475146528,0
CUST_1222,59,Monthly,1517.4463713201148,3,22.0,0,SMB,0,Loyal,22.0,3,89529.33590788678,0.05,0.0,0,1,0.06586315,157162.62967395573,10351.225440524728,0
CUST_1223,20,Monthly,4310.2489567853,5,11.0,0,SMB,1,Mid-Tenure,11.0,5,86204.979135706,0.238095238095238,0.0,0,1,0.75738496,64062.36125761348,48519.86865486007,1
CUST_1224,63,Annual,1888.5492391501264,2,0.0,0,Enterprise,0,Loyal,0.0,2,118978.60206645796,0.03125,0.0,1,0,0.008458851,387667.40967532917,3279.220819287149,0
CUST_1225,54,Monthly,4963.520674141902,5,1.0,15,SMB,1,Loyal,1.0,5,268030.1164036627,0.0909090909090909,74.45281011212853,0,1,0.95790786,59094.933192137745,56607.50072562944,1
CUST_1226,57,Multi-Year,673.7747252551289,3,2.0,0,SMB,0,Loyal,2.0,3,38405.15933954235,0.0517241379310344,0.0,0,0,0.00483231,147454.97279026304,712.548159678097,0
CUST_1227,41,Annual,1077.2454760815465,3,25.0,0,SMB,0,Loyal,25.0,3,44167.0645193434,0.0714285714285714,0.0,0,0,0.0046806163,236408.19614254514,1106.536059971904,0
CUST_1228,3,Monthly,1510.874493930991,0,28.0,0,Enterprise,0,New,28.0,0,4532.6234817929735,0.0,0.0,1,1,0.41451597,39030.93660797098,16178.946631488321,0
CUST_1229,6,Multi-Year,4149.977180900718,3,29.0,0,Enterprise,0,New,29.0,3,24899.863085404308,0.4285714285714285,0.0,1,0,0.021564119,695875.5876435005,15005.943677827301,0
CUST_1230,5,Monthly,4453.327440788071,0,11.0,0,Enterprise,0,New,11.0,0,22266.637203940358,0.0,0.0,1,1,0.11892848,316346.4865611162,37622.60590418704,0
CUST_1231,5,Multi-Year,821.5312127424006,3,13.0,0,Enterprise,0,New,13.0,3,4107.656063712003,0.5,0.0,1,0,0.043535028,105397.67530680205,4588.490709041318,0
CUST_1232,54,Multi-Year,646.0706379302438,4,6.0,2,SMB,0,Loyal,6.0,4,34887.81444823317,0.0727272727272727,1.2921412758604878,0,0,0.01519295,118921.56019749549,1806.7693351760174,0
CUST_1233,47,Monthly,3850.505856970607,2,3.0,0,SMB,0,Loyal,3.0,2,180973.7752776185,0.0416666666666666,0.0,0,1,0.07842972,359777.06880547,28217.215235044958,0
CUST_1234,49,Monthly,1100.0840303912605,1,11.0,0,SMB,0,Loyal,11.0,1,53904.11748917177,0.02,0.0,0,1,0.22374299,48224.09409833546,10789.803084902354,0
CUST_1235,9,Multi-Year,1098.4936418358764,0,23.0,0,SMB,0,New,23.0,0,9886.442776522888,0.0,0.0,0,0,0.25832897,42752.78774747436,11044.283805003852,0
CUST_1236,20,Multi-Year,600.6494052249317,3,7.0,0,SMB,0,Mid-Tenure,7.0,3,12012.988104498634,0.1428571428571428,0.0,0,0,0.08242534,54429.10677013977,4486.33768640357,0
CUST_1237,61,Monthly,724.1354491253984,1,0.0,5,SMB,0,Loyal,0.0,1,44172.262396649305,0.0161290322580645,3.620677245626992,0,1,0.15549107,42287.120114470796,6575.269509806681,0
CUST_1238,35,Multi-Year,1686.5395636797011,4,4.0,0,SMB,0,Mid-Tenure,4.0,4,59028.88472878954,0.1111111111111111,0.0,0,0,0.023724169,274516.1591284576,6512.66762585544,0
CUST_1239,50,Monthly,792.5247023486284,3,0.0,0,SMB,0,Loyal,0.0,3,39626.23511743142,0.0588235294117647,0.0,0,1,0.0739899,76702.18955541226,5675.187179003266,0
CUST_1240,62,Monthly,2159.9559124667403,2,14.0,0,SMB,0,Loyal,14.0,2,133917.2665729379,0.0317460317460317,0.0,0,1,0.095018156,178732.5869274937,16982.840804229272,0
CUST_1241,17,Multi-Year,4247.487640523071,4,12.0,10,SMB,1,Mid-Tenure,12.0,4,72207.2898888922,0.2222222222222222,42.47487640523071,0,0,0.5729389,81821.58659663734,46878.77138105565,1
CUST_1242,3,Monthly,1968.4411579471669,1,28.0,5,Enterprise,1,New,28.0,1,5905.3234738415,0.25,9.842205789735834,1,1,0.33438328,61452.44720065593,20548.670802762947,0
CUST_1243,32,Multi-Year,3775.253731607172,6,22.0,0,SMB,0,Mid-Tenure,22.0,6,120808.1194114295,0.1818181818181818,0.0,0,0,0.25527003,148403.17736225706,37882.88414206947,0
CUST_1244,13,Monthly,922.5948417396354,4,12.0,0,Enterprise,0,Mid-Tenure,12.0,4,11993.73294261526,0.2857142857142857,0.0,1,1,0.24691787,37286.86832276634,9206.794240243202,0
CUST_1245,68,Annual,3467.188343387718,1,3.0,0,SMB,0,Loyal,3.0,1,235768.8073503648,0.0144927536231884,0.0,0,0,0.009202524,702778.4639799618,6467.335743530318,0
CUST_1246,14,Monthly,1925.3623246584573,2,14.0,2,SMB,0,Mid-Tenure,14.0,2,26955.0725452184,0.1333333333333333,3.8507246493169145,0,1,0.24710116,77765.92703940417,19216.050616889188,0
CUST_1247,11,Annual,3873.887954136672,3,11.0,0,SMB,0,New,11.0,3,42612.76749550339,0.25,0.0,0,0,0.018607441,677574.531852882,12607.9283521636,0
CUST_1248,56,Annual,1113.1340632537183,3,7.0,0,SMB,0,Loyal,7.0,3,62335.50754220822,0.0526315789473684,0.0,0,0,0.011476048,217281.51330096764,2493.5331344680735,0
CUST_1249,67,Monthly,4540.475199940169,2,15.0,0,Enterprise,0,Loyal,15.0,2,304211.8383959913,0.0294117647058823,0.0,1,1,0.018737622,792661.9743783723,14852.600136888253,0
CUST_1250,29,Annual,1591.5974130407146,2,11.0,0,SMB,0,Mid-Tenure,11.0,2,46156.32497818072,0.0666666666666666,0.0,0,0,0.030259013,237969.15648361933,7200.711841510961,0
CUST_1251,9,Monthly,2089.120069765294,1,23.0,0,Enterprise,0,New,23.0,1,18802.080627887644,0.1,0.0,1,1,0.22800449,90176.38592753862,20560.620465820306,0
CUST_1252,67,Monthly,4775.813198681188,4,24.0,0,SMB,0,Loyal,24.0,4,319979.4843116396,0.0588235294117647,0.0,0,1,0.11533693,346624.048586978,39978.55440529511,0
CUST_1253,25,Multi-Year,3103.1706187888653,3,26.0,0,SMB,0,Mid-Tenure,26.0,3,77579.26546972163,0.1153846153846153,0.0,0,0,0.022368629,514560.6293448016,11510.015574848761,0
CUST_1254,42,Monthly,2145.971835333599,2,5.0,0,SMB,0,Loyal,5.0,2,90130.81708401116,0.0465116279069767,0.0,0,1,0.049914308,257737.46938806228,12864.787402423795,0
CUST_1255,9,Annual,4773.209661651343,0,22.0,0,SMB,0,New,22.0,0,42958.886954862086,0.0,0.0,0,0,0.011944075,924681.1096249303,11044.460630804875,0
CUST_1256,40,Annual,1980.848376005144,1,14.0,0,SMB,0,Loyal,14.0,1,79233.93504020576,0.024390243902439,0.0,0,0,0.010908067,390263.2492496188,4257.01775881201,0
CUST_1257,25,Annual,926.918207038309,3,6.0,0,SMB,0,Mid-Tenure,6.0,3,23172.95517595773,0.1153846153846153,0.0,0,0,0.017483376,164826.04179647876,2881.7156578059444,0
CUST_1258,5,Monthly,4985.819995367389,2,4.0,5,Enterprise,0,New,4.0,2,24929.099976836947,0.3333333333333333,24.929099976836948,1,1,0.09116576,423826.84451037593,38638.49582423623,0
CUST_1259,11,Monthly,1705.3021425151123,1,22.0,0,SMB,0,New,22.0,1,18758.32356766624,0.0833333333333333,0.0,0,1,0.32746825,54212.838480467864,17752.983139890555,0
CUST_1260,59,Monthly,4330.660319148234,1,14.0,0,SMB,0,Loyal,14.0,1,255508.9588297458,0.0166666666666666,0.0,0,1,0.15411702,254598.6860954251,39237.99028377076,0
CUST_1261,38,Annual,1244.9335767038926,0,24.0,2,Enterprise,0,Loyal,24.0,0,47307.47591474792,0.0,2.4898671534077854,1,0,0.020250613,212655.82968761737,4306.410881522553,0
CUST_1262,5,Multi-Year,3791.092872998201,1,27.0,0,SMB,0,New,27.0,1,18955.464364991007,0.1666666666666666,0.0,0,0,0.04920153,458592.870250571,22563.470621771554,0
CUST_1263,48,Annual,2860.022275125134,2,29.0,0,SMB,0,Loyal,29.0,2,137281.06920600642,0.0408163265306122,0.0,0,0,0.010859717,563924.1973431489,6124.057014187893,0
CUST_1264,18,Monthly,4914.079512305583,0,11.0,0,SMB,0,Mid-Tenure,11.0,0,88453.4312215005,0.0,0.0,0,1,0.102427,386866.8481912052,39625.61000867716,0
CUST_1265,70,Monthly,2987.7366024157977,3,10.0,0,Enterprise,0,Loyal,10.0,3,209141.56216910583,0.0422535211267605,0.0,1,1,0.046107028,373051.1682302763,17200.280539530973,0
CUST_1266,37,Monthly,612.5681835088435,1,3.0,0,SMB,0,Loyal,3.0,1,22665.02278982721,0.0263157894736842,0.0,0,1,0.37010625,17497.52114538898,6475.941936249967,0
CUST_1267,60,Monthly,3217.450953308396,0,12.0,0,SMB,0,Loyal,12.0,0,193047.05719850372,0.0,0.0,0,1,0.1298732,214647.9398313393,27877.015087834498,0
CUST_1268,48,Monthly,1153.9240535148172,5,17.0,2,Enterprise,0,Loyal,17.0,5,55388.35456871122,0.1020408163265306,2.3078481070296344,1,1,0.056016672,130612.36719708402,7316.470185009807,0
CUST_1269,28,Monthly,4093.434118769392,1,7.0,2,Enterprise,1,Mid-Tenure,7.0,1,114616.15532554298,0.0344827586206896,8.186868237538784,1,1,0.3687101,117315.55544128222,43255.43025465819,0
CUST_1270,69,Monthly,4354.556884204545,3,6.0,0,SMB,0,Loyal,6.0,3,300464.4250101136,0.0428571428571428,0.0,0,1,0.063591264,460023.7608709977,29253.49251043819,0
CUST_1271,40,Monthly,2669.4208345762145,1,21.0,2,Enterprise,0,Loyal,21.0,1,106776.83338304858,0.024390243902439,5.338841669152429,1,1,0.049649872,321455.9935873487,15960.248898526863,0
CUST_1272,45,Monthly,4024.496556735344,3,22.0,0,SMB,0,Loyal,22.0,3,181102.34505309048,0.0652173913043478,0.0,0,1,0.07086306,399575.8227002875,28315.165759566633,0
CUST_1273,62,Monthly,1152.998309667223,0,27.0,0,SMB,0,Loyal,27.0,0,71485.89519936783,0.0,0.0,0,1,0.16088964,65607.67936242865,10555.595943411365,0
CUST_1274,58,Monthly,2714.351839410407,4,15.0,0,SMB,0,Loyal,15.0,4,157432.4066858036,0.0677966101694915,0.0,0,1,0.05435413,312131.61014131544,16965.6424960838,0
CUST_1275,67,Monthly,2272.749191107631,3,2.0,0,SMB,1,Loyal,2.0,3,152274.19580421125,0.0441176470588235,0.0,0,1,0.041585427,297787.443166588,12383.617913093238,0
CUST_1276,56,Annual,3250.9282417388663,1,21.0,0,SMB,0,Loyal,21.0,1,182051.9815373765,0.0175438596491228,0.0,0,0,0.010392654,645958.3308875479,6713.221273616963,0
CUST_1277,40,Monthly,700.1473496142199,1,25.0,0,SMB,1,Loyal,25.0,1,28005.8939845688,0.024390243902439,0.0,0,1,0.33728564,21693.98272365666,7317.06880057538,0
CUST_1278,40,Monthly,3884.552772118823,1,29.0,0,SMB,0,Loyal,29.0,1,155382.11088475294,0.024390243902439,0.0,0,1,0.05224338,455918.3570758343,23818.71677037675,0
CUST_1279,33,Monthly,856.0818026360765,0,15.0,2,Enterprise,0,Mid-Tenure,15.0,0,28250.699486990525,0.0,1.7121636052721532,1,1,0.34732768,25855.186678763464,8980.2219894769,0
CUST_1280,6,Monthly,3454.1218288857417,3,15.0,0,SMB,0,New,15.0,3,20724.73097331445,0.4285714285714285,0.0,0,1,0.31197464,114509.29282739172,35723.99594020217,0
CUST_1281,19,Monthly,583.057514929749,3,6.0,0,SMB,1,Mid-Tenure,6.0,3,11078.092783665232,0.15,0.0,0,1,0.42782104,14642.908990261654,6264.544555086827,0
CUST_1282,40,Monthly,4243.496286905283,2,22.0,0,SMB,0,Loyal,22.0,2,169739.85147621133,0.048780487804878,0.0,0,1,0.079015836,394695.39671022503,31187.186783636094,0
CUST_1283,59,Annual,1286.148336007016,4,12.0,0,SMB,0,Loyal,12.0,4,75882.75182441395,0.0666666666666666,0.0,0,0,0.008480707,263912.3240328896,2238.1631422346977,0
CUST_1284,59,Monthly,2819.738641896457,4,12.0,2,Enterprise,0,Loyal,12.0,4,166364.57987189095,0.0666666666666666,5.639477283792914,1,1,0.044742115,357147.0001766094,15979.512097355515,0
CUST_1285,48,Monthly,1676.718066774287,1,20.0,15,SMB,1,Loyal,20.0,1,80482.46720516578,0.0204081632653061,25.150771001614302,0,1,0.7118693,26409.538357825943,18800.13956857392,1
CUST_1286,41,Multi-Year,3751.912409274808,2,18.0,2,SMB,0,Loyal,18.0,2,153828.4087802671,0.0476190476190476,7.503824818549615,0,0,0.008395112,771005.4144013848,6472.676898729911,0
CUST_1287,13,Monthly,1946.0799508537457,2,17.0,5,Enterprise,0,Mid-Tenure,17.0,2,25299.03936109869,0.1428571428571428,9.730399754268728,1,1,0.28860438,68968.27110659395,19904.54503274939,0
CUST_1288,45,Monthly,3760.7413711474273,1,28.0,0,SMB,0,Loyal,28.0,1,169233.36170163422,0.0217391304347826,0.0,0,1,0.0694822,377703.91592074826,26243.698969263634,0
CUST_1289,53,Multi-Year,1781.9204307596442,3,6.0,0,SMB,0,Loyal,6.0,3,94441.78283026116,0.0555555555555555,0.0,0,0,0.0064146286,379033.6845076221,2431.3603083298967,0
CUST_1290,42,Multi-Year,3886.12890921092,3,19.0,0,SMB,0,Loyal,19.0,3,163217.41418685863,0.0697674418604651,0.0,0,0,0.0063417335,827691.016569348,5248.995850809441,0
CUST_1291,63,Monthly,637.724733516069,2,17.0,10,SMB,0,Loyal,17.0,2,40176.658211512346,0.03125,6.377247335160691,0,1,0.3314845,20060.308168198848,6649.681154645376,0
CUST_1292,27,Monthly,1774.901009182318,1,28.0,0,SMB,0,Mid-Tenure,28.0,1,47922.327247922585,0.0357142857142857,0.0,0,1,0.12577444,121171.26978000526,15240.248982306075,0
CUST_1293,38,Monthly,2743.850778981255,1,23.0,0,SMB,0,Loyal,23.0,1,104266.3296012877,0.0256410256410256,0.0,0,1,0.07337677,266875.27048529865,19582.444630484697,0
CUST_1294,60,Monthly,702.7681186387647,4,17.0,0,SMB,0,Loyal,17.0,4,42166.08711832588,0.0655737704918032,0.0,0,1,0.09127374,59694.162591783825,5448.509471978454,0
CUST_1295,7,Annual,1337.153276170754,5,21.0,0,Enterprise,1,New,21.0,5,9360.07293319528,0.625,0.0,1,0,0.6700253,22285.104832036097,14931.58380678809,1
CUST_1296,5,Monthly,4705.416417385414,1,3.0,0,SMB,1,New,3.0,1,23527.082086927072,0.1666666666666666,0.0,0,1,0.1330038,308545.4924240746,41037.723306958454,0
CUST_1297,45,Monthly,4895.754193310851,2,8.0,2,SMB,0,Loyal,8.0,2,220308.93869898832,0.0434782608695652,9.791508386621702,0,1,0.2312453,208889.00952672653,48304.60046593165,0
CUST_1298,58,Multi-Year,3828.874763257186,3,20.0,0,SMB,0,Loyal,20.0,3,222074.7362689168,0.0508474576271186,0.0,0,0,0.010236603,762767.0694277681,7808.143829774262,0
CUST_1299,31,Multi-Year,1634.9002277761078,2,15.0,5,SMB,0,Mid-Tenure,15.0,2,50681.90706105934,0.0625,8.17450113888054,0,0,0.044430166,207759.9149000071,9230.807607485733,0
CUST_1300,23,Monthly,1672.3285044618606,2,3.0,10,SMB,1,Mid-Tenure,3.0,2,38463.55560262279,0.0833333333333333,16.723285044618606,0,1,0.7040708,26612.808191514596,18737.301326717203,1
CUST_1301,42,Annual,3406.056610077828,1,7.0,5,Enterprise,0,Loyal,7.0,1,143054.37762326878,0.0232558139534883,17.030283050389137,1,0,0.014964731,629151.7996472397,9415.08769793078,0
CUST_1302,10,Monthly,1029.198274694158,4,2.0,5,SMB,0,New,2.0,4,10291.98274694158,0.3636363636363636,5.14599137347079,0,1,0.26668996,38998.32814430666,10400.462424218264,0
CUST_1303,32,Multi-Year,4767.39221193665,3,29.0,0,SMB,0,Mid-Tenure,29.0,3,152556.5507819728,0.0909090909090909,0.0,0,0,0.015263845,876575.7904704604,13379.917182991736,0
CUST_1304,53,Monthly,1511.6580477958305,2,28.0,10,SMB,1,Loyal,28.0,2,80117.87653317902,0.037037037037037,15.116580477958305,0,1,0.79493105,21469.084642192884,17066.44208550889,1
CUST_1305,30,Monthly,4998.360314414497,2,8.0,0,SMB,0,Mid-Tenure,8.0,2,149950.8094324349,0.064516129032258,0.0,0,1,0.13207339,329429.3887598275,43508.85531675868,0
CUST_1306,39,Monthly,2730.802078861072,6,7.0,5,Enterprise,0,Loyal,7.0,6,106501.2810755818,0.15,13.65401039430536,1,1,0.12899318,183077.50537852178,23615.75022302026,0
CUST_1307,31,Monthly,3971.4349504682136,1,29.0,0,Enterprise,0,Mid-Tenure,29.0,1,123114.48346451462,0.03125,0.0,1,1,0.11270224,292910.63975926733,33011.6861082426,0
CUST_1308,2,Monthly,509.82842527500753,3,11.0,0,SMB,1,New,11.0,3,1019.6568505500152,1.0,0.0,0,1,0.14260405,31764.342972132377,4529.7240493585905,0
CUST_1309,12,Annual,4499.358821382389,2,13.0,0,Enterprise,0,New,13.0,2,53992.30585658866,0.1538461538461538,0.0,1,0,0.02621731,708399.5331201267,18572.329992280498,0
CUST_1310,39,Annual,1715.009201512612,2,27.0,0,SMB,0,Loyal,27.0,2,66885.35885899187,0.05,0.0,0,0,0.0070567983,360695.14216225775,2545.35287333787,0
CUST_1311,66,Monthly,3505.715350466294,2,23.0,10,SMB,0,Loyal,23.0,2,231377.2131307754,0.0298507462686567,35.057153504662935,0,1,0.56177044,68765.3091647264,38630.31792761284,1
CUST_1312,13,Monthly,4128.5987635711535,1,9.0,2,Enterprise,0,Mid-Tenure,9.0,1,53671.78392642499,0.0714285714285714,8.257197527142306,1,1,0.23064955,176530.4324641414,40716.66406574846,0
CUST_1313,46,Monthly,1238.6648325155093,5,20.0,0,SMB,0,Loyal,20.0,5,56978.58229571342,0.1063829787234042,0.0,0,1,0.14702365,75442.60988021987,11091.847721011618,0
CUST_1314,27,Multi-Year,2491.2926659815303,2,16.0,0,SMB,0,Mid-Tenure,16.0,2,67264.90198150132,0.0714285714285714,0.0,0,0,0.015324714,457644.7277356406,7013.27441159471,0
CUST_1315,17,Multi-Year,2722.261732933656,4,10.0,2,SMB,0,Mid-Tenure,10.0,4,46278.44945987215,0.2222222222222222,5.444523465867312,0,0,0.056409243,306995.32760265254,17317.3741863419,0
CUST_1316,60,Multi-Year,1904.5375940264205,2,9.0,0,SMB,0,Loyal,9.0,2,114272.25564158525,0.0327868852459016,0.0,0,0,0.0056317686,410816.55261083797,2313.6237655970576,0
CUST_1317,64,Multi-Year,2667.9012337804165,3,12.0,2,SMB,0,Loyal,12.0,3,170745.67896194666,0.0461538461538461,5.335802467560833,0,0,0.008779387,544660.5609867485,4781.785842969153,0
CUST_1318,35,Monthly,1928.9554594490207,2,24.0,0,Enterprise,0,Mid-Tenure,24.0,2,67513.44108071573,0.0555555555555555,0.0,1,1,0.16451181,107907.65005599348,17752.083332178434,0
CUST_1319,70,Monthly,2123.364852748441,1,1.0,0,SMB,0,Loyal,1.0,1,148635.53969239088,0.0140845070422535,0.0,0,1,0.028886026,323002.4373109013,9330.256728419581,0
CUST_1320,30,Annual,3511.990304162325,2,0.0,10,SMB,1,Mid-Tenure,0.0,2,105359.70912486975,0.064516129032258,35.119903041623246,0,0,0.32372373,112767.4764441915,36505.50848344525,0
CUST_1321,71,Multi-Year,3346.6697073724868,2,21.0,0,SMB,0,Loyal,21.0,2,237613.54922344652,0.0277777777777777,0.0,0,0,0.0068632737,706256.1362210974,4847.229151213147,0
CUST_1322,63,Monthly,1545.1957660888636,1,0.0,0,SMB,0,Loyal,0.0,1,97347.3332635984,0.015625,0.0,0,1,0.034158796,220325.74983396198,7526.062357990167,0
CUST_1323,28,Monthly,4538.672981579411,7,15.0,5,Enterprise,1,Mid-Tenure,15.0,7,127082.8434842235,0.2413793103448276,22.693364907897053,1,1,0.52016765,95522.91287588354,49687.928996436895,1
CUST_1324,60,Multi-Year,4382.548455521258,2,9.0,5,Enterprise,0,Loyal,9.0,2,262952.90733127546,0.0327868852459016,21.912742277606288,1,0,0.008984032,891607.0690790936,8010.226517627591,0
CUST_1325,37,Monthly,2790.8748801047823,3,25.0,15,Enterprise,1,Loyal,25.0,3,103262.37056387696,0.0789473684210526,41.86312320157173,1,1,0.5200784,58747.176964521444,30553.13901271039,1
CUST_1326,22,Monthly,2449.6283421308767,1,28.0,0,SMB,0,Mid-Tenure,28.0,1,53891.823526879285,0.0434782608695652,0.0,0,1,0.113264754,180048.2948543549,20393.12589943851,0
CUST_1327,68,Annual,2195.851923428489,3,9.0,0,Enterprise,0,Loyal,9.0,3,149317.93079313726,0.0434782608695652,0.0,1,0,0.004923522,479762.0680090491,2362.1190998321968,0
CUST_1328,20,Monthly,3682.705633998976,2,6.0,0,SMB,0,Mid-Tenure,6.0,2,73654.11267997952,0.0952380952380952,0.0,0,1,0.2601841,142471.7275878739,37068.87953019867,0
CUST_1329,68,Monthly,3522.497257442617,2,29.0,0,SMB,0,Loyal,29.0,2,239529.81350609797,0.0289855072463768,0.0,0,1,0.040413737,467517.1024480627,18894.113360217805,0
CUST_1330,64,Annual,1382.812731220904,3,6.0,2,Enterprise,0,Loyal,6.0,3,88500.01479813785,0.0461538461538461,2.765625462441808,1,0,0.01268942,264697.8043828848,3358.8616187342545,0
CUST_1331,17,Annual,3521.561140851626,2,28.0,0,SMB,0,Mid-Tenure,28.0,2,59866.53939447765,0.1111111111111111,0.0,0,0,0.011723196,684649.1611298173,8026.276398883709,0
CUST_1332,12,Multi-Year,1635.94037345918,2,0.0,0,SMB,0,New,0.0,2,19631.28448151016,0.1538461538461538,0.0,0,0,0.023740409,266221.53390075767,6320.208083998027,0
CUST_1333,22,Monthly,583.512514355865,5,25.0,5,Enterprise,0,Mid-Tenure,25.0,5,12837.27531582903,0.217391304347826,2.917562571779325,1,1,0.1800191,30441.60419183261,5480.070053401801,0
CUST_1334,17,Monthly,3646.439048918197,0,12.0,10,Enterprise,1,Mid-Tenure,12.0,0,61989.46383160935,0.0,36.464390489181966,1,1,0.8908703,46507.227705069636,41431.90664735553,1
CUST_1335,10,Annual,3401.571211073373,2,4.0,0,SMB,0,New,4.0,2,34015.71211073373,0.1818181818181818,0.0,0,0,0.030923609,504412.18350975367,15598.24498157643,0
CUST_1336,65,Annual,2348.6416806845364,9,2.0,0,Enterprise,0,Loyal,2.0,9,152661.70924449485,0.1363636363636363,0.0,1,0,0.03548656,329685.7402937192,11699.412907893455,0
CUST_1337,22,Monthly,2865.5872516377776,0,28.0,2,Enterprise,0,Mid-Tenure,28.0,0,63042.91953603111,0.0,5.731174503275556,1,1,0.10176693,226578.0029588413,23058.14754696633,0
CUST_1338,50,Annual,4762.261362675919,4,12.0,0,Enterprise,0,Loyal,12.0,4,238113.068133796,0.0784313725490196,0.0,1,0,0.01017491,949683.7510724333,9662.946321996,0
CUST_1339,14,Monthly,3178.400814074469,3,26.0,2,SMB,0,Mid-Tenure,26.0,3,44497.611397042565,0.2,6.356801628148938,0,1,0.24591537,128890.94062639002,31696.26312169906,0
CUST_1340,64,Monthly,3460.477709014392,0,11.0,5,SMB,0,Loyal,11.0,0,221470.5733769211,0.0,17.30238854507196,0,1,0.176174,183600.82534986446,32345.69178785258,0
CUST_1341,47,Monthly,787.600944271135,1,29.0,0,Enterprise,0,Loyal,29.0,1,37017.24438074335,0.0208333333333333,0.0,1,1,0.12185137,54996.428073474075,6701.390091482044,0
CUST_1342,29,Monthly,1246.9750730380636,1,17.0,0,SMB,0,Mid-Tenure,17.0,1,36162.27711810384,0.0333333333333333,0.0,0,1,0.23434123,52625.85394404336,12332.407551905528,0
CUST_1343,36,Monthly,1854.2852438521468,4,26.0,0,SMB,1,Mid-Tenure,26.0,4,66754.26877867729,0.1081081081081081,0.0,0,1,0.3556502,54853.721286766406,19508.736207980128,0
CUST_1344,52,Annual,2927.206931126644,3,4.0,0,SMB,0,Loyal,4.0,3,152214.7604185855,0.0566037735849056,0.0,0,0,0.007913758,606530.8912958715,4799.938721701336,0
CUST_1345,7,Annual,3994.659031924945,4,4.0,0,SMB,0,New,4.0,4,27962.61322347461,0.5,0.0,0,0,0.038034264,544514.2129926437,20710.19732777245,0
CUST_1346,29,Multi-Year,1945.5839500486416,2,1.0,2,Enterprise,0,Mid-Tenure,1.0,2,56421.9345514106,0.0666666666666666,3.891167900097283,1,0,0.07791723,182516.5177278691,14221.182058131853,0
CUST_1347,11,Monthly,2103.7209371544827,5,5.0,5,SMB,1,New,5.0,5,23140.93030869931,0.4166666666666667,10.518604685772416,0,1,0.8143742,29205.696619470305,23784.36606672124,1
CUST_1348,33,Monthly,1652.6789832818697,2,6.0,0,SMB,0,Mid-Tenure,6.0,2,54538.4064483017,0.0588235294117647,0.0,0,1,0.21792781,74020.48580063233,16131.122626957867,0
CUST_1349,6,Monthly,1645.7419818288763,0,0.0,10,Enterprise,0,New,0.0,0,9874.451890973258,0.0,16.457419818288763,1,1,0.32916844,52084.77587888146,17144.66436710353,0
CUST_1350,32,Monthly,4769.887306526584,2,2.0,0,SMB,0,Mid-Tenure,2.0,2,152636.3938088507,0.0606060606060606,0.0,0,1,0.19220914,236319.11045442685,45422.69285988351,0
CUST_1351,51,Annual,3359.557308285005,2,19.0,5,SMB,0,Loyal,19.0,2,171337.42272253527,0.0384615384615384,16.797786541425026,0,0,0.015221958,618115.2639497089,9408.924617067549,0
CUST_1352,58,Annual,1201.5555959297608,4,1.0,0,SMB,0,Loyal,1.0,4,69690.22456392612,0.0677966101694915,0.0,0,0,0.0055530625,259547.65008055605,1441.2843328899658,0
CUST_1353,26,Annual,3750.1186013791694,4,9.0,0,SMB,0,Mid-Tenure,9.0,4,97503.0836358584,0.1481481481481481,0.0,0,0,0.06754809,382834.1404065704,25859.714484819535,0
CUST_1354,46,Monthly,3749.0951451201295,1,10.0,0,Enterprise,0,Loyal,10.0,1,172458.37667552594,0.0212765957446808,0.0,1,1,0.06702578,384437.87878692616,25767.24894780941,0
CUST_1355,29,Monthly,3499.115882241673,5,20.0,0,SMB,1,Mid-Tenure,20.0,5,101474.36058500852,0.1666666666666666,0.0,0,1,0.6853682,57099.818883265834,39134.3989620539,1
CUST_1356,4,Monthly,1106.2420029079865,3,12.0,0,SMB,0,New,12.0,3,4424.968011631946,0.6,0.0,0,1,0.28050953,40164.964368582136,11266.655337663044,0
CUST_1357,13,Monthly,2335.961675613141,0,15.0,5,Enterprise,0,Mid-Tenure,15.0,0,30367.50178297083,0.0,11.679808378065704,1,1,0.29190582,81986.14197235591,23932.23203138892,0
CUST_1358,39,Annual,980.4034872248592,6,19.0,0,SMB,0,Loyal,19.0,6,38235.73600176951,0.15,0.0,0,0,0.05927353,107664.15057931021,6381.634237516755,0
CUST_1359,15,Multi-Year,4174.792268414614,2,10.0,10,SMB,0,Mid-Tenure,10.0,2,62621.88402621921,0.125,41.74792268414614,0,0,0.20380282,197387.49976993605,40228.12987943621,0
CUST_1360,29,Monthly,3448.2746443006367,5,17.0,0,SMB,1,Mid-Tenure,17.0,5,99999.96468471846,0.1666666666666666,0.0,0,1,0.68218404,56514.88255195652,38553.55093029991,1
CUST_1361,29,Annual,2782.4177154551826,2,10.0,0,Enterprise,0,Mid-Tenure,10.0,2,80690.1137482003,0.0666666666666666,0.0,1,0,0.018255316,489178.16943560774,8930.101926884974,0
CUST_1362,32,Annual,2043.5696442526848,4,0.0,0,SMB,0,Mid-Tenure,0.0,4,65394.22861608592,0.1212121212121212,0.0,0,0,0.018156303,359802.9092003444,6532.690673126083,0
CUST_1363,2,Monthly,1329.1226352249505,6,23.0,15,SMB,1,New,23.0,6,2658.245270449901,2.0,19.936839528374257,0,1,0.82305187,18268.641251875655,15036.039342326449,1
CUST_1364,47,Annual,979.0141497489856,4,17.0,0,SMB,0,Loyal,17.0,4,46013.66503820232,0.0833333333333333,0.0,0,0,0.0027728213,222617.79773355037,617.2793816214079,0
CUST_1365,22,Monthly,4861.582733916048,1,19.0,0,SMB,1,Mid-Tenure,19.0,1,106954.82014615306,0.0434782608695652,0.0,0,1,0.36816615,139511.51074871328,51363.41560645011,0
CUST_1366,27,Monthly,1398.4188888021038,1,27.0,10,Enterprise,0,Mid-Tenure,27.0,1,37757.309997656805,0.0357142857142857,13.984188888021038,1,1,0.257585,54557.36336789535,14053.157846856026,0
CUST_1367,67,Annual,769.4358202462355,0,25.0,0,SMB,0,Loyal,25.0,0,51552.19995649778,0.0,0.0,0,0,0.009640934,154813.62930435652,1492.5479740290032,0
CUST_1368,56,Multi-Year,4827.500474821234,2,4.0,0,Enterprise,0,Loyal,4.0,2,270340.0265899891,0.0350877192982456,0.0,1,0,0.03566944,676203.8325640172,24119.81104678726,0
CUST_1369,21,Monthly,2970.282836110222,1,1.0,0,SMB,0,Mid-Tenure,1.0,1,62375.93955831466,0.0454545454545454,0.0,0,1,0.24944474,119031.62707919079,29691.81303410502,0
CUST_1370,47,Monthly,4084.955307460143,3,25.0,0,Enterprise,0,Loyal,25.0,3,191992.89945062672,0.0625,0.0,1,1,0.044650327,517900.6205557305,23124.43227586916,0
CUST_1371,59,Multi-Year,696.9463123924335,4,24.0,0,Enterprise,0,Loyal,24.0,4,41119.832431153576,0.0666666666666666,0.0,1,0,0.004056609,154714.76305295972,627.6172646557081,0
CUST_1372,6,Multi-Year,3051.256358658446,3,17.0,5,SMB,0,New,17.0,3,18307.53815195068,0.4285714285714285,15.25628179329223,0,0,0.09109599,259504.71570482684,23639.839358583533,0
CUST_1373,19,Annual,2291.944838530978,3,21.0,5,SMB,0,Mid-Tenure,21.0,3,43546.95193208858,0.15,11.459724192654887,0,0,0.04805523,280488.2356360737,13478.927116488136,0
CUST_1374,57,Monthly,3973.839954574476,3,6.0,0,Enterprise,0,Loyal,6.0,3,226508.87741074516,0.0517241379310344,0.0,1,1,0.057964522,441682.8609019361,25601.936080717536,0
CUST_1375,69,Multi-Year,672.9154053757636,4,21.0,0,Enterprise,0,Loyal,21.0,4,46431.16297092769,0.0571428571428571,0.0,1,0,0.0076499484,140069.2487376725,1071.522518940297,0
CUST_1376,3,Monthly,2307.6075585272647,4,10.0,0,SMB,0,New,10.0,4,6922.822675581794,1.0,0.0,0,1,0.46569857,53696.66171809972,25006.458576593323,0
CUST_1377,1,Annual,4095.830387687882,4,10.0,0,SMB,0,New,10.0,4,4095.830387687882,2.0,0.0,0,0,0.023777781,666189.2604299574,15840.502375281238,0
CUST_1378,58,Monthly,2852.1376908726647,3,27.0,0,Enterprise,0,Loyal,27.0,3,165423.98607061454,0.0508474576271186,0.0,1,1,0.06556467,296160.1591962173,19417.64300672203,0
CUST_1379,38,Annual,2975.1743344937177,1,12.0,0,SMB,0,Loyal,12.0,1,113056.62471076129,0.0256410256410256,0.0,0,0,0.009401459,601030.5473766769,5650.564197288114,0
CUST_1380,15,Monthly,937.2410688468448,2,3.0,0,SMB,0,Mid-Tenure,3.0,2,14058.616032702672,0.125,0.0,0,1,0.16556486,52174.054376778,8638.190262814034,0
CUST_1381,34,Monthly,1095.4875025404112,4,0.0,0,Enterprise,0,Mid-Tenure,0.0,4,37246.57508637398,0.1142857142857142,0.0,1,1,0.113036074,80631.53980665401,9114.272679701164,0
CUST_1382,61,Monthly,3546.498224146036,3,17.0,2,Enterprise,0,Loyal,17.0,3,216336.3916729082,0.0483870967741935,7.092996448292072,1,1,0.067833126,361171.61072130484,24499.399230062467,0
CUST_1383,35,Monthly,3537.7098003046394,0,11.0,5,Enterprise,0,Mid-Tenure,11.0,0,123819.8430106624,0.0,17.6885490015232,1,1,0.44183823,86313.98208356007,38136.81747053482,0
CUST_1384,64,Annual,4905.96527413523,3,25.0,0,SMB,1,Loyal,25.0,3,313981.77754465473,0.0461538461538461,0.0,0,0,0.14007942,309720.9736872323,43385.53552830158,0
CUST_1385,25,Multi-Year,3703.788446294977,1,27.0,2,Enterprise,0,Mid-Tenure,27.0,1,92594.71115737442,0.0384615384615384,7.407576892589954,1,0,0.027678417,572172.5745197757,15836.831137494684,0
CUST_1386,24,Multi-Year,2719.5957317005127,6,9.0,0,SMB,0,Mid-Tenure,9.0,6,65270.29756081231,0.24,0.0,0,0,0.20149733,129763.40147792902,26146.97909323478,0
CUST_1387,12,Monthly,4357.975205900988,6,27.0,0,SMB,1,New,27.0,6,52295.702470811855,0.4615384615384615,0.0,0,1,0.5779289,83282.83889808001,48131.55953309905,1
CUST_1388,18,Annual,970.128436171713,1,29.0,2,SMB,0,Mid-Tenure,29.0,1,17462.311851090835,0.0526315789473684,1.940256872343426,0,0,0.06645242,99968.21588088559,6643.129993123527,0
CUST_1389,15,Annual,2521.831194033145,5,21.0,2,Enterprise,1,Mid-Tenure,21.0,5,37827.46791049717,0.3125,5.04366238806629,1,0,0.4770716,57415.30107949861,27391.2103010884,0
CUST_1390,27,Monthly,1791.9909991740635,2,7.0,0,SMB,0,Mid-Tenure,7.0,2,48383.75697769971,0.0714285714285714,0.0,0,1,0.24095346,73908.35697757115,17808.474361474277,0
CUST_1391,60,Monthly,970.8701311743152,2,29.0,0,Enterprise,0,Loyal,29.0,2,58252.20787045892,0.0327868852459016,0.0,1,1,0.09426719,80756.00456986856,7612.641586270004,0
CUST_1392,46,Annual,3935.759381241649,2,2.0,5,Enterprise,0,Loyal,2.0,2,181044.93153711583,0.0425531914893617,19.678796906208245,1,0,0.028543113,601314.5082175377,17163.387836044236,0
CUST_1393,17,Multi-Year,2798.5641372449777,5,6.0,0,SMB,0,Mid-Tenure,6.0,5,47575.59033316462,0.2777777777777778,0.0,0,0,0.31230283,92692.53773874807,28948.141655021172,0
CUST_1394,53,Annual,3005.459239538708,0,24.0,0,Enterprise,0,Loyal,24.0,0,159289.33969555152,0.0,0.0,1,0,0.005608901,648556.4270337372,3637.688737557822,0
CUST_1395,8,Monthly,2350.648345596481,1,19.0,2,Enterprise,0,New,19.0,1,18805.186764771846,0.1111111111111111,4.701296691192962,1,1,0.23341624,99527.74762336475,23231.393062605333,0
CUST_1396,27,Annual,2571.5175422123084,1,10.0,0,SMB,0,Mid-Tenure,10.0,1,69430.97363973233,0.0357142857142857,0.0,0,0,0.01563217,470168.9674384827,7349.760908562441,0
CUST_1397,46,Monthly,1022.078242053514,2,6.0,0,SMB,0,Loyal,6.0,2,47015.59913446165,0.0425531914893617,0.0,0,1,0.05750677,114085.27348146145,6560.675570569706,0
CUST_1398,50,Annual,3528.130209291394,2,6.0,10,SMB,0,Loyal,6.0,2,176406.5104645697,0.0392156862745098,35.28130209291394,0,0,0.35495704,104548.27710604556,37110.147409881865,0
CUST_1399,71,Annual,2446.013118223462,2,28.0,0,SMB,0,Loyal,28.0,2,173666.9313938658,0.0277777777777777,0.0,0,0,0.0039690826,543869.8340155599,2158.6642996524392,0
CUST_1400,3,Monthly,4175.454079083125,3,27.0,0,Enterprise,0,New,27.0,3,12526.362237249376,0.75,0.0,1,1,0.19181453,207206.1186961624,39745.14363171174,0
CUST_1401,64,Multi-Year,1383.2924006438425,2,25.0,0,SMB,0,Loyal,25.0,2,88530.71364120592,0.0307692307692307,0.0,0,0,0.008101053,285700.6471422236,2314.475971671898,0
CUST_1402,44,Monthly,1422.747920384761,4,8.0,0,Enterprise,0,Loyal,8.0,4,62600.908496929485,0.0888888888888888,0.0,1,1,0.043624334,182356.16204884255,7955.166126979432,0
CUST_1403,53,Multi-Year,3405.918071888095,2,2.0,0,Enterprise,0,Loyal,2.0,2,180513.65781006904,0.037037037037037,0.0,1,0,0.0128505295,650289.1624130586,8356.560074387962,0
CUST_1404,24,Monthly,4307.015405288286,2,10.0,0,SMB,0,Mid-Tenure,10.0,2,103368.36972691889,0.08,0.0,0,1,0.4146848,111224.17449944661,46122.97481259162,0
CUST_1405,60,Monthly,2624.890273781789,4,16.0,0,SMB,0,Loyal,16.0,4,157493.41642690732,0.0655737704918032,0.0,0,1,0.05435413,301844.1514117614,16406.476614359068,0
CUST_1406,3,Monthly,3771.2924092989497,2,7.0,0,SMB,0,New,7.0,2,11313.87722789685,0.5,0.0,0,1,0.22753708,163061.12787625167,37102.453003734845,0
CUST_1407,20,Monthly,4996.984646718885,4,19.0,0,SMB,1,Mid-Tenure,19.0,4,99939.6929343777,0.1904761904761904,0.0,0,1,0.52342993,104570.43023910226,54735.29300209484,1
CUST_1408,46,Monthly,4956.195378780177,0,1.0,0,SMB,0,Loyal,1.0,0,227984.9874238881,0.0,0.0,0,1,0.05174646,584534.7662159157,30247.605799054,0
CUST_1409,15,Annual,3849.5157926976494,5,20.0,0,SMB,0,Mid-Tenure,20.0,5,57742.736890464745,0.3125,0.0,0,0,0.26459363,146837.64452196882,38852.30553583222,0
CUST_1410,25,Annual,3828.13920355212,2,19.0,0,SMB,0,Mid-Tenure,19.0,2,95703.480088803,0.0769230769230769,0.0,0,0,0.030855034,568148.5493762995,17530.242550506806,0
CUST_1411,71,Annual,1614.2849923950755,2,0.0,0,SMB,0,Loyal,0.0,2,114614.23446005036,0.0277777777777777,0.0,0,0,0.0034671694,362304.9457202212,1256.1726058587064,0
CUST_1412,17,Monthly,4250.928341946982,1,15.0,0,Enterprise,0,Mid-Tenure,15.0,1,72265.7818130987,0.0555555555555555,0.0,1,1,0.1740867,227640.1931827488,39629.131122646984,0
CUST_1413,9,Annual,2322.959571712043,3,27.0,2,SMB,0,New,27.0,3,20906.636145408385,0.3,4.645919143424086,0,0,0.037703414,317838.422772006,11983.593485136133,0
CUST_1414,38,Monthly,4828.972594400702,1,22.0,2,SMB,1,Loyal,22.0,1,183500.9585872267,0.0256410256410256,9.657945188801405,0,1,0.32307443,155324.68747829145,50181.43490727929,0
CUST_1415,48,Annual,866.4245991812097,3,3.0,0,SMB,0,Loyal,3.0,3,41588.38076069807,0.0612244897959183,0.0,0,0,0.0027849106,196970.9665028837,548.546534832018,0
CUST_1416,60,Monthly,2461.281659927268,3,23.0,0,SMB,0,Loyal,23.0,3,147676.89959563606,0.0491803278688524,0.0,0,1,0.08112837,225240.19590515128,18273.369116967508,0
CUST_1417,63,Multi-Year,3001.282194575744,2,8.0,0,SMB,0,Loyal,8.0,2,189080.7782582719,0.03125,0.0,0,0,0.0065975985,636341.2525107249,4198.324124219963,0
CUST_1418,2,Annual,2323.202931887742,4,7.0,0,SMB,0,New,7.0,4,4646.405863775484,1.3333333333333333,0.0,0,0,0.03595967,324319.93088259536,11662.437188700067,0
CUST_1419,11,Annual,1447.606357272245,2,0.0,0,SMB,0,New,0.0,2,15923.669929994696,0.1666666666666666,0.0,0,0,0.06372101,152753.4429956547,9733.603454623102,0
CUST_1420,64,Monthly,3168.4481995212946,4,7.0,0,SMB,0,Loyal,7.0,4,202780.68476936285,0.0615384615384615,0.0,0,1,0.10713261,241970.00374420735,25922.87892817197,0
CUST_1421,21,Monthly,3901.630615813119,1,4.0,0,SMB,0,Mid-Tenure,4.0,1,81934.2429320755,0.0454545454545454,0.0,0,1,0.28458858,139931.75251373556,39822.97809595417,0
CUST_1422,18,Monthly,3401.773682090884,3,0.0,10,SMB,1,Mid-Tenure,0.0,3,61231.92627763591,0.1578947368421052,34.01773682090884,0,1,0.87027645,44357.63145632186,38603.40208349034,1
CUST_1423,64,Multi-Year,1555.0198196361778,3,24.0,0,SMB,0,Loyal,24.0,3,99521.26845671538,0.0461538461538461,0.0,0,0,0.009646919,312844.9554951214,3017.989827790406,0
CUST_1424,38,Multi-Year,3792.2357496583577,2,24.0,5,SMB,0,Loyal,24.0,2,144104.9584870176,0.0512820512820512,18.96117874829179,0,0,0.016169053,687735.8329201986,11120.03683748724,0
CUST_1425,32,Monthly,1656.0401272005347,3,6.0,0,SMB,0,Mid-Tenure,6.0,3,52993.28407041711,0.0909090909090909,0.0,0,1,0.21261583,75671.30111173895,16088.91669633752,0
CUST_1426,11,Annual,1288.4106331581802,1,14.0,0,SMB,0,New,14.0,1,14172.516964739982,0.0833333333333333,0.0,0,0,0.17616566,68361.07712365194,12042.87394544745,0
CUST_1427,45,Annual,3608.0060694742497,2,6.0,0,Enterprise,0,Loyal,6.0,2,162360.27312634123,0.0434782608695652,0.0,1,0,0.00716106,757440.0022758687,5424.073213692242,0
CUST_1428,33,Annual,4292.542607512681,2,26.0,10,Enterprise,0,Mid-Tenure,26.0,2,141653.90604791846,0.0588235294117647,42.92542607512681,1,0,0.08103982,393090.49814807414,31855.984625496996,0
CUST_1429,41,Monthly,2666.927514634585,3,0.0,0,Enterprise,0,Loyal,0.0,3,109344.02810001798,0.0714285714285714,0.0,1,1,0.027819723,411247.0491074962,11440.778945851924,0
CUST_1430,8,Monthly,2891.26306912297,1,8.0,0,SMB,1,New,8.0,1,23130.10455298376,0.1111111111111111,0.0,0,1,0.37509534,81617.35212154938,30614.28825044352,0
CUST_1431,11,Monthly,1862.364067120546,3,0.0,0,SMB,0,New,0.0,3,20486.004738326006,0.25,0.0,0,1,0.18042876,96986.02406615879,17499.067891179486,0
CUST_1432,51,Multi-Year,2725.781067995145,6,28.0,2,SMB,0,Loyal,28.0,6,139014.8344677524,0.1153846153846153,5.45156213599029,0,0,0.03479829,385731.5083196601,13422.797112566364,0
CUST_1433,41,Monthly,1093.9234910558323,1,11.0,0,Enterprise,0,Loyal,11.0,1,44850.86313328912,0.0238095238095238,0.0,1,1,0.19954684,52603.67893768708,10496.898102556812,0
CUST_1434,17,Monthly,4801.238733573456,2,6.0,0,Enterprise,0,Mid-Tenure,6.0,2,81621.05847074874,0.1111111111111111,0.0,1,1,0.20019153,230283.02600495168,46100.710757446286,0
CUST_1435,46,Multi-Year,4101.622941454683,2,24.0,15,SMB,1,Loyal,24.0,2,188674.65530691543,0.0425531914893617,61.52434412182025,0,0,0.6347023,71884.48564136119,45625.250158458286,1
CUST_1436,32,Annual,3505.8787736998315,2,8.0,0,SMB,0,Mid-Tenure,8.0,2,112188.1207583946,0.0606060606060606,0.0,0,0,0.034311354,498990.2865456575,17121.032444222044,0
CUST_1437,54,Multi-Year,2921.8746725798133,3,4.0,0,SMB,0,Loyal,4.0,3,157781.23231930993,0.0545454545454545,0.0,0,0,0.008830428,595992.5287866181,5262.869187577812,0
CUST_1438,20,Monthly,4064.76111302584,0,11.0,0,SMB,0,Mid-Tenure,11.0,0,81295.2222605168,0.0,0.0,0,1,0.26276782,155953.16441256166,40979.4732765754,0
CUST_1439,33,Monthly,2726.40757813612,1,28.0,2,Enterprise,0,Mid-Tenure,28.0,1,89971.45007849195,0.0294117647058823,5.45281515627224,1,1,0.10274396,214194.32744636733,22007.17360779181,0
CUST_1440,40,Multi-Year,1849.882586695396,0,21.0,0,SMB,0,Loyal,21.0,0,73995.30346781584,0.0,0.0,0,0,0.009075375,375767.22885908646,3410.228617501019,0
CUST_1441,32,Monthly,1221.6840582500242,6,1.0,0,SMB,0,Mid-Tenure,1.0,6,39093.889864000776,0.1818181818181818,0.0,0,1,0.33895457,37691.31271163183,12775.642614103239,0
CUST_1442,2,Monthly,3414.135149608133,3,17.0,2,Enterprise,0,New,17.0,3,6828.270299216266,1.0,6.828270299216266,1,1,0.41959757,87244.10795629844,36607.41535745186,0
CUST_1443,33,Monthly,4682.415852619313,3,25.0,0,SMB,0,Mid-Tenure,25.0,3,154519.72313643733,0.088235294117647,0.0,0,1,0.14140819,293555.83513843105,41511.19934937477,0
CUST_1444,30,Monthly,1191.28349076958,3,8.0,5,SMB,0,Mid-Tenure,8.0,3,35738.504723087404,0.0967741935483871,5.9564174538479,0,1,0.21919526,53104.21128015695,11640.191483489996,0
CUST_1445,33,Monthly,1310.0812027286304,3,28.0,0,SMB,0,Mid-Tenure,28.0,3,43232.6796900448,0.088235294117647,0.0,0,1,0.1010432,104082.63173095304,10516.842380910291,0
CUST_1446,26,Multi-Year,2451.227150342908,1,0.0,0,SMB,0,Mid-Tenure,0.0,1,63731.90590891561,0.037037037037037,0.0,0,0,0.020354053,418095.6890861978,8509.941817063349,0
CUST_1447,22,Multi-Year,4131.0470656386005,4,9.0,0,SMB,0,Mid-Tenure,9.0,4,90883.0354440492,0.1739130434782608,0.0,0,0,0.044816885,522824.2240091929,23431.35319766916,0
CUST_1448,66,Multi-Year,1822.6522803717708,3,27.0,2,SMB,0,Loyal,27.0,3,120295.05050453686,0.044776119402985,3.6453045607435417,0,0,0.020763211,309084.7021836513,6417.590873562393,0
CUST_1449,38,Monthly,1642.6081610151266,3,27.0,0,SMB,0,Loyal,27.0,3,62419.11011857481,0.0769230769230769,0.0,0,1,0.060911704,177720.62924553477,10825.266337492592,0
CUST_1450,46,Monthly,3289.848311582753,5,13.0,0,SMB,1,Loyal,13.0,5,151333.02233280663,0.1063829787234042,0.0,0,1,0.2196404,146410.46894328686,32157.65454647989,0
CUST_1451,15,Monthly,2910.2665184344933,4,20.0,0,SMB,0,Mid-Tenure,20.0,4,43653.9977765174,0.25,0.0,0,1,0.31778488,94955.5009006492,30175.42204422368,0
CUST_1452,44,Multi-Year,770.9916400035631,4,13.0,10,Enterprise,0,Loyal,13.0,4,33923.632160156776,0.0888888888888888,7.709916400035631,1,0,0.04747897,94911.74964220065,4506.312127217961,0
CUST_1453,49,Monthly,866.7048978917444,3,6.0,0,SMB,0,Loyal,6.0,3,42468.53999669547,0.06,0.0,0,1,0.05526994,98797.99401815934,5460.559368233932,0
CUST_1454,61,Annual,3393.558410831448,6,11.0,0,SMB,0,Loyal,11.0,6,207007.06306071836,0.0967741935483871,0.0,0,0,0.11032553,254000.10618036005,28022.69637793868,0
CUST_1455,67,Annual,2593.0561961650083,3,25.0,15,SMB,1,Loyal,25.0,3,173734.76514305556,0.0441176470588235,38.89584294247512,0,0,0.51707536,54872.20201148762,28373.0635992781,1
CUST_1456,6,Monthly,4869.397362151161,1,21.0,2,SMB,1,New,21.0,1,29216.384172906968,0.1428571428571428,9.738794724302323,0,1,0.2733188,180728.0203635235,49396.36517319187,0
CUST_1457,9,Monthly,3553.391348285292,1,21.0,0,SMB,0,New,21.0,1,31980.522134567625,0.1,0.0,0,1,0.22463442,155263.48097254147,34877.52259351767,0
CUST_1458,6,Multi-Year,545.3314789695415,5,5.0,10,Enterprise,1,New,5.0,5,3271.988873817249,0.7142857142857143,5.453314789695416,1,0,0.8227431,7498.171597933198,6169.069078352668,1
CUST_1459,32,Multi-Year,2664.5845091020783,1,12.0,0,SMB,0,Mid-Tenure,12.0,1,85266.7042912665,0.0303030303030303,0.0,0,0,0.015349025,489295.9440314677,7510.215631712951,0
CUST_1460,41,Monthly,2365.015707659658,1,7.0,0,SMB,1,Loyal,7.0,1,96965.64401404596,0.0238095238095238,0.0,0,1,0.08848664,204930.87828152796,18133.645188581108,0
CUST_1461,8,Monthly,980.2123699719592,4,22.0,0,SMB,1,New,22.0,4,7841.698959775674,0.4444444444444444,0.0,0,1,0.42541185,24741.806792202027,10525.457805108088,0
CUST_1462,50,Multi-Year,4654.439761424856,5,20.0,0,Enterprise,0,Loyal,20.0,5,232721.9880712428,0.0980392156862745,0.0,1,0,0.09352423,389155.7357343483,36395.491510155334,0
CUST_1463,62,Monthly,4122.550845867756,1,25.0,5,Enterprise,0,Loyal,25.0,1,255598.15244380088,0.0158730158730158,20.61275422933878,1,1,0.11276354,303941.60371143004,34273.530870658135,0
CUST_1464,62,Monthly,1535.3865878900085,2,1.0,2,SMB,0,Loyal,1.0,2,95193.96844918052,0.0317460317460317,3.070773175780017,0,1,0.0614088,165378.66913041813,10155.705474942484,0
CUST_1465,7,Monthly,1651.9134147934874,0,9.0,0,SMB,1,New,9.0,0,11563.393903554412,0.0,0.0,0,1,0.42143956,42047.724100874504,17720.57427123019,0
CUST_1466,4,Annual,644.0812399375293,2,5.0,5,SMB,0,New,5.0,2,2576.324959750117,0.4,3.220406199687646,0,0,0.05538795,73338.31283614913,4062.058909595089,0
CUST_1467,6,Monthly,1835.2285321056845,2,15.0,0,Enterprise,0,New,15.0,2,11011.371192634108,0.2857142857142857,0.0,1,1,0.18369383,94237.58866186142,17310.863233025044,0
CUST_1468,58,Monthly,3130.799040110091,2,9.0,0,SMB,0,Loyal,9.0,2,181586.34432638527,0.0338983050847457,0.0,0,1,0.14992937,187914.3029557238,28173.873893563166,0
CUST_1469,22,Monthly,2393.7952477400067,0,14.0,10,SMB,1,Mid-Tenure,14.0,0,52663.49545028015,0.0,23.937952477400067,0,1,0.75269824,35786.228272941546,26936.23113262792,1
CUST_1470,26,Annual,4861.649586738564,5,20.0,5,SMB,1,Mid-Tenure,20.0,5,126402.88925520268,0.1851851851851851,24.30824793369282,0,0,0.5501859,97202.87006729796,53479.65037874936,1
CUST_1471,3,Multi-Year,752.3607616865189,0,19.0,0,SMB,0,New,19.0,0,2257.082285059557,0.0,0.0,0,0,0.077618405,70744.72788862593,5491.09295664265,0
CUST_1472,41,Multi-Year,3161.435715045548,3,9.0,0,SMB,0,Loyal,9.0,3,129618.86431686748,0.0714285714285714,0.0,0,0,0.0063011604,673826.7465689827,4245.890436282364,0
CUST_1473,60,Multi-Year,4362.392482281716,0,10.0,0,SMB,0,Loyal,10.0,0,261743.54893690295,0.0,0.0,0,0,0.0073003867,913583.8494604913,6669.515357421117,0
CUST_1474,14,Annual,2663.334105843752,1,20.0,0,Enterprise,0,Mid-Tenure,20.0,1,37286.67748181253,0.0666666666666666,0.0,1,0,0.014087774,498691.17174934846,7025.4484533343375,0
CUST_1475,12,Monthly,513.3322425217857,1,24.0,0,SMB,0,New,24.0,1,6159.986910261428,0.0769230769230769,0.0,0,1,0.11045428,38390.91483464187,4240.440996908572,0
CUST_1476,12,Monthly,1592.6067492182383,1,27.0,0,SMB,1,New,27.0,1,19111.28099061886,0.0769230769230769,0.0,0,1,0.2939822,55558.921061403336,16333.334275234742,0
CUST_1477,13,Multi-Year,1956.960390505848,1,28.0,0,SMB,0,Mid-Tenure,28.0,1,25440.485076576024,0.0714285714285714,0.0,0,0,0.014728621,362799.7249449168,5343.539520051771,0
CUST_1478,25,Monthly,4846.975225508581,0,1.0,2,SMB,0,Mid-Tenure,1.0,0,121174.38063771454,0.0,9.693950451017162,0,1,0.15698065,281010.34529869014,44113.186278644556,0
CUST_1479,45,Monthly,4602.979768274147,1,21.0,0,SMB,0,Loyal,21.0,1,207134.08957233664,0.0217391304347826,0.0,0,1,0.1179383,328905.04989475606,38790.503254231815,0
CUST_1480,19,Annual,4771.267272984336,2,26.0,0,Enterprise,0,Mid-Tenure,26.0,2,90654.0781867024,0.1,0.0,1,0,0.032553047,693556.585296802,22577.38007793163,0
CUST_1481,55,Monthly,4215.913059276358,3,24.0,10,SMB,1,Loyal,24.0,3,231875.21826019968,0.0535714285714285,42.15913059276357,0,1,0.8557349,55856.25208643776,47798.143441135995,1
CUST_1482,45,Monthly,2082.41480351257,5,27.0,0,Enterprise,0,Loyal,27.0,5,93708.66615806564,0.108695652173913,0.0,1,1,0.04533075,262129.2395639575,11882.515468651462,0
CUST_1483,8,Multi-Year,4576.443899432903,4,9.0,2,SMB,0,New,9.0,4,36611.55119546322,0.4444444444444444,9.152887798865804,0,0,0.032996025,661686.223433695,21833.015128515428,0
CUST_1484,53,Multi-Year,4917.58027671672,4,28.0,0,SMB,0,Loyal,28.0,4,260631.7546659861,0.074074074074074,0.0,0,0,0.031073477,727870.1355256743,22617.45600201142,0
CUST_1485,55,Monthly,2075.320905237288,4,20.0,0,SMB,0,Loyal,20.0,4,114142.64978805084,0.0714285714285714,0.0,0,1,0.05062733,247485.94779126046,12529.552366936035,0
CUST_1486,32,Multi-Year,1672.5018469390202,1,11.0,0,Enterprise,0,Mid-Tenure,11.0,1,53520.059102048646,0.0303030303030303,0.0,1,0,0.029516662,252400.20288162812,7450.011361002018,0
CUST_1487,51,Annual,2961.123317519996,0,10.0,0,SMB,1,Loyal,10.0,0,151017.2891935198,0.0,0.0,0,0,0.006429318,629698.8938948571,4048.534353108461,0
CUST_1488,44,Annual,1342.184866695185,1,21.0,0,SMB,0,Loyal,21.0,1,59056.13413458815,0.0222222222222222,0.0,0,0,0.009093812,272553.38980385615,2478.549214751564,0
CUST_1489,70,Monthly,646.8089963287109,1,14.0,0,SMB,0,Loyal,14.0,1,45276.62974300976,0.0140845070422535,0.0,0,1,0.07189122,63677.3366127867,4577.841315078448,0
CUST_1490,18,Monthly,4756.240270021413,2,25.0,0,SMB,1,Mid-Tenure,25.0,2,85612.32486038544,0.1052631578947368,0.0,0,1,0.36751202,136702.36836287618,50239.763192493934,0
CUST_1491,22,Annual,4665.832845986387,2,27.0,0,SMB,0,Mid-Tenure,27.0,2,102648.32261170053,0.0869565217391304,0.0,0,0,0.037622325,638992.3026709647,24040.37616177021,0
CUST_1492,37,Multi-Year,1231.942341929545,4,3.0,0,SMB,0,Loyal,3.0,4,45581.86665139316,0.1052631578947368,0.0,0,0,0.022747079,203215.13653384798,4622.550746537377,0
CUST_1493,56,Annual,2334.831111183737,3,4.0,15,SMB,0,Loyal,4.0,3,130750.54222628928,0.0526315789473684,35.02246666775605,0,0,0.15925375,133894.72940158928,21323.23726316277,0
CUST_1494,59,Monthly,4239.663409727085,2,23.0,5,SMB,0,Loyal,23.0,2,250140.14117389804,0.0333333333333333,21.198317048635428,0,1,0.15144476,252555.39496574085,38248.19192111171,0
CUST_1495,3,Monthly,3474.5013446938383,3,27.0,5,SMB,0,New,27.0,3,10423.504034081514,0.75,17.372506723469193,0,1,0.30780834,116526.11225978417,35867.70913423734,0
CUST_1496,28,Multi-Year,2276.5437912682128,3,0.0,0,Enterprise,0,Mid-Tenure,0.0,3,63743.226155509954,0.1034482758620689,0.0,1,0,0.015397954,417727.5160341517,6432.1489932406475,0
CUST_1497,35,Monthly,3848.7694873226856,1,0.0,0,SMB,0,Mid-Tenure,0.0,1,134706.932056294,0.0277777777777777,0.0,0,1,0.24435815,156901.48766035092,38340.15759444319,0
CUST_1498,61,Annual,4536.713246945859,3,9.0,0,SMB,0,Loyal,9.0,3,276739.50806369743,0.0483870967741935,0.0,0,0,0.008044287,937914.1436795453,7544.850207071941,0
CUST_1499,54,Monthly,4667.712487366406,3,3.0,2,Enterprise,0,Loyal,3.0,3,252056.47431778596,0.0545454545454545,9.335424974732812,1,1,0.09670123,381813.7669188757,36921.85979561254,0
CUST_1500,63,Monthly,2204.823253649851,1,12.0,0,SMB,0,Loyal,12.0,1,138903.8649799406,0.015625,0.0,0,1,0.07025889,220007.66333607965,15457.49489348333,0
CUST_1501,7,Annual,1281.023060327685,3,13.0,0,SMB,0,New,13.0,3,8967.161422293795,0.375,0.0,0,0,0.06290674,136150.21427709106,8564.766415836924,0
CUST_1502,49,Annual,4607.774861872888,2,25.0,0,SMB,0,Loyal,25.0,2,225780.96823177152,0.04,0.0,0,0,0.006272351,982601.5457889845,6163.22169360874,0
CUST_1503,31,Monthly,916.4995063746272,5,18.0,0,SMB,0,Mid-Tenure,18.0,5,28411.484697613443,0.15625,0.0,0,1,0.4347531,22687.826090570317,9863.602501507046,0
CUST_1504,58,Monthly,3747.597760526736,2,4.0,0,SMB,0,Loyal,4.0,2,217360.67011055068,0.0338983050847457,0.0,0,1,0.13031326,249405.80235279878,32500.883751968104,0
CUST_1505,61,Multi-Year,1132.2379168736074,4,10.0,15,SMB,0,Loyal,10.0,4,69066.51292929005,0.064516129032258,16.983568753104112,0,0,0.1442402,69948.72932896517,10089.418744498487,0
CUST_1506,24,Monthly,2252.240846004615,4,25.0,2,SMB,0,Mid-Tenure,25.0,4,54053.78030411076,0.16,4.50448169200923,0,1,0.3357942,70055.19674992324,23524.129479436193,0
CUST_1507,20,Annual,2352.0008594526234,4,7.0,0,SMB,0,Mid-Tenure,7.0,4,47040.01718905247,0.1904761904761904,0.0,0,0,0.046003655,293988.9247697968,13524.564951096914,0
CUST_1508,37,Multi-Year,1214.410618004375,3,0.0,0,Enterprise,0,Loyal,0.0,3,44933.19286616187,0.0789473684210526,0.0,1,0,0.009363075,245488.08352796306,2298.523285380066,0
CUST_1509,4,Monthly,4652.066453029754,0,4.0,0,SMB,0,New,4.0,0,18608.26581211901,0.0,0.0,0,1,0.08163249,424095.87945174467,34620.00156791348,0
CUST_1510,20,Multi-Year,512.0067560417882,3,29.0,0,Enterprise,0,Mid-Tenure,29.0,3,10240.135120835765,0.1428571428571428,0.0,1,0,0.0995741,41077.17200107778,4090.2222888183005,0
CUST_1511,60,Monthly,4522.138444474838,4,20.0,5,SMB,0,Loyal,20.0,4,271328.3066684903,0.0655737704918032,22.610692222374198,0,1,0.08223376,410376.77426606586,33746.82384341286,0
CUST_1512,24,Annual,4477.231955639685,2,17.0,0,SMB,1,Mid-Tenure,17.0,2,107453.56693535244,0.08,0.0,0,0,0.060728453,485212.0642398952,29466.178086614505,0
CUST_1513,50,Monthly,1926.3364416410072,1,12.0,2,SMB,0,Loyal,12.0,1,96316.82208205036,0.0196078431372549,3.8526728832820143,0,1,0.092077956,162699.67910482286,14981.053829333772,0
CUST_1514,49,Multi-Year,3669.27921445674,2,4.0,0,SMB,0,Loyal,4.0,2,179794.68150838028,0.04,0.0,0,0,0.0078982515,760495.3196001867,6006.583318591928,0
CUST_1515,51,Monthly,1637.6401008424198,1,23.0,0,SMB,0,Loyal,23.0,1,83519.6451429634,0.0192307692307692,0.0,0,1,0.07398026,158506.54105317543,11726.354629836569,0
CUST_1516,36,Monthly,3914.481030142723,0,25.0,0,Enterprise,0,Mid-Tenure,25.0,0,140921.31708513803,0.0,0.0,1,1,0.07909261,363876.55787108437,28779.945552595105,0
CUST_1517,66,Multi-Year,3025.0388380448453,1,6.0,2,SMB,0,Loyal,6.0,1,199652.56331095975,0.0149253731343283,6.050077676089691,0,0,0.008413868,621435.7251691727,5228.678177559573,0
CUST_1518,34,Annual,1851.0145441144623,1,11.0,0,SMB,0,Mid-Tenure,11.0,1,62934.49449989172,0.0285714285714285,0.0,0,0,0.032816026,268211.06138369074,8801.6212603562,0
CUST_1519,36,Annual,2301.056391369446,4,1.0,10,SMB,1,Mid-Tenure,1.0,4,82838.03008930005,0.1081081081081081,23.010563913694455,0,0,0.57841474,43940.21097066112,25415.665624092162,1
CUST_1520,6,Monthly,3604.499295072816,5,12.0,2,SMB,1,New,12.0,5,21626.995770436897,0.7142857142857143,7.208998590145632,0,1,0.8348473,48883.0020209403,40809.84085709599,1
CUST_1521,39,Annual,4577.438523397024,4,13.0,2,SMB,0,Loyal,13.0,4,178520.10241248395,0.1,9.154877046794049,0,0,0.016025582,831939.0480809868,13332.307707264825,0
CUST_1522,42,Monthly,1088.2693245527355,2,5.0,2,SMB,0,Loyal,5.0,2,45707.31163121489,0.0465116279069767,2.176538649105471,0,1,0.14884134,65676.6461582013,9775.39978245442,0
CUST_1523,58,Monthly,3071.137863511208,3,15.0,0,SMB,0,Loyal,15.0,3,178125.99608365004,0.0508474576271186,0.0,0,1,0.12205583,214195.911330093,26143.859433983398,0
CUST_1524,12,Annual,1641.7813975570286,1,9.0,0,SMB,0,New,9.0,1,19701.376770684343,0.0769230769230769,0.0,0,0,0.041378167,215602.66920350486,8921.243149872595,0
CUST_1525,3,Monthly,4106.175124439566,5,28.0,0,SMB,1,New,28.0,5,12318.525373318698,1.25,0.0,0,1,0.6803683,67464.7303314374,45900.864172460664,1
CUST_1526,18,Multi-Year,816.0678764126649,4,26.0,0,Enterprise,0,Mid-Tenure,26.0,4,14689.221775427968,0.2105263157894736,0.0,1,0,0.07918011,75807.4521428743,6002.442135732074,0
CUST_1527,40,Multi-Year,3600.301055770264,4,10.0,2,SMB,0,Loyal,10.0,4,144012.04223081056,0.0975609756097561,7.200602111540528,0,0,0.012162394,695012.0289827724,8453.01005499985,0
CUST_1528,21,Annual,1287.257061609634,4,0.0,0,SMB,0,Mid-Tenure,0.0,4,27032.398293802315,0.1818181818181818,0.0,0,0,0.046670172,159791.63213006555,7457.503013758287,0
CUST_1529,15,Multi-Year,3183.734382814532,3,14.0,0,SMB,0,Mid-Tenure,14.0,3,47756.015742217984,0.1875,0.0,0,0,0.060786318,344851.3590381986,20962.244384930174,0
CUST_1530,26,Annual,4260.616642367114,1,15.0,5,SMB,0,Mid-Tenure,15.0,1,110776.03270154496,0.037037037037037,21.303083211835567,0,0,0.064196885,447712.7480964311,28741.76363787178,0
CUST_1531,8,Monthly,3897.862979547558,2,9.0,0,Enterprise,0,New,9.0,2,31182.903836380465,0.2222222222222222,0.0,1,1,0.15034701,233466.70665814079,35101.02111744866,0
CUST_1532,42,Annual,3888.242994576368,2,9.0,0,SMB,0,Loyal,9.0,2,163306.20577220744,0.0465116279069767,0.0,0,0,0.0068089697,821330.068500087,5592.411515511859,0
CUST_1533,44,Monthly,2830.3039048410733,1,2.0,0,SMB,0,Loyal,2.0,1,124533.37181300722,0.0222222222222222,0.0,0,1,0.09146093,240092.07331498023,21959.043907874002,0
CUST_1534,14,Monthly,4508.355163323746,0,10.0,2,SMB,0,Mid-Tenure,10.0,0,63116.97228653245,0.0,9.016710326647493,0,1,0.22749557,194959.01616988672,44352.31173241376,0
CUST_1535,2,Multi-Year,3146.4733920889907,2,10.0,0,SMB,0,New,10.0,2,6292.9467841779815,0.6666666666666666,0.0,0,0,0.118333705,224302.5528014969,26542.5520622825,0
CUST_1536,37,Annual,4628.830858473068,1,15.0,10,SMB,1,Loyal,15.0,1,171266.7417635035,0.0263157894736842,46.28830858473068,0,0,0.46635163,107573.92051186497,50167.2729937025,0
CUST_1537,69,Multi-Year,2959.351060245879,1,5.0,0,Enterprise,0,Loyal,5.0,1,204195.2231569657,0.0142857142857142,0.0,1,0,0.0041701514,655567.8741460796,2733.817306120116,0
CUST_1538,38,Monthly,2776.8450335900134,3,29.0,5,SMB,0,Loyal,29.0,3,105520.1112764205,0.0769230769230769,13.884225167950063,0,1,0.11223365,205395.9845107106,23052.341789672366,0
CUST_1539,41,Annual,1500.588586446415,3,8.0,0,SMB,0,Loyal,8.0,3,61524.13204430302,0.0714285714285714,0.0,0,0,0.0050770976,326942.841759868,1659.9207057721787,0
CUST_1540,62,Monthly,2951.5399431359224,2,0.0,0,Enterprise,0,Loyal,0.0,2,182995.4764744272,0.0317460317460317,0.0,1,1,0.0527595,344673.5426979553,18184.803209940514,0
CUST_1541,60,Annual,1132.6317406200365,2,27.0,0,SMB,0,Loyal,27.0,2,67957.90443720219,0.0327868852459016,0.0,0,0,0.008058804,234100.24902601857,1886.568043698385,0
CUST_1542,14,Annual,4413.605905667955,2,5.0,0,SMB,0,Mid-Tenure,5.0,2,61790.48267935137,0.1333333333333333,0.0,0,0,0.019871479,758009.8854172096,15062.77744429704,0
CUST_1543,2,Annual,3541.5134991873206,2,17.0,0,Enterprise,1,New,17.0,2,7083.026998374641,0.6666666666666666,0.0,1,0,0.18223181,182998.88315974738,33348.21837763965,0
CUST_1544,70,Monthly,4971.359518218239,4,24.0,0,SMB,0,Loyal,24.0,4,347995.16627527674,0.056338028169014,0.0,0,1,0.08810849,431952.54251895053,38058.68516169299,0
CUST_1545,17,Monthly,914.438425057354,4,12.0,0,Enterprise,0,Mid-Tenure,12.0,4,15545.45322597502,0.2222222222222222,0.0,1,1,0.15920542,52452.08829824586,8350.65684209536,0
CUST_1546,28,Monthly,1583.0273743037908,3,1.0,5,SMB,0,Mid-Tenure,1.0,3,44324.76648050614,0.1034482758620689,7.915136871518953,0,1,0.20829594,73544.81652103504,15319.086788871205,0
CUST_1547,66,Annual,4447.213719197627,2,27.0,0,SMB,0,Loyal,27.0,2,293516.1054670434,0.0298507462686567,0.0,0,0,0.0052045933,966705.1611699982,5031.307202091651,0
CUST_1548,35,Multi-Year,2278.6434489601297,4,18.0,15,SMB,0,Mid-Tenure,18.0,4,79752.52071360454,0.1111111111111111,34.17965173440194,0,0,0.14571108,139714.73618207377,20357.98499480023,0
CUST_1549,5,Monthly,2598.363454918539,1,27.0,5,SMB,0,New,27.0,1,12991.817274592697,0.1666666666666666,12.991817274592696,0,1,0.15795651,149936.93531682377,23683.51514002817,0
CUST_1550,65,Annual,4372.933493244276,4,1.0,0,SMB,0,Loyal,1.0,4,284240.677060878,0.0606060606060606,0.0,0,0,0.007929598,905844.4027976978,7182.9819477730925,0
CUST_1551,40,Multi-Year,2848.204512274785,1,26.0,0,SMB,0,Loyal,26.0,1,113928.1804909914,0.024390243902439,0.0,0,0,0.007241675,597090.3967835412,4323.934697379,0
CUST_1552,56,Annual,1370.6413223646566,0,3.0,0,Enterprise,0,Loyal,3.0,0,76755.91405242078,0.0,0.0,1,0,0.010994235,269659.83179744007,2964.7035753110667,0
CUST_1553,36,Annual,4514.135519344014,3,3.0,2,Enterprise,0,Mid-Tenure,3.0,3,162508.8786963845,0.081081081081081,9.028271038688027,1,0,0.06635727,465545.70826523175,30892.34220630091,0
CUST_1554,45,Multi-Year,639.7774539036507,3,9.0,5,SMB,0,Loyal,9.0,3,28789.98542566428,0.0652173913043478,3.198887269518253,0,0,0.0152421,117674.47438926647,1793.6060780777468,0
CUST_1555,23,Monthly,4529.283204395495,1,16.0,0,SMB,0,Mid-Tenure,16.0,1,104173.51370109638,0.0416666666666666,0.0,0,1,0.27311465,168210.8694391532,45940.85297555845,0
CUST_1556,47,Monthly,727.3410200255062,2,23.0,0,SMB,0,Loyal,23.0,2,34185.02794119879,0.0416666666666666,0.0,0,1,0.04744395,89570.38335966198,4249.572671912159,0
CUST_1557,31,Monthly,3496.3221407005767,2,15.0,0,SMB,0,Mid-Tenure,15.0,2,108385.98636171788,0.0625,0.0,0,1,0.28924236,123675.19369685663,35772.104529240896,0
CUST_1558,11,Multi-Year,822.5572085390061,2,20.0,5,Enterprise,0,New,20.0,2,9048.129293929069,0.1666666666666666,4.112786042695031,1,0,0.029311255,124455.05900262539,3647.9339232417833,0
CUST_1559,10,Multi-Year,3677.958436842795,0,27.0,2,SMB,0,New,27.0,0,36779.58436842795,0.0,7.35591687368559,0,0,0.017824255,650733.2572786522,11598.835469176585,0
CUST_1560,67,Annual,652.870945998279,4,7.0,5,SMB,0,Loyal,7.0,4,43742.35338188469,0.0588235294117647,3.2643547299913958,0,0,0.023040442,107261.83028459092,2471.359957624239,0
CUST_1561,14,Monthly,4291.059774698544,3,28.0,0,SMB,0,Mid-Tenure,28.0,3,60074.83684577962,0.2,0.0,0,1,0.18708031,217195.2542385341,40632.95523174812,0
CUST_1562,10,Monthly,2596.7477791849315,5,5.0,0,SMB,0,New,5.0,5,25967.477791849316,0.4545454545454545,0.0,0,1,0.67058194,43244.17702103733,28998.76398365655,1
CUST_1563,1,Monthly,920.5426070099506,2,29.0,10,SMB,0,New,29.0,2,920.5426070099506,1.0,9.205426070099508,0,1,0.17968439,48094.30730712809,8641.796062095209,0
CUST_1564,5,Monthly,3680.687502545648,4,1.0,5,SMB,1,New,1.0,4,18403.43751272824,0.6666666666666666,18.40343751272824,0,1,0.8136892,51139.056548484616,41611.29659349848,1
CUST_1565,20,Annual,2701.805708766932,2,22.0,0,SMB,0,Mid-Tenure,22.0,2,54036.11417533863,0.0952380952380952,0.0,0,0,0.016620215,486664.117321272,8088.462276546566,0
CUST_1566,8,Multi-Year,1359.269864939493,4,25.0,0,SMB,0,New,25.0,4,10874.158919515943,0.4444444444444444,0.0,0,0,0.097531185,110561.29426515164,10783.173995514666,0
CUST_1567,43,Multi-Year,570.5256824992659,1,14.0,0,SMB,0,Loyal,14.0,1,24532.604347468437,0.0227272727272727,0.0,0,0,0.019381376,98676.45078579191,1912.4853933826987,0
CUST_1568,1,Annual,2380.9921687649176,1,24.0,2,Enterprise,0,New,24.0,1,2380.9921687649176,0.5,4.761984337529835,1,0,0.022153275,395989.0241699731,8772.453784058509,0
CUST_1569,57,Monthly,885.3315382784101,3,22.0,0,SMB,0,Loyal,22.0,3,50463.89768186938,0.0517241379310344,0.0,0,1,0.18044241,46102.532522191104,8318.85197062762,0
CUST_1570,64,Monthly,923.7636421125674,6,10.0,0,SMB,0,Loyal,10.0,6,59120.87309520431,0.0923076923076923,0.0,0,1,0.20999026,42636.83981776594,8953.321206191775,0
CUST_1571,28,Monthly,1702.982967632046,1,20.0,0,SMB,0,Mid-Tenure,20.0,1,47683.52309369729,0.0344827586206896,0.0,0,1,0.27272373,63322.87551162697,17269.651081135704,0
CUST_1572,37,Annual,3337.062337590909,4,15.0,0,SMB,0,Loyal,15.0,4,123471.30649086364,0.1052631578947368,0.0,0,0,0.015735649,609178.5233353074,9585.819161085332,0
CUST_1573,47,Multi-Year,2884.597738524272,1,3.0,0,Enterprise,0,Loyal,3.0,1,135576.09371064077,0.0208333333333333,0.0,1,0,0.0064483806,613218.1651160665,3954.264149604805,0
CUST_1574,37,Monthly,810.4428871640628,4,10.0,0,Enterprise,0,Loyal,10.0,4,29986.386825070324,0.1052631578947368,0.0,1,1,0.0538234,93671.70165033711,5041.729493661041,0
CUST_1575,49,Monthly,4857.940741516114,1,13.0,5,Enterprise,0,Loyal,13.0,1,238039.0963342896,0.02,24.28970370758057,1,1,0.16586259,270057.3993988364,44792.41973308531,0
CUST_1576,44,Monthly,4492.259097325659,3,7.0,0,Enterprise,0,Loyal,7.0,3,197659.400282329,0.0666666666666666,0.0,1,1,0.031477015,661623.506543233,20825.933347798342,0
CUST_1577,56,Monthly,1666.514692153212,2,5.0,0,Enterprise,0,Loyal,5.0,2,93324.82276057987,0.0350877192982456,0.0,1,1,0.06589263,172557.7860374241,11370.28623257392,0
CUST_1578,28,Monthly,1050.5235918296355,1,28.0,0,SMB,0,Mid-Tenure,28.0,1,29414.660571229797,0.0344827586206896,0.0,0,1,0.22788027,45365.87859730592,10337.988631286913,0
CUST_1579,6,Monthly,4740.812891406456,4,20.0,0,SMB,0,New,20.0,4,28444.87734843874,0.5714285714285714,0.0,0,1,0.19857076,228867.44930423063,45446.38291374409,0
CUST_1580,61,Monthly,2575.1380004631496,3,22.0,0,SMB,0,Loyal,22.0,3,157083.41802825214,0.0483870967741935,0.0,0,1,0.060517445,279608.859769407,16921.21385038678,0
CUST_1581,20,Multi-Year,1900.251341471461,4,26.0,0,Enterprise,0,Mid-Tenure,26.0,4,38005.02682942922,0.1904761904761904,0.0,1,0,0.06880765,191932.23092999964,13206.40512316017,0
CUST_1582,2,Annual,2706.611158243343,1,18.0,0,SMB,0,New,18.0,1,5413.222316486686,0.3333333333333333,0.0,0,0,0.063715436,285619.38369109435,18198.363437547257,0
CUST_1583,37,Monthly,3977.348650458855,1,24.0,5,SMB,0,Loyal,24.0,1,147161.90006697763,0.0263157894736842,19.88674325229428,0,1,0.15974957,227548.4285881749,36350.76305424468,0
CUST_1584,20,Monthly,1257.7338423637452,2,3.0,2,Enterprise,1,Mid-Tenure,3.0,2,25154.676847274903,0.0952380952380952,2.5154676847274904,1,1,0.24667437,50873.30620913415,12549.140949522502,0
CUST_1585,26,Monthly,3953.7312507918814,1,27.0,0,SMB,0,Mid-Tenure,27.0,1,102797.01252058892,0.037037037037037,0.0,0,1,0.20346676,187183.4236450368,38085.604385100814,0
CUST_1586,29,Monthly,3872.510545702394,1,3.0,5,SMB,1,Mid-Tenure,3.0,1,112302.80582536945,0.0333333333333333,19.36255272851197,0,1,0.55303043,77060.9959631331,42617.07583163342,1
CUST_1587,1,Monthly,2927.066921783959,1,23.0,5,Enterprise,0,New,23.0,1,2927.066921783959,0.5,14.635334608919797,1,1,0.26058367,113092.88035748067,29470.157695361286,0
CUST_1588,35,Annual,4396.290299373118,2,5.0,5,Enterprise,0,Mid-Tenure,5.0,2,153870.16047805912,0.0555555555555555,21.98145149686559,1,0,0.06979754,440372.00102218066,30736.881572752125,0
CUST_1589,70,Annual,1094.6452017643724,0,29.0,0,Enterprise,0,Loyal,29.0,0,76625.16412350607,0.0,0.0,1,0,0.0034872615,245586.36079272826,856.4238554797753,0
CUST_1590,59,Annual,3179.655529995529,4,10.0,2,Enterprise,0,Loyal,10.0,4,187599.6762697362,0.0666666666666666,6.359311059991058,1,0,0.014873309,588159.7157534969,8747.881229591207,0
CUST_1591,69,Monthly,2522.043736258197,4,0.0,0,SMB,0,Loyal,0.0,4,174021.0178018156,0.0571428571428571,0.0,0,1,0.023062471,414228.04331454134,9553.122360747355,0
CUST_1592,33,Multi-Year,2400.3145077612426,4,1.0,2,SMB,0,Mid-Tenure,1.0,4,79210.378756121,0.1176470588235294,4.800629015522485,0,0,0.044568654,304580.562398482,13574.745746280609,0
CUST_1593,51,Monthly,1636.5248207128643,4,8.0,0,SMB,0,Loyal,8.0,4,83462.76585635608,0.0769230769230769,0.0,0,1,0.050773963,194874.72537518013,9894.562160567304,0
CUST_1594,12,Monthly,2175.2584556445863,1,15.0,0,Enterprise,0,New,15.0,1,26103.10146773504,0.0769230769230769,0.0,1,1,0.25138208,86611.321420749,21772.534364210176,0
CUST_1595,20,Annual,986.678402106496,2,5.0,0,SMB,0,Mid-Tenure,5.0,2,19733.56804212992,0.0952380952380952,0.0,0,0,0.020612068,167678.70325178612,3456.204913106431,0
CUST_1596,53,Annual,1632.1953639417134,2,22.0,2,SMB,0,Loyal,22.0,2,86506.3542889108,0.037037037037037,3.2643907278834265,0,0,0.011784349,317011.4205820376,3735.773102006767,0
CUST_1597,43,Multi-Year,1723.8429850013715,2,26.0,2,SMB,0,Loyal,26.0,2,74125.24835505898,0.0454545454545454,3.447685970002743,0,0,0.016580928,310691.30715887697,5151.550230589546,0
CUST_1598,50,Annual,3743.005403570628,5,8.0,0,SMB,0,Loyal,8.0,5,187150.2701785314,0.0980392156862745,0.0,0,0,0.10431501,291067.37527563615,30362.696946514105,0
CUST_1599,29,Multi-Year,718.4769224398842,1,18.0,0,SMB,0,Mid-Tenure,18.0,1,20835.83075075664,0.0333333333333333,0.0,0,0,0.029388279,108601.9691023429,3191.6249378205553,0
CUST_1600,57,Multi-Year,3430.365386678873,0,4.0,2,Enterprise,0,Loyal,4.0,0,195530.82704069576,0.0,6.860730773357746,1,0,0.015639825,627125.1556656299,9808.127557731961,0
CUST_1601,39,Annual,1496.3445940693543,3,20.0,0,SMB,0,Loyal,20.0,3,58357.43916870482,0.075,0.0,0,0,0.0055011082,323527.490770238,1779.7597466566774,0
CUST_1602,56,Annual,868.3767766233227,2,9.0,0,SMB,0,Loyal,9.0,2,48629.09949090607,0.0350877192982456,0.0,0,0,0.010374999,172596.63339577432,1790.6898425829258,0
CUST_1603,43,Annual,1853.6277248844533,3,29.0,2,SMB,0,Loyal,29.0,3,79705.99217003149,0.0681818181818181,3.7072554497689065,0,0,0.03394573,264975.1337224463,8994.774827959971,0
CUST_1604,50,Multi-Year,1510.1279124287123,3,6.0,5,SMB,0,Loyal,6.0,3,75506.39562143561,0.0588235294117647,7.550639562143561,0,0,0.011999778,292283.86269357556,3507.341596697323,0
CUST_1605,23,Annual,2984.145691279325,1,28.0,0,SMB,0,Mid-Tenure,28.0,1,68635.35089942448,0.0416666666666666,0.0,0,0,0.009685316,599975.8522392355,5810.955795144331,0
CUST_1606,44,Monthly,2108.1938155158305,4,1.0,0,SMB,0,Loyal,1.0,4,92760.52788269654,0.0888888888888888,0.0,0,1,0.031542994,310245.22319911,9786.063239330239,0
CUST_1607,38,Annual,4846.971840837467,4,19.0,2,Enterprise,0,Loyal,19.0,4,184184.92995182372,0.1025641025641025,9.693943681674934,1,0,0.020838171,821078.0080273761,17109.764135683945,0
CUST_1608,23,Monthly,4835.973197258828,3,26.0,5,Enterprise,0,Mid-Tenure,26.0,3,111227.38353695304,0.125,24.17986598629414,1,1,0.17342797,259733.27934038232,45045.015174152315,0
CUST_1609,45,Monthly,2496.7187110410778,0,3.0,0,Enterprise,0,Loyal,3.0,0,112352.3419968485,0.0,0.0,1,1,0.037365973,342932.4315539406,12814.003976814192,0
CUST_1610,52,Monthly,4077.893572971168,2,27.0,0,SMB,0,Loyal,27.0,2,212050.46579450072,0.0377358490566037,0.0,0,1,0.08390746,365436.84923335677,30662.878780356157,0
CUST_1611,50,Annual,559.7084338739377,0,7.0,0,Enterprise,0,Loyal,7.0,0,27985.421693696884,0.0,0.0,1,0,0.027452914,86717.21892301053,2380.6403572507697,0
CUST_1612,8,Multi-Year,2965.152131261612,4,25.0,10,Enterprise,1,New,25.0,4,23721.21705009289,0.4444444444444444,29.65152131261612,1,0,0.6902787,48065.4442343137,33178.55279043892,1
CUST_1613,1,Monthly,3844.8462753814056,5,2.0,0,Enterprise,1,New,2.0,5,3844.8462753814056,2.5,0.0,1,1,0.6407676,66792.58874363614,42798.52507116536,1
CUST_1614,8,Monthly,1476.2445143330117,2,1.0,0,SMB,0,New,1.0,2,11809.956114664094,0.2222222222222222,0.0,0,1,0.1723125,79684.833562945,13730.692731328201,0
CUST_1615,29,Monthly,775.2728982467469,3,8.0,0,SMB,0,Mid-Tenure,8.0,3,22482.91404915566,0.1,0.0,0,1,0.2863007,27663.56048019662,7920.096425175792,0
CUST_1616,5,Annual,1201.6352115790514,1,27.0,0,SMB,1,New,27.0,1,6008.176057895257,0.1666666666666666,0.0,0,0,0.32483816,38468.927560287404,12496.175702348895,0
CUST_1617,47,Monthly,2488.316392282357,5,10.0,0,Enterprise,0,Loyal,10.0,5,116950.87043727076,0.1041666666666666,0.0,1,1,0.07522294,238453.09490572018,17937.142672747876,0
CUST_1618,34,Monthly,2778.6713934031786,1,3.0,0,SMB,0,Mid-Tenure,3.0,1,94474.82737570808,0.0285714285714285,0.0,0,1,0.24097407,114594.59432389369,27614.325638569437,0
CUST_1619,65,Monthly,2213.983049489458,1,8.0,0,SMB,1,Loyal,8.0,1,143908.8982168148,0.0151515151515151,0.0,0,1,0.0312593,326950.86120654974,10220.254507935511,0
CUST_1620,55,Monthly,2479.8819516907097,3,5.0,0,SMB,0,Loyal,5.0,3,136393.50734298903,0.0535714285714285,0.0,0,1,0.057380855,277131.1908726459,15902.02470257153,0
CUST_1621,43,Monthly,2616.0573182417656,2,0.0,0,Enterprise,0,Loyal,0.0,2,112490.46468439592,0.0454545454545454,0.0,1,1,0.038496654,354733.0431734268,13656.035395933131,0
CUST_1622,30,Annual,3962.464977204933,2,29.0,2,Enterprise,0,Mid-Tenure,29.0,2,118873.949316148,0.064516129032258,7.9249299544098655,1,0,0.014056937,742301.7622569958,10434.488986584332,0
CUST_1623,17,Monthly,973.5885413494356,0,26.0,0,SMB,0,Mid-Tenure,26.0,0,16551.005202940403,0.0,0.0,0,1,0.41525796,25110.93455088275,10427.515469303422,0
CUST_1624,26,Annual,3960.277102217282,2,2.0,5,Enterprise,0,Mid-Tenure,2.0,2,102967.20465764932,0.074074074074074,19.80138551108641,1,0,0.088858895,342241.8397854031,30411.23170739698,0
CUST_1625,8,Monthly,3598.8228603274915,3,6.0,0,SMB,0,New,6.0,3,28790.58288261993,0.3333333333333333,0.0,0,1,0.24429558,146743.1975772618,35848.714882395616,0
CUST_1626,47,Monthly,3837.473642643432,7,8.0,0,SMB,0,Loyal,8.0,7,180361.2612042413,0.1458333333333333,0.0,0,1,0.24589328,155629.36558554898,38268.21589625539,0
CUST_1627,46,Monthly,3805.107736438953,6,7.0,0,Enterprise,0,Loyal,7.0,6,175034.95587619185,0.1276595744680851,0.0,1,1,0.048741266,462433.7524157643,22539.606594639197,0
CUST_1628,68,Annual,2617.6631711080263,1,27.0,10,Enterprise,0,Loyal,27.0,1,178001.0956353458,0.0144927536231884,26.17663171108026,1,0,0.20645998,122482.88370739053,25287.814232954228,0
CUST_1629,33,Multi-Year,1451.30083052405,4,20.0,0,SMB,0,Mid-Tenure,20.0,4,47892.92740729365,0.1176470588235294,0.0,0,0,0.026206294,228532.42743024434,5988.98799883164,0
CUST_1630,1,Multi-Year,2914.8300693581177,3,27.0,0,SMB,0,New,27.0,3,2914.8300693581177,1.5,0.0,0,0,0.036417916,404753.59148588503,14740.282464262858,0
CUST_1631,19,Annual,4810.919241240948,2,12.0,0,SMB,0,Mid-Tenure,12.0,2,91407.465583578,0.1,0.0,0,0,0.063218296,509909.04006949556,32235.580411063962,0
CUST_1632,31,Monthly,3148.3655662701367,1,23.0,0,SMB,0,Mid-Tenure,23.0,1,97599.33255437424,0.03125,0.0,0,1,0.2840699,113091.2600278222,32125.822445697657,0
CUST_1633,14,Multi-Year,549.7121534574992,5,17.0,0,SMB,0,Mid-Tenure,17.0,5,7695.970148404989,0.3333333333333333,0.0,0,0,0.26671886,20827.76346413129,5555.157419997137,0
CUST_1634,53,Annual,768.6990719437579,2,18.0,10,SMB,0,Loyal,18.0,2,40741.05081301917,0.037037037037037,7.6869907194375795,0,0,0.049688853,92531.79409883912,4597.798744733784,0
CUST_1635,48,Monthly,4967.885451215985,2,23.0,0,Enterprise,0,Loyal,23.0,2,238458.50165836728,0.0408163265306122,0.0,1,1,0.0868214,435711.25297949766,37829.06081783585,0
CUST_1636,69,Multi-Year,823.7586165774817,2,8.0,0,SMB,0,Loyal,8.0,2,56839.34454384624,0.0285714285714285,0.0,0,0,0.0033028412,185451.7098833575,612.5175506954097,0
CUST_1637,62,Monthly,707.2032202020436,1,25.0,10,SMB,0,Loyal,25.0,1,43846.599652526704,0.0158730158730158,7.072032202020436,0,1,0.20490389,33292.700570655616,6821.803713111721,0
CUST_1638,66,Monthly,2088.609212113949,1,23.0,0,SMB,0,Loyal,23.0,1,137848.20799952064,0.0149253731343283,0.0,0,1,0.02823408,320363.0906972736,9045.15696526012,0
CUST_1639,64,Monthly,4861.927414712015,2,19.0,0,Enterprise,0,Loyal,19.0,2,311163.35454156896,0.0307692307692307,0.0,1,1,0.118129924,347012.1715611087,40992.5214326656,0
CUST_1640,70,Monthly,1934.038191797896,6,28.0,0,SMB,0,Loyal,28.0,6,135382.67342585273,0.0845070422535211,0.0,0,1,0.09571989,159267.61244700442,15245.078153879005,0
CUST_1641,63,Annual,2344.4785889387176,4,5.0,0,SMB,0,Loyal,5.0,4,147702.1511031392,0.0625,0.0,0,0,0.0059760935,502602.83725135145,3003.6015323567976,0
CUST_1642,33,Monthly,3353.346775438545,3,26.0,0,SMB,1,Mid-Tenure,26.0,3,110660.443589472,0.088235294117647,0.0,0,1,0.2939101,117007.79224105697,34389.77029836811,0
CUST_1643,41,Monthly,608.5032769687903,0,20.0,0,SMB,1,Loyal,20.0,0,24948.6343557204,0.0,0.0,0,1,0.38882834,16639.853232766993,6470.046463624624,0
CUST_1644,48,Monthly,4539.936098836346,5,11.0,2,SMB,0,Loyal,11.0,5,217916.9327441446,0.1020408163265306,9.079872197672692,0,1,0.23775597,189324.4262074577,45013.012439894024,0
CUST_1645,13,Annual,2837.4935789949445,4,3.0,0,SMB,0,Mid-Tenure,3.0,4,36887.41652693428,0.2857142857142857,0.0,0,0,0.013892512,532925.0811319259,7403.667997957753,0
CUST_1646,31,Annual,2600.649077018261,4,8.0,5,SMB,0,Mid-Tenure,8.0,4,80620.12138756609,0.125,13.003245385091304,0,0,0.031508323,382878.5523356927,12063.861022167743,0
CUST_1647,68,Monthly,4373.269979929837,9,9.0,0,SMB,0,Loyal,9.0,9,297382.35863522894,0.1304347826086956,0.0,0,1,0.3579765,128632.9940867009,46047.58852139822,0
CUST_1648,4,Monthly,4788.844652111096,1,2.0,0,SMB,0,New,2.0,1,19155.378608444385,0.2,0.0,0,1,0.107264474,365410.79774828977,39195.59702692771,0
CUST_1649,19,Monthly,2405.413542410756,2,16.0,0,Enterprise,1,Mid-Tenure,16.0,2,45702.85730580436,0.1,0.0,1,1,0.31916958,78188.89493448034,24955.516830120792,0
CUST_1650,70,Multi-Year,1275.9848568195382,3,28.0,0,Enterprise,0,Loyal,28.0,3,89318.93997736767,0.0422535211267605,0.0,1,0,0.0073299394,267082.3983118088,1957.6977941423231,0
CUST_1651,13,Monthly,4170.691715009329,2,6.0,0,SMB,0,Mid-Tenure,6.0,2,54218.99229512127,0.1428571428571428,0.0,0,1,0.2444494,169972.48894882025,41549.674106440965,0
CUST_1652,23,Monthly,2314.671895501192,6,25.0,0,SMB,1,Mid-Tenure,25.0,6,53237.45359652742,0.25,0.0,0,1,0.57332325,44561.248474146014,25547.999791095524,1
CUST_1653,1,Monthly,4709.954927802947,3,7.0,2,SMB,0,New,7.0,3,4709.954927802947,1.5,9.419909855605894,0,1,0.14792405,285561.3544084004,42241.3922642545,0
CUST_1654,54,Annual,4774.545427239424,2,10.0,10,SMB,0,Loyal,10.0,2,257825.45307092887,0.0363636363636363,47.74545427239424,0,0,0.0957394,393130.0844628729,37638.03914630102,0
CUST_1655,71,Annual,1016.7306427461627,4,12.0,0,Enterprise,0,Loyal,12.0,4,72187.87563497755,0.0555555555555555,0.0,1,0,0.0068541598,214597.63023192162,1470.8864411894137,0
CUST_1656,15,Monthly,4804.492852997831,2,2.0,2,SMB,1,Mid-Tenure,2.0,2,72067.39279496745,0.125,9.60898570599566,0,1,0.37946233,134246.72759953132,50941.57625565169,0
CUST_1657,65,Monthly,2157.2164645030443,3,18.0,2,Enterprise,0,Loyal,18.0,3,140219.0701926979,0.0454545454545454,4.314432929006089,1,1,0.03135081,318209.459884312,9976.124342736408,0
CUST_1658,71,Monthly,3408.136329457357,4,13.0,0,Enterprise,0,Loyal,13.0,4,241977.67939147237,0.0555555555555555,0.0,1,1,0.04511974,429959.48056407686,19399.660003215788,0
CUST_1659,15,Multi-Year,656.3753678032072,1,21.0,0,SMB,0,Mid-Tenure,21.0,1,9845.630517048106,0.0625,0.0,0,0,0.064459346,68814.86191485367,4435.761010269397,0
CUST_1660,21,Multi-Year,4499.979233377248,3,15.0,15,SMB,0,Mid-Tenure,15.0,3,94499.56390092222,0.1363636363636363,67.49968850065872,0,0,0.089515,387053.37582963106,34647.08316255437,0
CUST_1661,19,Annual,3387.187982051892,2,14.0,0,SMB,0,Mid-Tenure,14.0,2,64356.57165898595,0.1,0.0,0,0,0.028046276,520796.8561841353,14606.412587392046,0
CUST_1662,60,Annual,3395.9951013038863,5,1.0,15,SMB,0,Loyal,1.0,5,203759.7060782332,0.081967213114754,50.93992651955829,0,0,0.45189607,81195.97376261279,36692.14155958456,0
CUST_1663,33,Monthly,4559.792719898677,5,5.0,0,Enterprise,0,Mid-Tenure,5.0,5,150473.15975665636,0.1470588235294117,0.0,1,1,0.07939492,422872.19001251855,33573.904398415536,0
CUST_1664,49,Annual,2787.5622870830443,3,20.0,0,SMB,0,Loyal,20.0,3,136590.55206706916,0.06,0.0,0,0,0.0046390267,612213.4593876451,2840.0745896479198,0
CUST_1665,35,Annual,2347.324881631477,2,29.0,0,SMB,0,Mid-Tenure,29.0,2,82156.3708571017,0.0555555555555555,0.0,0,0,0.033296295,338165.0676472427,11259.643685499937,0
CUST_1666,44,Monthly,4397.579385315423,2,6.0,15,Enterprise,1,Loyal,6.0,2,193493.4929538786,0.0444444444444444,65.96369077973135,1,1,0.8649803,57674.41448379825,49887.23121206256,1
CUST_1667,11,Multi-Year,3840.892303421292,2,8.0,0,Enterprise,0,New,8.0,2,42249.815337634216,0.1666666666666666,0.0,1,0,0.026411919,603187.4210809876,15931.337261120598,0
CUST_1668,66,Monthly,4770.390492342055,0,8.0,0,SMB,0,Loyal,8.0,0,314845.77249457565,0.0,0.0,0,1,0.03957484,639071.011219552,25291.132490257005,0
CUST_1669,46,Monthly,4730.548519897397,1,16.0,0,Enterprise,1,Loyal,16.0,1,217605.23191528025,0.0212765957446808,0.0,1,1,0.25725505,184753.93809533212,47528.88313156358,0
CUST_1670,9,Annual,2220.4677405210814,3,22.0,0,SMB,0,New,22.0,3,19984.209664689733,0.3,0.0,0,0,0.027488494,343865.3987671927,9452.342051194439,0
CUST_1671,3,Annual,2511.4383056363804,2,2.0,0,Enterprise,0,New,2.0,2,7534.314916909141,0.5,0.0,1,0,0.025655558,398348.2612110903,10219.847052270923,0
CUST_1672,26,Annual,1651.932292058503,3,3.0,0,SMB,0,Mid-Tenure,3.0,3,42950.23959352108,0.1111111111111111,0.0,0,0,0.027580071,255519.06562229592,7047.2340332107005,0
CUST_1673,48,Monthly,3472.9155011235543,5,1.0,0,Enterprise,0,Loyal,1.0,5,166699.9440539306,0.1020408163265306,0.0,1,1,0.0526394,406033.02658752183,21373.334381588378,0
CUST_1674,66,Multi-Year,2140.438865399989,1,0.0,0,SMB,0,Loyal,0.0,1,141268.96511639928,0.0149253731343283,0.0,0,0,0.0038974595,476558.0202255631,1857.3655732448735,0
CUST_1675,70,Annual,4037.45290973452,2,9.0,0,SMB,0,Loyal,9.0,2,282621.7036814164,0.028169014084507,0.0,0,0,0.0035572774,904628.4254685196,3218.014233138872,0
CUST_1676,28,Monthly,1046.9784232890977,2,29.0,0,SMB,0,Mid-Tenure,29.0,2,29315.39585209473,0.0689655172413793,0.0,0,1,0.12504783,71773.1896340185,8975.08181166902,0
CUST_1677,26,Multi-Year,1023.8128302458564,0,2.0,0,SMB,0,Mid-Tenure,2.0,0,26619.133586392265,0.0,0.0,0,0,0.03731319,140709.0263053811,5250.302542844828,0
CUST_1678,25,Annual,1420.049216387286,2,9.0,0,SMB,0,Mid-Tenure,9.0,2,35501.230409682146,0.0769230769230769,0.0,0,0,0.033779226,203398.747535068,6870.652310630774,0
CUST_1679,12,Monthly,879.3148479683607,5,8.0,2,Enterprise,0,New,8.0,5,10551.77817562033,0.3846153846153846,1.7586296959367214,1,1,0.36780939,25255.00443942874,9289.027652585779,0
CUST_1680,5,Annual,3290.1422345520564,5,16.0,0,Enterprise,1,New,16.0,5,16450.711172760282,0.8333333333333334,0.0,1,0,0.54129755,66771.29930068133,36143.141053614694,1
CUST_1681,48,Monthly,1163.0874470753238,4,14.0,0,Enterprise,1,Loyal,14.0,4,55828.19745961554,0.0816326530612244,0.0,1,1,0.07965335,107648.96870545311,8574.601250450156,0
CUST_1682,37,Monthly,1219.833128604444,3,2.0,0,Enterprise,0,Loyal,2.0,3,45133.82575836443,0.0789473684210526,0.0,1,1,0.06264333,129949.9701909554,8140.498452783922,0
CUST_1683,44,Monthly,564.027006781247,1,26.0,0,Enterprise,0,Loyal,26.0,1,24817.18829837487,0.0222222222222222,0.0,1,1,0.10646219,43258.52764618261,4605.397505685145,0
CUST_1684,15,Multi-Year,4019.405065806244,2,20.0,0,Enterprise,0,Mid-Tenure,20.0,2,60291.07598709366,0.125,0.0,1,0,0.019843249,690587.3150728408,13703.495807824353,0
CUST_1685,43,Monthly,4155.332249405665,2,2.0,0,SMB,0,Loyal,2.0,2,178679.28672444358,0.0454545454545454,0.0,0,1,0.082227655,377107.0839864446,31008.631107745714,0
CUST_1686,48,Annual,1229.1008736399783,5,3.0,2,Enterprise,1,Loyal,3.0,5,58996.84193471896,0.1020408163265306,2.4582017472799564,1,0,0.51947653,25899.592558957334,13454.230546984672,1
CUST_1687,70,Monthly,3827.85995420251,2,3.0,2,SMB,0,Loyal,3.0,2,267950.1967941757,0.028169014084507,7.65571990840502,0,1,0.06699242,392626.4779129417,26302.99672490112,0
CUST_1688,46,Annual,2450.9530542081184,3,16.0,0,Enterprise,0,Loyal,16.0,3,112743.84049357344,0.0638297872340425,0.0,1,0,0.0043260534,541387.3204955008,2342.07047446051,0
CUST_1689,43,Annual,1578.176973344261,3,5.0,0,SMB,0,Loyal,5.0,3,67861.60985380322,0.0681818181818181,0.0,0,0,0.0057974975,339408.1120203882,1967.717668183756,0
CUST_1690,21,Annual,3296.23073633223,1,10.0,2,SMB,0,Mid-Tenure,10.0,1,69220.84546297684,0.0454545454545454,6.592461472664461,0,0,0.04405163,420564.41901460965,18526.547571911367,0
CUST_1691,23,Monthly,1303.1783345618817,7,11.0,0,SMB,1,Mid-Tenure,11.0,7,29973.10169492328,0.2916666666666667,0.0,0,1,0.6263959,23119.803319831397,14482.14957314148,1
CUST_1692,47,Annual,3905.97623443866,4,22.0,0,SMB,0,Loyal,22.0,4,183580.88301861705,0.0833333333333333,0.0,0,0,0.0071859523,819636.8773304145,5889.871481085624,0
CUST_1693,15,Multi-Year,714.2685240674826,1,27.0,0,SMB,0,Mid-Tenure,27.0,1,10714.02786101224,0.0625,0.0,0,0,0.09666725,58439.9167678846,5649.226189168776,0
CUST_1694,25,Annual,4816.089198175615,3,6.0,0,Enterprise,0,Mid-Tenure,6.0,3,120402.22995439038,0.1153846153846153,0.0,1,0,0.068651214,487083.6948357281,33438.88708794351,0
CUST_1695,36,Monthly,823.4386416888101,4,12.0,2,SMB,0,Mid-Tenure,12.0,4,29643.791100797163,0.1081081081081081,1.6468772833776202,0,1,0.23934226,34150.780088264466,8173.724797629754,0
CUST_1696,51,Multi-Year,3107.517886619104,2,5.0,0,SMB,0,Loyal,5.0,2,158483.4122175743,0.0384615384615384,0.0,0,0,0.00897854,632267.481383388,5676.838921493904,0
CUST_1697,15,Monthly,4559.874305550704,2,22.0,0,SMB,0,Mid-Tenure,22.0,2,68398.11458326055,0.125,0.0,0,1,0.25538543,179178.45579426436,45759.56674092158,0
CUST_1698,68,Annual,553.5701098153265,4,29.0,5,SMB,0,Loyal,29.0,4,37642.7674674422,0.0579710144927536,2.7678505490766327,0,0,0.042748872,71621.80097200802,3061.751215821118,0
CUST_1699,21,Multi-Year,2743.3150744507566,3,2.0,0,SMB,0,Mid-Tenure,2.0,3,57609.61656346589,0.1363636363636363,0.0,0,0,0.016611831,494203.19154479995,8209.620027433835,0
CUST_1700,13,Monthly,2075.03133939806,3,20.0,0,SMB,1,Mid-Tenure,20.0,3,26975.40741217478,0.2142857142857142,0.0,0,1,0.2896623,73309.21060694453,21234.914668515605,0
CUST_1701,19,Monthly,3111.49485616059,1,13.0,0,SMB,0,Mid-Tenure,13.0,1,59118.40226705121,0.05,0.0,0,1,0.28169304,112567.74270242765,31709.549796893636,0
CUST_1702,34,Monthly,1514.5582403194642,2,13.0,0,SMB,0,Mid-Tenure,13.0,2,51494.98017086178,0.0571428571428571,0.0,0,1,0.25383568,59817.524671135914,15183.821937196313,0
CUST_1703,68,Annual,792.0464775427614,0,22.0,0,SMB,0,Loyal,22.0,0,53859.16047290777,0.0,0.0,0,0,0.0040398827,175880.42319695937,710.5362758226335,0
CUST_1704,52,Annual,3316.6986658191813,2,9.0,0,Enterprise,0,Loyal,9.0,2,172468.33062259742,0.0377358490566037,0.0,1,0,0.009290984,671272.1247276865,6236.778503650909,0
CUST_1705,27,Monthly,2375.821577720312,2,4.0,15,SMB,1,Mid-Tenure,4.0,2,64147.18259844842,0.0714285714285714,35.63732366580467,0,1,0.7489867,35682.51856577456,26725.732578986248,1
CUST_1706,29,Monthly,3301.1849241780337,2,29.0,5,SMB,0,Mid-Tenure,29.0,2,95734.36280116298,0.0666666666666666,16.505924620890166,0,1,0.15481074,193418.66236104144,29943.28654851687,0
CUST_1707,28,Monthly,1447.426160770293,1,25.0,0,SMB,0,Mid-Tenure,25.0,1,40527.93250156821,0.0344827586206896,0.0,0,1,0.2054176,68002.80363328198,13968.972936922828,0
CUST_1708,35,Monthly,2024.335683290668,3,1.0,5,SMB,1,Mid-Tenure,1.0,3,70851.74891517338,0.0833333333333333,10.12167841645334,0,1,0.3066843,68105.12372366816,20886.771201428262,0
CUST_1709,8,Monthly,3027.566252140746,3,5.0,0,SMB,1,New,5.0,3,24220.53001712597,0.3333333333333333,0.0,0,1,0.41774905,77671.55125400767,32447.216537071523,0
CUST_1710,16,Multi-Year,3169.007502461273,1,22.0,0,SMB,0,Mid-Tenure,22.0,1,50704.12003938037,0.0588235294117647,0.0,0,0,0.03191706,464226.7302387162,14816.753171723603,0
CUST_1711,36,Monthly,2175.416634984193,2,10.0,0,Enterprise,1,Mid-Tenure,10.0,2,78314.99885943095,0.054054054054054,0.0,1,1,0.21319519,99184.94305273886,21145.752762767537,0
CUST_1712,30,Multi-Year,1760.239425274504,3,17.0,0,SMB,0,Mid-Tenure,17.0,3,52807.18275823512,0.0967741935483871,0.0,0,0,0.030136213,263587.12466473,7943.517655608394,0
CUST_1713,18,Annual,1731.652832698681,0,25.0,0,SMB,0,Mid-Tenure,25.0,0,31169.75098857626,0.0,0.0,0,0,0.04272095,224111.51670746336,9574.257155154455,0
CUST_1714,2,Monthly,1286.147081394043,3,23.0,0,SMB,0,New,23.0,3,2572.294162788086,1.0,0.0,0,1,0.19951878,61854.12119753302,12341.05910119151,0
CUST_1715,49,Annual,1964.3223304831424,1,20.0,2,SMB,0,Loyal,20.0,1,96251.79419367398,0.02,3.928644660966285,0,0,0.019433318,339489.2988553448,6597.403402439324,0
CUST_1716,4,Annual,1397.4815165594898,1,10.0,0,SMB,0,New,10.0,1,5589.926066237959,0.2,0.0,0,0,0.16685866,77330.45371023449,12903.255743664864,0
CUST_1717,7,Monthly,3352.169328034752,4,23.0,0,SMB,1,New,23.0,4,23465.185296243264,0.5,0.0,0,1,0.54916686,67136.60908612897,36869.20068177983,1
CUST_1718,39,Monthly,3060.8014920894034,1,14.0,0,Enterprise,0,Loyal,14.0,1,119371.25819148672,0.025,0.0,1,1,0.10115494,242993.17662110252,24579.959798193813,0
CUST_1719,13,Monthly,2221.64970651914,3,2.0,0,SMB,0,Mid-Tenure,2.0,3,28881.446184748824,0.2142857142857142,0.0,0,1,0.19127837,110493.93695170218,21135.099959942167,0
CUST_1720,31,Monthly,1966.235089718275,3,1.0,0,SMB,0,Mid-Tenure,1.0,3,60953.287781266525,0.09375,0.0,0,1,0.22300538,86426.2077280795,19273.509659934643,0
CUST_1721,71,Monthly,1569.2639008758913,3,6.0,0,Enterprise,0,Loyal,6.0,3,111417.73696218828,0.0416666666666666,0.0,1,1,0.08174677,142934.56272506405,11684.439100235682,0
CUST_1722,63,Monthly,2909.562390317036,1,4.0,0,SMB,0,Loyal,4.0,1,183302.4305899733,0.015625,0.0,0,1,0.09586753,239359.29753584843,22946.784520358302,0
CUST_1723,56,Monthly,4635.062439555597,2,20.0,0,SMB,0,Loyal,20.0,2,259563.49661511343,0.0350877192982456,0.0,0,1,0.17725642,244748.86096391152,43383.306955880034,0
CUST_1724,42,Monthly,3585.663731250217,3,12.0,0,SMB,0,Loyal,12.0,3,150597.8767125091,0.0697674418604651,0.0,0,1,0.06959926,359767.7941676598,25039.573458332245,0
CUST_1725,61,Monthly,3849.866213160053,2,7.0,15,SMB,1,Loyal,7.0,2,234841.83900276324,0.032258064516129,57.7479931974008,0,1,0.72407484,59682.07649519917,43214.290021694884,1
CUST_1726,42,Monthly,4254.700386453835,3,28.0,0,Enterprise,0,Loyal,28.0,3,178697.41623106104,0.0697674418604651,0.0,1,1,0.014971236,785830.8678524375,11764.859195610465,0
CUST_1727,56,Monthly,2082.3573800203194,3,8.0,2,SMB,0,Loyal,8.0,3,116612.01328113789,0.0526315789473684,4.164714760040639,0,1,0.06831043,211209.5033794388,14427.812447091837,0
CUST_1728,36,Multi-Year,782.9410195151943,5,29.0,2,SMB,0,Mid-Tenure,29.0,5,28185.876702546997,0.1351351351351351,1.5658820390303885,0,0,0.0587998,86353.94743633109,5077.594798027074,0
CUST_1729,68,Monthly,3301.514614947399,3,7.0,0,SMB,0,Loyal,7.0,3,224502.99381642317,0.0434782608695652,0.0,0,1,0.055158727,376746.4182385567,20780.852783253224,0
CUST_1730,7,Annual,1349.0253105261468,2,9.0,0,SMB,0,New,9.0,2,9443.177173683029,0.25,0.0,0,0,0.06417187,141788.8895260777,9098.858616164145,0
CUST_1731,54,Monthly,3060.6964249804983,3,1.0,0,SMB,0,Loyal,1.0,3,165277.6069489469,0.0545454545454545,0.0,0,1,0.10535497,236415.70994892134,24907.57054545933,0
CUST_1732,1,Multi-Year,3827.796049206792,3,9.0,0,SMB,0,New,9.0,3,3827.796049206792,1.5,0.0,0,0,0.023791177,622480.2887034218,14809.538850986339,0
CUST_1733,44,Monthly,4026.372359665264,3,10.0,0,Enterprise,0,Loyal,10.0,3,177160.38382527162,0.0666666666666666,0.0,1,1,0.035382655,565881.5384364221,20022.390972547462,0
CUST_1734,45,Multi-Year,1858.27604111382,1,22.0,0,SMB,0,Loyal,22.0,1,83622.4218501219,0.0217391304347826,0.0,0,0,0.0064036697,395352.151934608,2531.7046020751336,0
CUST_1735,47,Annual,2805.9495465619184,4,10.0,0,SMB,0,Loyal,10.0,4,131879.62868841016,0.0833333333333333,0.0,0,0,0.004728632,615242.7293446866,2909.2564871382506,0
CUST_1736,13,Monthly,3294.3429332473656,3,4.0,0,SMB,0,Mid-Tenure,4.0,3,42826.45813221576,0.2142857142857142,0.0,0,1,0.21074486,151612.24549915513,31951.50111665182,0
CUST_1737,22,Multi-Year,4187.663247652798,5,13.0,0,SMB,0,Mid-Tenure,13.0,5,92128.59144836156,0.217391304347826,0.0,0,0,0.18119694,217355.64053633285,39384.17759278722,0
CUST_1738,21,Annual,3926.2489929722633,2,22.0,5,Enterprise,0,Mid-Tenure,22.0,2,82451.22885241752,0.0909090909090909,19.63124496486132,1,0,0.040766694,519077.9095249991,21161.090118958124,0
CUST_1739,9,Monthly,4945.888944398166,5,2.0,0,SMB,0,New,2.0,5,44513.0004995835,0.5,0.0,0,1,0.15786424,285526.1077445848,45074.36279648286,0
CUST_1740,26,Annual,536.381044385049,3,19.0,0,Enterprise,0,Mid-Tenure,19.0,3,13945.907154011276,0.1111111111111111,0.0,1,0,0.056945395,60185.59755989015,3427.2926097843165,0
CUST_1741,9,Multi-Year,2468.702483884099,2,22.0,2,SMB,0,New,22.0,2,22218.32235495689,0.2,4.937404967768198,0,0,0.038714107,333931.4401906377,12927.85754827899,0
CUST_1742,15,Monthly,1652.2001886925757,2,1.0,2,Enterprise,0,Mid-Tenure,1.0,2,24783.00283038864,0.125,3.304400377385152,1,1,0.13300836,108336.0481112039,14409.600181617296,0
CUST_1743,10,Monthly,1039.5202421519302,2,17.0,0,SMB,0,New,17.0,2,10395.2024215193,0.1818181818181818,0.0,0,1,0.28503534,37232.616679562656,10612.61162799765,0
CUST_1744,42,Annual,4601.818976752331,3,0.0,0,SMB,0,Loyal,0.0,3,193276.3970235979,0.0697674418604651,0.0,0,0,0.007276088,964134.055442556,7015.124230564322,0
CUST_1745,24,Annual,4990.829297430589,2,0.0,0,Enterprise,0,Mid-Tenure,0.0,2,119779.90313833414,0.08,0.0,1,0,0.052061647,586801.7514381256,30549.86574606628,0
CUST_1746,49,Multi-Year,1312.6829355712564,5,27.0,0,Enterprise,0,Loyal,27.0,5,64321.463842991565,0.1,0.0,1,0,0.042452242,170381.9693361797,7233.096633101633,0
CUST_1747,26,Annual,672.9502676061362,0,16.0,0,SMB,1,Mid-Tenure,16.0,0,17496.706957759543,0.0,0.0,0,0,0.45424157,16014.948865351116,7274.655577093012,0
CUST_1748,37,Monthly,1737.7450145622515,1,5.0,0,SMB,0,Loyal,5.0,1,64296.565538803305,0.0263157894736842,0.0,0,1,0.1237231,120035.50466679996,14851.1644048065,0
CUST_1749,68,Multi-Year,4256.87863129878,3,12.0,0,SMB,0,Loyal,12.0,3,289467.74692831706,0.0434782608695652,0.0,0,0,0.006698242,900954.5960009202,6034.811845656845,0
CUST_1750,50,Monthly,1822.5053743969247,0,20.0,5,SMB,0,Loyal,20.0,0,91125.26871984624,0.0,9.112526871984626,0,1,0.07411776,176204.14811484277,13059.856299327033,0
CUST_1751,24,Monthly,756.056662239297,2,25.0,0,SMB,0,Mid-Tenure,25.0,2,18145.359893743127,0.08,0.0,0,1,0.19273901,37376.27529913592,7203.866293304747,0
CUST_1752,19,Annual,736.2148277886346,4,23.0,0,SMB,1,Mid-Tenure,23.0,4,13988.081727984058,0.2,0.0,0,0,0.18169615,38130.01714493056,6928.077189853393,0
CUST_1753,60,Annual,2423.402610662464,4,20.0,15,SMB,0,Loyal,20.0,4,145404.15663974785,0.0655737704918032,36.35103915993696,0,0,0.23533763,101917.26776598889,23984.968243387255,0
CUST_1754,39,Monthly,4693.215753777288,3,0.0,0,SMB,0,Loyal,0.0,3,183035.41439731425,0.075,0.0,0,1,0.04604367,586385.1875520754,26999.327046377635,0
CUST_1755,18,Annual,1786.6419873783436,2,27.0,0,SMB,0,Mid-Tenure,27.0,2,32159.555772810185,0.1052631578947368,0.0,0,0,0.029126387,270955.1697642251,7891.945158451538,0
CUST_1756,19,Monthly,2422.209563154697,2,23.0,0,Enterprise,1,Mid-Tenure,23.0,2,46021.98169993925,0.1,0.0,1,1,0.23471671,102089.24228874754,23962.051426420385,0
CUST_1757,36,Monthly,958.7021242217384,1,5.0,10,SMB,1,Mid-Tenure,5.0,1,34513.27647198258,0.027027027027027,9.587021242217382,0,1,0.58592373,18090.888432474483,10599.88085337694,1
CUST_1758,55,Multi-Year,2721.077569710415,3,7.0,0,SMB,0,Loyal,7.0,3,149659.26633407283,0.0535714285714285,0.0,0,0,0.005807488,585099.435469913,3397.9580821799686,0
CUST_1759,69,Monthly,3634.461789285668,3,12.0,0,Enterprise,0,Loyal,12.0,3,250777.86346071112,0.0428571428571428,0.0,1,1,0.037179504,500272.8772564859,18599.897235871384,0
CUST_1760,47,Monthly,1720.176625297488,0,1.0,5,SMB,0,Loyal,1.0,0,80848.30138898194,0.0,8.60088312648744,0,1,0.04638577,214161.48463401108,9934.045112306561,0
CUST_1761,49,Monthly,1835.2008883790816,2,25.0,0,SMB,0,Loyal,25.0,2,89924.843530575,0.04,0.0,0,1,0.05544515,208851.81896805615,11579.820334573096,0
CUST_1762,33,Multi-Year,4288.8876143282205,0,7.0,2,SMB,0,Mid-Tenure,7.0,0,141533.29127283127,0.0,8.57777522865644,0,0,0.035926186,598963.4983322972,21518.473777748288,0
CUST_1763,21,Monthly,546.6367505622969,5,21.0,15,SMB,1,Mid-Tenure,21.0,5,11479.371761808236,0.2272727272727272,8.199551258434454,0,1,0.82768905,7473.76409160536,6185.952713073084,1
CUST_1764,22,Monthly,3364.1181884754365,1,0.0,0,SMB,0,Mid-Tenure,0.0,1,74010.6001464596,0.0434782608695652,0.0,0,1,0.21187867,154153.13654785507,32661.761893724633,0
CUST_1765,48,Annual,2272.4808572372763,4,12.0,0,SMB,0,Loyal,12.0,4,109079.08114738924,0.0816326530612244,0.0,0,0,0.004372893,501532.4620827896,2193.1477432140364,0
CUST_1766,37,Monthly,1842.7123110266105,2,0.0,5,Enterprise,0,Loyal,0.0,2,68180.35550798458,0.0526315789473684,9.213561555133053,1,1,0.06279868,196035.52574459798,12310.772029320822,0
CUST_1767,15,Monthly,3459.172245097447,3,9.0,0,SMB,1,Mid-Tenure,9.0,3,51887.583676461705,0.1875,0.0,0,1,0.4159763,89081.92784100071,37055.969487179995,0
CUST_1768,35,Annual,4256.008348053673,1,27.0,2,Enterprise,0,Mid-Tenure,27.0,1,148960.29218187855,0.0277777777777777,8.512016696107347,1,0,0.01914505,738622.6128849167,14140.966230497856,0
CUST_1769,71,Monthly,3012.764523479032,0,4.0,0,SMB,0,Loyal,4.0,0,213906.28116701127,0.0,0.0,0,1,0.06326751,319183.9735972709,20193.974175021285,0
CUST_1770,32,Multi-Year,639.925798743752,4,22.0,0,SMB,0,Mid-Tenure,22.0,4,20477.625559800064,0.1212121212121212,0.0,0,0,0.018173294,112641.01856671617,2047.0583628548702,0
CUST_1771,11,Monthly,2576.305358715092,4,19.0,0,SMB,1,New,19.0,4,28339.358945866014,0.3333333333333333,0.0,0,1,0.39715007,69139.34625272898,27458.69616773942,0
CUST_1772,10,Monthly,2582.419734022879,4,29.0,0,SMB,0,New,29.0,4,25824.197340228788,0.3636363636363636,0.0,0,1,0.33553776,80378.73056468247,26970.099321851285,0
CUST_1773,57,Monthly,2947.093226620735,1,12.0,0,Enterprise,0,Loyal,12.0,1,167984.3139173819,0.0172413793103448,0.0,1,1,0.067474,301046.336438071,20312.800551763277,0
CUST_1774,25,Monthly,3519.315054695985,2,25.0,0,SMB,1,Mid-Tenure,25.0,2,87982.87636739963,0.0769230769230769,0.0,0,1,0.23571867,147808.959291299,34841.33092976677,0
CUST_1775,2,Annual,586.932815904532,3,4.0,0,SMB,0,New,4.0,3,1173.865631809064,1.0,0.0,0,0,0.016543135,105844.03787594131,1750.9922124971324,0
CUST_1776,64,Monthly,2759.056809798877,3,9.0,0,SMB,0,Loyal,9.0,3,176579.63582712814,0.0461538461538461,0.0,0,1,0.10418931,214727.4873309406,22372.30799097728,0
CUST_1777,35,Monthly,3147.384962212658,3,2.0,5,SMB,1,Mid-Tenure,2.0,3,110158.47367744303,0.0833333333333333,15.736924811063291,0,1,0.33569112,97924.52045003595,32872.392356698845,0
CUST_1778,7,Annual,2045.0902388722336,2,1.0,2,Enterprise,0,New,1.0,2,14315.631672105636,0.25,4.090180477744467,1,0,0.033267524,294725.73988575337,9804.79565259135,0
CUST_1779,18,Annual,3507.6435196569487,2,1.0,0,Enterprise,0,Mid-Tenure,1.0,2,63137.58335382507,0.1052631578947368,0.0,1,0,0.020623349,596002.8853653943,12291.575303273152,0
CUST_1780,67,Monthly,1526.79972708127,5,29.0,0,Enterprise,1,Loyal,29.0,5,102295.58171444508,0.0735294117647058,0.0,1,1,0.6724724,25359.579109957085,17053.617467167645,1
CUST_1781,42,Monthly,1928.1754988035325,2,4.0,0,SMB,0,Loyal,4.0,2,80983.37094974837,0.0465116279069767,0.0,0,1,0.054491114,221436.110339014,12066.300303708931,0
CUST_1782,39,Monthly,4832.399063409467,2,3.0,0,SMB,0,Loyal,3.0,2,188463.5634729692,0.05,0.0,0,1,0.19350922,238137.96132299924,46081.89140447008,0
CUST_1783,41,Monthly,2066.3166688751307,1,1.0,0,SMB,0,Loyal,1.0,1,84718.98342388036,0.0238095238095238,0.0,0,1,0.07701468,195219.95170349156,15034.801568625799,0
CUST_1784,24,Monthly,2059.2539931458523,2,20.0,2,SMB,0,Mid-Tenure,20.0,2,49422.095835500455,0.08,4.118507986291704,0,1,0.22740301,89079.9505726132,20257.049327203804,0
CUST_1785,60,Annual,3180.562861204018,4,25.0,0,SMB,0,Loyal,25.0,4,190833.7716722411,0.0655737704918032,0.0,0,0,0.010338578,632543.1405941604,6539.596833458835,0
CUST_1786,46,Multi-Year,4869.388984370271,3,8.0,2,Enterprise,0,Loyal,8.0,3,223991.89328103245,0.0638297872340425,9.738777968740544,1,0,0.03128314,718878.107116374,22488.764599048267,0
CUST_1787,19,Monthly,4923.862006788501,1,23.0,2,Enterprise,0,Mid-Tenure,23.0,1,93553.37812898152,0.05,9.847724013577002,1,1,0.28480563,176479.53751722703,50262.365101800635,0
CUST_1788,68,Monthly,3108.4608365434224,3,8.0,0,Enterprise,0,Loyal,8.0,3,211375.33688495276,0.0434782608695652,0.0,1,1,0.036676507,430353.4004566502,15783.859695050294,0
CUST_1789,42,Monthly,504.8915891221964,2,8.0,0,SMB,0,Loyal,8.0,2,21205.44674313225,0.0465116279069767,0.0,0,1,0.052785188,58945.25627091437,3111.4364315911916,0
CUST_1790,32,Monthly,4552.954478457798,1,23.0,0,SMB,0,Mid-Tenure,23.0,1,145694.54331064955,0.0303030303030303,0.0,0,1,0.18849386,229085.36846466875,43181.186000987735,0
CUST_1791,39,Monthly,3066.0708405967166,0,24.0,0,Enterprise,0,Loyal,24.0,0,119576.76278327194,0.0,0.0,1,1,0.042102005,399479.3561401314,16818.881982518717,0
CUST_1792,36,Multi-Year,2146.9838373047114,3,3.0,0,SMB,0,Mid-Tenure,3.0,3,77291.4181429696,0.081081081081081,0.0,0,0,0.017306501,382783.30694877397,6624.63970203258,0
CUST_1793,36,Annual,4231.378134571722,4,7.0,0,SMB,0,Mid-Tenure,7.0,4,152329.61284458198,0.1081081081081081,0.0,0,0,0.01875723,738490.1730805326,13852.029786161116,0
CUST_1794,3,Multi-Year,2299.246067075923,4,29.0,0,SMB,0,New,29.0,4,6897.7382012277685,1.0,0.0,0,0,0.04926531,277951.6186117946,13693.37270268172,0
CUST_1795,8,Multi-Year,653.200277901191,1,17.0,0,Enterprise,0,New,17.0,1,5225.602223209528,0.1111111111111111,0.0,1,0,0.060163043,71152.745712308,4280.765731121333,0
CUST_1796,70,Monthly,4194.825003756585,3,8.0,0,SMB,1,Loyal,8.0,3,293637.75026296097,0.0422535211267605,0.0,0,1,0.15914556,240683.56907953767,38303.72230839507,0
CUST_1797,41,Annual,2956.3673045889304,2,28.0,0,SMB,0,Loyal,28.0,2,121211.05948814614,0.0476190476190476,0.0,0,0,0.0031699936,667226.0791172585,2115.1024253286837,0
CUST_1798,68,Monthly,2021.6459220088827,3,24.0,0,Enterprise,0,Loyal,24.0,3,137471.92269660402,0.0434782608695652,0.0,1,1,0.037245404,278063.3678287027,10356.582465498104,0
CUST_1799,13,Monthly,1629.0156935923303,1,26.0,0,SMB,1,Mid-Tenure,26.0,1,21177.20401670029,0.0714285714285714,0.0,0,1,0.2939822,56829.06616621477,16706.734337341964,0
CUST_1800,49,Multi-Year,3172.088567369415,2,2.0,0,SMB,0,Loyal,2.0,2,155432.33980110133,0.04,0.0,0,0,0.008743309,647989.759304273,5665.574963916833,0
CUST_1801,60,Monthly,1436.2229670129504,2,5.0,2,SMB,0,Loyal,5.0,2,86173.37802077703,0.0327868852459016,2.872445934025901,0,1,0.06948397,144242.56671606735,10022.546623537513,0
CUST_1802,2,Multi-Year,1957.3289895065143,6,27.0,2,SMB,0,New,27.0,6,3914.6579790130286,2.0,3.914657979013029,0,0,0.095336996,161610.24236782646,15407.435033232765,0
CUST_1803,60,Monthly,3364.386392362926,6,22.0,0,SMB,1,Loyal,22.0,6,201863.1835417756,0.0983606557377049,0.0,0,1,0.67845994,55421.90270331151,37601.54091250897,1
CUST_1804,5,Multi-Year,4466.950026826694,3,18.0,0,SMB,0,New,18.0,3,22334.75013413347,0.5,0.0,0,0,0.038059045,608721.1154063632,23167.344098069603,0
CUST_1805,44,Multi-Year,2898.0064777621947,2,4.0,2,SMB,0,Loyal,4.0,2,127512.28502153656,0.0444444444444444,5.7960129555243896,0,0,0.008977921,589645.7081183672,5293.792437058043,0
CUST_1806,27,Annual,3915.9787923459166,1,16.0,0,SMB,0,Mid-Tenure,16.0,1,105731.42739333976,0.0357142857142857,0.0,0,0,0.03429026,557499.0769103826,19116.78917041678,0
CUST_1807,32,Annual,3933.772716933689,3,26.0,0,Enterprise,0,Mid-Tenure,26.0,3,125880.72694187803,0.0909090909090909,0.0,1,0,0.017485712,699485.4299738073,12231.000583356645,0
CUST_1808,21,Monthly,3489.5927869672405,2,18.0,2,SMB,0,Mid-Tenure,18.0,2,73281.44852631204,0.0909090909090909,6.979185573934481,0,1,0.25240502,138473.60114332906,34951.43173570647,0
CUST_1809,8,Multi-Year,1606.2725195623295,3,27.0,0,Enterprise,0,New,27.0,3,12850.180156498636,0.3333333333333333,0.0,1,0,0.07187845,158151.59285358046,11367.691063397406,0
CUST_1810,50,Multi-Year,4400.548691676088,2,23.0,0,SMB,0,Loyal,23.0,2,220027.4345838044,0.0392156862745098,0.0,0,0,0.007812972,913403.7012314469,7136.397707328433,0
CUST_1811,67,Annual,2463.240450378049,4,2.0,15,SMB,1,Loyal,2.0,4,165037.1101753293,0.0588235294117647,36.94860675567074,0,0,0.570869,47608.88927759463,27178.440373114667,1
CUST_1812,44,Annual,698.9483477106526,3,7.0,0,SMB,0,Loyal,7.0,3,30753.727299268718,0.0666666666666666,0.0,0,0,0.004243793,154623.77003339116,656.1912676453728,0
CUST_1813,58,Annual,1600.7570153128631,2,8.0,10,SMB,0,Loyal,8.0,2,92843.90688814606,0.0338983050847457,16.007570153128633,0,0,0.20117739,76476.16448352461,15385.275047911202,0
CUST_1814,3,Multi-Year,3944.967593446921,2,21.0,0,Enterprise,0,New,21.0,2,11834.902780340764,0.5,0.0,1,0,0.05085429,469386.1802238966,23870.301760448267,0
CUST_1815,70,Annual,811.1000111787022,3,22.0,0,SMB,0,Loyal,22.0,3,56777.00078250915,0.0422535211267605,0.0,0,0,0.0058964016,174129.28005085385,1026.7361640358404,0
CUST_1816,2,Multi-Year,1163.1398096971004,1,21.0,0,Enterprise,0,New,21.0,1,2326.279619394201,0.3333333333333333,0.0,1,0,0.05420472,133944.77219571933,7260.439006782606,0
CUST_1817,44,Annual,3624.02067218767,7,7.0,2,SMB,0,Loyal,7.0,7,159456.90957625746,0.1555555555555555,7.2480413443753395,0,0,0.14061302,228149.41428413847,32080.778031983355,0
CUST_1818,2,Monthly,4516.703553773932,2,13.0,0,Enterprise,1,New,13.0,2,9033.407107547864,0.6666666666666666,0.0,1,1,0.23039879,193297.70790145348,44535.557826286575,0
CUST_1819,35,Monthly,3351.794022759366,3,22.0,0,SMB,0,Mid-Tenure,22.0,3,117312.7907965778,0.0833333333333333,0.0,0,1,0.26631984,127154.61227956,33863.79614333329,0
CUST_1820,30,Monthly,1500.3097422329956,2,9.0,2,SMB,0,Mid-Tenure,9.0,2,45009.29226698987,0.064516129032258,3.0006194844659912,0,1,0.21022694,69184.678736427,14544.483176161008,0
CUST_1821,8,Monthly,740.3619346229688,2,16.0,0,SMB,0,New,16.0,2,5922.89547698375,0.2222222222222222,0.0,0,1,0.23686136,30970.8606736438,7335.800274093792,0
CUST_1822,22,Monthly,3268.0696214764025,2,2.0,0,SMB,0,Mid-Tenure,2.0,2,71897.53167248085,0.0869565217391304,0.0,0,1,0.27208385,121759.70376257658,33128.84881809922,0
CUST_1823,44,Annual,713.2936006902379,3,2.0,0,SMB,0,Loyal,2.0,3,31384.918430370468,0.0666666666666666,0.0,0,0,0.0047929375,156215.81345896464,748.7326371757432,0
CUST_1824,58,Monthly,3257.2492337379067,3,2.0,0,SMB,0,Loyal,2.0,3,188920.45555679855,0.0508474576271186,0.0,0,1,0.120700814,228979.51629092032,27638.01396669066,0
CUST_1825,36,Monthly,1515.1097487249276,2,3.0,5,SMB,0,Mid-Tenure,3.0,2,54543.9509540974,0.054054054054054,7.575548743624639,0,1,0.24166472,62336.36008763903,15064.499166094007,0
CUST_1826,69,Annual,4570.952280839734,1,28.0,0,SMB,0,Loyal,28.0,1,315395.70737794164,0.0142857142857142,0.0,0,0,0.0049210372,998732.5243531466,4914.7999432346905,0
CUST_1827,31,Multi-Year,2637.9170081931284,1,16.0,0,Enterprise,0,Mid-Tenure,16.0,1,81775.42725398699,0.03125,0.0,1,0,0.015122233,486085.98328697885,7350.70547721202,0
CUST_1828,47,Annual,1507.7229498936304,3,13.0,0,SMB,0,Loyal,13.0,3,70862.97864500062,0.0625,0.0,0,0,0.005537278,325775.32601517905,1803.9085518411646,0
CUST_1829,55,Multi-Year,4339.153924513663,2,26.0,0,SMB,0,Loyal,26.0,2,238653.46584825145,0.0357142857142857,0.0,0,0,0.006195867,926577.8874348035,5740.953326483811,0
CUST_1830,62,Annual,1643.1592930137874,2,1.0,0,SMB,0,Loyal,1.0,2,101875.87616685482,0.0317460317460317,0.0,0,0,0.006239627,350605.3020300134,2187.646316706789,0
CUST_1831,30,Monthly,1879.69584436194,2,11.0,0,Enterprise,0,Mid-Tenure,11.0,2,56390.8753308582,0.064516129032258,0.0,1,1,0.2217602,83000.93430300149,18406.303664555264,0
CUST_1832,55,Annual,4254.25054574955,2,4.0,15,SMB,1,Loyal,4.0,2,233983.78001622524,0.0357142857142857,63.81375818624325,0,0,0.6711915,70787.0305554171,47511.654177376586,1
CUST_1833,16,Annual,1889.5641341026817,1,26.0,2,SMB,0,Mid-Tenure,26.0,1,30233.026145642907,0.0588235294117647,3.7791282682053633,0,0,0.074358106,182334.47697184223,13558.046304039155,0
CUST_1834,12,Monthly,2345.7369615378684,4,21.0,0,SMB,0,New,21.0,4,28148.84353845442,0.3076923076923077,0.0,0,1,0.38385853,64880.233319027786,24904.83109907038,0
CUST_1835,17,Monthly,2064.4955184148994,2,24.0,0,SMB,0,Mid-Tenure,24.0,2,35096.42381305329,0.1111111111111111,0.0,0,1,0.21085788,94971.04787483813,20025.394110272664,0
CUST_1836,16,Annual,1023.8014302366912,3,1.0,0,SMB,0,Mid-Tenure,1.0,3,16380.82288378706,0.1764705882352941,0.0,0,0,0.030687582,152261.55975031547,4672.53906188082,0
CUST_1837,12,Monthly,675.0311551107177,1,29.0,0,SMB,0,New,29.0,1,8100.373861328612,0.0769230769230769,0.0,0,1,0.2558198,26487.407327361725,6776.003179206025,0
CUST_1838,8,Annual,3760.433033274416,0,11.0,0,SMB,0,New,11.0,0,30083.46426619533,0.0,0.0,0,0,0.019658046,647810.2301569668,12734.68320214784,0
CUST_1839,3,Monthly,3403.1170577107428,3,8.0,0,SMB,0,New,8.0,3,10209.351173132229,0.75,0.0,0,1,0.4617813,79794.64405139734,36847.67391679847,0
CUST_1840,16,Annual,1770.6473039842574,1,22.0,0,SMB,0,Mid-Tenure,22.0,1,28330.35686374812,0.0588235294117647,0.0,0,0,0.037757352,242119.5248770913,9141.792125528937,0
CUST_1841,30,Annual,1830.196062431953,2,8.0,0,SMB,1,Mid-Tenure,8.0,2,54905.88187295859,0.064516129032258,0.0,0,0,0.031369045,269910.4241899726,8466.832344080553,0
CUST_1842,23,Monthly,4752.526023539066,1,19.0,10,SMB,1,Mid-Tenure,19.0,1,109308.09854139852,0.0416666666666666,47.52526023539066,0,1,0.76591533,69897.33990404643,53535.444454025244,1
CUST_1843,5,Monthly,4944.520072550715,4,22.0,0,SMB,0,New,22.0,4,24722.600362753576,0.6666666666666666,0.0,0,1,0.16116223,280988.89863392967,45284.79677632427,0
CUST_1844,65,Annual,2630.457064551621,2,0.0,0,SMB,0,Loyal,0.0,2,170979.70919585536,0.0303030303030303,0.0,0,0,0.0049969144,573950.0966893065,2867.9795125279747,0
CUST_1845,30,Multi-Year,4111.0328546667215,2,23.0,0,SMB,0,Mid-Tenure,23.0,2,123330.98564000164,0.064516129032258,0.0,0,0,0.02441012,662979.6521513237,16183.412389371966,0
CUST_1846,21,Multi-Year,3815.086441412144,3,6.0,0,SMB,0,Mid-Tenure,6.0,3,80116.81526965502,0.1363636363636363,0.0,0,0,0.030103246,571525.3530352412,17204.768154815163,0
CUST_1847,70,Monthly,1837.9296928042115,2,22.0,15,SMB,0,Loyal,22.0,2,128655.0784962948,0.028169014084507,27.56894539206317,0,1,0.3019373,62667.85254536054,18921.762939323493,0
CUST_1848,22,Annual,763.5321973421526,5,17.0,0,SMB,0,Mid-Tenure,17.0,5,16797.708341527356,0.217391304347826,0.0,0,0,0.34207645,23368.876339870712,7993.942272533583,0
CUST_1849,32,Monthly,1141.50315710723,3,9.0,10,SMB,0,Mid-Tenure,9.0,3,36528.10102743136,0.0909090909090909,11.4150315710723,0,1,0.3742414,32288.308314701913,12083.622084645034,0
CUST_1850,33,Monthly,4272.323526503436,2,14.0,0,SMB,1,Mid-Tenure,14.0,2,140986.6763746134,0.0588235294117647,0.0,0,1,0.34472686,129881.91556503357,44773.78499147647,0
CUST_1851,16,Monthly,3790.462189983265,5,8.0,0,SMB,1,Mid-Tenure,8.0,5,60647.39503973224,0.2941176470588235,0.0,0,1,0.6324813,66647.31622525596,42153.17967403847,1
CUST_1852,38,Annual,3489.5068000802503,4,10.0,0,SMB,0,Loyal,10.0,4,132601.25840304952,0.1025641025641025,0.0,0,0,0.007900161,723211.8391800958,5713.48977666692,0
CUST_1853,14,Monthly,1087.9197426349174,3,23.0,5,Enterprise,0,Mid-Tenure,23.0,3,15230.876396888843,0.2,5.439598713174587,1,1,0.1939084,53524.3453087437,10378.819805696803,0
CUST_1854,36,Monthly,3379.688093527361,2,0.0,0,SMB,0,Mid-Tenure,0.0,2,121668.771366985,0.054054054054054,0.0,0,1,0.20400943,159664.3786746345,32573.038664433534,0
CUST_1855,23,Annual,3974.6854917190194,1,10.0,10,SMB,0,Mid-Tenure,10.0,1,91417.76630953744,0.0416666666666666,39.7468549171902,0,0,0.33569294,123663.72109765332,41513.03837155913,0
CUST_1856,66,Annual,4372.707874371308,3,0.0,0,SMB,0,Loyal,0.0,3,288598.7197085064,0.044776119402985,0.0,0,0,0.008425426,898110.5941534719,7566.964115637566,0
CUST_1857,2,Monthly,559.540756371282,2,29.0,0,Enterprise,0,New,29.0,2,1119.081512742564,0.6666666666666666,0.0,1,1,0.13391988,36507.68580739037,4889.1048948872485,0
CUST_1858,65,Monthly,3580.1379584531496,2,4.0,0,Enterprise,0,Loyal,4.0,2,232708.96729945476,0.0303030303030303,0.0,1,1,0.034048963,511150.3273129313,17404.138754954558,0
CUST_1859,67,Monthly,585.9394502144199,2,17.0,0,SMB,0,Loyal,17.0,2,39257.94316436614,0.0294117647058823,0.0,0,1,0.049853183,70416.11347145699,3510.4674142156323,0
CUST_1860,52,Monthly,3680.927804945473,2,0.0,0,SMB,0,Loyal,0.0,2,191408.24585716455,0.0377358490566037,0.0,0,1,0.062419288,392914.1764154901,24525.42308210792,0
CUST_1861,62,Annual,3360.2961412940217,0,9.0,2,SMB,0,Loyal,9.0,0,208338.36076022932,0.0,6.720592282588044,0,0,0.012277253,647484.4552177457,7949.3304522274575,0
CUST_1862,23,Monthly,1167.565383135376,0,27.0,0,SMB,0,Mid-Tenure,27.0,0,26854.00381211365,0.0,0.0,0,1,0.3996349,31160.357653633695,12452.766343482417,0
CUST_1863,26,Annual,3947.5478810530863,1,12.0,0,SMB,0,Mid-Tenure,12.0,1,102636.24490738024,0.037037037037037,0.0,0,0,0.034354147,561567.8194900003,19292.183179736392,0
CUST_1864,68,Multi-Year,807.5642818536102,1,26.0,0,SMB,0,Loyal,26.0,1,54914.37116604549,0.0144927536231884,0.0,0,0,0.0056854165,174027.09905072112,989.4165431600215,0
CUST_1865,55,Monthly,4218.79448185085,5,7.0,0,SMB,0,Loyal,7.0,5,232033.6965017968,0.0892857142857142,0.0,0,1,0.35785255,124127.04666420867,44419.17996929006,0
CUST_1866,6,Multi-Year,1678.6816018170305,1,27.0,0,SMB,0,New,27.0,1,10072.089610902183,0.1428571428571428,0.0,0,0,0.07665762,159044.35288058588,12191.96205176418,0
CUST_1867,35,Monthly,3599.833380352992,5,12.0,0,SMB,0,Mid-Tenure,12.0,5,125994.16831235473,0.1388888888888889,0.0,0,1,0.4001405,95965.59293297751,38399.71977358801,0
CUST_1868,22,Monthly,4656.602034598416,2,19.0,2,SMB,1,Mid-Tenure,19.0,2,102445.24476116516,0.0869565217391304,9.313204069196832,0,1,0.36065078,136074.80080794005,49075.482752645956,0
CUST_1869,43,Monthly,2029.2216110305203,0,1.0,0,Enterprise,0,Loyal,1.0,0,87256.52927431237,0.0,0.0,1,1,0.052019726,238685.79140043497,12416.369584509725,0
CUST_1870,15,Monthly,2763.0233507318862,3,29.0,2,SMB,0,Mid-Tenure,29.0,3,41445.350260978295,0.1875,5.526046701463772,0,1,0.39680734,74207.10483131467,29445.924082599275,0
CUST_1871,60,Monthly,2584.031152777027,2,20.0,0,SMB,0,Loyal,20.0,2,155041.86916662162,0.0327868852459016,0.0,0,1,0.07612607,245852.22431451053,18715.763350295525,0
CUST_1872,12,Monthly,1209.2510707829065,2,11.0,0,Enterprise,0,New,11.0,2,14511.012849394878,0.1538461538461538,0.0,1,1,0.22904705,52002.03069187368,11910.911469779321,0
CUST_1873,49,Annual,3156.4040472084275,2,26.0,0,SMB,0,Loyal,26.0,2,154663.79831321296,0.04,0.0,0,0,0.006295964,672816.4026688011,4236.0279317737895,0
CUST_1874,42,Multi-Year,3843.508633344266,5,28.0,2,Enterprise,0,Loyal,28.0,5,161427.36260045916,0.1162790697674418,7.687017266688532,1,0,0.048518185,468158.2740433484,22714.189549158677,0
CUST_1875,38,Annual,4625.9367301571865,4,12.0,2,Enterprise,0,Loyal,12.0,4,175785.59574597309,0.1025641025641025,9.251873460314371,1,0,0.0092147235,937456.6839524156,8638.404119656649,0
CUST_1876,45,Monthly,4328.611707422808,6,27.0,0,SMB,1,Loyal,27.0,6,194787.5268340264,0.1304347826086956,0.0,0,1,0.4069778,113667.09465575831,46259.98440126842,0
CUST_1877,35,Annual,2795.0872087761427,6,21.0,0,SMB,1,Mid-Tenure,21.0,6,97828.052307165,0.1666666666666666,0.0,0,0,0.37228844,79426.86259704716,29569.70242861937,0
CUST_1878,30,Annual,3735.5771953037065,1,7.0,0,Enterprise,0,Mid-Tenure,7.0,1,112067.3158591112,0.032258064516129,0.0,1,0,0.043027885,481865.4542680556,20733.65147613525,0
CUST_1879,30,Multi-Year,4103.525360182517,2,14.0,5,SMB,0,Mid-Tenure,14.0,2,123105.76080547553,0.064516129032258,20.517626800912584,0,0,0.0490618,497086.7005576138,24387.968923951063,0
CUST_1880,6,Multi-Year,2720.6992118225694,1,6.0,2,SMB,0,New,6.0,1,16324.195270935415,0.1428571428571428,5.441398423645139,0,0,0.041527286,356706.64968277246,14813.059120800865,0
CUST_1881,67,Multi-Year,1019.4240231692048,1,6.0,0,Enterprise,0,Loyal,6.0,1,68301.40955233673,0.0147058823529411,0.0,1,0,0.0037713856,227501.8142881156,857.997076306255,0
CUST_1882,7,Monthly,2470.688437313169,7,16.0,0,SMB,0,New,16.0,7,17294.819061192182,0.875,0.0,0,1,0.3550814,73190.86904689566,25988.716922910095,0
CUST_1883,52,Annual,4291.151171907042,2,18.0,2,SMB,0,Loyal,18.0,2,223139.8609391662,0.0377358490566037,8.582302343814085,0,0,0.01034587,853311.3281794019,8828.247812856029,0
CUST_1884,14,Monthly,3184.886324271808,3,2.0,0,SMB,1,Mid-Tenure,2.0,3,44588.408539805314,0.2,0.0,0,1,0.24057837,131526.0888345686,31642.331841511557,0
CUST_1885,15,Multi-Year,3760.0626965420256,4,6.0,0,SMB,0,Mid-Tenure,6.0,4,56400.94044813039,0.25,0.0,0,0,0.036650814,520719.2856873068,19084.785746342368,0
CUST_1886,21,Monthly,1333.706099686644,2,11.0,0,SMB,0,Mid-Tenure,11.0,2,28007.82809341952,0.0909090909090909,0.0,0,1,0.26939073,50109.383250315375,13499.003436373561,0
CUST_1887,35,Monthly,4839.519956949525,0,13.0,0,SMB,0,Mid-Tenure,13.0,0,169383.1984932334,0.0,0.0,0,1,0.091949634,409118.6142162519,37618.30694367898,0
CUST_1888,66,Monthly,2318.3623827198926,3,1.0,10,SMB,0,Loyal,1.0,3,153011.9172595129,0.044776119402985,23.18362382719893,0,1,0.2908291,81625.50747875532,23739.07224564907,0
CUST_1889,2,Annual,3441.35985222978,4,25.0,5,SMB,0,New,25.0,4,6882.71970445956,1.3333333333333333,17.2067992611489,0,0,0.046555255,427696.2250846709,19911.506653865294,0
CUST_1890,35,Monthly,584.9251456577236,1,6.0,0,Enterprise,0,Mid-Tenure,6.0,1,20472.380098020327,0.0277777777777777,0.0,1,1,0.53954047,11906.055593046533,6423.798826309115,1
CUST_1891,20,Monthly,1072.9366801488109,3,15.0,0,SMB,1,Mid-Tenure,15.0,3,21458.733602976212,0.1428571428571428,0.0,0,1,0.5301615,22192.510012709117,11765.614396594938,1
CUST_1892,10,Multi-Year,4019.154214482136,4,8.0,2,SMB,0,New,8.0,4,40191.54214482136,0.3636363636363636,8.038308428964273,0,0,0.02036362,685437.3275215232,13957.984963745379,0
CUST_1893,25,Multi-Year,4855.862504841146,2,0.0,0,SMB,0,Mid-Tenure,0.0,2,121396.56262102864,0.0769230769230769,0.0,0,0,0.05650363,547120.7598242878,30914.309621058972,0
CUST_1894,66,Monthly,1940.249097749652,4,11.0,0,Enterprise,0,Loyal,11.0,4,128056.44045147704,0.0597014925373134,0.0,1,1,0.08908699,167398.75464824177,14913.050692252988,0
CUST_1895,25,Monthly,667.3133072356918,1,29.0,0,SMB,0,Mid-Tenure,29.0,1,16682.832680892294,0.0384615384615384,0.0,0,1,0.3052906,22538.618251700933,6880.828505561988,0
CUST_1896,54,Multi-Year,2123.8997089106188,4,1.0,0,SMB,0,Loyal,1.0,4,114690.58428117342,0.0727272727272727,0.0,0,0,0.005120565,462382.71520300733,2367.6608329025494,0
CUST_1897,33,Multi-Year,578.6065862555118,1,26.0,0,Enterprise,0,Mid-Tenure,26.0,1,19094.01734643189,0.0294117647058823,0.0,1,0,0.04443597,73523.66551341926,3267.0954307187812,0
CUST_1898,36,Annual,1365.678915181111,0,21.0,0,Enterprise,0,Mid-Tenure,21.0,0,49164.44094652,0.0,0.0,1,0,0.022476653,226116.21530841783,5082.335627108461,0
CUST_1899,14,Annual,3886.124067741823,3,17.0,0,SMB,0,Mid-Tenure,17.0,3,54405.73694838552,0.2,0.0,0,0,0.06508202,405219.5692504068,26372.508538908904,0
CUST_1900,65,Monthly,4716.897791479232,2,13.0,5,SMB,0,Loyal,13.0,2,306598.3564461501,0.0303030303030303,23.584488957396164,0,1,0.11235905,348627.16679434926,39171.416197023245,0
CUST_1901,54,Multi-Year,893.52087965999,6,11.0,5,Enterprise,0,Loyal,11.0,6,48250.12750163946,0.109090909090909,4.46760439829995,1,0,0.1131146,65734.45953835126,7435.527285146384,0
CUST_1902,52,Annual,3010.5535046472914,4,17.0,2,Enterprise,0,Loyal,17.0,4,156548.78224165915,0.0754716981132075,6.021107009294583,1,0,0.010103336,601075.50378742,6072.867538150725,0
CUST_1903,3,Annual,1642.4638075581438,3,4.0,0,SMB,0,New,4.0,3,4927.391422674431,0.75,0.0,0,0,0.047284976,202596.1990863855,9579.756340162172,0
CUST_1904,41,Monthly,1125.7660660726829,2,6.0,0,SMB,0,Loyal,6.0,2,46156.40870898,0.0476190476190476,0.0,0,1,0.11781734,80499.38611309454,9484.223727124332,0
CUST_1905,6,Multi-Year,1485.4110345120089,0,3.0,2,SMB,0,New,3.0,0,8912.466207072053,0.0,2.9708220690240177,0,0,0.059287887,163100.71290665228,9669.896647291991,0
CUST_1906,25,Annual,3099.933803739684,2,12.0,10,SMB,0,Mid-Tenure,12.0,2,77498.3450934921,0.0769230769230769,30.99933803739684,0,0,0.16750285,171028.59159904972,28647.776574628646,0
CUST_1907,13,Monthly,793.1052564978247,5,15.0,0,SMB,1,Mid-Tenure,15.0,5,10310.36833447172,0.3571428571428571,0.0,0,1,0.5878195,14921.561118027874,8771.184844193634,1
CUST_1908,8,Annual,2453.983682757879,1,21.0,0,SMB,0,New,21.0,1,19631.86946206303,0.1111111111111111,0.0,0,0,0.019214844,425455.0444076733,8175.052448193947,0
CUST_1909,21,Annual,1108.5253292982377,2,27.0,0,SMB,0,Mid-Tenure,27.0,2,23279.031915262996,0.0909090909090909,0.0,0,0,0.03864577,150061.3484392483,5799.236417812019,0
CUST_1910,68,Annual,1727.0467357751666,3,15.0,0,SMB,0,Loyal,15.0,3,117439.17803271132,0.0434782608695652,0.0,0,0,0.0051312284,375913.26440743427,1928.8968037083127,0
CUST_1911,25,Annual,1358.3944838446876,2,18.0,0,SMB,0,Mid-Tenure,18.0,2,33959.86209611719,0.0769230769230769,0.0,0,0,0.025150726,216907.1969226773,5455.373394372792,0
CUST_1912,68,Annual,4473.389749239037,2,3.0,10,SMB,0,Loyal,3.0,2,304190.5029482545,0.0289855072463768,44.733897492390376,0,0,0.04122524,588441.0823104065,24258.6246290392,0
CUST_1913,45,Multi-Year,3686.050988920803,2,19.0,0,SMB,0,Loyal,19.0,2,165872.29450143612,0.0434782608695652,0.0,0,0,0.0059139216,791084.0578419843,4678.409122301309,0
CUST_1914,60,Monthly,4408.081605263617,5,19.0,0,SMB,1,Loyal,19.0,5,264484.896315817,0.081967213114754,0.0,0,1,0.6172312,79278.3357472693,48933.06153072853,1
CUST_1915,12,Monthly,2225.582755464616,2,27.0,10,Enterprise,0,New,27.0,2,26706.993065575392,0.1538461538461538,22.255827554646164,1,1,0.36823052,63857.10970382566,23514.13681914804,0
CUST_1916,32,Monthly,1910.3601418415155,0,0.0,0,SMB,1,Mid-Tenure,0.0,0,61131.5245389285,0.0,0.0,0,1,0.3277862,60680.67214176214,19890.287371640097,0
CUST_1917,13,Annual,2212.6423770399515,2,12.0,5,SMB,0,Mid-Tenure,12.0,2,28764.35090151937,0.1428571428571428,11.063211885199758,0,0,0.03464452,313684.88551980513,10867.46284620845,0
CUST_1918,31,Annual,583.4668807598337,2,19.0,0,SMB,0,Mid-Tenure,19.0,2,18087.47330355484,0.0625,0.0,0,0,0.04967645,70243.29606534958,3489.4377135151904,0
CUST_1919,20,Multi-Year,3761.169238168512,2,19.0,10,SMB,1,Mid-Tenure,19.0,2,75223.38476337024,0.0952380952380952,37.61169238168512,0,0,0.27248013,139959.10123889236,38136.07412763502,0
CUST_1920,18,Annual,2073.9760560278523,3,21.0,0,SMB,0,Mid-Tenure,21.0,3,37331.56900850134,0.1578947368421052,0.0,0,0,0.027866324,319621.0071319698,8906.66267294005,0
CUST_1921,60,Annual,1909.9571160955625,5,8.0,10,SMB,1,Loyal,8.0,5,114597.42696573374,0.081967213114754,19.099571160955623,0,0,0.53827816,38960.285100684014,20971.470673669763,1
CUST_1922,63,Multi-Year,3191.634794167398,2,9.0,0,SMB,0,Loyal,9.0,2,201072.99203254608,0.03125,0.0,0,0,0.009537722,643283.2022336515,6135.456339938696,0
CUST_1923,6,Monthly,2463.124602694174,3,5.0,0,SMB,0,New,5.0,3,14778.747616165045,0.4285714285714285,0.0,0,1,0.1558359,143597.38087372674,22377.626616597296,0
CUST_1924,32,Multi-Year,4913.795157007543,3,21.0,0,SMB,0,Mid-Tenure,21.0,3,157241.44502424137,0.0909090909090909,0.0,0,0,0.07165638,484689.23689063505,34731.07787282903,0
CUST_1925,43,Monthly,2103.138693044606,2,6.0,0,SMB,0,Loyal,6.0,2,90434.96380091806,0.0454545454545454,0.0,0,1,0.04738056,259165.31368476874,12279.397473737601,0
CUST_1926,2,Annual,3262.5312899356104,3,22.0,0,Enterprise,0,New,22.0,3,6525.062579871221,1.0,0.0,1,0,0.08776706,284178.0540795302,24941.47150487592,0
CUST_1927,60,Annual,1902.4299527434328,2,15.0,10,Enterprise,0,Loyal,15.0,2,114145.79716460596,0.0327868852459016,19.024299527434327,1,0,0.217102,85469.81740374657,18555.668817453774,0
CUST_1928,23,Annual,4957.677410947956,1,16.0,0,SMB,0,Mid-Tenure,16.0,1,114026.58045180298,0.0416666666666666,0.0,0,0,0.067334175,507031.56507252157,34140.55218882121,0
CUST_1929,31,Monthly,2502.9996562405768,3,23.0,0,Enterprise,0,Mid-Tenure,23.0,3,77592.98934345788,0.09375,0.0,1,1,0.09666344,204795.38331614557,19796.22579357294,0
CUST_1930,5,Monthly,3353.5796489006134,3,0.0,0,Enterprise,0,New,0.0,3,16767.898244503067,0.5,0.0,1,1,0.17699374,177286.63291262768,31378.624669531313,0
CUST_1931,34,Annual,1070.2475192870468,3,8.0,2,SMB,0,Mid-Tenure,8.0,3,36388.41565575959,0.0857142857142857,2.1404950385740937,0,0,0.050812464,127394.6653075071,6473.236871152784,0
CUST_1932,10,Multi-Year,3798.6089668864615,0,29.0,0,SMB,0,New,29.0,0,37986.08966886462,0.0,0.0,0,0,0.0076100454,791238.86672261,6021.36367698814,0
CUST_1933,2,Monthly,1711.445260440299,1,13.0,10,Enterprise,0,New,13.0,1,3422.890520880598,0.3333333333333333,17.11445260440299,1,1,0.3576069,50385.17046318105,18018.084001486495,0
CUST_1934,11,Multi-Year,2518.7596377335235,3,14.0,0,SMB,0,New,14.0,3,27706.35601506876,0.25,0.0,0,0,0.022713078,415676.47624648846,9441.292305032524,0
CUST_1935,50,Monthly,4474.0987804735605,3,3.0,0,SMB,0,Loyal,3.0,3,223704.939023678,0.0588235294117647,0.0,0,1,0.11335754,328660.5873747786,37256.154527716484,0
CUST_1936,31,Annual,4867.486316982956,0,24.0,0,Enterprise,0,Mid-Tenure,24.0,0,150892.07582647164,0.0,0.0,1,0,0.048272885,594363.6733533528,28691.649479115167,0
CUST_1937,56,Annual,2410.5744582816064,3,7.0,2,SMB,0,Loyal,7.0,3,134992.16966376995,0.0526315789473684,4.821148916563213,0,0,0.010548573,477746.9016402561,5039.548061417294,0
CUST_1938,9,Annual,4256.612005795249,1,24.0,0,Enterprise,0,New,24.0,1,38309.508052157245,0.1,0.0,1,0,0.012678886,814936.9802294997,10332.492932954221,0
CUST_1939,21,Multi-Year,740.0704754743733,2,14.0,2,Enterprise,0,Mid-Tenure,14.0,2,15541.47998496184,0.0909090909090909,1.4801409509487466,1,0,0.06756536,75539.64390793904,5103.863172607005,0
CUST_1940,28,Annual,4314.083134056182,3,29.0,0,SMB,0,Mid-Tenure,29.0,3,120794.32775357307,0.1034482758620689,0.0,0,0,0.022240205,716623.0854179927,15937.844138663257,0
CUST_1941,62,Annual,3332.796449686924,4,21.0,0,SMB,0,Loyal,21.0,4,206633.3798805893,0.0634920634920634,0.0,0,0,0.0110313585,655295.2003498438,7228.796280226708,0
CUST_1942,7,Monthly,2699.177757762209,1,24.0,10,SMB,0,New,24.0,1,18894.24430433546,0.125,26.991777577622088,0,1,0.5622381,52904.47068075687,29744.908928438224,1
CUST_1943,16,Monthly,4504.836673117615,4,3.0,0,SMB,0,Mid-Tenure,3.0,4,72077.38676988184,0.2352941176470588,0.0,0,1,0.2619457,173293.10496234603,45393.38276347928,0
CUST_1944,4,Monthly,4304.017501278862,5,18.0,0,SMB,1,New,18.0,5,17216.07000511545,1.0,0.0,0,1,0.85180396,57272.10315568978,48784.60417482519,1
CUST_1945,4,Annual,1836.252931791074,6,2.0,2,SMB,0,New,2.0,6,7345.011727164296,1.2,3.672505863582148,0,0,0.05713471,205675.95889474795,11751.236317312305,0
CUST_1946,40,Monthly,4061.697720551409,4,7.0,0,SMB,0,Loyal,7.0,4,162467.90882205637,0.0975609756097561,0.0,0,1,0.13903238,257841.40117328,35848.303356380165,0
CUST_1947,17,Monthly,947.7092014806768,1,1.0,0,SMB,0,Mid-Tenure,1.0,1,16111.056425171506,0.0555555555555555,0.0,0,1,0.12080262,66582.7621132963,8043.372014455165,0
CUST_1948,52,Monthly,4202.437709603166,0,27.0,0,SMB,0,Loyal,27.0,0,218526.76089936463,0.0,0.0,0,1,0.07437125,405473.5667485858,30155.575386214095,0
CUST_1949,52,Monthly,3539.550281104627,2,21.0,15,SMB,0,Loyal,21.0,2,184056.61461744065,0.0377358490566037,53.09325421656941,0,1,0.358025,104098.03476073366,37269.70039427356,0
CUST_1950,36,Monthly,895.3984891937423,2,24.0,5,Enterprise,0,Mid-Tenure,24.0,2,32234.345610974724,0.054054054054054,4.476992445968712,1,1,0.096124835,73531.5219938117,7068.205441922803,0
CUST_1951,38,Multi-Year,3573.860780633609,0,24.0,0,SMB,0,Loyal,24.0,0,135806.70966407715,0.0,0.0,0,0,0.007953977,740006.6787049752,5885.99625937646,0
CUST_1952,50,Annual,3112.336745043666,3,7.0,0,SMB,0,Loyal,7.0,3,155616.8372521833,0.0588235294117647,0.0,0,0,0.009768763,624875.5941422681,6104.261349802739,0
CUST_1953,63,Annual,3175.4754551527017,2,7.0,0,Enterprise,0,Loyal,7.0,2,200054.9536746202,0.03125,0.0,1,0,0.010897819,625731.8513354497,6819.112428853372,0
CUST_1954,63,Annual,1808.887708083644,3,16.0,5,SMB,0,Loyal,16.0,3,113959.92560926956,0.046875,9.044438540418218,0,0,0.0102117,360505.5610973819,3681.3745092840263,0
CUST_1955,62,Monthly,1699.2374000578038,4,15.0,0,SMB,0,Loyal,15.0,4,105352.71880358383,0.0634920634920634,0.0,0,1,0.05821158,188435.00277477762,10969.099223534835,0
CUST_1956,7,Multi-Year,3931.40800424309,1,15.0,2,SMB,0,New,15.0,1,27519.85602970163,0.125,7.86281600848618,0,0,0.019732613,676539.9063424857,13349.900229731284,0
CUST_1957,27,Monthly,1655.660664577576,2,15.0,0,SMB,1,Mid-Tenure,15.0,2,44702.83794359455,0.0714285714285714,0.0,0,1,0.21835107,74037.071587447,16166.073512967892,0
CUST_1958,14,Monthly,2508.180133144544,2,26.0,0,SMB,0,Mid-Tenure,26.0,2,35114.52186402361,0.1333333333333333,0.0,0,1,0.14884946,151361.5497214475,22530.08456275472,0
CUST_1959,71,Annual,3626.5504936945313,1,6.0,0,SMB,0,Loyal,6.0,1,257485.0850523117,0.0138888888888888,0.0,0,0,0.008122103,748744.4794558837,6081.379999036807,0
CUST_1960,5,Monthly,858.27313097347,5,29.0,0,SMB,1,New,29.0,5,4291.36565486735,0.8333333333333334,0.0,0,1,0.8505832,11436.230971978104,9727.465886752238,1
CUST_1961,55,Annual,3175.467721752457,4,14.0,2,SMB,0,Loyal,14.0,4,174650.72469638512,0.0714285714285714,6.3509354435049135,0,0,0.017756531,562390.2319619221,9986.09959638656,0
CUST_1962,2,Monthly,3152.193676916528,3,16.0,2,SMB,0,New,16.0,3,6304.387353833056,1.0,6.304387353833056,0,1,0.48626065,70537.19698213138,34299.46343302286,0
CUST_1963,62,Annual,3579.0291989961147,2,24.0,0,SMB,0,Loyal,24.0,2,221899.81033775912,0.0317460317460317,0.0,0,0,0.013617197,675105.9559039046,9193.050832282173,0
CUST_1964,21,Monthly,2164.676428875464,3,2.0,0,SMB,0,Mid-Tenure,2.0,3,45458.20500638474,0.1363636363636363,0.0,0,1,0.22450332,94629.5188830393,21244.641484371543,0
CUST_1965,21,Monthly,2520.4089832872787,2,0.0,5,SMB,0,Mid-Tenure,0.0,2,52928.588649032856,0.0909090909090909,12.602044916436393,0,1,0.15766597,145642.10271586786,22962.80309770124,0
CUST_1966,10,Annual,1984.8619127511213,3,7.0,0,Enterprise,0,New,7.0,3,19848.61912751121,0.2727272727272727,0.0,1,0,0.059713364,217096.1021352432,12963.5384932481,0
CUST_1967,58,Monthly,4136.757112349491,4,6.0,0,SMB,0,Loyal,6.0,4,239931.91251627047,0.0677966101694915,0.0,0,1,0.08097377,379015.46918810706,30690.310194457354,0
CUST_1968,39,Monthly,1087.7484201625962,2,17.0,0,SMB,0,Loyal,17.0,2,42422.18838634125,0.05,0.0,0,1,0.09579637,89528.84581287685,8576.538351082183,0
CUST_1969,5,Monthly,4833.292791088985,3,29.0,5,SMB,0,New,29.0,3,24166.463955444924,0.5,24.166463955444925,0,1,0.0979521,392015.4940747651,38398.73995762678,0
CUST_1970,65,Annual,3356.762701906478,1,22.0,0,Enterprise,0,Loyal,22.0,1,218189.57562392103,0.0151515151515151,0.0,1,0,0.0072074435,704124.3313316642,5074.936315331343,0
CUST_1971,13,Annual,4491.080259764792,2,4.0,5,SMB,0,Mid-Tenure,4.0,2,58384.04337694229,0.1428571428571428,22.45540129882396,0,0,0.03930591,603464.705002835,23719.729665500716,0
CUST_1972,53,Monthly,2418.041562191439,2,14.0,2,SMB,0,Loyal,14.0,2,128156.20279614626,0.037037037037037,4.836083124382878,0,1,0.07067631,240449.0079115675,16994.049067312775,0
CUST_1973,45,Multi-Year,1995.255816763985,0,6.0,2,SMB,0,Loyal,6.0,0,89786.51175437932,0.0,3.99051163352797,0,0,0.024931258,319533.80909573624,7966.379703487865,0
CUST_1974,32,Multi-Year,4553.2661455579255,6,9.0,15,SMB,1,Mid-Tenure,9.0,6,145704.51665785362,0.1818181818181818,68.29899218336888,0,0,0.7060543,72268.87676443122,51025.7490469614,1
CUST_1975,36,Annual,944.9286299433624,2,15.0,2,SMB,0,Mid-Tenure,15.0,2,34017.43067796104,0.054054054054054,1.8898572598867247,0,0,0.014946292,174592.61938562532,2609.5122973553957,0
CUST_1976,60,Annual,1026.9825417737502,3,27.0,0,Enterprise,0,Loyal,27.0,3,61618.95250642501,0.0491803278688524,0.0,1,0,0.0056292377,221534.40954116682,1247.0698591706646,0
CUST_1977,11,Monthly,1847.060494181048,3,22.0,0,SMB,1,New,22.0,3,20317.665435991526,0.25,0.0,0,1,0.33004385,58321.4939515022,19248.65053735108,0
CUST_1978,63,Annual,4818.987417948433,1,1.0,0,SMB,0,Loyal,1.0,1,303596.2073307513,0.015625,0.0,0,0,0.025879668,762099.367294058,19722.87866334934,0
CUST_1979,21,Monthly,3348.8087443929817,1,17.0,0,SMB,0,Mid-Tenure,17.0,1,70324.98363225261,0.0454545454545454,0.0,0,1,0.26443914,127801.21440119113,33795.642689147026,0
CUST_1980,52,Monthly,2993.871634769292,1,14.0,0,SMB,0,Loyal,14.0,1,155681.3250080032,0.0188679245283018,0.0,0,1,0.11060303,223697.2694605428,24741.595144199644,0
CUST_1981,55,Multi-Year,3674.103513599393,1,22.0,0,SMB,0,Loyal,22.0,1,202075.6932479666,0.0178571428571428,0.0,0,0,0.009271924,743846.9859043829,6896.8930065258655,0
CUST_1982,26,Annual,2378.635502351748,1,18.0,0,SMB,0,Mid-Tenure,18.0,1,61844.523061145446,0.037037037037037,0.0,0,0,0.019709088,409467.76172597107,8070.236111458888,0
CUST_1983,68,Monthly,3911.330756393597,7,19.0,0,SMB,0,Loyal,19.0,7,265970.4914347646,0.1014492753623188,0.0,0,1,0.2051156,183979.2210421449,37737.008572916726,0
CUST_1984,34,Monthly,2269.538140877949,5,13.0,5,SMB,0,Mid-Tenure,13.0,5,77164.29678985027,0.1428571428571428,11.347690704389745,0,1,0.56231856,44477.59513670576,25010.577403485848,1
CUST_1985,52,Annual,4218.63433185409,3,22.0,2,SMB,0,Loyal,22.0,3,219368.9852564127,0.0566037735849056,8.437268663708181,0,0,0.009370238,852676.5834677273,7989.782173569159,0
CUST_1986,52,Monthly,1702.8278693442703,3,29.0,10,SMB,1,Loyal,29.0,3,88547.04920590206,0.0566037735849056,17.0282786934427,0,1,0.6910043,27576.000244023966,19055.13409119851,1
CUST_1987,29,Monthly,1748.959966841109,2,1.0,0,SMB,1,Mid-Tenure,1.0,2,50719.83903839216,0.0666666666666666,0.0,0,1,0.24751915,70541.74423991809,17460.432600328182,0
CUST_1988,38,Monthly,2850.7248744203084,2,28.0,0,SMB,0,Loyal,28.0,2,108327.54522797171,0.0512820512820512,0.0,0,1,0.039488226,382270.3957198025,15095.179846308138,0
CUST_1989,42,Monthly,2438.425212627808,1,17.0,0,Enterprise,0,Loyal,17.0,1,102413.85893036792,0.0232558139534883,0.0,1,1,0.072411045,239039.73012109118,17309.11675787305,0
CUST_1990,21,Annual,3416.5212992811294,3,8.0,0,SMB,0,Mid-Tenure,8.0,3,71746.94728490371,0.1363636363636363,0.0,0,0,0.026365947,536865.6687124041,14154.971755757255,0
CUST_1991,42,Monthly,2139.308396031105,2,26.0,0,SMB,0,Loyal,26.0,2,89850.95263330641,0.0465116279069767,0.0,0,1,0.04926211,258625.37601171454,12740.431759096613,0
CUST_1992,13,Annual,1537.4779208166508,0,0.0,0,Enterprise,0,Mid-Tenure,0.0,0,19987.21297061646,0.0,0.0,1,0,0.025477493,244440.21170558778,6227.723827092895,0
CUST_1993,64,Monthly,2614.1385329730547,3,15.0,0,SMB,0,Loyal,15.0,3,167304.8661102755,0.0461538461538461,0.0,0,1,0.07339797,254215.37185496162,18658.892666497304,0
CUST_1994,17,Annual,3024.3042477371578,3,11.0,2,Enterprise,0,Mid-Tenure,11.0,3,51413.17221153168,0.1666666666666666,6.048608495474316,1,0,0.07647764,286941.2322118708,21944.588079525085,0
CUST_1995,9,Multi-Year,1141.7002422336068,1,11.0,2,SMB,0,New,11.0,1,10275.30218010246,0.1,2.2834004844672138,0,0,0.0768787,107980.32756559592,8301.386850329938,0
CUST_1996,41,Annual,3005.233815799244,2,18.0,0,SMB,0,Loyal,18.0,2,123214.586447769,0.0476190476190476,0.0,0,0,0.005377728,651214.9610757988,3502.0569473624378,0
CUST_1997,1,Multi-Year,1936.655173615536,4,9.0,0,SMB,0,New,9.0,4,1936.655173615536,2.0,0.0,0,0,0.0103121,385326.69527117367,3973.5273916004357,0
CUST_1998,2,Multi-Year,2266.033481908285,2,19.0,0,SMB,0,New,19.0,2,4532.06696381657,0.6666666666666666,0.0,0,0,0.055584274,257542.14658659033,14315.293302266788,0
CUST_1999,60,Monthly,1756.9315807847656,1,4.0,0,SMB,0,Loyal,4.0,1,105415.89484708592,0.0163934426229508,0.0,0,1,0.07064636,174751.88973749924,12345.585003343444,0
CUST_2000,48,Annual,4691.346475068769,4,2.0,10,Enterprise,0,Loyal,2.0,4,225184.6308033009,0.0816326530612244,46.913464750687695,1,0,0.27338594,174083.4968907673,47591.98078104987,0
CUST_2001,29,Multi-Year,3575.0132657609624,2,8.0,5,SMB,0,Mid-Tenure,8.0,2,103675.3847070679,0.0666666666666666,17.875066328804813,0,0,0.06384397,376832.9265153626,24058.511178788962,0
CUST_2002,10,Monthly,1681.0714013030752,2,20.0,0,SMB,1,New,20.0,2,16810.714013030753,0.1818181818181818,0.0,0,1,0.2845125,60305.24030563344,17157.594081460742,0
CUST_2003,58,Monthly,3402.641005483776,4,22.0,0,SMB,0,Loyal,22.0,4,197353.178318059,0.0677966101694915,0.0,0,1,0.094628096,282321.9978816857,26715.593013106147,0
CUST_2004,60,Multi-Year,4318.575843119208,0,14.0,0,SMB,0,Loyal,14.0,0,259114.55058715248,0.0,0.0,0,0,0.0073003867,904407.6522157245,6602.525569365166,0
CUST_2005,21,Annual,2307.335937497459,1,13.0,0,SMB,0,Mid-Tenure,13.0,1,48454.05468744664,0.0454545454545454,0.0,0,0,0.026960671,359768.59324499854,9699.602659913538,0
CUST_2006,28,Monthly,4234.80879120282,1,10.0,10,SMB,1,Mid-Tenure,10.0,1,118574.64615367896,0.0344827586206896,42.348087912028205,0,1,0.83124644,57665.71387034275,47934.41911348783,1
CUST_2007,34,Monthly,1194.8672495299656,3,12.0,2,SMB,0,Mid-Tenure,12.0,3,40625.48648401883,0.0857142857142857,2.3897344990599314,0,1,0.16592509,66404.54561403811,11018.17991155865,0
CUST_2008,8,Annual,4202.516141897757,3,6.0,0,SMB,0,New,6.0,3,33620.129135182055,0.3333333333333333,0.0,0,0,0.016200904,761774.9945709544,12341.443406658767,0
CUST_2009,59,Annual,2931.3240920256485,6,26.0,0,Enterprise,0,Loyal,26.0,6,172948.12142951327,0.1,0.0,1,0,0.068855695,295954.5830351141,20378.15862953199,0
CUST_2010,49,Annual,1503.3851960449194,2,24.0,2,Enterprise,0,Loyal,24.0,2,73665.87460620105,0.04,3.0067703920898388,1,0,0.01238351,289188.9587920329,3581.1744668030296,0
CUST_2011,17,Annual,2332.1362305016014,4,1.0,0,SMB,0,Mid-Tenure,1.0,4,39646.31591852722,0.2222222222222222,0.0,0,0,0.017626422,413826.91935120564,7294.28771932115,0
CUST_2012,60,Annual,4945.968466009776,1,2.0,0,SMB,0,Loyal,2.0,1,296758.1079605866,0.0163934426229508,0.0,0,0,0.034778625,700077.6886557335,24347.739245724733,0
CUST_2013,45,Annual,4026.002074890918,2,19.0,0,SMB,0,Loyal,19.0,2,181170.0933700913,0.0434782608695652,0.0,0,0,0.005520606,870163.8723355508,4803.831849195754,0
CUST_2014,69,Annual,3087.888626233019,2,7.0,0,Enterprise,0,Loyal,7.0,2,213064.3152100783,0.0285714285714285,0.0,1,0,0.005025242,673412.0921016941,3384.058721562356,0
CUST_2015,32,Annual,1018.2376035703652,1,0.0,0,SMB,0,Mid-Tenure,0.0,1,32583.603314251686,0.0303030303030303,0.0,0,0,0.012626025,195108.19880982413,2463.4409752775705,0
CUST_2016,44,Annual,2380.152123056751,3,24.0,0,SMB,0,Loyal,24.0,3,104726.69341449704,0.0666666666666666,0.0,0,0,0.004921971,520043.7201282239,2559.6400514639668,0
CUST_2017,65,Monthly,1683.7318130537178,8,20.0,0,SMB,0,Loyal,20.0,8,109442.56784849166,0.1212121212121212,0.0,0,1,0.19902988,81133.9674516509,16148.083625860132,0
CUST_2018,8,Monthly,819.5048577742562,3,3.0,0,SMB,0,New,3.0,3,6556.038862194049,0.3333333333333333,0.0,0,1,0.20159727,39086.50398477357,7879.732628104957,0
CUST_2019,43,Multi-Year,2939.9197492369176,4,12.0,0,Enterprise,0,Loyal,12.0,4,126416.54921718744,0.0909090909090909,0.0,1,0,0.004120907,651855.9979045808,2686.237824119823,0
CUST_2020,1,Monthly,4501.335649283943,2,23.0,2,SMB,0,New,23.0,2,4501.335649283943,1.0,9.002671298567886,0,1,0.1785271,236365.96295494004,42197.73034808577,0
CUST_2021,51,Monthly,3540.199406783563,2,13.0,0,SMB,0,Loyal,13.0,2,180550.16974596173,0.0384615384615384,0.0,0,1,0.13349968,231512.0828548747,30906.7894286188,0
CUST_2022,24,Monthly,1623.5617459123002,2,8.0,2,SMB,1,Mid-Tenure,8.0,2,38965.4819018952,0.08,3.2471234918246004,0,1,0.2428856,66519.96837605345,16156.742730389884,0
CUST_2023,24,Multi-Year,3081.1307312920508,2,2.0,0,SMB,0,Mid-Tenure,2.0,2,73947.13755100922,0.08,0.0,0,0,0.025926253,486966.86512311146,12625.226063576918,0
CUST_2024,17,Monthly,4744.55427506136,5,13.0,0,SMB,1,Mid-Tenure,13.0,5,80657.42267604312,0.2777777777777778,0.0,0,1,0.599376,87675.93544444129,52550.85348333566,1
CUST_2025,5,Monthly,3753.117738153209,2,3.0,2,Enterprise,0,New,3.0,2,18765.58869076605,0.3333333333333333,7.506235476306418,1,1,0.20689881,175311.87098357256,36271.81721877952,0
CUST_2026,20,Monthly,3602.632547330438,5,16.0,0,Enterprise,1,Mid-Tenure,16.0,5,72052.65094660876,0.238095238095238,0.0,1,1,0.45179346,86154.155801345,38923.88431845436,0
CUST_2027,21,Annual,4856.711748023823,3,14.0,0,Enterprise,0,Mid-Tenure,14.0,3,101990.94670850028,0.1363636363636363,0.0,1,0,0.08998669,416329.1479327779,37464.08171851066,0
CUST_2028,58,Monthly,4094.929900328112,3,11.0,0,SMB,0,Loyal,11.0,3,237505.9342190305,0.0508474576271186,0.0,0,1,0.10097659,325475.36650923605,32865.39144846772,0
CUST_2029,31,Monthly,1114.8059439443846,4,13.0,0,SMB,1,Mid-Tenure,13.0,4,34558.984262275924,0.125,0.0,0,1,0.30976662,37184.302616173525,11518.45575325251,0
CUST_2030,11,Monthly,2064.357891392906,5,18.0,2,Enterprise,1,New,18.0,5,22707.93680532197,0.4166666666666667,4.128715782785812,1,1,0.5761846,39560.690858109076,22794.25968220923,1
CUST_2031,52,Multi-Year,4843.133153319587,2,9.0,0,SMB,0,Loyal,9.0,2,251842.92397261853,0.0377358490566037,0.0,0,0,0.027424194,750638.6769133412,20585.660638551606,0
CUST_2032,15,Monthly,2703.67427389099,1,4.0,0,SMB,0,Mid-Tenure,4.0,1,40555.11410836485,0.0625,0.0,0,1,0.16870952,148343.30139923724,25026.92665882751,0
CUST_2033,7,Monthly,1002.3685039453342,2,28.0,0,SMB,0,New,28.0,2,7016.579527617339,0.25,0.0,0,1,0.16368248,56291.10284540062,9213.867072834539,0
CUST_2034,28,Annual,2563.7219585255384,2,23.0,0,Enterprise,0,Mid-Tenure,23.0,2,71784.21483871508,0.0689655172413793,0.0,1,0,0.0127391545,490358.2606500969,6246.749647774521,0
CUST_2035,51,Multi-Year,3636.469553318603,2,29.0,2,SMB,0,Loyal,29.0,2,185459.9472192488,0.0384615384615384,7.272939106637207,0,0,0.006247109,775820.0632200924,4846.632345865106,0
CUST_2036,58,Annual,4988.966997565585,3,16.0,0,SMB,0,Loyal,16.0,3,289360.08585880394,0.0508474576271186,0.0,0,0,0.024980575,798441.5493356049,19945.52888354802,0
CUST_2037,5,Multi-Year,1957.5739245344084,1,16.0,0,SMB,0,New,16.0,1,9787.869622672042,0.1666666666666666,0.0,0,0,0.09686955,159943.88405348835,15493.692176733603,0
CUST_2038,5,Multi-Year,2813.390936956732,2,2.0,0,Enterprise,0,New,2.0,2,14066.95468478366,0.3333333333333333,0.0,1,0,0.01964069,484783.9951481286,9521.492027862685,0
CUST_2039,8,Monthly,4458.563170924072,2,15.0,0,Enterprise,1,New,15.0,2,35668.50536739258,0.2222222222222222,0.0,1,1,0.15877628,256268.37482843894,40689.340073406194,0
CUST_2040,64,Annual,2098.702481258001,2,24.0,0,SMB,0,Loyal,24.0,2,134316.95880051207,0.0307692307692307,0.0,0,0,0.0069026942,442587.64153732866,3055.0471623801595,0
CUST_2041,10,Monthly,991.6770046588576,1,8.0,0,SMB,0,New,8.0,1,9916.770046588575,0.0909090909090909,0.0,0,1,0.23086889,42368.96491037429,9781.675936656931,0
CUST_2042,38,Annual,4770.211437506768,2,16.0,0,SMB,0,Loyal,16.0,2,181268.0346252572,0.0512820512820512,0.0,0,0,0.018375607,837177.7217762013,15383.648978160116,0
CUST_2043,8,Monthly,2697.9836302107506,5,19.0,2,SMB,1,New,19.0,5,21583.869041686004,0.5555555555555556,5.395967260421501,0,1,0.60948884,49092.26779053541,29921.1895877768,1
CUST_2044,25,Monthly,2762.526698473873,3,11.0,2,Enterprise,0,Mid-Tenure,11.0,3,69063.16746184682,0.1153846153846153,5.5250533969477456,1,1,0.17558897,146950.09908178498,25802.815865542645,0
CUST_2045,66,Multi-Year,3295.40065071882,3,23.0,0,SMB,0,Loyal,23.0,3,217496.4429474421,0.044776119402985,0.0,0,0,0.008120544,680392.9283308707,5525.160885150067,0
CUST_2046,50,Monthly,515.9148066645107,6,1.0,0,SMB,1,Loyal,1.0,6,25795.74033322553,0.1176470588235294,0.0,0,1,0.6511305,8829.993271123518,5749.477911156229,1
CUST_2047,67,Multi-Year,4690.090290059821,2,19.0,0,SMB,0,Loyal,19.0,2,314236.049434008,0.0294117647058823,0.0,0,0,0.003538024,1051235.7167573113,3719.2971043805414,0
CUST_2048,49,Monthly,2126.5298814854377,6,15.0,0,SMB,0,Loyal,15.0,6,104199.96419278644,0.12,0.0,0,1,0.14451143,131192.0784184422,18958.755047886007,0
CUST_2049,36,Monthly,2286.193380729569,2,22.0,5,SMB,0,Mid-Tenure,22.0,2,82302.96170626448,0.054054054054054,11.430966903647844,0,1,0.17693463,120890.85287634024,21389.778285220633,0
CUST_2050,68,Multi-Year,1283.4916138995573,3,22.0,10,Enterprise,1,Loyal,22.0,3,87277.4297451699,0.0434782608695652,12.834916138995574,1,0,0.5611474,25201.611383962794,14141.818497169928,1
CUST_2051,41,Annual,2201.6822598160747,1,20.0,0,SMB,0,Loyal,20.0,1,90268.97265245908,0.0238095238095238,0.0,0,0,0.0051190644,479329.38881357573,2453.717989601307,0
CUST_2052,62,Annual,4117.745888492234,2,22.0,0,SMB,0,Loyal,22.0,2,255300.24508651847,0.0317460317460317,0.0,0,0,0.0067689074,870422.7621799356,5891.811093750168,0
CUST_2053,10,Monthly,4099.962526499907,1,5.0,0,SMB,0,New,5.0,1,40999.62526499906,0.0909090909090909,0.0,0,1,0.18601057,208463.33737551814,38776.38407049214,0
CUST_2054,21,Annual,4711.0857840295375,3,1.0,0,Enterprise,0,Mid-Tenure,1.0,3,98932.8014646203,0.1363636363636363,0.0,1,0,0.026035143,743511.8546807333,19357.43750525704,0
CUST_2055,36,Annual,2314.532627063581,4,8.0,0,Enterprise,0,Mid-Tenure,8.0,4,83323.17457428892,0.1081081081081081,0.0,1,0,0.013275404,438944.51316800213,5827.16594812265,0
CUST_2056,12,Annual,3689.2467668686295,5,4.0,0,SMB,0,New,4.0,5,44270.961202423554,0.3846153846153846,0.0,0,0,0.17580265,196060.41897923217,34467.94083776753,0
CUST_2057,2,Monthly,2782.568998434007,3,17.0,0,SMB,1,New,17.0,3,5565.137996868014,1.0,0.0,0,1,0.51377165,59227.573942556126,30429.44857803258,1
CUST_2058,13,Multi-Year,4118.10255283609,2,21.0,0,SMB,0,Mid-Tenure,21.0,2,53535.33318686917,0.1428571428571428,0.0,0,0,0.019625137,709761.3186267373,13929.162851849343,0
CUST_2059,53,Annual,3706.439041098486,4,25.0,0,SMB,0,Loyal,25.0,4,196441.26917821972,0.074074074074074,0.0,0,0,0.009235041,750860.7341550096,6934.229827409408,0
CUST_2060,32,Multi-Year,2155.5631637882407,4,20.0,0,SMB,0,Mid-Tenure,20.0,4,68978.0212412237,0.1212121212121212,0.0,0,0,0.01659493,388419.3368310239,6445.79155800013,0
CUST_2061,16,Annual,2015.032254141616,4,17.0,2,Enterprise,1,Mid-Tenure,17.0,4,32240.516066265856,0.2352941176470588,4.030064508283232,1,0,0.21298088,91947.32028094855,19583.021309676333,0
CUST_2062,32,Annual,1635.991083625854,2,28.0,2,SMB,1,Mid-Tenure,28.0,2,52351.714676027324,0.0606060606060606,3.271982167251708,0,0,0.025525343,259937.818419768,6635.0018888530785,0
CUST_2063,32,Monthly,3094.3210571988698,2,9.0,15,Enterprise,0,Mid-Tenure,9.0,2,99018.27383036385,0.0606060606060606,46.41481585798305,1,1,0.32496807,99026.7025310025,32180.516379346027,0
CUST_2064,11,Monthly,4837.292832172368,0,9.0,0,SMB,0,New,9.0,0,53210.221153896055,0.0,0.0,0,1,0.10588394,372376.4917875688,39428.69050645841,0
CUST_2065,10,Multi-Year,1400.300319279047,2,22.0,0,SMB,0,New,22.0,2,14003.003192790473,0.1818181818181818,0.0,0,0,0.11064816,104598.78958595444,11573.663884457812,0
CUST_2066,15,Monthly,928.6360470694636,1,9.0,0,SMB,0,Mid-Tenure,9.0,1,13929.540706041957,0.0625,0.0,0,1,0.2396261,38475.927699421,9219.836294529716,0
CUST_2067,17,Monthly,1037.3028893434112,3,28.0,2,SMB,0,Mid-Tenure,28.0,3,17634.149118837988,0.1666666666666666,2.074605778686822,0,1,0.15827097,59766.5380394642,9459.307948265887,0
CUST_2068,40,Monthly,4023.944043125675,2,17.0,0,SMB,0,Loyal,17.0,2,160957.761725027,0.048780487804878,0.0,0,1,0.0884642,348735.1198621176,30850.573563713864,0
CUST_2069,18,Monthly,2075.4716192805367,4,15.0,0,SMB,0,Mid-Tenure,15.0,4,37358.48914704966,0.2105263157894736,0.0,0,1,0.24928814,83216.3222224534,20744.842328227904,0
CUST_2070,55,Multi-Year,1509.650724615709,3,22.0,0,SMB,0,Loyal,22.0,3,83030.78985386399,0.0535714285714285,0.0,0,0,0.005940779,323839.0390693443,1923.856199043798,0
CUST_2071,25,Multi-Year,2087.79853268075,2,29.0,15,SMB,0,Mid-Tenure,29.0,2,52194.96331701876,0.0769230769230769,31.316977990211253,0,0,0.26810512,78758.81248087564,21115.640829247015,0
CUST_2072,59,Monthly,3403.988657732848,4,5.0,5,Enterprise,0,Loyal,5.0,4,200835.330806238,0.0666666666666666,17.01994328866424,1,1,0.05045335,406635.17071192915,20516.106569064967,0
CUST_2073,22,Monthly,2960.5420617272766,1,11.0,0,Enterprise,0,Mid-Tenure,11.0,1,65131.92535800009,0.0434782608695652,0.0,1,1,0.24204372,121647.90005393338,29444.11010056965,0
CUST_2074,30,Annual,3846.1523293455166,3,27.0,5,SMB,0,Mid-Tenure,27.0,3,115384.5698803655,0.0967741935483871,19.230761646727583,0,0,0.068689294,388862.5890032293,26710.696763633496,0
CUST_2075,44,Annual,2025.8336681679928,4,3.0,0,Enterprise,0,Loyal,3.0,4,89136.6813993917,0.0888888888888888,0.0,1,0,0.0059977965,434124.2977343844,2603.789212158642,0
CUST_2076,32,Multi-Year,2534.1285805910843,1,19.0,0,SMB,0,Mid-Tenure,19.0,1,81092.1145789147,0.0303030303030303,0.0,0,0,0.010878766,499509.82394607307,5434.050467215985,0
CUST_2077,51,Annual,958.8576603331558,2,15.0,2,SMB,0,Loyal,15.0,2,48901.74067699094,0.0384615384615384,1.917715320666312,0,0,0.007917787,198665.94007144478,1572.9945873858958,0
CUST_2078,46,Monthly,828.7639071475165,2,27.0,0,SMB,0,Loyal,27.0,2,38123.13972878576,0.0425531914893617,0.0,0,1,0.055258576,94483.19756607147,5221.006937071157,0
CUST_2079,21,Annual,2580.148592798452,5,21.0,0,Enterprise,1,Mid-Tenure,21.0,5,54183.12044876749,0.2272727272727272,0.0,1,0,0.53445834,52975.17445587208,28313.023759274525,1
CUST_2080,32,Multi-Year,1857.184733506656,4,24.0,5,SMB,0,Mid-Tenure,24.0,4,59429.91147221299,0.1212121212121212,9.28592366753328,0,0,0.04279694,240161.1261226289,10278.161211684359,0
CUST_2081,39,Annual,3257.602574612589,1,25.0,0,SMB,0,Loyal,25.0,1,127046.50040989096,0.025,0.0,0,0,0.0077149807,677315.1585703201,5225.473408394287,0
CUST_2082,12,Annual,693.5097445005736,3,21.0,15,SMB,0,New,21.0,3,8322.116934006883,0.2307692307692307,10.402646167508603,0,0,0.058735862,76535.16494357582,4495.358914920657,0
CUST_2083,47,Monthly,1047.9486991980443,3,21.0,0,SMB,0,Loyal,21.0,3,49253.58886230808,0.0625,0.0,0,1,0.1500563,62859.22721544178,9432.423216939538,0
CUST_2084,18,Annual,4393.358649978778,2,10.0,0,SMB,0,Mid-Tenure,10.0,2,79080.455699618,0.1052631578947368,0.0,0,0,0.03050087,654903.5206964326,19975.127276982563,0
CUST_2085,21,Annual,3048.4022968359704,4,0.0,0,SMB,0,Mid-Tenure,0.0,4,64016.44823355538,0.1818181818181818,0.0,0,0,0.027556874,471664.5170680176,12997.599600126061,0
CUST_2086,13,Monthly,3704.245401610522,3,4.0,5,SMB,1,Mid-Tenure,4.0,3,48155.19022093678,0.2142857142857142,18.52122700805261,0,1,0.55391276,73604.90947104762,40770.69846833499,1
CUST_2087,21,Monthly,4288.874534182831,1,16.0,0,SMB,1,Mid-Tenure,16.0,1,90066.36521783944,0.0454545454545454,0.0,0,1,0.44867253,103206.99411016038,46306.1434743627,0
CUST_2088,8,Monthly,2587.254543275235,1,10.0,0,SMB,0,New,10.0,1,20698.03634620188,0.1111111111111111,0.0,0,1,0.22205807,114119.21930071061,25341.093894369067,0
CUST_2089,46,Monthly,3924.7717278536425,1,13.0,0,SMB,0,Loyal,13.0,1,180539.4994812676,0.0212765957446808,0.0,0,1,0.111909606,290886.13532349444,32552.952667706635,0
CUST_2090,7,Monthly,2860.63510583086,0,8.0,2,SMB,1,New,8.0,0,20024.44574081602,0.0,5.72127021166172,0,1,0.355448,84665.89949537374,30094.32528590546,0
CUST_2091,23,Monthly,1502.3694662316675,3,9.0,0,SMB,0,Mid-Tenure,9.0,3,34554.49772332835,0.125,0.0,0,1,0.27913794,54774.70322877055,15289.697780376138,0
CUST_2092,22,Annual,2019.452759604228,3,3.0,0,SMB,0,Mid-Tenure,3.0,3,44427.96071129302,0.1304347826086956,0.0,0,0,0.02230128,335172.93122988,7474.785679725207,0
CUST_2093,22,Monthly,2706.576984750474,4,1.0,0,SMB,1,Mid-Tenure,1.0,4,59544.69366451043,0.1739130434782608,0.0,0,1,0.28568557,96754.00332437547,27641.22249738931,0
CUST_2094,29,Monthly,1925.9849847752184,2,24.0,0,SMB,0,Mid-Tenure,24.0,2,55853.56455848133,0.0666666666666666,0.0,0,1,0.22136371,85169.16358995055,18853.361891628978,0
CUST_2095,13,Multi-Year,2009.8746110745424,5,5.0,0,Enterprise,0,Mid-Tenure,5.0,5,26128.36994396905,0.3571428571428571,0.0,1,0,0.4854601,45042.56186543186,21866.366702673735,0
CUST_2096,2,Annual,2018.267740619449,2,29.0,0,SMB,0,New,29.0,2,4036.535481238898,0.6666666666666666,0.0,0,0,0.054772865,231159.21005807474,12661.252212302616,0
CUST_2097,29,Annual,1052.7799048569689,4,26.0,5,SMB,0,Mid-Tenure,26.0,4,30530.617240852094,0.1333333333333333,5.263899524284844,0,0,0.054944027,120381.8750225857,6614.265017462856,0
CUST_2098,52,Monthly,880.8917324551312,3,28.0,0,Enterprise,0,Loyal,28.0,3,45806.37008766682,0.0566037735849056,0.0,1,1,0.04646401,109581.8118948944,5091.610521296103,0
CUST_2099,27,Annual,709.2321786108695,2,25.0,0,SMB,0,Mid-Tenure,25.0,2,19149.268822493475,0.0714285714285714,0.0,0,0,0.02179145,118548.73432485171,2583.348897133708,0
CUST_2100,50,Monthly,999.3031746545156,4,2.0,0,SMB,0,Loyal,2.0,4,49965.15873272578,0.0784313725490196,0.0,0,1,0.065671824,103669.4782372538,6808.163720552814,0
CUST_2101,23,Multi-Year,2046.681914610281,3,12.0,10,Enterprise,0,Mid-Tenure,12.0,3,47073.68403603646,0.125,20.46681914610281,1,0,0.100656256,163021.33147511826,16409.116887408883,0
CUST_2102,44,Monthly,3172.423126023757,4,11.0,0,SMB,0,Loyal,11.0,4,139586.6175450453,0.0888888888888888,0.0,0,1,0.06280363,337480.9376144166,21195.029122906893,0
CUST_2103,22,Annual,1346.6611724423403,2,17.0,2,SMB,0,Mid-Tenure,17.0,2,29626.54579373149,0.0869565217391304,2.6933223448846806,0,0,0.06502536,140490.1890626221,9135.425034870372,0
CUST_2104,43,Monthly,4496.039807011871,4,5.0,5,SMB,0,Loyal,5.0,4,193329.71170151044,0.0909090909090909,22.480199035059357,0,1,0.10047386,358550.4927514451,36024.95144372458,0
CUST_2105,37,Annual,4137.720940577523,4,9.0,0,SMB,0,Loyal,9.0,4,153095.67480136835,0.1052631578947368,0.0,0,0,0.014462634,770254.7940099197,11139.91316461678,0
CUST_2106,61,Annual,2842.3720076412365,4,5.0,0,SMB,0,Loyal,5.0,4,173384.69246611543,0.064516129032258,0.0,0,0,0.008189133,586165.5112320696,4800.187547454849,0
CUST_2107,56,Monthly,3758.94423866012,1,29.0,0,SMB,0,Loyal,29.0,1,210500.87736496676,0.0175438596491228,0.0,0,1,0.062179063,402101.1546437312,25002.272832146173,0
CUST_2108,3,Monthly,2148.4783611444127,3,27.0,2,Enterprise,0,New,27.0,3,6445.435083433238,0.75,4.296956722288825,1,1,0.18012017,112035.98821686285,20179.941256783073,0
CUST_2109,63,Annual,665.5000672989046,3,27.0,2,Enterprise,0,Loyal,27.0,3,41926.50423983099,0.046875,1.331000134597809,1,0,0.015003574,122854.79596164891,1843.2610323878985,0
CUST_2110,19,Multi-Year,4569.497813896429,4,24.0,2,SMB,0,Mid-Tenure,24.0,4,86820.45846403216,0.2,9.138995627792855,0,0,0.081424944,417226.5187248879,33972.64596536487,0
CUST_2111,23,Multi-Year,1075.070697160199,2,4.0,0,Enterprise,0,Mid-Tenure,4.0,2,24726.626034684577,0.0833333333333333,0.0,1,0,0.023446849,175648.7692164113,4118.410101404618,0
CUST_2112,29,Monthly,4765.718058708431,3,26.0,0,SMB,1,Mid-Tenure,26.0,3,138205.8237025445,0.1,0.0,0,1,0.512065,101747.33556615896,52101.24871327047,1
CUST_2113,30,Monthly,3073.471647197496,0,14.0,0,SMB,0,Mid-Tenure,14.0,0,92204.14941592488,0.0,0.0,0,1,0.2538195,121393.32357817535,30811.992140339997,0
CUST_2114,39,Multi-Year,1875.0337745964348,3,14.0,0,Enterprise,0,Loyal,14.0,3,73126.31720926096,0.075,0.0,1,0,0.0066994894,396836.10005459486,2658.5992575967025,0
CUST_2115,25,Annual,2729.860804903301,3,11.0,0,SMB,0,Mid-Tenure,11.0,3,68246.52012258253,0.1153846153846153,0.0,0,0,0.018989444,474831.06515379465,9016.777816256728,0
CUST_2116,8,Annual,2757.334140153924,3,8.0,0,SMB,0,New,8.0,3,22058.673121231397,0.3333333333333333,0.0,0,0,0.02854275,421273.8664481897,12024.31447619667,0
CUST_2117,58,Multi-Year,604.7918574916185,3,12.0,0,SMB,0,Loyal,12.0,3,35077.92773451388,0.0508474576271186,0.0,0,0,0.006322289,128856.6586597038,814.6690208943106,0
CUST_2118,16,Multi-Year,2099.569333478624,3,15.0,0,SMB,0,Mid-Tenure,15.0,3,33593.10933565798,0.1764705882352941,0.0,0,0,0.027129497,326656.24196332844,8862.019660199197,0
CUST_2119,1,Annual,3829.396097943129,2,20.0,0,SMB,0,New,20.0,2,3829.396097943129,1.0,0.0,0,0,0.027263593,594752.9876668933,16215.10334884738,0
CUST_2120,5,Monthly,2795.3113502781857,0,1.0,5,SMB,1,New,1.0,0,13976.556751390928,0.0,13.976556751390929,0,1,0.19048108,139485.96868897026,26569.4381845903,0
CUST_2121,3,Monthly,1599.0355265431288,4,16.0,0,Enterprise,0,New,16.0,4,4797.106579629386,1.0,0.0,1,1,0.35517734,47358.091686519365,16820.52116963913,0
CUST_2122,65,Annual,2007.994370166248,2,8.0,2,SMB,0,Loyal,8.0,2,130519.63406080611,0.0303030303030303,4.015988740332496,0,0,0.02528589,320059.0800664025,8092.978796368747,0
CUST_2123,4,Monthly,4383.7447690217705,3,25.0,0,SMB,0,New,25.0,3,17534.979076087082,0.6,0.0,0,1,0.22097214,194134.1226030816,42898.23167667194,0
CUST_2124,64,Monthly,2864.973515676033,3,22.0,0,SMB,0,Loyal,22.0,3,183358.3050032661,0.0461538461538461,0.0,0,1,0.13824937,182628.41035500483,25248.262214637234,0
CUST_2125,10,Monthly,2877.584551480562,3,18.0,0,SMB,0,New,18.0,3,28775.84551480562,0.2727272727272727,0.0,0,1,0.2884568,102024.87775815495,29429.76951362767,0
CUST_2126,21,Monthly,4826.603565729545,4,27.0,0,Enterprise,0,Mid-Tenure,27.0,4,101358.67488032044,0.1818181818181818,0.0,1,1,0.23878004,200565.26093249687,47890.98033986076,0
CUST_2127,46,Annual,1943.9662956648951,1,5.0,0,Enterprise,0,Loyal,5.0,1,89422.44960058518,0.0212765957446808,0.0,1,0,0.0076866364,404384.7296627588,3108.3583869380714,0
CUST_2128,27,Annual,2657.935062978028,3,25.0,5,SMB,0,Mid-Tenure,25.0,3,71764.24670040676,0.1071428571428571,13.28967531489014,0,0,0.035535157,372890.20196567226,13250.711768752124,0
CUST_2129,66,Monthly,4152.711189743753,4,3.0,0,SMB,0,Loyal,3.0,4,274078.93852308765,0.0597014925373134,0.0,0,1,0.051283143,492012.09969130484,25231.9270928943,0
CUST_2130,41,Monthly,3915.1051199916337,2,29.0,0,Enterprise,0,Loyal,29.0,2,160519.30991965698,0.0476190476190476,0.0,1,1,0.026919916,610781.5184553505,16442.187337402855,0
CUST_2131,13,Multi-Year,1696.0973986790266,0,24.0,0,SMB,0,Mid-Tenure,24.0,0,22049.266182827345,0.0,0.0,0,0,0.06551591,176193.6295677317,11543.486518114829,0
CUST_2132,9,Monthly,1179.9097142242365,3,14.0,0,SMB,1,New,14.0,3,10619.18742801813,0.3,0.0,0,1,0.28482902,42287.00381298857,12044.565875941043,0
CUST_2133,36,Annual,3653.170592843157,3,17.0,0,SMB,0,Mid-Tenure,17.0,3,131514.14134235366,0.081081081081081,0.0,0,0,0.024159718,591130.1671005848,14281.538318662346,0
CUST_2134,58,Multi-Year,1659.4527956323764,2,29.0,0,Enterprise,0,Loyal,29.0,2,96248.26214667782,0.0338983050847457,0.0,1,0,0.014167217,310336.56528270245,4396.605341258082,0
CUST_2135,54,Monthly,4652.041228359085,6,26.0,0,SMB,1,Loyal,26.0,6,251210.2263313906,0.109090909090909,0.0,0,1,0.5188221,98140.51902742873,50917.467619011426,1
CUST_2136,12,Annual,1081.6146229515175,3,11.0,0,SMB,0,New,11.0,3,12979.37547541821,0.2307692307692307,0.0,0,0,0.0880089,94047.37503130133,8277.006303428616,0
CUST_2137,14,Multi-Year,1932.4184006064943,2,11.0,0,SMB,0,Mid-Tenure,11.0,2,27053.85760849092,0.1333333333333333,0.0,0,0,0.025237024,308212.9056313102,7778.376444258461,0
CUST_2138,34,Monthly,746.5426111621119,3,19.0,0,SMB,0,Mid-Tenure,19.0,3,25382.448779511808,0.0857142857142857,0.0,0,1,0.17048119,40631.63597568874,6926.929656252619,0
CUST_2139,53,Annual,3664.873880885201,1,16.0,0,Enterprise,0,Loyal,16.0,1,194238.31568691565,0.0185185185185185,0.0,1,0,0.008996977,745436.2915406887,6706.672826677947,0
CUST_2140,20,Monthly,4510.681920119292,4,6.0,0,SMB,0,Mid-Tenure,6.0,4,90213.63840238584,0.1904761904761904,0.0,0,1,0.38512763,124396.10209206864,47908.376453910976,0
CUST_2141,16,Monthly,3361.4353729895315,2,29.0,2,SMB,0,Mid-Tenure,29.0,2,53782.9659678325,0.1176470588235294,6.722870745979063,0,1,0.15264457,199054.05876435107,30384.52213088415,0
CUST_2142,70,Multi-Year,4719.888569801677,3,19.0,0,SMB,0,Loyal,19.0,3,330392.19988611736,0.0422535211267605,0.0,0,0,0.015441448,865486.0357680736,13364.357986239042,0
CUST_2143,56,Multi-Year,1078.2679032554431,3,4.0,0,Enterprise,0,Loyal,4.0,3,60383.00258230481,0.0526315789473684,0.0,1,0,0.012937975,205586.767821741,2659.8764862717853,0
CUST_2144,58,Annual,894.8026726821452,3,11.0,0,SMB,0,Loyal,11.0,3,51898.555015564416,0.0508474576271186,0.0,0,0,0.01144852,174741.90978175058,2000.5362901642577,0
CUST_2145,4,Monthly,4272.857290253169,2,16.0,2,SMB,0,New,16.0,2,17091.429161012675,0.4,8.545714580506337,0,1,0.40401372,112935.54252653233,45627.50901041483,0
CUST_2146,4,Monthly,4349.800289239285,0,1.0,5,SMB,0,New,1.0,0,17399.20115695714,0.0,21.749001446196424,0,1,0.29629344,150732.28662289487,44660.9873428578,0
CUST_2147,20,Annual,4239.677871982077,1,27.0,0,SMB,0,Mid-Tenure,27.0,1,84793.55743964153,0.0476190476190476,0.0,0,0,0.022785818,698984.1771396941,15926.926387975915,0
CUST_2148,10,Monthly,4095.342061401856,5,3.0,0,Enterprise,0,New,3.0,5,40953.42061401856,0.4545454545454545,0.0,1,1,0.13878477,260318.17345524026,36128.19683986887,0
CUST_2149,24,Annual,2130.0276377239707,3,1.0,0,Enterprise,0,Mid-Tenure,1.0,3,51120.663305375296,0.12,0.0,1,0,0.020749481,361279.407377047,7496.360341725827,0
CUST_2150,26,Annual,1478.579376161245,2,13.0,0,SMB,0,Mid-Tenure,13.0,2,38443.063780192366,0.074074074074074,0.0,0,0,0.022696197,244069.89588854372,5539.458446892726,0
CUST_2151,37,Annual,4679.618089990056,1,13.0,0,SMB,0,Loyal,13.0,1,173145.86932963209,0.0263157894736842,0.0,0,0,0.03224248,682803.0491880189,22015.264111751814,0
CUST_2152,54,Annual,1881.500822817503,4,12.0,0,SMB,0,Loyal,12.0,4,101601.04443214517,0.0727272727272727,0.0,0,0,0.006507715,399556.2417683114,2600.1982319333624,0
CUST_2153,21,Monthly,2292.834569738145,3,16.0,0,SMB,1,Mid-Tenure,16.0,3,48149.525964501045,0.1363636363636363,0.0,0,1,0.29119623,80639.85382117101,23482.021184497222,0
CUST_2154,38,Monthly,3648.015317532349,1,25.0,0,SMB,0,Loyal,25.0,1,138624.58206622925,0.0256410256410256,0.0,0,1,0.09806161,295661.95983577124,28993.08669974093,0
CUST_2155,46,Monthly,1820.102359972944,2,16.0,2,SMB,0,Loyal,16.0,2,83724.70855875542,0.0425531914893617,3.640204719945888,0,1,0.05020507,217965.29898894197,10942.963207831426,0
CUST_2156,4,Annual,4186.085997024506,1,21.0,0,Enterprise,0,New,21.0,1,16744.343988098022,0.2,0.0,1,0,0.051022165,497247.608763008,25370.64930327364,0
CUST_2157,60,Annual,815.1558063430157,2,17.0,0,Enterprise,0,Loyal,17.0,2,48909.34838058094,0.0327868852459016,0.0,1,0,0.009352607,164809.43714501904,1541.3978495633858,0
CUST_2158,57,Annual,4060.322003250205,3,2.0,0,Enterprise,0,Loyal,2.0,3,231438.35418526168,0.0517241379310344,0.0,1,0,0.008080961,838895.5840130503,6779.082650759238,0
CUST_2159,45,Annual,3208.3309517801185,2,20.0,10,SMB,0,Loyal,20.0,2,144374.89283010532,0.0434782608695652,32.08330951780118,0,0,0.143265,199208.20223667627,28539.561903214315,0
CUST_2160,20,Multi-Year,3078.471398511168,2,15.0,0,Enterprise,0,Mid-Tenure,15.0,2,61569.42797022336,0.0952380952380952,0.0,1,0,0.025751712,487667.6002733311,12558.275496775092,0
CUST_2161,17,Monthly,2562.696676123973,3,18.0,0,SMB,0,Mid-Tenure,18.0,3,43565.84349410754,0.1666666666666666,0.0,0,1,0.18462831,131068.41535837758,24198.939736183114,0
CUST_2162,71,Monthly,1746.7051832754007,3,5.0,2,SMB,0,Loyal,5.0,3,124016.06801255346,0.0416666666666666,3.4934103665508016,0,1,0.08848754,151352.68518431945,13392.82726348961,0
CUST_2163,4,Monthly,2588.3162844405647,0,22.0,0,Enterprise,0,New,22.0,0,10353.26513776226,0.0,0.0,1,1,0.16539076,144202.0813026807,23849.691777908432,0
CUST_2164,14,Annual,2525.1283040840926,2,25.0,0,Enterprise,0,Mid-Tenure,25.0,2,35351.796257177295,0.1333333333333333,0.0,1,0,0.0107646445,498670.56740944076,5368.011371421705,0
CUST_2165,3,Monthly,3126.893849523815,1,5.0,0,Enterprise,1,New,5.0,1,9380.681548571443,0.25,0.0,1,1,0.4633113,73099.35366098217,33867.75763982447,0
CUST_2166,58,Multi-Year,1767.084286349886,2,17.0,2,Enterprise,0,Loyal,17.0,2,102490.8886082934,0.0338983050847457,3.534168572699772,1,0,0.016242726,320110.79776651465,5199.471905624599,0
CUST_2167,55,Annual,849.1801188926706,5,8.0,10,SMB,0,Loyal,8.0,5,46704.90653909688,0.0892857142857142,8.491801188926708,0,0,0.28099877,30786.099808943214,8650.85606926598,0
CUST_2168,4,Multi-Year,1152.9025098761222,3,17.0,2,SMB,0,New,17.0,3,4611.610039504489,0.6,2.305805019752244,0,0,0.06886509,116391.03116441135,8015.278907165202,0
CUST_2169,24,Multi-Year,3646.298441577078,5,5.0,10,Enterprise,1,Mid-Tenure,5.0,5,87511.16259784988,0.2,36.46298441577078,1,0,0.8499104,48622.153679759394,41324.47303531573,1
CUST_2170,34,Monthly,601.2154833599323,3,8.0,0,SMB,0,Mid-Tenure,8.0,3,20441.326434237697,0.0857142857142857,0.0,0,1,0.29257295,21059.998015194447,6161.585648504725,0
CUST_2171,30,Monthly,4353.993700904435,3,24.0,5,SMB,0,Mid-Tenure,24.0,3,130619.81102713304,0.0967741935483871,21.76996850452218,0,1,0.6584147,73753.30007517377,48560.25852788669,1
CUST_2172,19,Annual,3624.78797365961,6,17.0,0,Enterprise,0,Mid-Tenure,17.0,6,68870.97149953259,0.3,0.0,1,0,0.26486325,138147.12791155052,36590.0976414957,0
CUST_2173,31,Monthly,3956.3894358847233,2,24.0,5,Enterprise,0,Mid-Tenure,24.0,2,122648.07251242644,0.0625,19.78194717942361,1,1,0.28194764,143024.57808949988,40325.44262115585,0
CUST_2174,60,Monthly,4261.930020920637,3,15.0,0,SMB,0,Loyal,15.0,3,255715.8012552382,0.0491803278688524,0.0,0,1,0.08153979,388803.71895438427,31702.972565240358,0
CUST_2175,60,Annual,1052.1969976858152,4,23.0,2,Enterprise,0,Loyal,23.0,4,63131.81986114891,0.0655737704918032,2.1043939953716304,1,0,0.020087764,180150.7688145381,3618.8260683940043,0
CUST_2176,19,Monthly,4201.029909365298,4,29.0,0,SMB,1,Mid-Tenure,29.0,4,79819.56827794066,0.2,0.0,0,1,0.46039912,98770.46922654715,45473.837217209846,0
CUST_2177,49,Annual,2770.8909694657536,2,22.0,0,Enterprise,0,Loyal,22.0,2,135773.65750382192,0.04,0.0,1,0,0.0044995053,610109.9531756069,2745.192952032184,0
CUST_2178,63,Annual,4484.857274389387,7,12.0,0,SMB,0,Loyal,12.0,7,282546.00828653143,0.109375,0.0,0,0,0.084503695,400124.98048908776,33812.03946068363,0
CUST_2179,22,Monthly,4489.639704771545,2,10.0,0,SMB,0,Mid-Tenure,10.0,2,98772.073504974,0.0869565217391304,0.0,0,1,0.23301953,190360.2696280635,44357.66070658412,0
CUST_2180,24,Monthly,608.8011968937659,3,7.0,0,Enterprise,1,Mid-Tenure,7.0,3,14611.228725450384,0.12,0.0,1,1,0.27511644,22470.761592964493,6182.076015204614,0
CUST_2181,30,Monthly,2222.893469675925,4,25.0,15,Enterprise,0,Mid-Tenure,25.0,4,66686.80409027776,0.1290322580645161,33.34340204513888,1,1,0.21220195,101733.49254206663,21588.045796250037,0
CUST_2182,58,Annual,2868.7945813937304,2,23.0,0,Enterprise,0,Loyal,23.0,2,166390.08572083636,0.0338983050847457,0.0,1,0,0.007347732,600294.6038009247,4410.803780356283,0
CUST_2183,31,Monthly,3552.6204040230587,1,16.0,5,Enterprise,1,Mid-Tenure,16.0,1,110131.2325247148,0.03125,17.763102020115294,1,1,0.5553789,70421.09170205594,39110.38942368907,1
CUST_2184,64,Multi-Year,1787.8381100786028,4,8.0,15,SMB,0,Loyal,8.0,4,114421.63904503058,0.0615384615384615,26.81757165117904,0,0,0.2381896,74444.2480473905,17731.845140434856,0
CUST_2185,19,Monthly,1634.6401729909353,3,5.0,0,SMB,0,Mid-Tenure,5.0,3,31058.16328682777,0.15,0.0,0,1,0.3127562,54074.005792199576,16911.98114166886,0
CUST_2186,48,Monthly,2215.695735900713,2,0.0,0,Enterprise,0,Loyal,0.0,2,106353.39532323422,0.0408163265306122,0.0,1,1,0.029951718,332555.0638110649,9960.595392482483,0
CUST_2187,45,Monthly,2754.224112874525,1,0.0,0,Enterprise,0,Loyal,0.0,1,123940.08507935362,0.0217391304347826,0.0,1,1,0.058372933,304971.805090197,17802.098872762752,0
CUST_2188,55,Monthly,4780.15804132436,5,12.0,0,SMB,0,Loyal,12.0,5,262908.6922728398,0.0892857142857142,0.0,0,1,0.65365976,81519.36306049344,53285.9273710811,1
CUST_2189,55,Monthly,3929.488100138469,0,6.0,0,SMB,0,Loyal,6.0,0,216121.84550761577,0.0,0.0,0,1,0.18251139,202802.35715351967,37013.739948383765,0
CUST_2190,18,Annual,2431.945251219674,1,9.0,0,SMB,0,Mid-Tenure,9.0,1,43775.01452195413,0.0526315789473684,0.0,0,0,0.02397598,394497.55046779924,9458.465197322545,0
CUST_2191,63,Annual,744.647802980827,3,17.0,0,SMB,0,Loyal,17.0,3,46912.8115877921,0.046875,0.0,0,0,0.010825585,146908.13811330442,1590.3664838307457,0
CUST_2192,47,Monthly,1258.342664646917,1,5.0,0,Enterprise,1,Loyal,5.0,1,59142.1052384051,0.0208333333333333,0.0,1,1,0.20752403,58635.736613164285,12168.32444611234,0
CUST_2193,57,Monthly,2551.659909437377,1,12.0,0,SMB,0,Loyal,12.0,1,145444.61483793048,0.0172413793103448,0.0,0,1,0.066724405,262326.62977094576,17503.58820649551,0
CUST_2194,45,Annual,4162.216550444169,2,4.0,0,SMB,0,Loyal,4.0,2,187299.7447699876,0.0434782608695652,0.0,0,0,0.0052821683,903484.8004460692,4772.358751313727,0
CUST_2195,33,Annual,2213.1299105480475,5,20.0,5,Enterprise,1,Mid-Tenure,20.0,5,73033.28704808556,0.1470588235294117,11.065649552740236,1,0,0.65678155,37575.34180114984,24678.791388586098,1
CUST_2196,17,Monthly,2923.2349283527687,5,25.0,0,SMB,1,Mid-Tenure,25.0,5,49694.993781997066,0.2777777777777778,0.0,0,1,0.71479356,45867.042160947385,32785.466485408106,1
CUST_2197,70,Multi-Year,4513.12198738296,3,14.0,0,Enterprise,0,Loyal,14.0,3,315918.5391168072,0.0422535211267605,0.0,1,0,0.0062778313,962323.176208992,6041.302528692677,0
CUST_2198,4,Monthly,4612.08316741983,4,11.0,0,SMB,0,New,11.0,4,18448.33266967932,0.8,0.0,0,1,0.1683893,253423.5760518967,42673.81996170423,0
CUST_2199,20,Annual,1470.9874839921022,3,21.0,2,SMB,0,Mid-Tenure,21.0,3,29419.749679842043,0.1428571428571428,2.9419749679842044,0,0,0.15402237,86519.19114751401,13325.890508376808,0
CUST_2200,47,Monthly,696.1771480666747,4,29.0,0,SMB,0,Loyal,29.0,4,32720.325959133712,0.0833333333333333,0.0,0,1,0.060376503,75687.5353328772,4569.748671806587,0
CUST_2201,15,Monthly,1874.3473893718167,4,10.0,0,SMB,0,Mid-Tenure,10.0,4,28115.21084057725,0.25,0.0,0,1,0.36294666,54467.4899655071,19768.793524883367,0
CUST_2202,70,Multi-Year,3631.1104167160106,0,7.0,0,SMB,0,Loyal,7.0,0,254177.72917012076,0.0,0.0,0,0,0.008122103,749685.9297941633,6089.026555925561,0
CUST_2203,47,Monthly,4780.0049043932,2,4.0,5,Enterprise,0,Loyal,4.0,2,224660.2305064804,0.0416666666666666,23.900024521966003,1,1,0.13964815,302455.14353804826,42237.30257720255,0
CUST_2204,9,Annual,846.6439999285126,2,7.0,5,SMB,0,New,7.0,2,7619.795999356613,0.2,4.233219999642563,0,0,0.03460132,120089.47330790535,4155.254244273253,0
CUST_2205,16,Monthly,628.1771474717218,2,4.0,0,SMB,1,Mid-Tenure,4.0,2,10050.834359547547,0.1176470588235294,0.0,0,1,0.5004346,13694.862050856023,6853.382503862383,1
CUST_2206,69,Annual,4478.662458435749,3,9.0,2,Enterprise,0,Loyal,9.0,3,309027.70963206666,0.0428571428571428,8.957324916871498,1,0,0.009676186,900592.9128315848,8714.304866140756,0
CUST_2207,61,Multi-Year,3866.653710964136,1,14.0,0,SMB,0,Loyal,14.0,1,235865.87636881229,0.0161290322580645,0.0,0,0,0.007812602,802590.4987115754,6270.320492955641,0
CUST_2208,10,Monthly,4965.118606200089,3,5.0,0,Enterprise,1,New,5.0,3,49651.18606200089,0.2727272727272727,0.0,1,1,0.37229174,141090.66178425803,52526.888503256414,0
CUST_2209,50,Multi-Year,2285.5679665954394,3,23.0,0,SMB,0,Loyal,23.0,3,114278.39832977195,0.0588235294117647,0.0,0,0,0.005242921,496476.5535243418,2602.9873218344155,0
CUST_2210,3,Annual,2372.229073115462,3,17.0,0,SMB,0,New,17.0,3,7116.687219346386,0.75,0.0,0,0,0.046420604,295235.1321097652,13704.993151766543,0
CUST_2211,70,Annual,1275.403267838523,3,22.0,2,SMB,0,Loyal,22.0,3,89278.22874869662,0.0422535211267605,2.5508065356770464,0,0,0.020907352,215842.7620563681,4512.700548390009,0
CUST_2212,51,Annual,1021.3121866880232,1,2.0,10,SMB,0,Loyal,2.0,1,52086.92152108919,0.0192307692307692,10.213121866880233,0,0,0.22391404,44743.037921531635,10018.594477524339,0
CUST_2213,19,Multi-Year,3104.231047656071,1,8.0,0,SMB,1,Mid-Tenure,8.0,1,58980.38990546535,0.05,0.0,0,0,0.031292703,458230.20830333966,14339.261815297763,0
CUST_2214,42,Monthly,2139.2825058267463,3,9.0,0,SMB,0,Loyal,9.0,3,89849.86524472335,0.0697674418604651,0.0,0,1,0.039581265,286570.9673813028,11342.841487343807,0
CUST_2215,35,Monthly,861.4240157536028,2,6.0,0,SMB,0,Mid-Tenure,6.0,2,30149.8405513761,0.0555555555555555,0.0,0,1,0.18915355,43223.64534843673,8175.906050437898,0
CUST_2216,46,Multi-Year,4491.441812854939,5,18.0,0,Enterprise,0,Loyal,18.0,5,206606.3233913272,0.1063829787234042,0.0,1,0,0.03794765,612833.8924979243,23255.606672766222,0
CUST_2217,26,Annual,1392.6041071219988,2,23.0,5,Enterprise,0,Mid-Tenure,23.0,2,36207.70678517197,0.074074074074074,6.963020535609994,1,0,0.031643033,204686.78435573025,6476.910677691626,0
CUST_2218,69,Monthly,3868.629561515898,1,25.0,5,SMB,0,Loyal,25.0,1,266935.4397445969,0.0142857142857142,19.343147807579488,0,1,0.05565563,439385.54653347493,24454.278720987997,0
CUST_2219,64,Annual,1770.0286825315002,4,1.0,0,SMB,0,Loyal,1.0,4,113281.835682016,0.0615384615384615,0.0,0,0,0.0053479285,383760.40341125976,2052.323197784143,0
CUST_2220,37,Annual,4158.071738387596,5,25.0,0,SMB,0,Loyal,25.0,5,153848.65432034107,0.131578947368421,0.0,0,0,0.01786093,735281.1110774233,13132.80475895287,0
CUST_2221,49,Monthly,1032.7857864244434,2,27.0,2,SMB,0,Loyal,27.0,2,50606.503534797725,0.04,2.065571572848887,0,1,0.07904997,96035.89426529664,7591.634294514586,0
CUST_2222,21,Monthly,3902.322245997927,0,7.0,0,Enterprise,1,Mid-Tenure,7.0,0,81948.76716595647,0.0,0.0,1,1,0.26275462,149727.17365011503,39341.50648458238,0
CUST_2223,64,Annual,941.534932552306,2,6.0,10,SMB,0,Loyal,6.0,2,60258.23568334759,0.0307692307692307,9.41534932552306,0,0,0.12629041,64089.81256047935,8093.928753606229,0
CUST_2224,5,Monthly,2511.121045356245,2,27.0,0,SMB,0,New,27.0,2,12555.605226781225,0.3333333333333333,0.0,0,1,0.13635321,161700.74606429008,22048.41572296621,0
CUST_2225,70,Annual,3803.019577698221,3,4.0,0,SMB,0,Loyal,4.0,3,266211.37043887546,0.0422535211267605,0.0,0,0,0.005919977,816098.931689741,4831.286979799153,0
CUST_2226,4,Multi-Year,1279.4827153410529,2,3.0,0,SMB,0,New,3.0,2,5117.930861364212,0.4,0.0,0,0,0.042509034,165970.74219707708,7055.255968870138,0
CUST_2227,39,Monthly,1785.4924498102534,4,10.0,0,Enterprise,0,Loyal,10.0,4,69634.20554259988,0.1,0.0,1,1,0.04886334,216722.48984896354,10589.784743804026,0
CUST_2228,35,Monthly,4391.451464414889,2,25.0,0,SMB,0,Mid-Tenure,25.0,2,153700.80125452112,0.0555555555555555,0.0,0,1,0.22293998,193073.28141218054,43043.754077772865,0
CUST_2229,1,Monthly,4483.036944084407,3,27.0,0,SMB,1,New,27.0,3,4483.036944084407,1.5,0.0,0,1,0.5108321,95922.54961527638,49000.31470476316,1
CUST_2230,24,Monthly,702.209536037268,2,29.0,2,SMB,0,Mid-Tenure,29.0,2,16853.028864894433,0.08,1.404419072074536,0,1,0.21782935,31462.25073007338,6853.401520884292,0
CUST_2231,57,Annual,1256.4076340883887,1,9.0,0,SMB,0,Loyal,9.0,1,71615.23514303815,0.0172413793103448,0.0,0,0,0.017271608,224119.69476610993,3870.9075386839086,0
CUST_2232,70,Monthly,1028.6237312278654,3,0.0,0,SMB,0,Loyal,0.0,3,72003.66118595058,0.0422535211267605,0.0,0,1,0.1291956,68882.74560587642,8899.347699727141,0
CUST_2233,41,Annual,1308.6189259308635,3,28.0,5,Enterprise,0,Loyal,28.0,3,53653.3759631654,0.0714285714285714,6.543094629654317,1,0,0.006627462,277311.1512840051,1837.8690820910645,0
CUST_2234,54,Monthly,4865.844759378227,1,3.0,2,SMB,1,Loyal,3.0,1,262755.61700642423,0.0181818181818181,9.731689518756454,0,1,0.5130907,103695.78612331922,53205.34657022266,1
CUST_2235,46,Monthly,2982.448619557054,3,21.0,0,SMB,0,Loyal,21.0,3,137192.63649962447,0.0638297872340425,0.0,0,1,0.06162961,320608.34883952676,19758.966948195648,0
CUST_2236,60,Monthly,2606.505757047171,2,5.0,2,SMB,0,Loyal,5.0,2,156390.34542283026,0.0327868852459016,5.213011514094342,0,1,0.076385945,247480.6023873452,18904.03970274846,0
CUST_2237,60,Monthly,4930.103178916773,4,17.0,10,SMB,1,Loyal,17.0,4,295806.1907350064,0.0655737704918032,49.30103178916772,0,1,0.8179801,68159.66933907237,55753.25386752108,1
CUST_2238,57,Monthly,3006.3025843733094,5,24.0,0,Enterprise,0,Loyal,24.0,5,171359.24730927864,0.0862068965517241,0.0,1,1,0.1688023,164877.74811028186,27831.744098339608,0
CUST_2239,31,Monthly,3475.0306730548605,3,12.0,0,SMB,0,Mid-Tenure,12.0,3,107725.95086470067,0.09375,0.0,0,1,0.27176237,129599.88576014186,35220.3722437002,0
CUST_2240,24,Multi-Year,1997.467457221311,1,12.0,0,SMB,0,Mid-Tenure,12.0,1,47939.218973311465,0.04,0.0,0,0,0.029105118,303009.5974739154,8819.12995159958,0
CUST_2241,36,Annual,2219.516890292833,0,0.0,0,SMB,0,Mid-Tenure,0.0,0,79902.608050542,0.0,0.0,0,0,0.025108736,354608.5826331745,8903.773287651291,0
CUST_2242,30,Monthly,3174.8422271408285,2,3.0,0,SMB,0,Mid-Tenure,3.0,2,95245.26681422486,0.064516129032258,0.0,0,1,0.27207145,118290.84882664641,32183.562874220814,0
CUST_2243,24,Monthly,814.0360280020914,3,3.0,0,Enterprise,0,Mid-Tenure,3.0,3,19536.864672050197,0.12,0.0,1,1,0.15354037,47992.60383749304,7368.802287179549,0
CUST_2244,30,Monthly,1651.4729872014882,5,17.0,5,SMB,0,Mid-Tenure,17.0,5,49544.18961604465,0.1612903225806451,8.257364936007441,0,1,0.4390598,40521.98853504522,17791.57593660585,0
CUST_2245,7,Monthly,1385.652872571382,5,23.0,0,SMB,1,New,23.0,5,9699.570107999674,0.625,0.0,0,1,0.8268971,18962.127408888446,15679.72787436599,1
CUST_2246,35,Monthly,571.5202691300162,4,26.0,0,SMB,0,Mid-Tenure,26.0,4,20003.209419550567,0.1111111111111111,0.0,0,1,0.23176607,24340.2011471296,5641.232882045906,0
CUST_2247,55,Monthly,2916.055717341899,3,17.0,2,SMB,1,Loyal,17.0,3,160383.06445380443,0.0535714285714285,5.832111434683798,0,1,0.11383514,213584.63768914543,24313.43736017734,0
CUST_2248,14,Monthly,3024.737777857456,5,17.0,0,SMB,1,Mid-Tenure,17.0,5,42346.328890004384,0.3333333333333333,0.0,0,1,0.55805343,59693.52461374044,33312.17639200018,1
CUST_2249,10,Monthly,2227.7265036676654,4,14.0,0,Enterprise,0,New,14.0,4,22277.26503667665,0.3636363636363636,0.0,1,1,0.24471377,90707.39539190581,22197.348544745797,0
CUST_2250,16,Monthly,1709.273612591559,2,17.0,0,SMB,1,Mid-Tenure,17.0,2,27348.377801464943,0.1176470588235294,0.0,0,1,0.35892165,50159.44472498947,18003.310516902056,0
CUST_2251,54,Monthly,3434.269441975812,3,14.0,0,SMB,0,Loyal,14.0,3,185450.54986669385,0.0545454545454545,0.0,0,1,0.11667389,247256.69292145874,28848.399394519172,0
CUST_2252,70,Annual,1105.966226230056,1,16.0,10,SMB,0,Loyal,16.0,1,77417.63583610392,0.0140845070422535,11.05966226230056,0,0,0.095874846,90979.32475331902,8722.628748234238,0
CUST_2253,44,Monthly,2833.767642359004,2,28.0,0,SMB,0,Loyal,28.0,2,124685.77626379616,0.0444444444444444,0.0,0,1,0.03796474,386577.74016392644,14676.322971974565,0
CUST_2254,45,Monthly,3956.3329361477895,3,4.0,2,SMB,1,Loyal,4.0,3,178034.98212665052,0.0652173913043478,7.912665872295579,0,1,0.062427685,422280.30074484175,26361.98145502475,0
CUST_2255,56,Annual,1239.3409277861251,2,10.0,0,Enterprise,0,Loyal,10.0,2,69403.09195602301,0.0350877192982456,0.0,1,0,0.011620242,241350.73857287597,2804.5540249693895,0
CUST_2256,57,Multi-Year,3889.667923681184,3,15.0,2,Enterprise,0,Loyal,15.0,3,221711.0716498275,0.0517241379310344,7.779335847362368,1,0,0.012230343,750052.3287774167,9173.397387930178,0
CUST_2257,21,Multi-Year,3923.575291190291,1,19.0,0,SMB,0,Mid-Tenure,19.0,1,82395.08111499611,0.0454545454545454,0.0,0,0,0.025288593,625365.6913648435,15814.618460107566,0
CUST_2258,68,Annual,769.6699170370471,3,1.0,0,Enterprise,0,Loyal,1.0,3,52337.5543585192,0.0434782608695652,0.0,1,0,0.016563231,138755.86395738818,2298.2454447410446,0
CUST_2259,50,Monthly,584.5294673923182,1,16.0,10,SMB,1,Loyal,16.0,1,29226.473369615916,0.0196078431372549,5.845294673923182,0,1,0.93646204,7110.616735348313,6658.822687175247,1
CUST_2260,33,Annual,4882.709326946877,2,0.0,0,SMB,0,Mid-Tenure,0.0,2,161129.40778924694,0.0588235294117647,0.0,0,0,0.110385366,365323.29495128937,40326.34554267566,0
CUST_2261,7,Annual,1370.2219677447122,3,17.0,0,SMB,0,New,17.0,3,9591.553774212984,0.375,0.0,0,0,0.05228113,160759.50154481395,8404.688415920687,0
CUST_2262,70,Monthly,4199.626440950464,2,16.0,0,SMB,0,Loyal,16.0,2,293973.8508665325,0.028169014084507,0.0,0,1,0.08417522,375594.8006133687,31615.77558169753,0
CUST_2263,15,Annual,3028.327938703844,1,24.0,0,Enterprise,0,Mid-Tenure,24.0,1,45424.91908055767,0.0625,0.0,1,0,0.020689547,514077.9408967778,10636.039751678898,0
CUST_2264,32,Multi-Year,1690.1247089164856,2,17.0,5,SMB,0,Mid-Tenure,17.0,2,54083.99068532754,0.0606060606060606,8.450623544582427,0,0,0.037409253,232029.1579731849,8680.037571087418,0
CUST_2265,20,Monthly,1084.8669647846566,3,18.0,2,SMB,1,Mid-Tenure,18.0,3,21697.33929569313,0.1428571428571428,2.169733929569313,0,1,0.5671484,21094.445989106363,11963.68102649517,1
CUST_2266,15,Monthly,2735.047731099774,2,24.0,0,SMB,0,Mid-Tenure,24.0,2,41025.71596649661,0.125,0.0,0,1,0.18357967,140511.25860566573,25795.01026167018,0
CUST_2267,48,Monthly,2333.096652332524,2,4.0,5,SMB,0,Loyal,4.0,2,111988.63931196116,0.0408163265306122,11.66548326166262,0,1,0.049052957,282648.3967713757,13864.739778832041,0
CUST_2268,71,Monthly,3644.987383026805,3,29.0,0,SMB,0,Loyal,29.0,3,258794.1041949032,0.0416666666666666,0.0,0,1,0.041438684,478351.70162033587,19822.264940904035,0
CUST_2269,21,Monthly,4568.75847296477,3,12.0,0,Enterprise,0,Mid-Tenure,12.0,3,95943.92793226017,0.1363636363636363,0.0,1,1,0.243359,186887.39579450616,45480.729657980555,0
CUST_2270,42,Annual,4123.616391335473,2,23.0,0,SMB,0,Loyal,23.0,2,173191.88843608988,0.0465116279069767,0.0,0,0,0.00617889,880818.3384801806,5442.479525918848,0
CUST_2271,26,Annual,1735.0342259216536,2,22.0,0,SMB,0,Mid-Tenure,22.0,2,45110.889873963,0.074074074074074,0.0,0,0,0.025032835,277483.9837109555,6946.210801916194,0
CUST_2272,14,Monthly,4455.199483035376,2,29.0,0,SMB,0,Mid-Tenure,29.0,2,62372.792762495264,0.1333333333333333,0.0,0,1,0.14384227,275803.6004978498,39672.214593490804,0
CUST_2273,57,Multi-Year,4250.260913470718,2,5.0,0,SMB,0,Loyal,5.0,2,242264.87206783093,0.0344827586206896,0.0,0,0,0.0068918173,896493.2588489754,6178.467768722522,0
CUST_2274,37,Monthly,4681.113051747957,1,12.0,10,SMB,0,Loyal,12.0,1,173201.1829146744,0.0263157894736842,46.81113051747957,0,1,0.42376834,118567.1356275067,50244.99842616975,0
CUST_2275,58,Monthly,2563.9736946709445,4,17.0,0,SMB,0,Loyal,17.0,4,148710.47429091478,0.0677966101694915,0.0,0,1,0.045576267,321917.604449475,14671.802674493752,0
CUST_2276,21,Annual,3958.588275842293,0,29.0,0,Enterprise,0,Mid-Tenure,29.0,0,83130.35379268815,0.0,0.0,1,0,0.010915797,779815.1039571867,8512.303531240661,0
CUST_2277,69,Annual,3162.461294856517,1,28.0,0,SMB,0,Loyal,28.0,1,218209.8293450997,0.0142857142857142,0.0,0,0,0.004421895,697321.1068755509,3083.4806491022778,0
CUST_2278,3,Annual,1897.262386472675,4,3.0,0,SMB,0,New,3.0,4,5691.787159418025,1.0,0.0,0,0,0.031055404,280883.7889101795,8722.95950607522,0
CUST_2279,37,Multi-Year,4974.939511442435,2,8.0,0,SMB,0,Loyal,8.0,2,184072.7619233701,0.0526315789473684,0.0,0,0,0.067177616,509476.7573127111,34225.43399413508,0
CUST_2280,49,Annual,672.3836007784761,2,22.0,0,SMB,0,Loyal,22.0,2,32946.79643814533,0.04,0.0,0,0,0.0021141316,154825.62554735344,327.3217445236603,0
CUST_2281,19,Multi-Year,1230.226576515836,2,2.0,0,SMB,0,Mid-Tenure,2.0,2,23374.304953800885,0.1,0.0,0,0,0.038224168,167331.90558141202,6396.122891087522,0
CUST_2282,12,Monthly,4516.440631393527,0,21.0,0,SMB,0,New,21.0,0,54197.28757672232,0.0,0.0,0,1,0.12713087,305973.1468431614,38898.6311464353,0
CUST_2283,61,Annual,772.5327953568508,1,23.0,2,SMB,0,Loyal,23.0,1,47124.5005167679,0.0161290322580645,1.5450655907137016,0,0,0.021937681,128867.00700913917,2827.043337845354,0
CUST_2284,41,Multi-Year,4490.693003045848,1,23.0,10,SMB,0,Loyal,23.0,1,184118.41312487976,0.0238095238095238,44.90693003045848,0,0,0.13435777,292302.9405082642,39273.16988226761,0
CUST_2285,33,Annual,3718.496642261904,3,7.0,0,SMB,0,Mid-Tenure,7.0,3,122710.38919464283,0.088235294117647,0.0,0,0,0.022187982,618135.5699667939,13715.180748256269,0
CUST_2286,50,Monthly,665.0780242754404,4,12.0,0,SMB,0,Loyal,12.0,4,33253.90121377202,0.0784313725490196,0.0,0,1,0.054266762,76543.43610635742,4153.764428958109,0
CUST_2287,68,Annual,2431.940192843794,5,23.0,0,Enterprise,0,Loyal,23.0,5,165371.933113378,0.072463768115942,0.0,1,0,0.084830016,216445.00124744637,18361.03289680958,0
CUST_2288,71,Annual,3895.121637510067,2,25.0,2,Enterprise,0,Loyal,25.0,2,276553.63626321475,0.0277777777777777,7.790243275020134,1,0,0.0059907306,834807.0649106054,5001.104227661472,0
CUST_2289,33,Monthly,3123.9512808385984,2,21.0,0,Enterprise,0,Mid-Tenure,21.0,2,103090.39226767374,0.0588235294117647,0.0,1,1,0.25893834,121342.70430944994,31420.278708072925,0
CUST_2290,24,Multi-Year,4711.420813840061,7,10.0,0,SMB,0,Mid-Tenure,10.0,7,113074.09953216146,0.28,0.0,0,0,0.106593266,361043.94677688513,38484.85350323128,0
CUST_2291,61,Monthly,4404.398148103999,2,9.0,0,SMB,0,Loyal,9.0,2,268668.2870343439,0.032258064516129,0.0,0,1,0.12040631,310157.39519472467,37344.90663100015,0
CUST_2292,61,Monthly,1996.914359003657,3,10.0,2,SMB,0,Loyal,10.0,3,121811.77589922308,0.0483870967741935,3.9938287180073138,0,1,0.07444187,192563.5717195318,14334.792861241049,0
CUST_2293,28,Multi-Year,880.8223798404065,5,2.0,0,SMB,0,Mid-Tenure,2.0,5,24663.02663553138,0.1724137931034483,0.0,0,0,0.07513042,84470.8183955903,6346.327890048018,0
CUST_2294,58,Monthly,4749.156678405431,2,24.0,0,Enterprise,1,Loyal,24.0,2,275451.087347515,0.0338983050847457,0.0,1,1,0.38931894,129723.24435227356,50503.71637682992,0
CUST_2295,43,Monthly,2827.7904549556697,2,13.0,0,SMB,0,Loyal,13.0,2,121594.9895630938,0.0454545454545454,0.0,0,1,0.06770597,288290.264040425,19518.970968688875,0
CUST_2296,41,Annual,834.7893096737683,4,13.0,0,Enterprise,0,Loyal,13.0,4,34226.3616966245,0.0952380952380952,0.0,1,0,0.0019529038,192818.31366971254,376.5556195746813,0
CUST_2297,39,Annual,4174.590260116758,2,29.0,2,Enterprise,0,Loyal,29.0,2,162809.02014455356,0.05,8.349180520233515,1,0,0.0033796178,938468.376961546,3171.664448127156,0
CUST_2298,49,Monthly,4408.27911808426,0,18.0,5,Enterprise,0,Loyal,18.0,0,216005.67678612872,0.0,22.0413955904213,1,1,0.11482795,320936.75211003056,36852.5103768105,0
CUST_2299,17,Multi-Year,3377.410880794569,1,27.0,2,Enterprise,0,Mid-Tenure,27.0,1,57415.98497350767,0.0555555555555555,6.754821761589138,1,0,0.027293986,524347.7973543379,14311.541287822267,0
CUST_2300,70,Annual,2513.79034558853,1,27.0,0,SMB,0,Loyal,27.0,1,175965.32419119708,0.0140845070422535,0.0,0,0,0.0034646003,564214.127395037,1954.7764373738555,0
CUST_2301,70,Annual,3479.7785554560774,1,3.0,0,SMB,0,Loyal,3.0,1,243584.49888192545,0.0140845070422535,0.0,0,0,0.009202524,705330.4251145386,6490.8202273437255,0
CUST_2302,65,Annual,3680.076630673056,3,25.0,0,SMB,0,Loyal,25.0,3,239204.98099374864,0.0454545454545454,0.0,0,0,0.0071703005,772445.1030275486,5538.663481485009,0
CUST_2303,5,Annual,4518.634811386855,0,0.0,0,SMB,0,New,0.0,0,22593.17405693428,0.0,0.0,0,0,0.010071643,902649.1474146562,9091.159693383428,0
CUST_2304,2,Monthly,4801.377561686321,5,1.0,5,SMB,0,New,1.0,5,9602.755123372644,1.6666666666666667,24.006887808431607,0,1,0.20380628,227009.85880521176,46266.03509380687,0
CUST_2305,22,Monthly,2814.444195759101,4,5.0,0,SMB,0,Mid-Tenure,5.0,4,61917.77230670022,0.1739130434782608,0.0,0,1,0.30210143,95919.31759925473,28977.36332569911,0
CUST_2306,57,Annual,4093.2254008695313,1,29.0,0,Enterprise,0,Loyal,29.0,1,233313.8478495633,0.0172413793103448,0.0,1,0,0.0032701618,922067.8846903652,3015.3111770359646,0
CUST_2307,66,Multi-Year,4840.293001962447,5,12.0,15,SMB,0,Loyal,12.0,5,319459.3381295215,0.0746268656716417,72.60439502943672,0,0,0.21788989,216818.62146240895,47242.585596598765,0
CUST_2308,16,Monthly,1180.595021661347,4,13.0,15,SMB,1,Mid-Tenure,13.0,4,18889.52034658155,0.2352941176470588,17.708925324920205,0,1,0.81979877,16287.836444518685,13352.748243544089,1
CUST_2309,51,Annual,582.2059172435451,4,27.0,0,SMB,0,Loyal,27.0,4,29692.5017794208,0.0769230769230769,0.0,0,0,0.013553425,109930.68054041475,1489.9372051398366,0
CUST_2310,39,Multi-Year,4410.336977817323,2,0.0,0,Enterprise,0,Loyal,0.0,2,172003.14213487558,0.05,0.0,1,0,0.009072553,895915.9550462391,8128.245313986523,0
CUST_2311,40,Monthly,1378.7299996122235,3,27.0,0,SMB,0,Loyal,27.0,3,55149.19998448894,0.073170731707317,0.0,0,1,0.061864305,147900.2604326407,9149.746863520366,0
CUST_2312,38,Monthly,691.1544498431042,4,24.0,10,SMB,0,Loyal,24.0,4,26263.86909403796,0.1025641025641025,6.9115444984310415,0,1,0.6564587,11740.040205540234,7706.851247888055,1
CUST_2313,60,Monthly,1220.4326194585003,1,7.0,0,SMB,1,Loyal,7.0,1,73225.95716751002,0.0163934426229508,0.0,0,1,0.30179405,41630.01292605846,12563.690290930655,0
CUST_2314,59,Annual,2228.517100596962,2,17.0,15,Enterprise,0,Loyal,17.0,2,131482.50893522074,0.0333333333333333,33.42775650895443,1,0,0.11602313,161075.17291084584,18688.445841559114,0
CUST_2315,10,Monthly,1486.6956571666103,2,13.0,0,SMB,0,New,13.0,2,14866.956571666104,0.1818181818181818,0.0,0,1,0.25528926,58437.52049990668,14918.471164374458,0
CUST_2316,64,Monthly,1873.6413309519933,2,1.0,0,Enterprise,1,Loyal,1.0,2,119913.04518092758,0.0307692307692307,0.0,1,1,0.079156764,174080.66385937683,13779.662000253868,0
CUST_2317,63,Annual,4888.823231435208,2,23.0,0,SMB,0,Loyal,23.0,2,307995.8635804181,0.03125,0.0,0,0,0.08628266,430472.0464149961,37142.274532112686,0
CUST_2318,49,Annual,3669.824948731588,1,11.0,0,SMB,0,Loyal,11.0,1,179821.4224878478,0.02,0.0,0,0,0.008216677,756448.191872701,6215.490636540739,0
CUST_2319,64,Monthly,3704.862777139418,1,26.0,10,SMB,1,Loyal,26.0,1,237111.2177369228,0.0153846153846153,37.04862777139418,0,1,0.55501276,73483.32994258711,40784.1859525541,1
CUST_2320,32,Monthly,926.0841862756528,4,23.0,0,Enterprise,0,Mid-Tenure,23.0,4,29634.69396082089,0.1212121212121212,0.0,1,1,0.11797801,66157.53250868984,7805.1338070381535,0
CUST_2321,7,Annual,3794.4426642021126,6,0.0,0,SMB,0,New,0.0,6,26561.098649414787,0.75,0.0,0,0,0.036109816,528781.8920297475,19094.216974964766,0
CUST_2322,21,Multi-Year,3827.049498298872,5,29.0,0,Enterprise,0,Mid-Tenure,29.0,5,80368.03946427631,0.2272727272727272,0.0,1,0,0.35356763,113796.52182967283,40234.76653154258,0
CUST_2323,20,Multi-Year,3468.852582829845,3,20.0,2,SMB,0,Mid-Tenure,20.0,3,69377.0516565969,0.1428571428571428,6.93770516565969,0,0,0.032344185,505515.09893750417,16350.473787254337,0
CUST_2324,26,Annual,1527.9633319904378,6,14.0,0,SMB,0,Mid-Tenure,14.0,6,39727.046631751386,0.2222222222222222,0.0,0,0,0.1931511,75408.0902688471,14565.155695176521,0
CUST_2325,68,Monthly,2403.6628058698325,2,10.0,5,SMB,0,Loyal,10.0,2,163449.0707991486,0.0289855072463768,12.018314029349163,0,1,0.041062377,316749.38739955745,13006.482884480012,0
CUST_2326,15,Monthly,4308.244046013314,2,17.0,0,SMB,0,Mid-Tenure,17.0,2,64623.66069019971,0.125,0.0,0,1,0.33386126,134681.28232139518,44964.86283056401,0
CUST_2327,14,Monthly,3515.9073320328184,3,16.0,0,SMB,1,Mid-Tenure,16.0,3,49222.70264845946,0.2,0.0,0,1,0.4201922,89731.14792191659,37704.32951861935,0
CUST_2328,27,Monthly,3797.459757499561,4,2.0,0,Enterprise,1,Mid-Tenure,2.0,4,102531.41345248817,0.1428571428571428,0.0,1,1,0.24392699,155036.86139573253,37817.674482253955,0
CUST_2329,40,Annual,3143.18480056614,2,14.0,0,Enterprise,0,Loyal,14.0,2,125727.3920226456,0.048780487804878,0.0,1,0,0.008351327,646398.6290979666,5398.286272296481,0
CUST_2330,58,Monthly,2523.139696003004,6,12.0,0,SMB,0,Loyal,12.0,6,146342.1023681742,0.1016949152542373,0.0,0,1,0.25595585,98960.93065551695,25329.62863955398,0
CUST_2331,28,Monthly,3915.734045301987,2,2.0,15,SMB,0,Mid-Tenure,2.0,2,109640.55326845564,0.0689655172413793,58.736010679529805,0,1,0.5808647,74483.17461358014,43264.64892503621,1
CUST_2332,26,Multi-Year,805.6661646483724,2,12.0,0,SMB,0,Mid-Tenure,12.0,2,20947.320280857683,0.074074074074074,0.0,0,0,0.020594316,136951.44624632457,2820.421306335514,0
CUST_2333,63,Monthly,3529.2232975111883,1,25.0,0,Enterprise,0,Loyal,25.0,1,222341.06774320485,0.015625,0.0,1,1,0.067012414,361933.2263933615,24254.01932911126,0
CUST_2334,66,Monthly,4987.420285328056,2,8.0,0,Enterprise,0,Loyal,8.0,2,329169.7388316517,0.0298507462686567,0.0,1,1,0.031452797,734769.6099335939,23110.55964258086,0
CUST_2335,25,Monthly,4010.8636826061424,3,9.0,0,SMB,1,Mid-Tenure,9.0,3,100271.59206515356,0.1153846153846153,0.0,0,1,0.38017988,111884.271826464,42536.149266186054,0
CUST_2336,3,Annual,1807.5358020985489,2,0.0,2,SMB,0,New,0.0,2,5422.607406295647,0.5,3.6150716041970976,0,0,0.08271675,163434.00829037197,13518.729697735289,0
CUST_2337,44,Annual,1750.187726174213,3,26.0,2,Enterprise,0,Loyal,26.0,3,77008.25995166537,0.0666666666666666,3.500375452348426,1,0,0.013295646,331811.9577407754,4411.654270808645,0
CUST_2338,42,Monthly,3502.4837476705648,2,1.0,0,SMB,0,Loyal,1.0,2,147104.31740216372,0.0465116279069767,0.0,0,1,0.07473858,336943.12524854793,25182.64971378814,0
CUST_2339,6,Annual,4531.344156538387,0,24.0,0,Enterprise,0,New,24.0,0,27188.064939230324,0.0,0.0,1,0,0.013542828,855739.8469802694,11589.137688841145,0
CUST_2340,39,Annual,3100.773833815293,1,13.0,0,SMB,0,Loyal,13.0,1,120930.17951879645,0.025,0.0,0,0,0.007997613,641565.8049756585,5130.9952789968165,0
CUST_2341,52,Multi-Year,2873.3102922652624,4,4.0,0,SMB,0,Loyal,4.0,4,149412.13519779366,0.0754716981132075,0.0,0,0,0.0077814823,596726.1678549377,4643.4141140960755,0
CUST_2342,23,Multi-Year,1221.7286022965209,3,24.0,0,SMB,0,Mid-Tenure,24.0,3,28099.75785281998,0.125,0.0,0,0,0.028867284,185891.3104360705,5366.177221005359,0
CUST_2343,50,Multi-Year,3719.556299119175,2,21.0,2,SMB,0,Loyal,21.0,2,185977.81495595875,0.0392156862745098,7.43911259823835,0,0,0.011158415,729820.6737444188,8143.642038148859,0
CUST_2344,43,Annual,3660.343788370508,1,9.0,0,Enterprise,0,Loyal,9.0,1,157394.78289993183,0.0227272727272727,0.0,1,0,0.0073624374,765729.7626732457,5637.6374694120905,0
CUST_2345,19,Monthly,4851.281265502314,0,25.0,0,SMB,0,Mid-Tenure,25.0,0,92174.34404454398,0.0,0.0,0,1,0.09267293,408033.79268688447,37813.68676771901,0
CUST_2346,69,Monthly,1850.8648293754893,2,18.0,0,SMB,0,Loyal,18.0,2,127709.67322690878,0.0285714285714285,0.0,0,1,0.04955922,223087.10802997422,11056.023215858551,0
CUST_2347,51,Monthly,3904.004643653893,1,7.0,0,Enterprise,0,Loyal,7.0,1,199104.23682634853,0.0192307692307692,0.0,1,1,0.08495733,347132.35854476405,29491.43883114356,0
CUST_2348,11,Annual,2453.2936753893305,2,12.0,0,SMB,0,New,12.0,2,26986.230429282637,0.1666666666666666,0.0,0,0,0.048733328,298172.1027406169,14530.918745485593,0
CUST_2349,12,Multi-Year,3013.127562272607,1,8.0,0,SMB,0,New,8.0,1,36157.53074727129,0.0769230769230769,0.0,0,0,0.018639212,526776.6052759807,9818.701072190986,0
CUST_2350,8,Annual,4174.042350202511,2,17.0,5,SMB,0,New,17.0,2,33392.33880162009,0.2222222222222222,20.87021175101256,0,0,0.03293503,603948.7179849795,19891.069603320007,0
CUST_2351,24,Monthly,1498.97770258539,3,24.0,0,SMB,0,Mid-Tenure,24.0,3,35975.46486204936,0.12,0.0,0,1,0.31318924,49527.160893650755,15511.373795932377,0
CUST_2352,41,Annual,2042.9093278733671,3,3.0,0,SMB,0,Loyal,3.0,3,83759.28244280805,0.0714285714285714,0.0,0,0,0.006779344,431757.5788149182,2927.033074155613,0
CUST_2353,36,Multi-Year,3979.8890158891854,6,7.0,2,SMB,0,Mid-Tenure,7.0,6,143276.0045720107,0.1621621621621621,7.959778031778371,0,0,0.2610442,153543.0196416725,40081.51537821118,0
CUST_2354,55,Annual,3067.060618795374,1,4.0,2,SMB,0,Loyal,4.0,1,168688.33403374557,0.0178571428571428,6.134121237590748,0,0,0.019399323,530332.627065395,10288.093701503143,0
CUST_2355,9,Multi-Year,915.903126072816,2,28.0,0,SMB,0,New,28.0,2,8243.128134655344,0.2,0.0,0,0,0.07710028,86473.7515494707,6667.150193112119,0
CUST_2356,47,Multi-Year,2435.8364005033086,1,5.0,0,SMB,0,Loyal,5.0,1,114484.3108236555,0.0208333333333333,0.0,0,0,0.0062321653,519809.90813044936,3239.541254284023,0
CUST_2357,15,Multi-Year,3139.8499083785737,2,19.0,2,SMB,0,Mid-Tenure,19.0,2,47097.74862567861,0.125,6.279699816757147,0,0,0.040877525,414604.14651209494,16947.991266033976,0
CUST_2358,48,Annual,4592.827924002737,3,4.0,0,SMB,0,Loyal,4.0,3,220455.74035213137,0.0612244897959183,0.0,0,0,0.0066257603,973301.4448807533,6448.8621188290945,0
CUST_2359,42,Annual,1348.196224723874,2,27.0,0,SMB,0,Loyal,27.0,2,56624.24143840271,0.0465116279069767,0.0,0,0,0.006979089,283934.9435676049,1981.6073067582245,0
CUST_2360,60,Monthly,4126.788357698673,3,0.0,0,SMB,0,Loyal,0.0,3,247607.3014619204,0.0491803278688524,0.0,0,1,0.069567434,414171.7906069706,28812.868910543366,0
CUST_2361,70,Monthly,1087.8101738446612,3,27.0,15,SMB,1,Loyal,27.0,3,76146.71216912629,0.0422535211267605,16.317152607669918,0,1,0.81610745,15071.711803880262,12300.136316273116,1
CUST_2362,12,Annual,1590.0604703411325,2,18.0,0,SMB,0,New,18.0,2,19080.72564409359,0.1538461538461538,0.0,0,0,0.06581422,164752.8688958951,10843.081462796115,0
CUST_2363,2,Monthly,1595.0474757055536,3,29.0,0,Enterprise,0,New,29.0,3,3190.094951411107,1.0,0.0,1,1,0.26763847,60258.975264348985,16127.62022690623,0
CUST_2364,7,Multi-Year,4448.656381589746,6,3.0,0,SMB,0,New,3.0,6,31140.594671128223,0.75,0.0,0,0,0.10082326,353949.8794691955,35686.38102333792,0
CUST_2365,3,Monthly,1395.579614067442,1,0.0,5,SMB,0,New,0.0,1,4186.738842202326,0.25,6.9778980703372095,0,1,0.22770637,60304.53851244508,13731.72772430093,0
CUST_2366,3,Multi-Year,4041.3232714343408,2,28.0,0,SMB,0,New,28.0,2,12123.969814303022,0.5,0.0,0,0,0.030144937,605102.1831686139,18240.767393763843,0
CUST_2367,27,Monthly,2578.1294030882896,2,18.0,2,SMB,0,Mid-Tenure,18.0,2,69609.49388338382,0.0714285714285714,5.156258806176579,0,1,0.19435325,126609.9504670303,24607.055691035017,0
CUST_2368,40,Monthly,4995.908455087899,3,3.0,0,Enterprise,0,Loyal,3.0,3,199836.33820351597,0.073170731707317,0.0,1,1,0.07488806,480037.08498594066,35949.045065824765,0
CUST_2369,33,Multi-Year,4275.9117439344745,3,13.0,0,SMB,0,Mid-Tenure,13.0,3,141105.08754983766,0.088235294117647,0.0,0,0,0.0207951,724780.9254464012,15071.891414870415,0
CUST_2370,1,Monthly,3828.664105015181,3,13.0,2,SMB,0,New,13.0,3,3828.664105015181,1.5,7.657328210030363,0,1,0.30027357,131165.9570335062,39385.669844886805,0
CUST_2371,8,Monthly,4418.26837993488,1,8.0,0,SMB,0,New,8.0,1,35346.14703947904,0.1111111111111111,0.0,0,1,0.21868761,197326.63287516398,43152.88950353955,0
CUST_2372,32,Monthly,3353.136766722651,1,18.0,5,SMB,0,Mid-Tenure,18.0,1,107300.37653512484,0.0303030303030303,16.765683833613252,0,1,0.332147,105293.61662320014,34972.95911431408,0
CUST_2373,48,Annual,4296.43515437824,3,10.0,2,SMB,0,Loyal,10.0,3,206228.8874101556,0.0612244897959183,8.592870308756481,0,0,0.008341811,883709.637780054,7371.738482102465,0
CUST_2374,4,Monthly,1675.0708131265517,3,15.0,10,Enterprise,1,New,15.0,3,6700.283252506207,0.6,16.75070813126552,1,1,0.58588827,31610.662497867543,18520.31625579678,1
CUST_2375,70,Annual,939.6644499548372,0,18.0,2,SMB,0,Loyal,18.0,0,65776.5114968386,0.0,1.8793288999096744,0,0,0.006541973,199426.60342507812,1304.6434510807362,0
CUST_2376,19,Annual,3271.694031890009,3,3.0,5,SMB,0,Mid-Tenure,3.0,3,62162.18660591017,0.15,16.358470159450043,0,0,0.07478406,314626.13168989867,23529.020391696762,0
CUST_2377,32,Annual,2456.106766986137,4,8.0,0,SMB,0,Mid-Tenure,8.0,4,78595.41654355638,0.1212121212121212,0.0,0,0,0.018910104,427706.2172715733,8087.9692249241,0
CUST_2378,9,Annual,2418.9835788159435,3,24.0,0,Enterprise,0,New,24.0,3,21770.85220934349,0.3,0.0,1,0,0.037999943,329861.62232234573,12534.722812738277,0
CUST_2379,12,Annual,2870.365335935208,6,16.0,0,SMB,0,New,16.0,6,34444.38403122249,0.4615384615384615,0.0,0,0,0.22751516,124117.12002640299,28238.526550310973,0
CUST_2380,11,Monthly,2126.221752044941,1,14.0,0,Enterprise,0,New,14.0,1,23388.43927249435,0.0833333333333333,0.0,1,1,0.3009274,72706.37777212166,21879.34126920564,0
CUST_2381,46,Multi-Year,3317.267891492731,4,7.0,2,SMB,0,Loyal,7.0,4,152594.32300866564,0.0851063829787234,6.634535782985462,0,0,0.012558248,636322.3965484909,7991.094396391101,0
CUST_2382,16,Monthly,637.5576530643345,2,25.0,0,Enterprise,1,Mid-Tenure,25.0,2,10200.922449029353,0.1176470588235294,0.0,1,1,0.2738025,23627.648995957727,6469.309105310604,0
CUST_2383,1,Annual,4864.511038467935,4,12.0,0,Enterprise,0,New,12.0,4,4864.511038467935,2.0,0.0,1,0,0.02220773,808419.3927301514,17953.159211191334,0
CUST_2384,63,Monthly,4661.190464205067,0,0.0,2,SMB,0,Loyal,0.0,0,293654.9992449192,0.0,9.322380928410134,0,1,0.089399055,401252.98487951746,35871.63752231201,0
CUST_2385,21,Multi-Year,4708.715731618701,5,1.0,5,Enterprise,0,Mid-Tenure,1.0,5,98883.03036399272,0.2272727272727272,23.543578658093505,1,0,0.15291364,278466.19006040547,42581.280106298065,0
CUST_2386,30,Monthly,2142.5157301267327,4,9.0,2,SMB,1,Mid-Tenure,9.0,4,64275.47190380198,0.1290322580645161,4.285031460253466,0,1,0.28649035,76406.90966977227,21889.842367190835,0
CUST_2387,13,Monthly,2893.509309465949,0,26.0,2,SMB,0,Mid-Tenure,26.0,0,37615.62102305734,0.0,5.787018618931898,0,1,0.1252306,198150.96907649265,24814.56385030266,0
CUST_2388,34,Annual,4793.587713759089,4,20.0,0,SMB,0,Mid-Tenure,20.0,4,162981.982267809,0.1142857142857142,0.0,0,0,0.05458562,550009.2057182671,30022.593918350874,0
CUST_2389,4,Annual,4560.55725392414,3,26.0,5,SMB,0,New,26.0,3,18242.22901569656,0.6,22.8027862696207,0,0,0.028707825,695314.4008736291,19960.963895110635,0
CUST_2390,28,Monthly,4056.100141555162,2,12.0,0,SMB,0,Mid-Tenure,12.0,2,113570.80396354456,0.0689655172413793,0.0,0,1,0.34627423,122827.06502194758,42531.84698335185,0
CUST_2391,59,Annual,2332.992154314166,3,10.0,15,SMB,0,Loyal,10.0,3,137646.5371045358,0.05,34.994882314712484,0,0,0.13807222,148857.20989276125,20553.04580076098,0
CUST_2392,27,Annual,3039.5265043197805,1,13.0,0,SMB,0,Mid-Tenure,13.0,1,82067.21561663407,0.0357142857142857,0.0,0,0,0.020199375,519581.78515020304,10495.22743941213,0
CUST_2393,69,Multi-Year,4068.1061339749135,3,15.0,2,Enterprise,0,Loyal,15.0,3,280699.323244269,0.0428571428571428,8.136212267949826,1,0,0.006087323,870379.8185207132,5298.283249086361,0
CUST_2394,25,Annual,1728.5539799301428,3,27.0,0,SMB,0,Mid-Tenure,27.0,3,43213.84949825357,0.1153846153846153,0.0,0,0,0.03414686,246505.31741977835,8417.382622815892,0
CUST_2395,3,Monthly,3319.022157026501,1,28.0,0,SMB,0,New,28.0,1,9957.066471079504,0.25,0.0,0,1,0.16793413,182753.68611531414,30690.582123200733,0
CUST_2396,68,Monthly,4225.704461833356,5,5.0,2,SMB,1,Loyal,5.0,5,287347.9034046682,0.072463768115942,8.451408923666712,0,1,0.59343916,78808.46490979566,46768.02935704037,1
CUST_2397,25,Multi-Year,3683.546562798056,1,1.0,2,SMB,0,Mid-Tenure,1.0,1,92088.6640699514,0.0384615384615384,7.367093125596112,0,0,0.04783163,451822.78070499864,21611.41938169254,0
CUST_2398,20,Multi-Year,2657.662840359503,1,25.0,5,SMB,0,Mid-Tenure,25.0,1,53153.25680719006,0.0476190476190476,13.288314201797515,0,0,0.039104566,357916.05964214215,13996.15216887991,0
CUST_2399,34,Monthly,3130.7376179982125,4,4.0,0,Enterprise,0,Mid-Tenure,4.0,4,106445.07901193922,0.1142857142857142,0.0,1,1,0.22129732,138478.512254725,30644.92415244979,0
CUST_2400,26,Monthly,4949.039944156073,1,18.0,0,SMB,0,Mid-Tenure,18.0,1,128675.0385480579,0.037037037037037,0.0,0,1,0.11220909,366122.9960821192,41082.32788906959,0
CUST_2401,5,Annual,3208.945075912445,2,6.0,0,SMB,0,New,6.0,2,16044.725379562224,0.3333333333333333,0.0,0,0,0.04417871,408875.23708717624,18063.580275133692,0
CUST_2402,61,Monthly,4035.2798930838967,3,27.0,0,SMB,0,Loyal,27.0,3,246152.0734781177,0.0483870967741935,0.0,0,1,0.09944044,324031.1625766191,32221.801553863923,0
CUST_2403,9,Monthly,3769.721439699482,2,27.0,0,SMB,0,New,27.0,2,33927.49295729533,0.2,0.0,0,1,0.13032214,250865.79585949978,32693.368231057124,0
CUST_2404,50,Monthly,3656.707769882136,1,16.0,2,SMB,0,Loyal,16.0,1,182835.3884941068,0.0196078431372549,7.313415539764271,0,1,0.12654229,248555.14903004118,31452.736527835637,0
CUST_2405,6,Monthly,3723.660748013196,2,4.0,0,SMB,0,New,4.0,2,22341.96448807917,0.2857142857142857,0.0,0,1,0.2392522,154480.8656448679,36959.88615430381,0
CUST_2406,60,Monthly,2544.8438807665875,2,11.0,2,SMB,0,Loyal,11.0,2,152690.63284599525,0.0327868852459016,5.089687761533175,0,1,0.06429198,267193.9565550695,17178.427546995514,0
CUST_2407,44,Annual,2633.720785331564,2,18.0,0,SMB,0,Loyal,18.0,2,115883.71455458882,0.0444444444444444,0.0,0,0,0.005065407,573947.4267338541,2907.2773923968107,0
CUST_2408,11,Monthly,2605.38231812352,2,26.0,0,SMB,1,New,26.0,2,28659.20549935872,0.1666666666666666,0.0,0,1,0.26457223,99387.62343496633,26295.20546094112,0
CUST_2409,66,Monthly,649.6457324567364,1,17.0,0,SMB,0,Loyal,17.0,1,42876.61834214461,0.0149253731343283,0.0,0,1,0.048111152,79458.33454201286,3822.8320031791204,0
CUST_2410,47,Monthly,1584.7939864954556,2,27.0,2,SMB,1,Loyal,27.0,2,74485.3173652864,0.0416666666666666,3.1695879729909118,0,1,0.08252694,143499.34192900083,11842.561169156792,0
CUST_2411,3,Monthly,1195.5380299244723,0,11.0,2,Enterprise,1,New,11.0,0,3586.6140897734167,0.0,2.3910760598489444,1,1,0.4079337,31328.674018764646,12780.022284688537,0
CUST_2412,30,Monthly,4489.002551287658,2,2.0,0,SMB,1,Mid-Tenure,2.0,2,134670.07653862974,0.064516129032258,0.0,0,1,0.32119983,145118.67706055997,46612.095032474455,0
CUST_2413,21,Monthly,1737.3621490382704,1,25.0,0,SMB,1,Mid-Tenure,25.0,1,36484.60512980368,0.0454545454545454,0.0,0,1,0.32044536,56279.13705742794,18034.388264688256,0
CUST_2414,28,Annual,1122.991855094932,2,3.0,0,SMB,0,Mid-Tenure,3.0,2,31443.77194265809,0.0689655172413793,0.0,0,0,0.017001742,201127.6309305537,3419.5201901303294,0
CUST_2415,62,Monthly,1038.9511935989822,2,14.0,2,Enterprise,0,Loyal,14.0,2,64414.97400313689,0.0317460317460317,2.0779023871979643,1,1,0.19183569,51553.245320996306,9889.752210778614,0
CUST_2416,33,Monthly,3649.954255484714,1,14.0,2,Enterprise,1,Mid-Tenure,14.0,1,120448.49043099556,0.0294117647058823,7.299908510969428,1,1,0.3112831,121233.03918081192,37737.79766156553,0
CUST_2417,35,Monthly,527.3748991173168,1,10.0,0,Enterprise,0,Mid-Tenure,10.0,1,18458.12146910609,0.0277777777777777,0.0,1,1,0.29059434,18580.750870963813,5399.4610243598,0
CUST_2418,52,Annual,2620.869807904287,0,1.0,0,SMB,0,Loyal,1.0,0,136285.2300110229,0.0,0.0,0,0,0.005797179,563656.4187305209,3267.6171257875644,0
CUST_2419,34,Multi-Year,1034.9199751918832,5,17.0,0,Enterprise,0,Mid-Tenure,17.0,5,35187.279156524026,0.1428571428571428,0.0,1,0,0.18473206,52907.300418840365,9773.674839036623,0
CUST_2420,41,Monthly,4323.485199361573,3,2.0,0,Enterprise,0,Loyal,2.0,3,177262.8931738245,0.0714285714285714,0.0,1,1,0.04499798,546136.0605338233,24575.018958744633,0
CUST_2421,51,Multi-Year,4813.026604036062,2,17.0,0,SMB,0,Loyal,17.0,2,245464.3568058392,0.0384615384615384,0.0,0,0,0.024010058,780384.718557066,18737.082739147518,0
CUST_2422,47,Monthly,4814.3957729670665,4,13.0,0,Enterprise,0,Loyal,13.0,4,226276.60132945213,0.0833333333333333,0.0,1,1,0.08450586,429518.43033060094,36296.82583897775,0
CUST_2423,58,Multi-Year,2488.838490260462,3,5.0,0,Enterprise,0,Loyal,5.0,3,144352.6324351068,0.0508474576271186,0.0,1,0,0.0053853695,539240.994272301,2904.0120188483043,0
CUST_2424,57,Monthly,3400.316709956584,1,1.0,0,Enterprise,0,Loyal,1.0,1,193818.0524675253,0.0172413793103448,0.0,1,1,0.06910991,342572.66460563766,23675.16575777798,0
CUST_2425,23,Annual,3198.668614298351,2,0.0,0,Enterprise,0,Mid-Tenure,0.0,2,73569.37812886207,0.0833333333333333,0.0,1,0,0.019061895,555791.6108975281,10594.441377364234,0
CUST_2426,48,Annual,2075.1750562367884,5,7.0,0,Enterprise,0,Loyal,7.0,5,99608.40269936583,0.1020408163265306,0.0,1,0,0.09200493,175360.80936749326,16134.059422542889,0
CUST_2427,22,Monthly,2498.29021139239,1,9.0,0,Enterprise,0,Mid-Tenure,9.0,1,54962.38465063258,0.0434782608695652,0.0,1,1,0.19246511,123644.5223221008,23797.256789093033,0
CUST_2428,17,Multi-Year,789.4566375497856,4,19.0,0,SMB,0,Mid-Tenure,19.0,4,13420.762838346354,0.2222222222222222,0.0,0,0,0.08761612,68839.8940364345,6031.484641037394,0
CUST_2429,69,Annual,4080.6456470216926,5,17.0,0,Enterprise,0,Loyal,17.0,5,281564.5496444968,0.0714285714285714,0.0,1,0,0.0799937,376693.21782059385,30133.08518928071,0
CUST_2430,11,Monthly,1583.6158046957858,1,19.0,0,SMB,1,New,19.0,1,17419.773851653645,0.0833333333333333,0.0,0,1,0.3183237,51594.26058575636,16423.67601201009,0
CUST_2431,15,Monthly,2572.372990113693,3,10.0,2,SMB,0,Mid-Tenure,10.0,3,38585.5948517054,0.1875,5.144745980227386,0,1,0.18490689,131407.28620757197,24298.111962609946,0
CUST_2432,35,Monthly,2662.7933012748977,1,17.0,5,Enterprise,0,Mid-Tenure,17.0,1,93197.76554462142,0.0277777777777777,13.313966506374488,1,1,0.17619614,141264.65468469128,24890.287302065684,0
CUST_2433,33,Multi-Year,3023.202826180932,1,26.0,0,SMB,0,Mid-Tenure,26.0,1,99765.69326397077,0.0294117647058823,0.0,0,0,0.019818775,519608.5351892102,10298.00483187951,0
CUST_2434,16,Annual,4180.444870496405,2,15.0,0,Enterprise,0,Mid-Tenure,15.0,2,66887.11792794248,0.1176470588235294,0.0,1,0,0.022955637,687614.2777189588,15784.624047696367,0
CUST_2435,34,Monthly,3613.4647078268736,1,4.0,5,SMB,0,Mid-Tenure,4.0,1,122857.8000661137,0.0285714285714285,18.06732353913437,0,1,0.4671507,83847.08071782961,39169.221458495915,0
CUST_2436,66,Annual,3483.783721081364,3,6.0,5,SMB,0,Loyal,6.0,3,229929.72559137,0.044776119402985,17.41891860540682,0,0,0.010213599,694285.0967466589,7091.149298360723,0
CUST_2437,40,Multi-Year,2870.354731122229,3,21.0,0,SMB,0,Loyal,21.0,3,114814.18924488916,0.073170731707317,0.0,0,0,0.0070163086,604112.3525128054,4238.638697727706,0
CUST_2438,28,Annual,931.8008972596548,2,1.0,0,SMB,0,Mid-Tenure,1.0,2,26090.425123270332,0.0689655172413793,0.0,0,0,0.01074708,184068.28525292134,1978.1965387551797,0
CUST_2439,47,Annual,2309.038122428876,3,10.0,2,SMB,0,Loyal,10.0,3,108524.79175415717,0.0625,4.618076244857751,0,0,0.007839968,479053.82311913307,3755.766848574225,0
CUST_2440,39,Annual,4807.925830807484,4,12.0,0,SMB,0,Loyal,12.0,4,187509.10740149187,0.1,0.0,0,0,0.022974925,790615.5137058571,18164.33222270634,0
CUST_2441,70,Monthly,4979.966338797136,2,19.0,5,SMB,0,Loyal,19.0,2,348597.6437157995,0.028169014084507,24.89983169398568,0,1,0.027507136,771020.5461472374,21208.56674761101,0
CUST_2442,20,Monthly,3787.241657454132,1,23.0,0,SMB,0,Mid-Tenure,23.0,1,75744.83314908264,0.0476190476190476,0.0,0,1,0.23453239,159724.86863085534,37460.65455383801,0
CUST_2443,1,Multi-Year,1523.817333835903,2,27.0,5,SMB,0,New,27.0,2,1523.817333835903,1.0,7.619086669179515,0,0,0.0069693606,320976.19072833273,2236.9988283330463,0
CUST_2444,63,Monthly,958.5079070152816,4,15.0,0,SMB,0,Loyal,15.0,4,60385.99814196274,0.0625,0.0,0,1,0.0770234,90550.99285600506,6974.545511246114,0
CUST_2445,67,Multi-Year,2366.4396157078963,1,29.0,0,SMB,0,Loyal,29.0,1,158551.45425242904,0.0147058823529411,0.0,0,0,0.009315806,478747.1719561635,4459.915988124092,0
CUST_2446,4,Monthly,4354.573560617011,2,13.0,10,SMB,0,New,13.0,2,17418.294242468044,0.4,43.54573560617011,0,1,0.6089447,79300.85888292505,48289.838837917974,1
CUST_2447,58,Monthly,3748.389079527502,3,6.0,0,Enterprise,0,Loyal,6.0,3,217406.5666125951,0.0508474576271186,0.0,1,1,0.0628846,398465.9603888078,25057.372122410732,0
CUST_2448,25,Multi-Year,4477.515068934972,3,6.0,0,SMB,0,Mid-Tenure,6.0,3,111937.8767233743,0.1153846153846153,0.0,0,0,0.067764126,456252.51696020545,30917.5529396017,0
CUST_2449,47,Annual,3270.993416139436,3,11.0,5,SMB,0,Loyal,11.0,3,153736.69055855347,0.0625,16.35496708069718,0,0,0.014989593,603972.3747180734,9053.300120295751,0
CUST_2450,38,Monthly,1086.4776406536157,3,11.0,0,SMB,0,Loyal,11.0,3,41286.1503448374,0.0769230769230769,0.0,0,1,0.113258846,79859.26424181457,9044.768118753931,0
CUST_2451,15,Annual,1016.5818514917383,3,19.0,0,Enterprise,0,Mid-Tenure,19.0,3,15248.727772376074,0.1875,0.0,1,0,0.05381302,117509.17118877794,6323.523570910809,0
CUST_2452,63,Annual,716.0103618355818,2,0.0,0,SMB,0,Loyal,0.0,2,45108.65279564165,0.03125,0.0,0,0,0.010679173,141599.2281987874,1512.1626947134087,0
CUST_2453,21,Annual,3051.8598675808894,2,22.0,0,SMB,0,Mid-Tenure,22.0,2,64089.05721919868,0.0909090909090909,0.0,0,0,0.021270767,513847.7044484574,10929.934719933297,0
CUST_2454,57,Monthly,1592.9880648115509,2,5.0,2,SMB,0,Loyal,5.0,2,90800.3196942584,0.0344827586206896,3.1859761296231017,0,1,0.066596515,163948.77639932453,10918.41722486424,0
CUST_2455,53,Multi-Year,3804.726386097277,3,7.0,5,SMB,0,Loyal,7.0,3,201650.49846315567,0.0555555555555555,19.023631930486385,0,0,0.019632515,655680.9908286728,12872.66660321328,0
CUST_2456,46,Multi-Year,3588.124711358783,2,26.0,0,SMB,0,Loyal,26.0,2,165053.73672250402,0.0425531914893617,0.0,0,0,0.0070591914,754611.0566134346,5326.943846190929,0
CUST_2457,14,Monthly,1931.4983408374264,2,12.0,0,SMB,0,Mid-Tenure,12.0,2,27040.97677172397,0.1333333333333333,0.0,0,1,0.25618804,75698.51378025846,19393.053498639587,0
CUST_2458,17,Multi-Year,1295.6074990882896,5,4.0,0,Enterprise,1,Mid-Tenure,4.0,5,22025.32748450092,0.2777777777777778,0.0,1,0,0.71090055,20432.748859478485,14525.652302508202,1
CUST_2459,39,Multi-Year,960.8015740820056,3,23.0,2,SMB,0,Loyal,23.0,3,37471.26138919822,0.075,1.9216031481640112,0,0,0.0046029976,211153.5822102633,971.9394244971255,0
CUST_2460,9,Annual,3817.918732158937,4,9.0,2,SMB,0,New,9.0,4,34361.26858943043,0.4,7.635837464317874,0,0,0.024908159,611615.9439208598,15234.227134174862,0
CUST_2461,6,Annual,2526.9844794167,1,26.0,5,SMB,0,New,26.0,1,15161.906876500198,0.1428571428571428,12.6349223970835,0,0,0.022646418,417416.5102777309,9452.988705613163,0
CUST_2462,23,Monthly,1955.8846138016247,1,13.0,10,SMB,0,Mid-Tenure,13.0,1,44985.346117437366,0.0416666666666666,19.558846138016246,0,1,0.53453076,40152.91673072093,21462.969050423384,1
CUST_2463,59,Monthly,4354.938571128405,2,23.0,0,SMB,0,Loyal,23.0,2,256941.37569657588,0.0333333333333333,0.0,0,1,0.12947631,291176.39015497884,37700.44421356518,0
CUST_2464,46,Annual,3171.259474562228,1,8.0,0,Enterprise,0,Loyal,8.0,1,145877.9358298625,0.0212765957446808,0.0,1,0,0.0069557736,668151.9964375043,4647.513997324529,0
CUST_2465,38,Multi-Year,2831.01051378463,7,16.0,0,SMB,0,Loyal,16.0,7,107578.39952381594,0.1794871794871795,0.0,0,0,0.17764333,149234.00906832214,26510.42615675146,0
CUST_2466,14,Annual,3845.206242390271,2,2.0,0,SMB,0,Mid-Tenure,2.0,2,53832.8873934638,0.1333333333333333,0.0,0,0,0.019490313,664013.0482183526,12941.822003037352,0
CUST_2467,62,Annual,4170.1241310587975,3,11.0,0,SMB,0,Loyal,11.0,3,258547.69612564545,0.0476190476190476,0.0,0,0,0.0071362047,875828.0387448409,6250.08820643842,0
CUST_2468,35,Monthly,3587.329199402238,2,11.0,5,SMB,1,Mid-Tenure,11.0,2,125556.52197907832,0.0555555555555555,17.93664599701119,0,1,0.41544402,92487.9207127986,38423.55325464499,0
CUST_2469,19,Monthly,2480.028433697087,0,10.0,0,SMB,0,Mid-Tenure,10.0,0,47120.540240244656,0.0,0.0,0,1,0.24129757,102164.73723133464,24652.10312489974,0
CUST_2470,30,Monthly,2206.844567024844,5,21.0,0,SMB,1,Mid-Tenure,21.0,5,66205.33701074531,0.1612903225806451,0.0,0,1,0.5630858,43194.8261224718,24322.392983252084,1
CUST_2471,25,Monthly,3972.49222222716,1,28.0,0,Enterprise,0,Mid-Tenure,28.0,1,99312.305555679,0.0384615384615384,0.0,1,1,0.1022376,313128.3500628203,32013.490096780108,0
CUST_2472,40,Annual,2830.582222881287,1,3.0,2,SMB,0,Loyal,3.0,1,113223.28891525148,0.024390243902439,5.661164445762575,0,0,0.025675042,448853.2342707219,11524.325462671932,0
CUST_2473,14,Monthly,3669.7373533281934,5,7.0,0,Enterprise,0,Mid-Tenure,7.0,5,51376.32294659471,0.3333333333333333,0.0,1,1,0.3623638,106791.25693088268,38697.284120343196,0
CUST_2474,26,Annual,4506.794550862483,2,9.0,0,SMB,0,Mid-Tenure,9.0,2,117176.65832242456,0.074074074074074,0.0,0,0,0.03188489,660458.0415928764,21058.63203862639,0
CUST_2475,22,Monthly,4621.507856315165,2,13.0,0,SMB,0,Mid-Tenure,13.0,2,101673.17283893362,0.0869565217391304,0.0,0,1,0.27429217,171012.73850026424,46907.45531213805,0
CUST_2476,48,Annual,1749.7203765825768,1,29.0,5,Enterprise,0,Loyal,29.0,1,83986.57807596368,0.0204081632653061,8.748601882912885,1,0,0.021693101,292868.41423630324,6353.2241344817185,0
CUST_2477,51,Annual,1345.5047762263134,2,0.0,0,SMB,0,Loyal,0.0,2,68620.74358754199,0.0384615384615384,0.0,0,0,0.008248794,277191.2647636698,2286.4936118542037,0
CUST_2478,3,Monthly,1675.7931215157705,3,11.0,10,SMB,0,New,11.0,3,5027.379364547312,0.75,16.757931215157704,0,1,0.45759192,39617.490608162836,18128.64363619704,0
CUST_2479,42,Monthly,3881.1729674097614,2,4.0,0,SMB,0,Loyal,4.0,2,163009.26463120998,0.0465116279069767,0.0,0,1,0.084031254,347486.6886349591,29199.74221276021,0
CUST_2480,19,Monthly,2165.2611622077206,3,13.0,10,Enterprise,1,Mid-Tenure,13.0,3,41139.962081946695,0.15,21.65261162207721,1,1,0.5542685,42999.319544136284,23833.167456694002,1
CUST_2481,28,Multi-Year,1280.251763785984,2,3.0,5,SMB,0,Mid-Tenure,3.0,2,35847.04938600755,0.0689655172413793,6.40125881892992,0,0,0.058359645,141778.06219372104,8274.117421948427,0
CUST_2482,45,Monthly,942.7347162813616,2,27.0,0,Enterprise,0,Loyal,27.0,2,42423.06223266127,0.0434782608695652,0.0,1,1,0.038547747,127759.50183186347,4924.840932653686,0
CUST_2483,71,Annual,1972.9093497335955,2,16.0,0,SMB,0,Loyal,16.0,2,140076.56383108528,0.0277777777777777,0.0,0,0,0.004111323,437522.32133734407,1798.7956002192057,0
CUST_2484,63,Multi-Year,1112.6139815773008,2,25.0,0,SMB,0,Loyal,25.0,2,70094.68083936995,0.03125,0.0,0,0,0.011770908,216143.29618391267,2544.202808692672,0
CUST_2485,19,Annual,1203.6812563998812,1,21.0,2,SMB,0,Mid-Tenure,21.0,1,22869.943871597745,0.05,2.4073625127997627,0,0,0.07157504,118808.7190204036,8503.738594662032,0
CUST_2486,47,Monthly,3577.4778805082155,2,25.0,0,Enterprise,0,Loyal,25.0,2,168141.46038388612,0.0416666666666666,0.0,1,1,0.04427094,455386.70213157166,20160.397423782808,0
CUST_2487,14,Multi-Year,588.7944305078238,4,12.0,0,SMB,0,Mid-Tenure,12.0,4,8243.122027109534,0.2666666666666666,0.0,0,0,0.05564315,66881.1271975713,3721.4765072333826,0
CUST_2488,38,Monthly,1028.989677314471,2,2.0,0,SMB,0,Loyal,2.0,2,39101.6077379499,0.0512820512820512,0.0,0,1,0.045482572,129320.73100923443,5881.839480960479,0
CUST_2489,53,Monthly,4299.644710458934,3,10.0,2,SMB,0,Loyal,10.0,3,227881.16965432352,0.0555555555555555,8.599289420917868,0,1,0.17601323,228286.35701647002,40181.41935503007,0
CUST_2490,61,Multi-Year,4302.11338258214,3,10.0,0,SMB,0,Loyal,10.0,3,262428.9163375105,0.0483870967741935,0.0,0,0,0.0071067642,904014.827078653,6424.620247368326,0
CUST_2491,36,Annual,1981.5956544360963,4,4.0,0,SMB,0,Mid-Tenure,4.0,4,71337.44355969947,0.1081081081081081,0.0,0,0,0.025605949,314514.2341339053,8053.435326378111,0
CUST_2492,40,Monthly,895.7885376592805,1,5.0,0,SMB,0,Loyal,5.0,1,35831.54150637122,0.024390243902439,0.0,0,1,0.10159491,70909.12657570097,7204.006334451982,0
CUST_2493,30,Monthly,3672.3665021324255,3,3.0,0,SMB,1,Mid-Tenure,3.0,3,110170.99506397276,0.0967741935483871,0.0,0,1,0.5093881,78779.64858183234,40129.41465737089,1
CUST_2494,9,Monthly,2120.592594982435,3,9.0,0,SMB,1,New,9.0,3,19085.333354841918,0.3,0.0,0,1,0.2757876,78109.51318793795,21541.634549254366,0
CUST_2495,64,Annual,704.5908224221662,4,9.0,2,Enterprise,0,Loyal,9.0,4,45093.81263501864,0.0615384615384615,1.4091816448443324,1,0,0.014602519,130878.64552589365,1911.1578609298335,0
CUST_2496,33,Monthly,1210.221415849093,4,11.0,0,SMB,1,Mid-Tenure,11.0,4,39937.30672302007,0.1176470588235294,0.0,0,1,0.36341673,35128.371616061384,12766.237990623224,0
CUST_2497,52,Multi-Year,1117.466653838109,0,21.0,0,SMB,0,Loyal,21.0,0,58108.26599958167,0.0,0.0,0,0,0.010085972,223173.54304073766,2250.922112050064,0
CUST_2498,14,Multi-Year,3151.02354722448,1,22.0,0,Enterprise,0,Mid-Tenure,22.0,1,44114.32966114272,0.0666666666666666,0.0,1,0,0.01883132,549347.0131351592,10344.929454163279,0
CUST_2499,53,Multi-Year,4541.529126216026,2,17.0,15,SMB,0,Loyal,17.0,2,240701.0436894494,0.037037037037037,68.1229368932404,0,0,0.099185914,365304.93539699033,36233.10383343635,0
CUST_2500,59,Monthly,4068.8241499555584,2,29.0,0,SMB,0,Loyal,29.0,2,240060.62484737797,0.0333333333333333,0.0,0,1,0.057767067,453068.7414414197,26172.4523898332,0
CUST_2501,41,Annual,2959.322202577536,0,14.0,10,Enterprise,0,Loyal,14.0,0,121332.21030567896,0.0,29.59322202577536,1,0,0.21717332,132916.96350376206,28866.018651865747,0
CUST_2502,68,Multi-Year,2399.69824217366,3,22.0,0,SMB,0,Loyal,22.0,3,163179.4804678089,0.0434782608695652,0.0,0,0,0.005636382,517581.7881459918,2917.288631120247,0
CUST_2503,68,Multi-Year,3284.045190809892,1,22.0,0,SMB,0,Loyal,22.0,1,223315.07297507263,0.0144927536231884,0.0,0,0,0.007916742,680434.3796380801,5386.823434555481,0
CUST_2504,8,Monthly,2497.1573344103635,5,17.0,2,SMB,0,New,17.0,5,19977.25867528291,0.5555555555555556,4.994314668820727,0,1,0.38838923,68354.52415993564,26548.16099007815,0
CUST_2505,2,Monthly,1607.4460515934218,3,2.0,0,SMB,0,New,2.0,3,3214.8921031868435,1.0,0.0,0,1,0.31761932,52470.995805869614,16665.80220332457,0
CUST_2506,41,Monthly,3556.388549085258,2,2.0,2,SMB,0,Loyal,2.0,2,145811.93051249557,0.0476190476190476,7.1127770981705165,0,1,0.08120707,325261.92839726066,26413.567138516144,0
CUST_2507,55,Annual,4429.597755835945,1,0.0,5,SMB,0,Loyal,0.0,1,243627.87657097692,0.0178571428571428,22.147988779179723,0,0,0.016886866,794702.7175795039,13420.03807920564,0
CUST_2508,16,Annual,2177.9164880638723,1,16.0,0,SMB,0,Mid-Tenure,16.0,1,34846.66380902196,0.0588235294117647,0.0,0,0,0.016061729,395614.810051825,6354.25779630922,0
CUST_2509,62,Multi-Year,4286.923104611016,6,9.0,0,SMB,0,Loyal,9.0,6,265789.232485883,0.0952380952380952,0.0,0,0,0.08092954,392906.5622663207,31797.747385586954,0
CUST_2510,48,Monthly,2439.869209175707,5,26.0,0,Enterprise,0,Loyal,26.0,5,117113.72204043392,0.1020408163265306,0.0,1,1,0.09762366,198331.5606117946,19361.853070592864,0
CUST_2511,30,Monthly,2306.011743947417,2,5.0,5,SMB,0,Mid-Tenure,5.0,2,69180.3523184225,0.064516129032258,11.530058719737085,0,1,0.2230078,101360.25381702467,22604.127028209386,0
CUST_2512,12,Monthly,627.4596089616246,1,24.0,0,SMB,0,New,24.0,1,7529.515307539495,0.0769230769230769,0.0,0,1,0.26157364,24166.084650897687,6321.210786912432,0
CUST_2513,35,Monthly,3628.755056153346,3,24.0,0,SMB,1,Mid-Tenure,24.0,3,127006.42696536712,0.0833333333333333,0.0,0,1,0.23393568,153362.4031943825,35876.93868589871,0
CUST_2514,11,Monthly,4133.761363012203,2,10.0,0,Enterprise,1,New,10.0,2,45471.37499313423,0.1666666666666666,0.0,1,1,0.2194642,184088.0433025055,40400.73473964629,0
CUST_2515,64,Annual,3486.0061380135244,0,13.0,10,SMB,1,Loyal,13.0,0,223104.3928328656,0.0,34.86006138013524,0,0,0.5005351,75984.39220641191,38032.85314003715,1
CUST_2516,50,Annual,1181.1242812637456,1,16.0,0,SMB,0,Loyal,16.0,1,59056.21406318728,0.0196078431372549,0.0,0,0,0.00751933,246412.65792218028,1852.8580659745257,0
CUST_2517,21,Annual,964.820603986894,1,27.0,0,SMB,0,Mid-Tenure,27.0,1,20261.23268372477,0.0454545454545454,0.0,0,0,0.021354698,162257.66354084894,3464.963345452002,0
CUST_2518,69,Monthly,3077.864382283428,0,6.0,0,Enterprise,0,Loyal,6.0,0,212372.64237755653,0.0,0.0,1,1,0.039485704,412740.4777015094,16297.34839481005,0
CUST_2519,48,Monthly,2306.8231438307084,2,21.0,2,SMB,0,Loyal,21.0,2,110727.510903874,0.0408163265306122,4.613646287661417,0,1,0.04938132,278542.06078412227,13754.774479232383,0
CUST_2520,20,Monthly,2430.940025685153,1,3.0,0,SMB,1,Mid-Tenure,3.0,1,48618.80051370306,0.0476190476190476,0.0,0,1,0.35071927,72797.29576129546,25531.414652345677,0
CUST_2521,67,Multi-Year,4855.101110343535,1,10.0,0,SMB,0,Loyal,10.0,1,325291.7743930168,0.0147058823529411,0.0,0,0,0.014820121,898813.6430747826,13320.5271523732,0
CUST_2522,44,Monthly,3757.652020368794,2,18.0,0,SMB,0,Loyal,18.0,2,165336.68889622693,0.0444444444444444,0.0,0,1,0.07991132,347096.9642396471,27736.977066872736,0
CUST_2523,33,Multi-Year,2353.044826434905,1,8.0,0,Enterprise,0,Mid-Tenure,8.0,1,77650.47927235188,0.0294117647058823,0.0,1,0,0.020086233,402882.79995247786,8092.397619423894,0
CUST_2524,61,Monthly,585.946759287717,3,25.0,0,Enterprise,0,Loyal,25.0,3,35742.75231655074,0.0483870967741935,0.0,1,1,0.07816994,54859.6743557441,4288.377557159968,0
CUST_2525,9,Multi-Year,653.4306403397162,2,20.0,0,SMB,0,New,20.0,2,5880.8757630574455,0.2,0.0,0,0,0.066796914,67135.06061818631,4484.41485324535,0
CUST_2526,68,Multi-Year,3581.6166304063527,1,7.0,0,Enterprise,0,Loyal,7.0,1,243549.930867632,0.0144927536231884,0.0,1,0,0.008001227,741008.4456197971,5928.976731792067,0
CUST_2527,35,Monthly,4269.824417829937,3,19.0,0,SMB,0,Mid-Tenure,19.0,3,149443.85462404782,0.0833333333333333,0.0,0,1,0.283391,153687.08621436212,43553.5368711483,0
CUST_2528,65,Annual,3684.661832973577,4,3.0,0,Enterprise,0,Loyal,3.0,4,239503.0191432825,0.0606060606060606,0.0,1,0,0.0063092504,785234.0362862177,4954.238133714721,0
CUST_2529,8,Monthly,2326.4948867212643,4,15.0,0,SMB,0,New,15.0,4,18611.959093770118,0.4444444444444444,0.0,0,1,0.31074142,77390.44040228732,24048.415697974866,0
CUST_2530,45,Multi-Year,640.1108206875631,2,5.0,2,SMB,0,Loyal,5.0,2,28804.98693094034,0.0434782608695652,1.2802216413751262,0,0,0.018663937,111868.46934302164,2087.906089379908,0
CUST_2531,47,Monthly,4853.307336058534,2,5.0,0,Enterprise,0,Loyal,5.0,2,228105.4447947511,0.0416666666666666,0.0,1,1,0.12987272,323782.7702194898,42050.55048667577,0
CUST_2532,40,Monthly,4938.51227971139,4,18.0,0,Enterprise,0,Loyal,18.0,4,197540.4911884556,0.0975609756097561,0.0,1,1,0.11891797,350833.8855437132,41720.45412491747,0
CUST_2533,54,Annual,2972.140481499209,2,1.0,0,Enterprise,0,Loyal,1.0,2,160495.58600095726,0.0363636363636363,0.0,1,0,0.007833691,616693.8917365414,4830.989583008791,0
CUST_2534,46,Multi-Year,818.0193411279752,3,10.0,0,SMB,0,Loyal,10.0,3,37628.889691886856,0.0638297872340425,0.0,0,0,0.002309026,187658.47917655596,433.3083007399524,0
CUST_2535,47,Monthly,2934.376276615101,1,24.0,5,SMB,0,Loyal,24.0,1,137915.68500090973,0.0208333333333333,14.671881383075505,0,1,0.098233156,237548.1655382152,23335.105980547396,0
CUST_2536,15,Annual,4515.5231159936375,1,17.0,0,SMB,0,Mid-Tenure,17.0,1,67732.84673990456,0.0625,0.0,0,0,0.019456647,780145.2558154293,15179.011113631122,0
CUST_2537,19,Monthly,3559.934795576961,3,8.0,0,SMB,0,Mid-Tenure,8.0,3,67638.76111596226,0.15,0.0,0,1,0.28754318,126559.26374033115,36391.25285120298,0
CUST_2538,26,Monthly,3739.9515396472593,6,27.0,5,SMB,0,Mid-Tenure,27.0,6,97238.74003082876,0.2222222222222222,18.699757698236294,0,1,0.75752777,55576.315215005976,42100.60205249551,1
CUST_2539,52,Annual,882.3642684451218,3,15.0,2,SMB,0,Loyal,15.0,3,45882.94195914633,0.0566037735849056,1.7647285368902434,0,0,0.008217166,181877.12682690623,1494.5145751008565,0
CUST_2540,22,Monthly,979.3023666431066,2,10.0,2,SMB,0,Mid-Tenure,10.0,2,21544.652066148345,0.0869565217391304,1.958604733286213,0,1,0.14799714,59352.51652680555,8784.002750261285,0
CUST_2541,21,Monthly,1073.0694936914838,4,13.0,0,SMB,0,Mid-Tenure,13.0,4,22534.45936752116,0.1818181818181818,0.0,0,1,0.4866701,23993.947480580144,11677.136979314013,0
CUST_2542,51,Multi-Year,4569.695751474466,5,7.0,0,SMB,0,Loyal,7.0,5,233054.48332519777,0.0961538461538461,0.0,0,0,0.12489774,313533.76762399694,39159.65923488858,0
CUST_2543,38,Monthly,2866.32336318716,1,26.0,10,SMB,1,Loyal,26.0,1,108920.28780111208,0.0256410256410256,28.6632336318716,0,1,0.5831965,54321.018168168404,31679.828802280503,1
CUST_2544,20,Annual,4062.08793376846,0,12.0,5,SMB,0,Mid-Tenure,12.0,0,81241.7586753692,0.0,20.3104396688423,0,0,0.054508988,466419.7393661311,25424.067889405185,0
CUST_2545,29,Monthly,1018.810669476201,4,9.0,0,SMB,0,Mid-Tenure,9.0,4,29545.50941480983,0.1333333333333333,0.0,0,1,0.23838532,42393.72358012344,10106.041349335674,0
CUST_2546,51,Monthly,4674.392174788677,2,22.0,2,Enterprise,0,Loyal,22.0,2,238394.00091422253,0.0384615384615384,9.348784349577354,1,1,0.10892938,352941.07908782095,38445.653194919454,0
CUST_2547,4,Monthly,4195.139411737446,7,11.0,0,SMB,0,New,11.0,7,16780.557646949783,1.4,0.0,0,1,0.36324435,121820.59092410235,44250.64194242962,0
CUST_2548,55,Annual,1511.4386514891023,2,20.0,0,SMB,0,Loyal,20.0,2,83129.12583190063,0.0357142857142857,0.0,0,0,0.004970014,329948.3158325627,1639.8477804104432,0
CUST_2549,71,Annual,4433.820049822791,2,28.0,0,SMB,0,Loyal,28.0,2,314801.2235374181,0.0277777777777777,0.0,0,0,0.0045117927,976042.7553553289,4403.702557403844,0
CUST_2550,28,Monthly,1685.4924172856415,1,2.0,0,Enterprise,1,Mid-Tenure,2.0,1,47193.787683997965,0.0344827586206896,0.0,1,1,0.28359714,60629.74099076595,17194.421235126567,0
CUST_2551,4,Monthly,1424.0294570257545,0,1.0,0,SMB,0,New,1.0,0,5696.117828103018,0.0,0.0,0,1,0.23938626,59050.325161563356,14135.836522296155,0
CUST_2552,22,Multi-Year,1689.0977156549557,3,10.0,0,Enterprise,0,Mid-Tenure,10.0,3,37160.14974440903,0.1304347826086956,0.0,1,0,0.025863888,267178.13302723074,6910.265239776655,0
CUST_2553,45,Monthly,4594.797784726742,2,23.0,0,SMB,0,Loyal,23.0,2,206765.9003127034,0.0434782608695652,0.0,0,1,0.10783594,349334.7047568098,37670.836617232584,0
CUST_2554,67,Multi-Year,4620.163934816913,2,17.0,0,SMB,0,Loyal,17.0,2,309550.9836327332,0.0294117647058823,0.0,0,0,0.0038357326,1029835.8051767915,3950.1747530119155,0
CUST_2555,66,Monthly,1980.48098609586,2,23.0,0,SMB,0,Loyal,23.0,2,130711.74508232676,0.0298507462686567,0.0,0,1,0.050409425,236688.6539282972,11931.338960388672,0
CUST_2556,34,Annual,3674.4538329254806,1,20.0,5,Enterprise,0,Mid-Tenure,20.0,1,124931.43031946634,0.0285714285714285,18.372269164627404,1,0,0.04638232,457484.79626142565,21219.205841181745,0
CUST_2557,55,Monthly,3540.853648238825,2,24.0,0,SMB,0,Loyal,24.0,2,194746.95065313537,0.0357142857142857,0.0,0,1,0.15094551,211451.56948310154,31917.665934885612,0
CUST_2558,1,Multi-Year,4129.531844586814,3,3.0,5,SMB,0,New,3.0,3,4129.531844586814,1.5,20.64765922293407,0,0,0.027997326,635334.3651094065,17787.663406210457,0
CUST_2559,38,Annual,1834.2927506395897,4,7.0,0,SMB,0,Loyal,7.0,4,69703.12452430441,0.1025641025641025,0.0,0,0,0.008015565,379407.01787789207,3041.1614777498935,0
CUST_2560,6,Monthly,2795.623438596808,1,28.0,2,SMB,0,New,28.0,1,16773.740631580848,0.1428571428571428,5.591246877193616,0,1,0.10014179,223438.66520694457,22375.54866871358,0
CUST_2561,25,Monthly,3504.532779537291,3,10.0,0,Enterprise,1,Mid-Tenure,10.0,3,87613.31948843227,0.1153846153846153,0.0,1,1,0.22414868,153399.95237617576,34384.39619280619,0
CUST_2562,17,Annual,618.1556846445771,1,14.0,5,SMB,0,Mid-Tenure,14.0,1,10508.64663895781,0.0555555555555555,3.090778423222886,0,0,0.05214036,72624.26181187909,3786.6550710316797,0
CUST_2563,61,Annual,2195.324353989296,2,22.0,0,SMB,0,Loyal,22.0,2,133914.78559334707,0.032258064516129,0.0,0,0,0.005642973,473445.0826132884,2671.637764463057,0
CUST_2564,12,Monthly,3631.49760955356,1,27.0,0,SMB,0,New,27.0,1,43577.97131464272,0.0769230769230769,0.0,0,1,0.16731593,200528.1982161922,33551.562001453705,0
CUST_2565,6,Monthly,1636.6779190361003,3,23.0,0,SMB,0,New,23.0,3,9820.067514216602,0.4285714285714285,0.0,0,1,0.22187403,72239.83210037205,16028.142562248693,0
CUST_2566,27,Multi-Year,4809.668481529193,3,20.0,10,SMB,0,Mid-Tenure,20.0,3,129861.0490012882,0.1071428571428571,48.09668481529193,0,0,0.1181547,343231.6862533564,40554.43593131729,0
CUST_2567,8,Monthly,635.7261717807753,2,1.0,2,SMB,1,New,1.0,2,5085.809374246202,0.2222222222222222,1.2714523435615506,0,1,0.419037,16264.630798367885,6815.482327561402,0
CUST_2568,65,Annual,4811.392344143403,2,22.0,0,SMB,0,Loyal,22.0,2,312740.5023693212,0.0303030303030303,0.0,0,0,0.035659403,674026.5327568002,24035.383500636424,0
CUST_2569,57,Monthly,1475.4374060468003,4,18.0,0,Enterprise,0,Loyal,18.0,4,84099.93214466762,0.0689655172413793,0.0,1,1,0.043858822,188637.02178078095,8273.397642977023,0
CUST_2570,40,Multi-Year,719.6991886641649,3,14.0,2,SMB,0,Loyal,14.0,3,28787.9675465666,0.073170731707317,1.43939837732833,0,0,0.014448986,134003.50065453665,1936.2147570013035,0
CUST_2571,14,Multi-Year,1816.1331495060083,2,28.0,15,Enterprise,0,Mid-Tenure,28.0,2,25425.86409308412,0.1333333333333333,27.241997242590124,1,0,0.11761379,130022.70199241156,15292.463081949369,0
CUST_2572,35,Multi-Year,4038.270382806014,8,25.0,0,Enterprise,1,Mid-Tenure,25.0,8,141339.4633982105,0.2222222222222222,0.0,1,0,0.3146131,132905.92821656438,41813.946598481816,0
CUST_2573,48,Monthly,3885.9890290162393,2,25.0,5,SMB,0,Loyal,25.0,2,186527.47339277947,0.0408163265306122,19.4299451450812,0,1,0.13554555,251323.0236490365,34065.71791474402,0
CUST_2574,56,Multi-Year,1439.7818739025645,4,25.0,0,SMB,0,Loyal,25.0,4,80627.78493854361,0.0701754385964912,0.0,0,0,0.006555806,305492.63148949627,2002.7504002340288,0
CUST_2575,49,Monthly,1385.5556011630974,2,27.0,10,Enterprise,0,Loyal,27.0,2,67892.22445699177,0.04,13.855556011630975,1,1,0.23864594,57602.2876628173,13746.552144143523,0
CUST_2576,13,Annual,3391.609621120433,7,26.0,2,SMB,0,Mid-Tenure,26.0,7,44090.92507456563,0.5,6.783219242240866,0,0,0.20173365,161676.09584115795,32615.50873405805,0
CUST_2577,61,Annual,2561.3721035407875,2,25.0,0,SMB,0,Loyal,25.0,2,156243.69831598803,0.032258064516129,0.0,0,0,0.0047507854,561388.5739259687,2667.0366507577855,0
CUST_2578,49,Monthly,4065.30478998906,5,12.0,0,SMB,1,Loyal,12.0,5,199199.93470946397,0.1,0.0,0,1,0.5521029,81022.12199715206,44732.55041415216,1
CUST_2579,46,Multi-Year,608.5975041164911,2,1.0,0,SMB,0,Loyal,1.0,2,27995.48518935859,0.0425531914893617,0.0,0,0,0.012360024,117113.00531132422,1447.5195875057082,0
CUST_2580,62,Monthly,3246.85337342257,2,2.0,0,SMB,0,Loyal,2.0,2,201304.9091521993,0.0317460317460317,0.0,0,1,0.1566175,188571.8279391621,29533.649646100577,0
CUST_2581,8,Annual,3788.0240550794415,6,29.0,5,SMB,0,New,29.0,6,30304.19244063553,0.6666666666666666,18.94012027539721,0,0,0.16702165,209455.09304487682,34983.53463293429,0
CUST_2582,43,Annual,4970.237504129011,4,13.0,2,SMB,0,Loyal,13.0,4,213720.21267754745,0.0909090909090909,9.94047500825802,0,0,0.019582966,857147.2437770324,16785.485625510893,0
CUST_2583,20,Annual,3554.517624065811,4,19.0,0,Enterprise,0,Mid-Tenure,19.0,4,71090.35248131622,0.1904761904761904,0.0,1,0,0.07022468,354787.4687664679,24914.83646444276,0
CUST_2584,39,Monthly,1543.3032044748484,3,25.0,5,SMB,0,Loyal,25.0,3,60188.82497451909,0.075,7.716516022374242,0,1,0.06460614,161593.769089419,10439.949276846788,0
CUST_2585,49,Monthly,986.8378769601744,2,12.0,0,SMB,0,Loyal,12.0,2,48355.05597104855,0.04,0.0,0,1,0.05750677,110151.71289496214,6334.469207051671,0
CUST_2586,64,Multi-Year,3384.12548589834,2,26.0,2,SMB,0,Loyal,26.0,2,216584.03109749372,0.0307692307692307,6.76825097179668,0,0,0.013244086,642107.5259675592,8504.127259967032,0
CUST_2587,62,Monthly,2854.323803831972,4,22.0,2,SMB,0,Loyal,22.0,4,176968.07583758226,0.0634920634920634,5.708647607663944,0,1,0.12590946,194713.15371918317,24516.22854031492,0
CUST_2588,54,Monthly,4546.153798002573,2,25.0,5,Enterprise,0,Loyal,25.0,2,245492.30509213897,0.0363636363636363,22.73076899001287,1,1,0.07221004,446394.13642841415,32234.140084968367,0
CUST_2589,9,Monthly,3769.7360953157377,1,15.0,0,SMB,0,New,15.0,1,33927.62485784164,0.1,0.0,0,1,0.13962354,238561.2799606786,33308.76985672294,0
CUST_2590,37,Monthly,2793.841025191793,2,11.0,0,Enterprise,1,Loyal,11.0,2,103372.11793209634,0.0526315789473684,0.0,1,1,0.068721056,282393.8253065963,19406.40187857089,0
CUST_2591,49,Multi-Year,2316.152618443164,0,0.0,0,Enterprise,0,Loyal,0.0,0,113491.47830371503,0.0,0.0,1,0,0.005532496,500496.70394508267,2768.996084226673,0
CUST_2592,41,Monthly,2319.686148068691,4,5.0,0,SMB,0,Loyal,5.0,4,95107.13207081634,0.0952380952380952,0.0,0,1,0.061561894,249513.81403424963,15360.542889209533,0
CUST_2593,17,Annual,1518.369287680555,4,12.0,0,SMB,0,Mid-Tenure,12.0,4,25812.27789056944,0.2222222222222222,0.0,0,0,0.07023448,151540.82489163193,10643.390659211915,0
CUST_2594,21,Monthly,577.9668729006368,8,21.0,2,Enterprise,0,Mid-Tenure,21.0,8,12137.304330913372,0.3636363636363636,1.1559337458012735,1,1,0.25339878,22859.69077560065,5792.6176635188585,0
CUST_2595,51,Monthly,3087.0976469319776,3,23.0,0,SMB,1,Loyal,23.0,3,157441.97999353087,0.0576923076923076,0.0,0,1,0.14309128,191853.16419831812,27452.51412503481,0
CUST_2596,59,Monthly,1455.8662963544684,1,1.0,0,Enterprise,0,Loyal,1.0,1,85896.11148491364,0.0166666666666666,0.0,1,1,0.055416614,165727.16024109343,9184.038038104376,0
CUST_2597,39,Monthly,1437.4711297761864,3,17.0,0,SMB,0,Loyal,17.0,3,56061.37406127127,0.075,0.0,0,1,0.052789647,167815.08560005177,8858.89915227967,0
CUST_2598,55,Monthly,1064.2155290441622,1,16.0,0,SMB,0,Loyal,16.0,1,58531.85409742892,0.0178571428571428,0.0,0,1,0.38014817,29688.80682206732,11286.145653508423,0
CUST_2599,41,Annual,1353.1797057951171,6,18.0,0,Enterprise,0,Loyal,18.0,6,55480.3679375998,0.1428571428571428,0.0,1,0,0.039371062,181693.67083750956,7153.4727922935945,0
CUST_2600,39,Monthly,643.0511729981196,2,22.0,0,Enterprise,0,Loyal,22.0,2,25078.995746926663,0.05,0.0,1,1,0.0929569,53978.60617180125,5017.683928256155,0
CUST_2601,13,Monthly,3534.041523868394,5,14.0,0,Enterprise,1,Mid-Tenure,14.0,5,45942.53981028912,0.3571428571428571,0.0,1,1,0.4929771,78103.65981227261,38503.31669240936,0
CUST_2602,64,Monthly,2306.2870234071243,4,7.0,0,SMB,0,Loyal,7.0,4,147602.36949805595,0.0615384615384615,0.0,0,1,0.0663444,237875.15830577913,15781.685302211712,0
CUST_2603,11,Monthly,3026.8606944791527,4,22.0,0,Enterprise,0,New,22.0,4,33295.46763927068,0.3333333333333333,0.0,1,1,0.21719073,135941.57651465153,29525.24991315472,0
CUST_2604,19,Multi-Year,3366.3092810935977,7,8.0,0,SMB,0,Mid-Tenure,8.0,7,63959.87634077836,0.35,0.0,0,0,0.116006725,243337.79488828094,28228.820540904413,0
CUST_2605,11,Annual,4876.1805302427165,3,7.0,5,SMB,0,New,7.0,3,53637.98583266988,0.25,24.38090265121358,0,0,0.04718887,602066.5051967732,28410.838411626923,0
CUST_2606,46,Monthly,807.1963963497544,3,7.0,2,Enterprise,1,Loyal,7.0,3,37131.03423208871,0.0638297872340425,1.6143927926995087,1,1,0.036946077,111406.48340418359,4116.032502983574,0
CUST_2607,45,Monthly,2380.629581741471,4,10.0,0,SMB,0,Loyal,10.0,4,107128.3311783662,0.0869565217391304,0.0,0,1,0.03795943,324781.0339357816,12328.503042127842,0
CUST_2608,1,Multi-Year,1606.5407008691648,1,17.0,0,SMB,0,New,17.0,1,1606.5407008691648,0.5,0.0,0,0,0.034930196,226992.15622464113,7928.880430075586,0
CUST_2609,40,Monthly,2645.203693355664,0,16.0,10,SMB,0,Loyal,16.0,0,105808.14773422656,0.0,26.45203693355664,0,1,0.29157898,92928.56185249733,27096.015119848318,0
CUST_2610,19,Multi-Year,4642.125352762497,2,21.0,0,SMB,0,Mid-Tenure,21.0,2,88200.38170248744,0.1,0.0,0,0,0.027743183,716532.2903652024,19878.88651174089,0
CUST_2611,61,Monthly,3757.929193616681,3,22.0,0,Enterprise,0,Loyal,22.0,3,229233.68081061757,0.0483870967741935,0.0,1,1,0.06867034,380003.53474465787,26094.971887419102,0
CUST_2612,12,Multi-Year,3478.77313915952,1,5.0,0,SMB,0,New,5.0,1,41745.27766991424,0.0769230769230769,0.0,0,0,0.01754119,618071.4018223512,10841.708269545301,0
CUST_2613,61,Multi-Year,2485.606443940298,1,22.0,2,Enterprise,0,Loyal,22.0,1,151621.9930803582,0.0161290322580645,4.971212887880596,1,0,0.0055519175,536926.1635103824,2980.9697518262024,0
CUST_2614,33,Annual,3520.0062426849613,5,23.0,10,Enterprise,1,Mid-Tenure,23.0,5,116160.20600860372,0.1470588235294117,35.20006242684961,1,0,0.6428177,60968.528437648674,39191.6477635356,1
CUST_2615,45,Monthly,645.6891977348364,2,1.0,0,SMB,0,Loyal,1.0,2,29056.01389806764,0.0434782608695652,0.0,0,1,0.12684081,43814.94456283485,5557.5232752550055,0
CUST_2616,69,Monthly,3138.074024134525,3,0.0,0,SMB,0,Loyal,0.0,3,216527.10766528224,0.0428571428571428,0.0,0,1,0.047542058,386057.94630943116,18353.98924832924,0
CUST_2617,8,Monthly,2991.994531696617,2,9.0,0,SMB,0,New,9.0,2,23935.95625357293,0.2222222222222222,0.0,0,1,0.36317298,86898.06749731273,31559.02996958808,0
CUST_2618,25,Monthly,2059.881943834368,1,7.0,10,Enterprise,1,Mid-Tenure,7.0,1,51497.0485958592,0.0384615384615384,20.59881943834368,1,1,0.7876167,29510.612785873578,23243.052334924818,1
CUST_2619,46,Monthly,1406.8135644084878,3,15.0,5,SMB,0,Loyal,15.0,3,64713.42396279044,0.0638297872340425,7.034067822042439,0,1,0.054699544,161240.07832137524,8819.758736699872,0
CUST_2620,30,Monthly,4133.999979496854,2,23.0,0,Enterprise,0,Mid-Tenure,23.0,2,124019.99938490563,0.064516129032258,0.0,1,1,0.18047412,215243.26009117084,38845.837390878616,0
CUST_2621,47,Annual,742.3795150479341,4,13.0,5,SMB,0,Loyal,13.0,4,34891.8372072529,0.0833333333333333,3.711897575239671,0,0,0.005513236,160476.21638892667,884.7432415647777,0
CUST_2622,49,Annual,813.527889906145,1,23.0,0,SMB,0,Loyal,23.0,1,39862.86660540111,0.02,0.0,0,0,0.0046080803,178770.8812144618,823.7905682026424,0
CUST_2623,47,Monthly,2482.34784792866,3,15.0,0,SMB,0,Loyal,15.0,3,116670.34885264702,0.0625,0.0,0,1,0.0403052,329861.11111344706,13295.118373705885,0
CUST_2624,18,Monthly,1636.4954633387229,2,13.0,0,SMB,1,Mid-Tenure,13.0,2,29456.91834009701,0.1052631578947368,0.0,0,1,0.31264046,54152.65854260982,16930.31198738419,0
CUST_2625,66,Multi-Year,3854.535860781592,2,25.0,0,SMB,0,Loyal,25.0,2,254399.36681158503,0.0298507462686567,0.0,0,0,0.004919242,842226.2930359113,4143.115050076052,0
CUST_2626,68,Monthly,3353.85534614536,4,6.0,0,Enterprise,0,Loyal,6.0,4,228062.16353788448,0.0579710144927536,0.0,1,1,0.033374816,482714.8944569527,16110.520869499176,0
CUST_2627,33,Annual,3976.4065825698417,0,17.0,5,SMB,0,Mid-Tenure,17.0,0,131221.41722480478,0.0,19.88203291284921,0,0,0.050595433,474344.40321183664,23999.660243902752,0
CUST_2628,36,Monthly,1961.0553035201049,1,19.0,0,SMB,1,Mid-Tenure,19.0,1,70597.99092672378,0.027027027027027,0.0,0,1,0.38872704,53638.50619091702,20850.737693274586,0
CUST_2629,19,Monthly,3832.335228280404,0,8.0,0,SMB,1,Mid-Tenure,8.0,0,72814.36933732768,0.0,0.0,0,1,0.28303185,138088.95740084822,39083.573223173786,0
CUST_2630,28,Monthly,4380.364562118795,3,23.0,0,SMB,1,Mid-Tenure,23.0,3,122650.20773932626,0.1034482758620689,0.0,0,1,0.49771655,95970.03044663275,47765.87207904199,0
CUST_2631,40,Monthly,2053.7352248835728,1,3.0,0,SMB,0,Loyal,3.0,1,82149.4089953429,0.024390243902439,0.0,0,1,0.080904454,188265.73510650592,15231.536504353193,0
CUST_2632,15,Multi-Year,2029.5311952282505,3,23.0,0,SMB,1,Mid-Tenure,23.0,3,30442.96792842376,0.1875,0.0,0,0,0.07336599,197415.63823387303,14483.593019389804,0
CUST_2633,41,Annual,4549.781317578918,2,25.0,0,SMB,0,Loyal,25.0,2,186541.0340207356,0.0476190476190476,0.0,0,0,0.006560283,965295.2674308214,6332.609922202377,0
CUST_2634,39,Monthly,724.0561393446911,4,28.0,0,SMB,0,Loyal,28.0,4,28238.189434442957,0.1,0.0,0,1,0.061398868,77996.0677126579,4788.8702283918,0
CUST_2635,2,Multi-Year,2075.8523257888,4,15.0,0,Enterprise,0,New,15.0,4,4151.7046515776,1.3333333333333333,0.0,1,0,0.041177027,273207.2708177832,11249.863147244765,0
CUST_2636,63,Monthly,1034.0262143231184,2,21.0,0,SMB,1,Loyal,21.0,2,65143.651502356464,0.03125,0.0,0,1,0.11552934,74961.42094191235,8660.243748184248,0
CUST_2637,29,Multi-Year,630.412656124893,6,10.0,0,SMB,0,Mid-Tenure,10.0,6,18281.967027621897,0.2,0.0,0,0,0.3040435,21367.294087481732,6496.586914406635,0
CUST_2638,66,Multi-Year,1007.9123794106996,3,8.0,0,SMB,0,Loyal,8.0,3,66522.21704110617,0.044776119402985,0.0,0,0,0.0070674913,211941.1299988207,1497.8920924644738,0
CUST_2639,51,Monthly,2440.6060603112464,5,16.0,0,Enterprise,1,Loyal,16.0,5,124470.90907587355,0.0961538461538461,0.0,1,1,0.4301518,60995.86127420258,26237.4789328975,0
CUST_2640,10,Monthly,3591.3023115250585,0,21.0,0,SMB,0,New,21.0,0,35913.02311525059,0.0,0.0,0,1,0.14092596,225719.062470869,31809.67528745248,0
CUST_2641,14,Monthly,1801.7709099888327,3,10.0,2,SMB,1,Mid-Tenure,10.0,3,25224.79273984366,0.2,3.6035418199776657,0,1,0.27064002,67431.54024433932,18249.673103802426,0
CUST_2642,51,Annual,4323.538883305062,4,19.0,2,Enterprise,0,Loyal,19.0,4,220500.48304855812,0.0769230769230769,8.647077766610124,1,0,0.007677342,899529.4072565837,6905.994728877884,0
CUST_2643,39,Annual,2469.270329322575,5,2.0,5,SMB,0,Loyal,2.0,5,96301.54284358042,0.125,12.346351646612876,0,0,0.053588104,286048.71347888955,15328.808064803525,0
CUST_2644,28,Multi-Year,4857.026229327847,2,20.0,0,SMB,0,Mid-Tenure,20.0,2,135996.73442117972,0.0689655172413793,0.0,0,0,0.060250234,528654.7911788481,31851.57479911325,0
CUST_2645,3,Annual,4793.70051249665,3,25.0,0,SMB,0,New,25.0,3,14381.10153748995,0.75,0.0,0,0,0.020104755,820549.2733197537,16496.941872615265,0
CUST_2646,70,Monthly,3979.743002000668,4,10.0,2,SMB,0,Loyal,10.0,4,278582.0101400468,0.056338028169014,7.959486004001336,0,1,0.07813772,372699.8970383532,29121.919505991988,0
CUST_2647,27,Monthly,4695.824732659782,5,7.0,0,SMB,0,Mid-Tenure,7.0,5,126787.26778181412,0.1785714285714285,0.0,0,1,0.37360469,133024.7213792645,49698.65913717591,0
CUST_2648,2,Annual,3681.932342725002,3,26.0,0,SMB,0,New,26.0,3,7363.864685450004,1.0,0.0,0,0,0.06911879,370917.0176487229,25637.3355721356,0
CUST_2649,38,Monthly,4530.124354960316,1,9.0,2,SMB,0,Loyal,9.0,1,172144.725488492,0.0256410256410256,9.060248709920632,0,1,0.15522029,264893.3707191666,41116.82451300922,0
CUST_2650,3,Annual,1564.1317281483794,2,5.0,0,SMB,1,New,5.0,2,4692.3951844451385,0.5,0.0,0,0,0.101317436,124041.09972560943,12567.526121171366,0
CUST_2651,16,Monthly,2054.3909007955936,1,16.0,0,SMB,0,Mid-Tenure,16.0,1,32870.2544127295,0.0588235294117647,0.0,0,1,0.18083999,106795.58423458756,19312.911916093388,0
CUST_2652,40,Monthly,3888.185297021877,2,5.0,2,SMB,0,Loyal,5.0,2,155527.41188087506,0.048780487804878,7.776370594043754,0,1,0.08020288,358350.18027554284,28740.715618452145,0
CUST_2653,2,Monthly,2410.525571929507,4,6.0,2,SMB,0,New,6.0,4,4821.051143859014,1.3333333333333333,4.821051143859014,0,1,0.45552814,57219.97231874134,26065.30756510179,0
CUST_2654,41,Annual,4267.97345221033,0,12.0,2,SMB,0,Loyal,12.0,0,174986.91154062352,0.0,8.53594690442066,0,0,0.0091752345,865491.8234422534,7941.090415621703,0
CUST_2655,12,Monthly,4449.374922144988,7,5.0,0,SMB,1,New,5.0,7,53392.49906573986,0.5384615384615384,0.0,0,1,0.66102433,75092.36430333114,49637.87995540257,1
CUST_2656,35,Annual,1848.782681244162,1,2.0,5,SMB,0,Mid-Tenure,2.0,1,64707.39384354567,0.0277777777777777,9.24391340622081,0,0,0.08208801,167959.1730056733,13787.43402520362,0
CUST_2657,65,Monthly,4205.528636853081,1,26.0,2,SMB,0,Loyal,26.0,1,273359.36139545025,0.0151515151515151,8.411057273706161,0,1,0.046138257,524935.0975628619,24219.590328522372,0
CUST_2658,55,Annual,1194.1892197931752,2,24.0,2,SMB,0,Loyal,24.0,2,65680.40708862463,0.0357142857142857,2.3883784395863503,0,0,0.013085543,227156.1816072792,2972.462022576638,0
CUST_2659,45,Annual,2003.8852019158207,1,12.0,2,SMB,0,Loyal,12.0,1,90174.83408621194,0.0217391304347826,4.007770403831642,0,0,0.020253658,342282.8650745722,6932.480189343669,0
CUST_2660,62,Monthly,2830.8422800462504,2,9.0,0,SMB,0,Loyal,9.0,2,175512.2213628675,0.0317460317460317,0.0,0,1,0.12652789,192434.79217766915,24348.36832517192,0
CUST_2661,49,Annual,1518.9969294675147,0,25.0,0,SMB,0,Loyal,25.0,0,74430.84954390822,0.0,0.0,0,0,0.00848483,311669.93501348305,2644.4664609890733,0
CUST_2662,25,Monthly,3106.7052330883967,4,3.0,2,Enterprise,0,Mid-Tenure,3.0,4,77667.63082720991,0.1538461538461538,6.213410466176794,1,1,0.20683496,145153.3843546459,30022.79401191926,0
CUST_2663,23,Monthly,3104.1278542294094,4,4.0,0,SMB,1,Mid-Tenure,4.0,4,71394.94064727641,0.1666666666666666,0.0,0,1,0.33771476,96074.58060602713,32445.804075153308,0
CUST_2664,24,Monthly,1431.063026829076,4,20.0,0,SMB,1,Mid-Tenure,20.0,4,34345.512643897826,0.16,0.0,0,1,0.41106904,37245.51976951614,15310.479889471912,0
CUST_2665,38,Annual,4080.3860519845553,6,18.0,2,SMB,0,Loyal,18.0,6,155054.6699754131,0.1538461538461538,8.16077210396911,0,0,0.1314974,269781.46222649544,35475.5603165013,0
CUST_2666,28,Multi-Year,3342.400202351736,1,27.0,0,SMB,0,Mid-Tenure,27.0,1,93587.2056658486,0.0344827586206896,0.0,0,0,0.027360573,518465.7016473485,14185.518891001606,0
CUST_2667,21,Annual,1929.9222807122944,4,17.0,0,SMB,0,Mid-Tenure,17.0,4,40528.36789495818,0.1818181818181818,0.0,0,0,0.05334724,224089.84456278296,11954.57497344844,0
CUST_2668,54,Annual,1544.8315256163137,2,23.0,0,SMB,0,Loyal,23.0,2,83420.90238328093,0.0363636363636363,0.0,0,0,0.005512269,333943.7875467448,1840.7880592322406,0
CUST_2669,18,Annual,4454.375624755221,4,6.0,0,Enterprise,0,Mid-Tenure,6.0,4,80178.76124559398,0.2105263157894736,0.0,1,0,0.042596057,577265.5004556406,24589.234194665878,0
CUST_2670,36,Monthly,4260.840103510936,1,20.0,0,SMB,1,Mid-Tenure,20.0,1,153390.2437263937,0.027027027027027,0.0,0,1,0.20213489,202788.60006663733,40990.65184315649,0
CUST_2671,45,Multi-Year,1533.9230368498684,2,28.0,2,SMB,0,Loyal,28.0,2,69026.53665824408,0.0434782608695652,3.067846073699737,0,0,0.006394838,326396.47814146953,2087.2525959210257,0
CUST_2672,53,Monthly,660.2235193242894,0,0.0,0,SMB,0,Loyal,0.0,0,34991.84652418734,0.0,0.0,0,1,0.14388297,40863.218415119736,5879.521432917367,0
CUST_2673,30,Multi-Year,4120.396680844057,4,25.0,0,Enterprise,0,Mid-Tenure,25.0,4,123611.90042532171,0.1290322580645161,0.0,1,0,0.019040596,716169.3653787079,13636.291367605536,0
CUST_2674,60,Annual,3269.788498692694,1,16.0,15,Enterprise,0,Loyal,16.0,1,196187.3099215616,0.0163934426229508,49.046827480390405,1,0,0.31756988,106748.30193564692,33900.04561499105,0
CUST_2675,32,Annual,953.9691262405686,6,23.0,0,Enterprise,0,Mid-Tenure,23.0,6,30527.012039698195,0.1818181818181818,0.0,1,0,0.18005605,49760.17645392944,8959.620840487234,0
CUST_2676,67,Annual,3143.111927985028,3,19.0,0,SMB,0,Loyal,19.0,3,210588.4991749969,0.0441176470588235,0.0,0,0,0.005512849,679434.4669959241,3745.6195961923327,0
CUST_2677,67,Monthly,2534.8220841276243,1,28.0,5,SMB,0,Loyal,28.0,1,169833.07963655083,0.0147058823529411,12.67411042063812,0,1,0.03877422,342643.0026527754,13285.71462160379,0
CUST_2678,28,Annual,3985.476473631612,8,19.0,0,SMB,0,Mid-Tenure,19.0,8,111593.34126168511,0.2758620689655172,0.0,0,0,0.15472896,233605.04274577842,36145.4662424877,0
CUST_2679,44,Monthly,1440.881789714285,2,29.0,2,SMB,0,Loyal,29.0,2,63398.79874742855,0.0444444444444444,2.8817635794285703,0,1,0.13936105,91310.12639807981,12725.075428792812,0
CUST_2680,41,Annual,2539.20534937262,2,24.0,10,Enterprise,0,Loyal,24.0,2,104107.4193242774,0.0476190476190476,25.3920534937262,1,0,0.15561673,148190.5901683843,23060.935125694596,0
CUST_2681,63,Annual,1203.0985141336257,0,17.0,5,SMB,0,Loyal,17.0,0,75795.20639041842,0.0,6.015492570668129,0,0,0.013781955,226352.14485296575,3119.5749691165925,0
CUST_2682,23,Multi-Year,4808.8725251488095,3,4.0,0,SMB,1,Mid-Tenure,4.0,3,110604.0680784226,0.125,0.0,0,0,0.08721542,420553.82731675083,36678.780189296245,0
CUST_2683,48,Annual,4004.321706163239,4,21.0,0,SMB,0,Loyal,21.0,4,192207.44189583548,0.0816326530612244,0.0,0,0,0.0063447366,852818.977811495,5410.911742234035,0
CUST_2684,32,Monthly,3815.250919256284,0,5.0,0,SMB,0,Mid-Tenure,5.0,0,122088.02941620108,0.0,0.0,0,1,0.25483766,150188.16554057886,38273.600963664016,0
CUST_2685,57,Monthly,3605.929992593609,2,9.0,2,SMB,0,Loyal,9.0,2,205538.0095778357,0.0344827586206896,7.211859985187218,0,1,0.15522341,210849.04315963163,32728.708381520846,0
CUST_2686,33,Annual,2405.0139910987173,3,27.0,5,SMB,0,Mid-Tenure,27.0,3,79365.46170625767,0.088235294117647,12.025069955493583,0,0,0.028310271,368536.1648093672,10433.358691683308,0
CUST_2687,24,Monthly,4654.770870664152,2,29.0,2,SMB,0,Mid-Tenure,29.0,2,111714.50089593964,0.08,9.309541741328305,0,1,0.20732027,217072.86109198,45003.604805660674,0
CUST_2688,39,Monthly,828.1265536715243,3,18.0,0,SMB,0,Loyal,18.0,3,32296.93559318945,0.075,0.0,0,1,0.036326155,115115.96896069948,4181.720539095639,0
CUST_2689,34,Multi-Year,4114.665822555284,2,9.0,0,SMB,0,Mid-Tenure,9.0,2,139898.63796687964,0.0571428571428571,0.0,0,0,0.019659396,708820.2309070488,13934.97779719874,0
CUST_2690,56,Annual,1468.5472944757971,2,5.0,0,Enterprise,0,Loyal,5.0,2,82238.64849064464,0.0350877192982456,0.0,1,0,0.006099071,314132.9593240793,1915.9191871787532,0
CUST_2691,28,Annual,1958.125800352316,3,9.0,0,SMB,0,Mid-Tenure,9.0,3,54827.52240986485,0.1034482758620689,0.0,0,0,0.027783984,302086.7216096599,8393.172735992282,0
CUST_2692,37,Monthly,2837.4337803528874,0,9.0,2,SMB,0,Loyal,9.0,0,104985.04987305684,0.0,5.674867560705775,0,1,0.07245343,278058.39023743884,20146.284609344842,0
CUST_2693,7,Annual,4021.947549750108,2,20.0,0,SMB,0,New,20.0,2,28153.63284825076,0.25,0.0,0,0,0.023623606,655542.0717238119,15486.267743436058,0
CUST_2694,68,Monthly,4273.407084441815,3,11.0,0,SMB,0,Loyal,11.0,3,290591.6817420434,0.0434782608695652,0.0,0,1,0.1377005,273205.91232037835,37620.590211499926,0
CUST_2695,37,Annual,3126.795125720562,1,23.0,2,Enterprise,0,Loyal,23.0,1,115691.4196516608,0.0263157894736842,6.253590251441124,1,0,0.03349687,449376.6309217167,15052.711301807627,0
CUST_2696,56,Monthly,2313.6597002060835,2,3.0,0,Enterprise,0,Loyal,3.0,2,129564.94321154068,0.0350877192982456,0.0,1,1,0.09108548,196787.9136248794,17924.521307702715,0
CUST_2697,65,Multi-Year,4759.260896314445,0,12.0,5,SMB,0,Loyal,12.0,0,309351.9582604389,0.0,23.796304481572225,0,0,0.009087823,966546.5203442853,8783.804018425799,0
CUST_2698,65,Monthly,1609.3458312771577,3,25.0,0,SMB,0,Loyal,25.0,3,104607.47903301525,0.0454545454545454,0.0,0,1,0.06898735,162304.2256723641,11196.937966151258,0
CUST_2699,47,Monthly,4113.925591462859,4,9.0,10,SMB,0,Loyal,9.0,4,193354.5027987544,0.0833333333333333,41.13925591462859,0,1,0.8179564,56877.40432842118,46523.236203101755,1
CUST_2700,20,Annual,3254.223296516689,4,15.0,0,SMB,1,Mid-Tenure,15.0,4,65084.46593033378,0.1904761904761904,0.0,0,0,0.07886,303047.34230380814,23898.31334616132,0
CUST_2701,19,Annual,2196.027575983462,0,18.0,0,Enterprise,0,Mid-Tenure,18.0,0,41724.52394368578,0.0,0.0,1,0,0.025730677,347974.3007443796,8953.614319016222,0
CUST_2702,29,Monthly,506.1559296359156,2,5.0,0,SMB,0,Mid-Tenure,5.0,2,14678.521959441552,0.0666666666666666,0.0,0,1,0.11557208,36684.15148475719,4239.663690720418,0
CUST_2703,60,Annual,2509.6968560688206,1,25.0,5,SMB,0,Loyal,25.0,1,150581.81136412924,0.0163934426229508,12.548484280344102,0,0,0.009187841,508826.84571248404,4675.020081978033,0
CUST_2704,18,Monthly,1745.2399889403466,2,29.0,0,SMB,0,Mid-Tenure,29.0,2,31414.31980092624,0.1052631578947368,0.0,0,1,0.4165331,44890.44565080874,18698.35704960791,0
CUST_2705,35,Multi-Year,969.5597599650227,0,8.0,0,SMB,0,Mid-Tenure,8.0,0,33934.5915987758,0.0,0.0,0,0,0.015991107,176307.35775294164,2819.349757370063,0
CUST_2706,43,Multi-Year,838.2135440213818,1,13.0,10,SMB,0,Loyal,13.0,1,36043.18239291942,0.0227272727272727,8.382135440213819,0,0,0.114117205,61288.898395198485,6994.117791151808,0
CUST_2707,11,Monthly,2064.012472902209,2,23.0,0,Enterprise,0,New,23.0,2,22704.1372019243,0.1666666666666666,0.0,1,1,0.19362701,101664.21815985782,19684.9390698166,0
CUST_2708,49,Multi-Year,3266.4082493329183,3,9.0,2,SMB,0,Loyal,9.0,3,160054.004217313,0.06,6.532816498665837,0,0,0.0103244735,649767.7581456966,6708.509995452098,0
CUST_2709,38,Monthly,4268.836919141481,5,7.0,0,Enterprise,0,Loyal,7.0,5,162215.8029273763,0.1282051282051282,0.0,1,1,0.037792873,583487.4865807606,22051.668265927685,0
CUST_2710,64,Monthly,1326.034602262971,5,2.0,0,SMB,0,Loyal,2.0,5,84866.21454483015,0.0769230769230769,0.0,0,1,0.25122952,52824.88367601907,13271.170413633014,0
CUST_2711,69,Multi-Year,2410.8978708907234,2,16.0,0,SMB,0,Loyal,16.0,2,166351.95309145993,0.0285714285714285,0.0,0,0,0.0042545404,533241.5465715547,2268.6977180548097,0
CUST_2712,8,Annual,2263.802630639685,2,18.0,0,SMB,0,New,18.0,2,18110.42104511748,0.2222222222222222,0.0,0,0,0.05524567,258116.37674506183,14259.812538111442,0
CUST_2713,34,Monthly,2810.2730414383204,1,29.0,0,SMB,1,Mid-Tenure,29.0,1,95549.28340890288,0.0285714285714285,0.0,0,1,0.42286015,71317.65272059098,30157.393011057626,0
CUST_2714,48,Monthly,4143.142718642988,1,2.0,0,SMB,0,Loyal,2.0,1,198870.85049486344,0.0204081632653061,0.0,0,1,0.1130729,304880.28932758194,34473.69906595083,0
CUST_2715,56,Monthly,2991.403480996557,2,13.0,0,SMB,0,Loyal,13.0,2,167518.5949358072,0.0350877192982456,0.0,0,1,0.12569967,204307.9680234123,25681.443979673266,0
CUST_2716,65,Multi-Year,4309.947110760324,0,27.0,0,SMB,0,Loyal,27.0,0,280146.56219942105,0.0,0.0,0,0,0.0044451477,949935.2594370089,4222.602534212671,0
CUST_2717,31,Monthly,2833.4829023104,1,5.0,0,SMB,1,Mid-Tenure,5.0,1,87837.9699716224,0.03125,0.0,0,1,0.27164137,105713.37009080974,28716.12506298274,0
CUST_2718,4,Monthly,3217.3131433157214,2,28.0,0,SMB,0,New,28.0,2,12869.252573262886,0.4,0.0,0,1,0.17935316,168333.22800523706,30191.096821198913,0
CUST_2719,50,Monthly,2468.224591218454,3,18.0,0,SMB,0,Loyal,18.0,3,123411.2295609227,0.0588235294117647,0.0,0,1,0.07785504,231658.39483387963,18035.77431733374,0
CUST_2720,69,Monthly,4203.930111330352,4,17.0,10,Enterprise,1,Loyal,17.0,4,290071.1776817943,0.0571428571428571,42.03930111330352,1,1,0.85479593,55755.29115927801,47659.39611334546,1
CUST_2721,30,Monthly,4657.222428640937,0,11.0,0,SMB,0,Mid-Tenure,11.0,0,139716.67285922813,0.0,0.0,0,1,0.15857327,267947.42194923543,42489.298844775025,0
CUST_2722,59,Monthly,3376.1513215541554,2,14.0,0,SMB,0,Loyal,14.0,2,199192.9279716952,0.0333333333333333,0.0,0,1,0.14566754,207054.35802039967,30161.098574699947,0
CUST_2723,67,Monthly,4193.521021278068,3,24.0,0,SMB,0,Loyal,24.0,3,280965.90842563054,0.0441176470588235,0.0,0,1,0.05850181,463791.83641147165,27132.66181697061,0
CUST_2724,45,Monthly,765.5150029959514,1,5.0,2,Enterprise,0,Loyal,5.0,1,34448.17513481781,0.0217391304347826,1.5310300059919026,1,1,0.107265756,58411.82766604378,6265.58882673004,0
CUST_2725,4,Multi-Year,4577.50288150996,1,20.0,0,Enterprise,0,New,20.0,1,18310.01152603984,0.2,0.0,1,0,0.032738823,663896.7270411779,21735.197731419015,0
CUST_2726,26,Monthly,1350.1628007760603,5,11.0,0,SMB,1,Mid-Tenure,11.0,5,35104.23282017757,0.1851851851851851,0.0,0,1,0.6447436,23320.76586732817,15035.915037941122,1
CUST_2727,27,Annual,1654.3419229661356,0,18.0,2,Enterprise,0,Mid-Tenure,18.0,0,44667.23192008566,0.0,3.308683845932271,1,0,0.066884354,169843.977775301,11359.904693003074,0
CUST_2728,46,Annual,739.9853069303581,4,6.0,0,Enterprise,0,Loyal,6.0,4,34039.324118796474,0.0851063829787234,0.0,1,0,0.0022465813,169959.8975381748,381.8287191974385,0
CUST_2729,64,Multi-Year,4844.300526383266,4,22.0,0,SMB,0,Loyal,22.0,4,310035.233688529,0.0615384615384615,0.0,0,0,0.03201355,708804.9248564448,22691.362186180235,0
CUST_2730,51,Multi-Year,4334.048822697694,4,19.0,10,SMB,0,Loyal,19.0,4,221036.4899575824,0.0769230769230769,43.340488226976944,0,0,0.1019626,342245.9414390646,34896.28727046051,0
CUST_2731,50,Monthly,4609.330718409878,4,9.0,0,SMB,0,Loyal,9.0,4,230466.5359204939,0.0784313725490196,0.0,0,1,0.09977862,369291.4839201667,36847.395525484586,0
CUST_2732,6,Monthly,4312.472754920067,6,17.0,0,SMB,1,New,17.0,6,25874.8365295204,0.8571428571428571,0.0,0,1,0.82458353,59170.64585982261,48791.14006068061,1
CUST_2733,59,Monthly,2657.8874872458,2,1.0,0,SMB,0,Loyal,1.0,2,156815.3617475022,0.0333333333333333,0.0,0,1,0.06369921,280517.7722683881,17868.759979518032,0
CUST_2734,15,Monthly,4658.368703408435,3,12.0,0,SMB,1,Mid-Tenure,12.0,3,69875.53055112653,0.1875,0.0,0,1,0.3036539,158065.33792446312,47997.1556603924,0
CUST_2735,30,Annual,4862.627691922347,0,14.0,0,SMB,0,Mid-Tenure,14.0,0,145878.83075767042,0.0,0.0,0,0,0.05346926,563950.4165994115,30154.01105292179,0
CUST_2736,42,Annual,2761.551395552289,1,27.0,0,SMB,0,Loyal,27.0,1,115985.15861319612,0.0232558139534883,0.0,0,0,0.006969298,581692.5396231492,4053.9885194601957,0
CUST_2737,37,Multi-Year,1290.3115159797717,3,23.0,0,Enterprise,0,Loyal,23.0,3,47741.52609125155,0.0789473684210526,0.0,1,0,0.015974713,234692.01509348955,3749.1376993715485,0
CUST_2738,42,Monthly,3463.8012903339245,3,3.0,0,SMB,0,Loyal,3.0,3,145479.65419402483,0.0697674418604651,0.0,0,1,0.06959926,347540.7185559,24188.578002584014,0
CUST_2739,35,Multi-Year,4889.472304341068,2,6.0,10,SMB,0,Mid-Tenure,6.0,2,171131.53065193736,0.0555555555555555,48.89472304341068,0,0,0.20766285,227714.8793344077,47287.92097079953,0
CUST_2740,6,Monthly,4424.660869364938,2,2.0,2,Enterprise,0,New,2.0,2,26547.965216189627,0.2857142857142857,8.849321738729875,1,1,0.1595022,253438.545646225,40424.00390537373,0
CUST_2741,68,Monthly,4378.1682926565845,4,24.0,0,SMB,1,Loyal,24.0,4,297715.44390064775,0.0579710144927536,0.0,0,1,0.16933726,239530.76083099403,40561.48218418661,0
CUST_2742,18,Monthly,4702.1810756327695,3,15.0,0,SMB,0,Mid-Tenure,15.0,3,84639.25936138985,0.1578947368421052,0.0,0,1,0.21936025,209482.18642898882,45952.06421044936,0
CUST_2743,29,Annual,4522.785172486461,3,25.0,0,SMB,0,Mid-Tenure,25.0,3,131160.77000210737,0.1,0.0,0,0,0.031540006,665604.8539880571,20993.18135409173,0
CUST_2744,59,Monthly,3993.267488082318,2,8.0,0,Enterprise,0,Loyal,8.0,2,235602.78179685675,0.0333333333333333,0.0,1,1,0.06561922,414457.1018169118,27196.3529133746,0
CUST_2745,47,Multi-Year,3732.227744728223,1,22.0,10,SMB,1,Loyal,22.0,1,175414.7040022265,0.0208333333333333,37.32227744728223,0,0,0.6704551,62164.50173029531,41678.5071091653,1
CUST_2746,17,Multi-Year,1691.4522818513944,1,22.0,15,SMB,0,Mid-Tenure,22.0,1,28754.688791473705,0.0555555555555555,25.37178422777092,0,0,0.26714322,64000.821577917886,17097.385540371593,0
CUST_2747,22,Multi-Year,3296.030096428022,3,16.0,0,Enterprise,0,Mid-Tenure,16.0,3,72512.66212141648,0.1304347826086956,0.0,1,0,0.023919765,535071.5171873687,12798.784899108481,0
CUST_2748,68,Monthly,2846.698797676502,2,25.0,0,SMB,0,Loyal,25.0,2,193575.51824200212,0.0289855072463768,0.0,0,1,0.056373138,321137.3282891229,18103.51891839593,0
CUST_2749,69,Multi-Year,4378.748412114461,2,7.0,5,SMB,0,Loyal,7.0,2,302133.6404358978,0.0285714285714285,21.8937420605723,0,0,0.0055188523,946434.8914307533,5223.234346532649,0
CUST_2750,37,Annual,2712.706580705324,1,17.0,2,SMB,0,Loyal,17.0,1,100370.143486097,0.0263157894736842,5.425413161410648,0,0,0.020082047,464490.9899739043,9327.92998887781,0
CUST_2751,49,Monthly,1074.842435942101,1,23.0,0,SMB,0,Loyal,23.0,1,52667.27936116295,0.02,0.0,0,1,0.17194144,58114.92056598035,9992.363376202155,0
CUST_2752,13,Monthly,522.3761839505713,1,26.0,0,SMB,0,Mid-Tenure,26.0,1,6790.890391357427,0.0714285714285714,0.0,0,1,0.13615677,33673.30872978876,4584.848871271697,0
CUST_2753,34,Monthly,3550.4290421089936,3,12.0,0,Enterprise,0,Mid-Tenure,12.0,3,120714.5874317058,0.0857142857142857,0.0,1,1,0.20028372,170227.40762837342,34093.77863120646,0
CUST_2754,53,Monthly,2974.587742072227,3,1.0,5,SMB,0,Loyal,1.0,3,157653.15032982803,0.0555555555555555,14.872938710361131,0,1,0.08517849,264058.6717299182,22492.118137936563,0
CUST_2755,51,Annual,1989.3330696130167,1,0.0,0,SMB,1,Loyal,0.0,1,101455.98655026389,0.0192307692307692,0.0,0,0,0.011830422,386088.19702182454,4567.586337034196,0
CUST_2756,3,Multi-Year,1260.3746751705066,6,15.0,2,SMB,0,New,15.0,6,3781.12402551152,1.5,2.520749350341013,0,0,0.093997344,105033.1621096978,9872.838309584406,0
CUST_2757,42,Monthly,2600.21895081756,1,15.0,0,SMB,1,Loyal,15.0,1,109209.19593433752,0.0232558139534883,0.0,0,1,0.108298205,197112.95248317625,21346.97890448835,0
CUST_2758,32,Annual,951.2891261550756,3,10.0,5,SMB,0,Mid-Tenure,10.0,3,30441.252036962414,0.0909090909090909,4.756445630775378,0,0,0.024208691,153829.27861763895,3724.0054683672147,0
CUST_2759,51,Multi-Year,2012.488201495144,1,23.0,0,SMB,0,Loyal,23.0,1,102636.89827625237,0.0192307692307692,0.0,0,0,0.0076755,418719.53672294633,3213.881854768483,0
CUST_2760,46,Monthly,2206.453578060354,3,3.0,0,Enterprise,0,Loyal,3.0,3,101496.8645907763,0.0638297872340425,0.0,1,1,0.033651017,316522.6506657145,10651.308988472012,0
CUST_2761,21,Multi-Year,2595.284126770829,3,10.0,0,SMB,0,Mid-Tenure,10.0,3,54500.96666218741,0.1363636363636363,0.0,0,0,0.016818574,466089.1174169166,7838.954171299299,0
CUST_2762,44,Annual,2599.793381024811,0,25.0,0,Enterprise,0,Loyal,25.0,0,114390.90876509168,0.0,0.0,1,0,0.004182075,575790.436099013,2407.998874596412,0
CUST_2763,11,Annual,1656.5253956342476,5,5.0,0,Enterprise,0,New,5.0,5,18221.77935197672,0.4166666666666667,0.0,1,0,0.48645744,37054.76712394536,18025.567054004572,0
CUST_2764,68,Monthly,4325.949417208944,0,25.0,0,SMB,0,Loyal,25.0,0,294164.56037020823,0.0,0.0,0,1,0.037755262,591547.3479262991,22334.02516945526,0
CUST_2765,1,Annual,2099.945778155355,2,28.0,0,SMB,0,New,28.0,2,2099.945778155355,1.0,0.0,0,0,0.021241205,353718.72895149345,7513.411967896124,0
CUST_2766,63,Monthly,1533.1428900163237,5,10.0,0,SMB,1,Loyal,10.0,5,96588.0020710284,0.078125,0.0,0,1,0.45425957,36484.61066241721,16573.483712144574,0
CUST_2767,24,Annual,1291.144475347656,2,25.0,0,SMB,0,Mid-Tenure,25.0,2,30987.467408343746,0.08,0.0,0,0,0.038387485,175293.28894364243,6729.0684733676835,0
CUST_2768,13,Monthly,1951.6027752650105,0,0.0,0,SMB,0,Mid-Tenure,0.0,0,25370.836078445136,0.0,0.0,0,1,0.22494482,85177.9421759751,19160.336448231417,0
CUST_2769,11,Multi-Year,803.9879733989046,3,8.0,0,SMB,0,New,8.0,3,8843.867707387952,0.25,0.0,0,0,0.05549339,91454.59981745321,5075.125621775207,0
CUST_2770,51,Monthly,648.0838534143725,5,26.0,0,SMB,0,Loyal,26.0,5,33052.276524133,0.0961538461538461,0.0,0,1,0.26071906,25029.05975620246,6525.5529547927035,0
CUST_2771,17,Monthly,3223.139885612905,2,6.0,0,SMB,0,Mid-Tenure,6.0,2,54793.37805541938,0.1111111111111111,0.0,0,1,0.2355841,135433.58923636185,31905.999569160314,0
CUST_2772,24,Annual,3286.162112221355,3,20.0,0,SMB,1,Mid-Tenure,20.0,3,78867.89069331253,0.12,0.0,0,0,0.03495761,464160.22342059447,16225.932100668648,0
CUST_2773,19,Monthly,2883.1469118723035,1,21.0,0,SMB,0,Mid-Tenure,21.0,1,54779.791325573766,0.05,0.0,0,1,0.21713334,129514.9492815927,28122.013934449496,0
CUST_2774,37,Annual,3930.28337854276,2,2.0,0,SMB,0,Loyal,2.0,2,145420.48500608213,0.0526315789473684,0.0,0,0,0.02455342,632612.1441356906,15532.791686063863,0
CUST_2775,8,Multi-Year,676.177449246851,2,28.0,0,SMB,0,New,28.0,2,5409.419593974808,0.2222222222222222,0.0,0,0,0.0894592,58182.815802980214,5204.988340715746,0
CUST_2776,28,Annual,4711.878986942605,4,8.0,0,Enterprise,0,Mid-Tenure,8.0,4,131932.61163439293,0.1379310344827586,0.0,1,0,0.021517301,790613.5299873775,17011.86928225695,0
CUST_2777,5,Monthly,927.7930546567724,0,1.0,0,SMB,0,New,1.0,0,4638.965273283862,0.0,0.0,0,1,0.2439897,37870.42871132841,9239.994768864159,0
CUST_2778,17,Annual,3533.103474771171,3,27.0,0,Enterprise,0,Mid-Tenure,27.0,3,60062.759071109904,0.1666666666666666,0.0,1,0,0.048934963,428536.48764373467,20970.416995782754,0
CUST_2779,36,Annual,1100.284650233642,0,9.0,2,SMB,0,Mid-Tenure,9.0,0,39610.24740841111,0.0,2.200569300467284,0,0,0.060854685,119105.6180105693,7248.134813534638,0
CUST_2780,19,Multi-Year,4459.574449885065,2,16.0,0,SMB,0,Mid-Tenure,16.0,2,84731.91454781624,0.1,0.0,0,0,0.038659476,603600.3512470241,23334.873137965744,0
CUST_2781,64,Monthly,2798.209791252641,3,29.0,0,SMB,1,Loyal,29.0,3,179085.42664016903,0.0461538461538461,0.0,0,1,0.2734339,103818.79230574856,28387.57664212782,0
CUST_2782,11,Monthly,870.3209345808922,1,0.0,0,Enterprise,0,New,0.0,1,9573.530280389814,0.0833333333333333,0.0,1,1,0.13819209,55495.69869801795,7669.066445459879,0
CUST_2783,54,Annual,3275.258507150331,0,25.0,2,SMB,0,Loyal,25.0,0,176863.95938611787,0.0,6.550517014300661,0,0,0.013152885,622348.4625676075,8185.677914130683,0
CUST_2784,45,Monthly,540.9947474699075,3,17.0,0,Enterprise,0,Loyal,17.0,3,24344.763636145835,0.0652173913043478,0.0,1,1,0.030308357,80837.62814005233,2450.0556529793625,0
CUST_2785,47,Monthly,3992.0998029811008,3,5.0,2,SMB,0,Loyal,5.0,3,187628.69074011172,0.0625,7.984199605962202,0,1,0.07540158,382014.28746997233,28804.481554537644,0
CUST_2786,12,Monthly,3427.632439907555,4,5.0,5,SMB,0,New,5.0,4,41131.58927889066,0.3076923076923077,17.138162199537774,0,1,0.28272432,123620.62290901577,34950.556659767215,0
CUST_2787,21,Multi-Year,1456.811372135783,4,8.0,2,SMB,0,Mid-Tenure,8.0,4,30593.03881485144,0.1818181818181818,2.913622744271566,0,0,0.21164405,66814.95504296369,14140.98791698488,0
CUST_2788,11,Multi-Year,2186.3791227924216,1,9.0,2,Enterprise,0,New,9.0,1,24050.17035071664,0.0833333333333333,4.372758245584843,1,0,0.043645866,280167.7135514082,12228.162543491373,0
CUST_2789,5,Annual,535.1301252000062,3,14.0,0,Enterprise,0,New,14.0,3,2675.650626000031,0.5,0.0,1,0,0.046817545,66326.42320235215,3105.2402928654305,0
CUST_2790,56,Monthly,3621.577167370423,4,3.0,0,SMB,0,Loyal,3.0,4,202808.3213727437,0.0701754385964912,0.0,0,1,0.08989272,310658.93773023214,27925.977733179803,0
CUST_2791,20,Monthly,1952.0066187937368,0,7.0,10,Enterprise,1,Mid-Tenure,7.0,0,39040.13237587474,0.0,19.52006618793737,1,1,0.8406481,26300.037832996768,22109.07722035412,1
CUST_2792,41,Multi-Year,3072.1501188352363,1,3.0,5,SMB,0,Loyal,3.0,1,125958.15487224468,0.0238095238095238,15.36075059417618,0,0,0.0317038,451212.8296044724,14305.161290518241,0
CUST_2793,46,Multi-Year,4805.2743256150825,2,2.0,0,SMB,0,Loyal,2.0,2,221042.6189782938,0.0425531914893617,0.0,0,0,0.023968002,779570.7786323482,18684.75384700182,0
CUST_2794,12,Multi-Year,1847.6002082641323,4,3.0,0,SMB,0,New,3.0,4,22171.202499169587,0.3076923076923077,0.0,0,0,0.021983227,308005.1262072069,6770.946533031795,0
CUST_2795,70,Annual,4956.070478392932,0,0.0,5,SMB,0,Loyal,0.0,0,346924.93348750524,0.0,24.780352391964666,0,0,0.013649368,934382.2972237761,12753.727572723337,0
CUST_2796,17,Monthly,3347.277737034049,4,8.0,0,SMB,1,Mid-Tenure,8.0,4,56903.721529578834,0.2222222222222222,0.0,0,1,0.38569674,92191.03140738633,35557.78017503654,0
CUST_2797,19,Multi-Year,1589.3989982847722,2,10.0,0,Enterprise,0,Mid-Tenure,10.0,2,30198.58096741067,0.1,0.0,1,0,0.033836115,227500.85420128112,7697.745099851864,0
CUST_2798,26,Monthly,2465.50047359566,2,20.0,0,SMB,0,Mid-Tenure,20.0,2,64103.01231348716,0.074074074074074,0.0,0,1,0.24263878,101100.76940568646,24530.96751416737,0
CUST_2799,48,Monthly,3832.0390507261536,3,22.0,0,Enterprise,0,Loyal,22.0,3,183937.87443485536,0.0612244897959183,0.0,1,1,0.04001366,510860.99996522703,20441.418229831386,0
CUST_2800,52,Annual,2509.1505845738657,3,18.0,0,Enterprise,0,Loyal,18.0,3,130475.830397841,0.0566037735849056,0.0,1,0,0.0041540163,556003.2144575552,2309.6463955722993,0
CUST_2801,70,Monthly,808.2840530369858,3,20.0,2,Enterprise,0,Loyal,20.0,3,56579.883712589006,0.0422535211267605,1.6165681060739716,1,1,0.10507651,62545.958940699806,6572.110875810323,0
CUST_2802,55,Monthly,1258.7164762214406,10,28.0,0,SMB,0,Loyal,28.0,10,69229.40619217923,0.1785714285714285,0.0,0,1,0.13664639,80926.27968305672,11058.283971683559,0
CUST_2803,33,Monthly,4060.839856027754,0,25.0,10,SMB,0,Mid-Tenure,25.0,0,134007.7152489159,0.0,40.60839856027754,0,1,0.3575253,119575.58992090821,42751.29735083553,0
CUST_2804,62,Monthly,3417.678840731276,1,29.0,10,SMB,0,Loyal,29.0,1,211896.08812533916,0.0158730158730158,34.17678840731276,0,1,0.24442497,139295.7417076433,34047.35734285851,0
CUST_2805,23,Multi-Year,3064.214647994602,1,19.0,2,Enterprise,0,Mid-Tenure,19.0,1,70476.93690387585,0.0416666666666666,6.128429295989204,1,0,0.043566134,392990.21963580727,17121.064501344328,0
CUST_2806,15,Monthly,1254.2988683993058,2,6.0,15,SMB,1,Mid-Tenure,6.0,2,18814.483025989583,0.125,18.814483025989585,0,1,0.89709806,15892.320760381397,14256.970193321373,1
CUST_2807,27,Monthly,4269.908504076528,3,4.0,0,SMB,1,Mid-Tenure,4.0,3,115287.52961006624,0.1071428571428571,0.0,0,1,0.6229811,76137.20996521537,47432.040643031294,1
CUST_2808,64,Monthly,4823.330493138125,4,1.0,0,SMB,0,Loyal,1.0,4,308693.15156084,0.0615384615384615,0.0,0,1,0.06575742,500010.8467182297,32879.42507189447,0
CUST_2809,51,Monthly,683.991938708013,2,18.0,2,SMB,0,Loyal,18.0,2,34883.58887410866,0.0384615384615384,1.367983877416026,0,1,0.06538968,71132.04254600577,4651.301349185873,0
CUST_2810,53,Monthly,851.1434179423488,1,23.0,0,SMB,0,Loyal,23.0,1,45110.60115094449,0.0185185185185185,0.0,0,1,0.17416729,45562.94156950199,7935.574072621234,0
CUST_2811,51,Annual,4481.2602649155415,3,2.0,0,SMB,0,Loyal,2.0,3,228544.2735106926,0.0576923076923076,0.0,0,0,0.008998554,911465.0897657461,8201.86801160478,0
CUST_2812,47,Monthly,4169.985143144577,1,14.0,0,SMB,0,Loyal,14.0,1,195989.3017277951,0.0208333333333333,0.0,0,1,0.115621395,302133.7928199826,34933.13072609249,0
CUST_2813,4,Annual,3280.7050498008216,3,6.0,0,Enterprise,0,New,6.0,3,13122.820199203286,0.6,0.0,1,0,0.050363727,392257.8411007265,19755.56678904434,0
CUST_2814,7,Multi-Year,4752.34344043762,3,4.0,2,SMB,0,New,4.0,3,33266.404083063346,0.375,9.50468688087524,0,0,0.010659433,940136.0500260778,10021.31720792169,0
CUST_2815,35,Annual,3408.9376009640146,1,22.0,0,SMB,0,Mid-Tenure,22.0,1,119312.81603374051,0.0277777777777777,0.0,0,0,0.023253666,558432.7973837443,12985.609886153965,0
CUST_2816,48,Monthly,1471.933740782765,3,9.0,2,SMB,0,Loyal,9.0,3,70652.81955757271,0.0612244897959183,2.94386748156553,0,1,0.056951884,165150.9452284936,9405.657504921457,0
CUST_2817,45,Monthly,3778.8904567260506,1,8.0,0,Enterprise,0,Loyal,8.0,1,170050.0705526723,0.0217391304347826,0.0,1,1,0.06702578,387493.13504162134,25972.029883451072,0
CUST_2818,19,Multi-Year,3405.696551355368,5,22.0,0,Enterprise,0,Mid-Tenure,22.0,5,64708.23447575199,0.25,0.0,1,0,0.33522144,106090.55766471256,35563.82946833078,0
CUST_2819,63,Annual,4935.851159045133,3,13.0,0,Enterprise,0,Loyal,13.0,3,310958.62301984336,0.046875,0.0,1,0,0.06914902,497110.3976797301,34374.69550605952,0
CUST_2820,38,Multi-Year,1462.5308136865629,5,21.0,2,SMB,0,Loyal,21.0,5,55576.17092008939,0.1282051282051282,2.925061627373126,0,0,0.029790035,219956.91712827174,6552.52415364618,0
CUST_2821,67,Multi-Year,3190.4822136316952,1,27.0,0,Enterprise,0,Loyal,27.0,1,213762.3083133236,0.0147058823529411,0.0,1,0,0.004696328,699969.948750552,3287.288604534491,0
CUST_2822,59,Multi-Year,4010.7538500130513,3,12.0,15,SMB,0,Loyal,12.0,3,236634.47715077,0.05,60.16130775019577,0,0,0.22941028,172252.24295274197,39516.434565871205,0
CUST_2823,69,Multi-Year,2025.4239020217683,3,0.0,2,SMB,0,Loyal,0.0,3,139754.249239502,0.0428571428571428,4.050847804043537,0,0,0.016801134,363842.4461308804,6112.965602052186,0
CUST_2824,13,Annual,2208.55812394207,2,15.0,0,SMB,0,Mid-Tenure,15.0,2,28711.25561124691,0.1428571428571428,0.0,0,0,0.021184595,372309.4358279197,7887.224725036343,0
CUST_2825,47,Monthly,4495.558272477443,1,19.0,10,SMB,0,Loyal,19.0,1,211291.23880643983,0.0208333333333333,44.95558272477443,0,1,0.2615476,173157.16130011078,45288.839140529555,0
CUST_2826,61,Multi-Year,2318.8769582399664,0,7.0,0,SMB,0,Loyal,7.0,0,141451.49445263794,0.0,0.0,0,0,0.0062104943,495041.4195024591,3074.4519244004177,0
CUST_2827,31,Annual,3311.297833530265,3,16.0,0,SMB,0,Mid-Tenure,16.0,3,102650.23283943822,0.09375,0.0,0,0,0.02422059,535371.3012154882,12967.008542706062,0
CUST_2828,22,Monthly,4501.571618870716,3,5.0,0,Enterprise,0,Mid-Tenure,5.0,3,99034.57561515574,0.1304347826086956,0.0,1,1,0.16495337,251305.0211784271,41453.60911647456,0
CUST_2829,43,Annual,1444.219623907526,3,1.0,0,SMB,0,Loyal,1.0,3,62101.44382802362,0.0681818181818181,0.0,0,0,0.0052065863,313923.33495799487,1634.4689436452943,0
CUST_2830,67,Annual,4918.447833586726,1,12.0,0,SMB,0,Loyal,12.0,1,329536.0048503106,0.0147058823529411,0.0,0,0,0.031640165,722945.2695688574,22874.107292780645,0
CUST_2831,54,Multi-Year,3658.790902866466,1,24.0,0,SMB,0,Loyal,24.0,1,197574.70875478917,0.0181818181818181,0.0,0,0,0.009911835,732835.0090844516,7263.739834170384,0
CUST_2832,10,Annual,2732.5476236365016,2,7.0,2,SMB,0,New,7.0,2,27325.47623636501,0.1818181818181818,5.465095247273004,0,0,0.047056243,337851.24518069276,15898.010231478558,0
CUST_2833,42,Monthly,2439.142539579489,3,24.0,0,SMB,0,Loyal,24.0,3,102443.98666233856,0.0697674418604651,0.0,0,1,0.045082387,307835.2500125852,13877.947744969473,0
CUST_2834,64,Multi-Year,4794.64076998177,4,8.0,0,SMB,0,Loyal,8.0,4,306857.0092788333,0.0615384615384615,0.0,0,0,0.017394042,853720.7265154661,14849.653868115201,0
CUST_2835,21,Multi-Year,1425.7617238834987,7,29.0,0,Enterprise,0,Mid-Tenure,29.0,7,29940.996201553477,0.3181818181818182,0.0,1,0,0.2013308,68074.19213905836,13705.431282525968,0
CUST_2836,66,Annual,1902.5746558068256,1,12.0,0,Enterprise,0,Loyal,12.0,1,125569.9272832505,0.0149253731343283,0.0,1,0,0.0036759411,425346.905274459,1563.5501900170245,0
CUST_2837,41,Monthly,1885.0673999656613,0,17.0,0,SMB,0,Loyal,17.0,0,77287.76339859211,0.0,0.0,0,1,0.103062354,147788.1892156966,15231.398678138417,0
CUST_2838,24,Monthly,1800.5285063050856,2,17.0,0,SMB,0,Mid-Tenure,17.0,2,43212.68415132206,0.08,0.0,0,1,0.22579853,78341.03439101599,17689.290589584703,0
CUST_2839,35,Annual,2608.421203470601,4,8.0,2,SMB,0,Mid-Tenure,8.0,4,91294.74212147103,0.1111111111111111,5.216842406941202,0,0,0.030866172,387072.28641307977,11947.439832601895,0
CUST_2840,56,Monthly,4951.306549705249,1,1.0,0,SMB,0,Loyal,1.0,1,277273.16678349394,0.0175438596491228,0.0,0,1,0.22712526,214400.07536459598,48695.672272385134,0
CUST_2841,30,Monthly,4499.540450222978,1,3.0,0,SMB,1,Mid-Tenure,3.0,1,134986.21350668932,0.032258064516129,0.0,0,1,0.2741548,166570.05048796616,45665.98089260769,0
CUST_2842,57,Annual,1975.773057446688,1,17.0,0,SMB,0,Loyal,17.0,1,112619.0642744612,0.0172413793103448,0.0,0,0,0.006618828,418752.5137866287,2771.6508830307184,0
CUST_2843,47,Monthly,2402.91552078562,2,16.0,0,SMB,0,Loyal,16.0,2,112937.02947692412,0.0416666666666666,0.0,0,1,0.055044413,274502.8160018896,15109.846267415107,0
CUST_2844,35,Monthly,3512.663358736691,2,11.0,2,SMB,1,Mid-Tenure,11.0,2,122943.21755578418,0.0555555555555555,7.025326717473382,0,1,0.26752564,132751.3529598038,35514.391074330655,0
CUST_2845,19,Monthly,577.1825631347634,5,15.0,10,SMB,1,Mid-Tenure,15.0,5,10966.468699560504,0.25,5.771825631347634,0,1,0.88975316,7370.223313398595,6557.679504087323,1
CUST_2846,8,Monthly,4190.691464085416,1,12.0,2,Enterprise,0,New,12.0,1,33525.531712683325,0.1111111111111111,8.381382928170831,1,1,0.15078172,250462.53262439714,37765.17168424164,0
CUST_2847,26,Annual,4459.091257903638,3,10.0,0,Enterprise,0,Mid-Tenure,10.0,3,115936.37270549458,0.1111111111111111,0.0,1,0,0.040107783,593834.3272066787,23817.37829206866,0
CUST_2848,71,Monthly,4357.401504460403,4,13.0,0,Enterprise,0,Loyal,13.0,4,309375.50681668863,0.0555555555555555,0.0,1,1,0.040857535,575503.3713807192,23513.64905570545,0
CUST_2849,30,Monthly,2187.744740984913,1,9.0,0,Enterprise,1,Mid-Tenure,9.0,1,65632.34222954739,0.032258064516129,0.0,1,1,0.39667028,58774.75456898122,23314.198462720222,0
CUST_2850,7,Annual,2578.9977831389365,2,22.0,0,SMB,0,New,22.0,2,18052.984481972555,0.25,0.0,0,0,0.02748809,399390.042691111,10978.469477699065,0
CUST_2851,67,Multi-Year,555.7474485669012,3,27.0,0,SMB,0,Loyal,27.0,3,37235.07905398238,0.0441176470588235,0.0,0,0,0.014628132,103189.88354846908,1509.4752245999737,0
CUST_2852,65,Annual,2297.279066195979,6,26.0,0,SMB,0,Loyal,26.0,6,149323.13930273862,0.0909090909090909,0.0,0,0,0.0273683,356313.20995241334,9751.686703886906,0
CUST_2853,36,Monthly,2571.9207006497068,1,20.0,0,Enterprise,1,Mid-Tenure,20.0,1,92589.14522338944,0.027027027027027,0.0,1,1,0.1489718,155112.6817215865,23107.414783988967,0
CUST_2854,25,Monthly,4581.384318808154,3,18.0,0,Enterprise,0,Mid-Tenure,18.0,3,114534.60797020384,0.1153846153846153,0.0,1,1,0.25626406,179507.21855428003,46001.248758091046,0
CUST_2855,37,Multi-Year,4522.944531907613,2,23.0,0,SMB,0,Loyal,23.0,2,167348.94768058168,0.0526315789473684,0.0,0,0,0.033331633,651317.3283822283,21709.46990485684,0
CUST_2856,1,Monthly,4847.436788395593,1,20.0,2,SMB,0,New,20.0,1,4847.436788395593,0.5,9.694873576791183,0,1,0.2120617,221967.72020961106,47070.85280420513,0
CUST_2857,15,Annual,4482.9724329073415,3,16.0,0,SMB,0,Mid-Tenure,16.0,3,67244.58649361013,0.1875,0.0,0,0,0.05586363,508160.06217407255,28387.66570757572,0
CUST_2858,37,Monthly,536.9031924244052,2,8.0,0,SMB,0,Loyal,8.0,2,19865.418119702998,0.0526315789473684,0.0,0,1,0.052785188,62682.557903473076,3308.7106007277885,0
CUST_2859,13,Monthly,3386.5738354949885,3,13.0,0,Enterprise,0,Mid-Tenure,13.0,3,44025.45986143485,0.2142857142857142,0.0,1,1,0.21170406,155285.6551829272,32874.60372958082,0
CUST_2860,8,Multi-Year,807.0695739636835,1,29.0,0,Enterprise,0,New,29.0,1,6456.556591709468,0.1111111111111111,0.0,1,0,0.11220555,59707.174391089866,6699.476345950955,0
CUST_2861,5,Annual,1726.6742887099342,3,4.0,0,SMB,0,New,4.0,3,8633.371443549671,0.5,0.0,0,0,0.06600185,178618.63809662536,11789.160092012966,0
CUST_2862,60,Annual,3102.384332617612,5,2.0,0,SMB,0,Loyal,2.0,5,186143.0599570567,0.081967213114754,0.0,0,0,0.059400562,340296.34757125506,20213.794359308053,0
CUST_2863,1,Monthly,3652.762182833925,1,21.0,0,SMB,1,New,21.0,1,3652.762182833925,0.5,0.0,0,1,0.45973116,85992.6731412469,39533.511511832214,0
CUST_2864,36,Monthly,3445.844116626929,1,7.0,0,Enterprise,1,Mid-Tenure,7.0,1,124050.38819856945,0.027027027027027,0.0,1,1,0.323226,110791.12265136422,35810.57194622183,0
CUST_2865,35,Annual,720.7626533388946,1,17.0,0,Enterprise,0,Mid-Tenure,17.0,1,25226.69286686131,0.0277777777777777,0.0,1,0,0.025770944,114148.66098705308,2941.7187056667,0
CUST_2866,66,Annual,966.2174130629842,0,26.0,2,SMB,0,Loyal,26.0,0,63770.34926215695,0.0,1.9324348261259685,0,0,0.009383433,195249.89226882785,1832.1141978419123,0
CUST_2867,63,Monthly,1078.6406581907304,4,29.0,0,SMB,0,Loyal,29.0,4,67954.36146601601,0.0625,0.0,0,1,0.11718207,77422.70248385912,9072.552427989358,0
CUST_2868,23,Monthly,911.36469546361,2,2.0,0,SMB,0,Mid-Tenure,2.0,2,20961.38799566303,0.0833333333333333,0.0,0,1,0.13298254,59767.323669229896,7948.010340222329,0
CUST_2869,9,Monthly,1302.0549047119505,1,22.0,0,SMB,1,New,22.0,1,11718.494142407557,0.1,0.0,0,1,0.35911933,38190.95655725243,13715.110573409105,0
CUST_2870,34,Multi-Year,3598.195060902017,0,1.0,0,Enterprise,0,Mid-Tenure,1.0,0,122338.63207066857,0.0,0.0,1,0,0.022922931,592109.239973342,13572.879393890742,0
CUST_2871,46,Annual,4238.767630216188,6,26.0,0,SMB,0,Loyal,26.0,6,194983.31098994464,0.1276595744680851,0.0,0,0,0.02180536,708376.2692196867,15446.40021273571,0
CUST_2872,4,Multi-Year,2339.662505330346,3,10.0,0,SMB,0,New,10.0,3,9358.650021321384,0.6,0.0,0,0,0.03186513,342953.7023612039,10928.264690383536,0
CUST_2873,30,Monthly,3617.516778927546,2,27.0,2,SMB,0,Mid-Tenure,27.0,2,108525.5033678264,0.064516129032258,7.235033557855092,0,1,0.25960413,140211.95455751417,36399.6019477981,0
CUST_2874,3,Multi-Year,1400.073175696219,3,4.0,0,SMB,0,New,4.0,3,4200.219527088657,0.75,0.0,0,0,0.055843692,158732.916712419,8864.232154468436,0
CUST_2875,14,Monthly,4879.7606823503365,5,24.0,0,SMB,1,Mid-Tenure,24.0,5,68316.64955290471,0.3333333333333333,0.0,0,1,0.73816425,74295.58952159906,54842.34782645164,1
CUST_2876,60,Annual,2074.9888528592824,4,29.0,0,SMB,0,Loyal,29.0,4,124499.33117155694,0.0655737704918032,0.0,0,0,0.013858955,389919.71926196635,5403.879980700245,0
CUST_2877,45,Multi-Year,4306.401077921758,6,6.0,0,Enterprise,0,Loyal,6.0,6,193788.0485064791,0.1304347826086956,0.0,1,0,0.06595201,445674.12622657185,29393.104631413906,0
CUST_2878,34,Monthly,4754.148676832242,1,29.0,15,Enterprise,0,Mid-Tenure,29.0,1,161641.05501229622,0.0285714285714285,71.31223015248364,1,1,0.27556473,175233.30000676383,48288.117032704984,0
CUST_2879,45,Monthly,4391.21283293886,3,13.0,0,SMB,0,Loyal,13.0,3,197604.5774822487,0.0652173913043478,0.0,0,1,0.07670288,415890.75257612346,31900.017605911176,0
CUST_2880,61,Monthly,801.8044319313002,2,28.0,0,SMB,1,Loyal,28.0,2,48910.07034780931,0.032258064516129,0.0,0,1,0.4029404,21242.64713279394,8559.520573303818,0
CUST_2881,16,Monthly,3426.3822078826524,0,18.0,10,SMB,1,Mid-Tenure,18.0,0,54822.11532612244,0.0,34.26382207882652,0,1,0.8530412,45531.24179210848,38840.02386221171,1
CUST_2882,66,Annual,1040.4081795719803,4,1.0,2,SMB,0,Loyal,1.0,4,68666.9398517507,0.0597014925373134,2.080816359143961,0,0,0.058205716,115381.12832300749,6715.841222919551,0
CUST_2883,40,Annual,525.4835023660852,2,25.0,0,SMB,0,Loyal,25.0,2,21019.34009464341,0.048780487804878,0.0,0,0,0.019211434,91109.24701812914,1750.339270196492,0
CUST_2884,17,Annual,733.0254977438035,6,8.0,0,Enterprise,1,Mid-Tenure,8.0,6,12461.43346164466,0.3333333333333333,0.0,1,0,0.35708368,21608.10217999269,7715.900606337356,0
CUST_2885,34,Annual,4622.671384011758,2,24.0,2,Enterprise,1,Mid-Tenure,24.0,2,157170.82705639978,0.0571428571428571,9.245342768023516,1,0,0.044886168,584616.886609825,26241.211842076325,0
CUST_2886,16,Annual,4588.085814171772,3,24.0,2,SMB,0,Mid-Tenure,24.0,3,73409.37302674835,0.1764705882352941,9.176171628343544,0,0,0.056353953,517677.32151152997,29173.1633087851,0
CUST_2887,60,Monthly,1516.2097449381522,2,9.0,0,Enterprise,0,Loyal,9.0,2,90972.58469628914,0.0327868852459016,0.0,1,1,0.07018512,151387.43175983665,10625.144674511435,0
CUST_2888,66,Monthly,2961.7754665938182,5,18.0,0,SMB,1,Loyal,18.0,5,195477.180795192,0.0746268656716417,0.0,0,1,0.47296056,67961.73445945715,32143.220091403473,0
CUST_2889,66,Multi-Year,4797.627180196668,8,16.0,0,Enterprise,1,Loyal,16.0,8,316643.39389298006,0.1194029850746268,0.0,1,0,0.5401553,97553.17934626114,52693.86603212243,1
CUST_2890,13,Monthly,2735.177583635432,3,24.0,0,SMB,0,Mid-Tenure,24.0,3,35557.30858726062,0.2142857142857142,0.0,0,1,0.2134004,124609.26521053011,26591.666257640478,0
CUST_2891,56,Annual,2271.1001906559104,4,6.0,0,SMB,0,Loyal,6.0,4,127181.61067673098,0.0701754385964912,0.0,0,0,0.006096745,485824.9986655167,2961.951087707683,0
CUST_2892,31,Monthly,2674.6191232008105,3,17.0,0,SMB,0,Mid-Tenure,17.0,3,82913.19281922512,0.09375,0.0,0,1,0.14482331,164741.21867034285,23858.369035859672,0
CUST_2893,34,Annual,4055.970926983749,4,5.0,0,SMB,0,Mid-Tenure,5.0,4,137903.01151744748,0.1142857142857142,0.0,0,0,0.020097211,694345.0744541145,13954.399470408838,0
CUST_2894,39,Annual,2647.749346399559,3,26.0,0,SMB,0,Loyal,26.0,3,103262.2245095828,0.075,0.0,0,0,0.004536663,582598.7585495049,2643.0543378369334,0
CUST_2895,67,Monthly,4024.749565770663,5,8.0,0,SMB,0,Loyal,8.0,5,269658.2209066344,0.0735294117647058,0.0,0,1,0.27304947,149503.39477269613,40821.8232683938,0
CUST_2896,8,Monthly,2442.638505384198,5,7.0,0,SMB,1,New,7.0,5,19541.108043073586,0.5555555555555556,0.0,0,1,0.53359646,50225.90723771594,26800.366103985107,1
CUST_2897,55,Annual,1634.0255204512227,2,26.0,5,SMB,0,Loyal,26.0,2,89871.40362481725,0.0357142857142857,8.170127602256114,0,0,0.0093896575,330163.6482823694,3100.123585305113,0
CUST_2898,27,Monthly,1969.1272841837929,4,27.0,2,SMB,1,Mid-Tenure,27.0,4,53166.43667296241,0.1428571428571428,3.9382545683675856,0,1,0.3332635,61653.47730720576,20546.852809878506,0
CUST_2899,53,Monthly,850.2055908672467,1,21.0,10,SMB,0,Loyal,21.0,1,45060.89631596407,0.0185185185185185,8.502055908672466,0,1,0.29627836,29463.194906737623,8729.306993841426,0
CUST_2900,39,Annual,2738.215149841744,4,21.0,0,Enterprise,0,Loyal,21.0,4,106790.390843828,0.1,0.0,1,0,0.005085267,596503.9849616623,3033.382105587708,0
CUST_2901,65,Monthly,1166.4991620006035,3,23.0,0,SMB,0,Loyal,23.0,3,75822.44553003923,0.0454545454545454,0.0,0,1,0.16481219,65163.85307080034,10739.797484670642,0
CUST_2902,17,Multi-Year,4151.961528506297,1,8.0,5,Enterprise,0,Mid-Tenure,8.0,1,70583.34598460706,0.0555555555555555,20.759807642531488,1,0,0.042728428,537305.9710504942,22958.239389226717,0
CUST_2903,30,Annual,2392.657583706024,5,23.0,2,SMB,1,Mid-Tenure,23.0,5,71779.72751118072,0.1612903225806451,4.785315167412048,0,0,0.6151088,43168.71315986904,26553.45483186767,1
CUST_2904,53,Monthly,3942.5104579627537,3,0.0,2,SMB,0,Loyal,0.0,3,208953.05427202597,0.0555555555555555,7.885020915925507,0,1,0.08550581,349137.2463135505,29853.264220385594,0
CUST_2905,13,Annual,4795.071923923851,2,1.0,0,SMB,0,Mid-Tenure,1.0,2,62335.93501101006,0.1428571428571428,0.0,0,0,0.023120416,786932.9368721533,18194.217122944636,0
CUST_2906,21,Annual,4322.650773709562,3,21.0,0,SMB,0,Mid-Tenure,21.0,3,90775.6662479008,0.1363636363636363,0.0,0,0,0.028510025,660703.0143493976,18836.659305438014,0
CUST_2907,19,Monthly,4781.586558856188,4,23.0,5,SMB,0,Mid-Tenure,23.0,4,90850.14461826756,0.2,23.90793279428094,0,1,0.4806476,108130.21922091198,51972.52967874765,0
CUST_2908,53,Monthly,3055.714370918286,3,3.0,2,Enterprise,0,Loyal,3.0,3,161952.86165866916,0.0555555555555555,6.111428741836572,1,1,0.07929215,283610.20962005144,22488.06281524115,0
CUST_2909,19,Monthly,1243.9599529124384,1,27.0,2,SMB,0,Mid-Tenure,27.0,1,23635.23910533633,0.05,2.487919905824877,0,1,0.3271579,39578.96250815336,12948.570837723591,0
CUST_2910,57,Monthly,4709.281793826653,1,19.0,0,Enterprise,0,Loyal,19.0,1,268429.0622481192,0.0172413793103448,0.0,1,1,0.12510198,322734.10810623923,40374.677082430455,0
CUST_2911,25,Monthly,4408.269757685469,2,28.0,0,Enterprise,0,Mid-Tenure,28.0,2,110206.74394213672,0.0769230769230769,0.0,1,1,0.09233202,371660.8395670239,34316.19622151004,0
CUST_2912,31,Monthly,4389.8584598011785,0,17.0,0,SMB,1,Mid-Tenure,17.0,0,136085.61225383653,0.0,0.0,0,1,0.3638512,127288.02362375605,46313.898819034854,0
CUST_2913,55,Monthly,3619.734923339233,1,9.0,2,SMB,0,Loyal,9.0,1,199085.4207836578,0.0178571428571428,7.239469846678466,0,1,0.12748982,244728.513327614,31200.3941430379,0
CUST_2914,23,Annual,3312.1231798373574,2,0.0,5,Enterprise,0,Mid-Tenure,0.0,2,76178.83313625921,0.0833333333333333,16.560615899186786,1,0,0.08432351,295893.68892879214,24950.794593440594,0
CUST_2915,32,Annual,566.2575133759917,2,9.0,0,Enterprise,0,Mid-Tenure,9.0,2,18120.24042803173,0.0606060606060606,0.0,1,0,0.060756817,61351.44092420146,3727.51829714337,0
CUST_2916,62,Annual,3866.243310896523,5,8.0,0,Enterprise,0,Loyal,8.0,5,239707.0852755844,0.0793650793650793,0.0,1,0,0.13212931,254736.15472511892,33658.112753675225,0
CUST_2917,10,Annual,911.9080286726258,5,22.0,0,Enterprise,0,New,22.0,5,9119.08028672626,0.4545454545454545,0.0,1,0,0.34922668,27410.23201334715,9572.384416648725,0
CUST_2918,54,Multi-Year,1668.8792124615911,5,24.0,0,SMB,0,Loyal,24.0,5,90119.47747292592,0.0909090909090909,0.0,0,0,0.019503992,288135.25301107176,5619.787684308015,0
CUST_2919,52,Annual,2981.706329081016,1,12.0,0,Enterprise,0,Loyal,12.0,1,155048.72911221284,0.0188679245283018,0.0,1,0,0.0063334727,635154.7825967516,4022.735458606441,0
CUST_2920,20,Annual,2532.796631942188,0,14.0,2,SMB,0,Mid-Tenure,14.0,0,50655.93263884376,0.0,5.065593263884376,0,0,0.046105362,316252.46902824676,14580.934718135211,0
CUST_2921,32,Monthly,570.9847539715068,2,17.0,5,SMB,0,Mid-Tenure,17.0,2,18271.51212708822,0.0606060606060606,2.8549237698575345,0,1,0.14181124,35721.66714838836,5065.733796697527,0
CUST_2922,14,Multi-Year,4207.932763032706,3,25.0,0,SMB,0,Mid-Tenure,25.0,3,58911.058682457886,0.2,0.0,0,0,0.053826336,486342.818480657,26178.051870005987,0
CUST_2923,50,Monthly,4454.604311386669,5,12.0,0,SMB,1,Loyal,12.0,5,222730.21556933344,0.0980392156862745,0.0,0,1,0.7360831,68002.03640715593,50055.14910563479,1
CUST_2924,28,Monthly,3568.4282457354507,3,4.0,0,SMB,0,Mid-Tenure,4.0,3,99915.99088059262,0.1034482758620689,0.0,0,1,0.37605098,100507.07514238269,37795.78399356857,0
CUST_2925,53,Annual,2934.8053639557006,3,1.0,0,Enterprise,0,Loyal,1.0,3,155544.68428965213,0.0555555555555555,0.0,1,0,0.0073753702,613811.5270310076,4527.087272764538,0
CUST_2926,24,Monthly,4823.320275047621,3,25.0,15,Enterprise,1,Mid-Tenure,25.0,3,115759.68660114292,0.12,72.34980412571431,1,1,0.6888299,78339.87560332054,53962.84858652134,1
CUST_2927,22,Monthly,1039.8029348668638,4,6.0,5,SMB,1,Mid-Tenure,6.0,4,22875.664567071,0.1739130434782608,5.199014674334319,0,1,0.49380666,22944.983683822575,11330.385760685716,0
CUST_2928,30,Annual,3820.595241492451,6,8.0,0,SMB,1,Mid-Tenure,8.0,6,114617.85724477352,0.1935483870967742,0.0,0,0,0.47720623,86962.44323025449,41499.01969972358,0
CUST_2929,63,Annual,1077.6227580283903,3,18.0,0,Enterprise,0,Loyal,18.0,3,67890.23375578859,0.046875,0.0,1,0,0.011123874,211561.73916928875,2353.3861772826913,0
CUST_2930,4,Annual,2218.3015951553707,4,13.0,0,SMB,0,New,13.0,4,8873.206380621483,0.8,0.0,0,0,0.030267196,331637.57646777766,10037.739453663195,0
CUST_2931,59,Multi-Year,3134.6802912694043,5,16.0,0,SMB,0,Loyal,16.0,5,184946.13718489485,0.0833333333333333,0.0,0,0,0.091990754,264919.81500822515,24370.17353434417,0
CUST_2932,8,Monthly,3816.894607269585,3,19.0,0,SMB,0,New,19.0,3,30535.15685815668,0.3333333333333333,0.0,0,1,0.2413655,157200.26776266357,37942.72236759514,0
CUST_2933,12,Monthly,516.7224512239279,5,19.0,0,Enterprise,0,New,19.0,5,6200.669414687135,0.3846153846153846,0.0,1,1,0.2986676,17783.89798860511,5311.474303256295,0
CUST_2934,31,Annual,1672.6904886729928,6,10.0,5,SMB,1,Mid-Tenure,10.0,6,51853.40514886278,0.1875,8.363452443364965,0,0,0.52731067,34768.602959811775,18333.855301611282,1
CUST_2935,34,Monthly,2921.9017613441915,5,21.0,0,Enterprise,1,Mid-Tenure,21.0,5,99344.65988570252,0.1428571428571428,0.0,1,1,0.34930924,87808.68796619696,30672.385691059317,0
CUST_2936,49,Annual,2897.931556226781,2,4.0,15,SMB,0,Loyal,4.0,2,141998.64625511228,0.04,43.46897334340172,0,0,0.22730196,125405.45252122727,28504.904553710523,0
CUST_2937,57,Monthly,3369.318957258188,3,11.0,0,SMB,0,Loyal,11.0,3,192051.18056371677,0.0517241379310344,0.0,0,1,0.11667389,242580.46051562688,28302.805184263023,0
CUST_2938,26,Monthly,1867.341113907001,1,28.0,2,SMB,0,Mid-Tenure,28.0,1,48550.868961582026,0.037037037037037,3.734682227814002,0,1,0.11438692,136313.10973688125,15592.437270672865,0
CUST_2939,18,Annual,2932.3816299002106,1,20.0,2,SMB,0,Mid-Tenure,20.0,1,52782.86933820379,0.0526315789473684,5.864763259800421,0,0,0.032825727,424850.8345188387,13946.037516322058,0
CUST_2940,38,Annual,1354.040498455594,6,8.0,0,SMB,0,Loyal,8.0,6,51453.53894131257,0.1538461538461538,0.0,0,0,0.22596782,58878.18738084075,13304.575910542402,0
CUST_2941,50,Annual,1340.9249648155496,3,28.0,0,SMB,0,Loyal,28.0,3,67046.24824077748,0.0588235294117647,0.0,0,0,0.006132422,286663.2031989892,1757.9397382082286,0
CUST_2942,8,Monthly,3094.5378354017307,3,26.0,5,SMB,0,New,26.0,3,24756.30268321385,0.3333333333333333,15.472689177008654,0,1,0.26836342,116641.70801461668,31302.36723361242,0
CUST_2943,41,Monthly,3584.626632704035,2,16.0,0,SMB,0,Loyal,16.0,2,146969.69194086542,0.0476190476190476,0.0,0,1,0.087058425,313848.0581809693,27323.11761874005,0
CUST_2944,6,Monthly,1041.7998500657957,2,7.0,0,Enterprise,1,New,7.0,2,6250.799100394774,0.2857142857142857,0.0,1,1,0.20980324,48119.48617670277,10095.624035361654,0
CUST_2945,69,Monthly,1052.5545585690052,4,23.0,5,Enterprise,1,Loyal,23.0,4,72626.26454126136,0.0571428571428571,5.262772792845026,1,1,0.39336383,28488.237900643322,11206.242468189635,0
CUST_2946,44,Monthly,3043.862111572027,1,26.0,0,SMB,0,Loyal,26.0,1,133929.93290916918,0.0222222222222222,0.0,0,1,0.09189423,257419.51410610037,23655.368482804406,0
CUST_2947,64,Monthly,1715.430885276405,5,7.0,0,Enterprise,0,Loyal,7.0,5,109787.57665768992,0.0769230769230769,0.0,1,1,0.24014004,70949.08767643018,17037.71645094011,0
CUST_2948,29,Annual,2265.795960085015,1,28.0,0,SMB,0,Mid-Tenure,28.0,1,65708.08284246543,0.0333333333333333,0.0,0,0,0.0089787515,461005.8863726113,4139.257288258653,0
CUST_2949,28,Monthly,2303.368014414101,2,11.0,0,SMB,1,Mid-Tenure,11.0,2,64494.304403594826,0.0689655172413793,0.0,0,1,0.22548121,100335.02743164531,22623.663605300208,0
CUST_2950,11,Annual,1303.4878667821235,4,29.0,0,SMB,0,New,29.0,4,14338.36653460336,0.3333333333333333,0.0,0,0,0.056142706,147366.26583748555,8273.54099971478,0
CUST_2951,65,Multi-Year,505.91585043781896,2,28.0,0,SMB,0,Loyal,28.0,2,32884.53027845823,0.0303030303030303,0.0,0,0,0.019583667,87247.34216956387,1708.6228692604595,0
CUST_2952,19,Monthly,4339.1831448605335,3,18.0,2,SMB,1,Mid-Tenure,18.0,3,82444.47975235013,0.15,8.678366289721067,0,1,0.5333626,89258.71192577056,47607.26107799111,1
CUST_2953,9,Monthly,3717.5088600395975,4,9.0,0,Enterprise,0,New,9.0,4,33457.57974035638,0.4,0.0,1,1,0.16048108,211943.54791704868,34012.92955626373,0
CUST_2954,27,Monthly,3607.423511520045,4,23.0,0,Enterprise,0,Mid-Tenure,23.0,4,97400.4348110412,0.1428571428571428,0.0,1,1,0.22253598,158838.044717266,35347.1803757515,0
CUST_2955,34,Annual,2959.2731215099384,1,1.0,0,SMB,0,Mid-Tenure,1.0,1,100615.28613133793,0.0285714285714285,0.0,0,0,0.018834447,515893.993930424,9716.578338154533,0
CUST_2956,44,Monthly,3654.363445601542,0,23.0,2,SMB,0,Loyal,23.0,0,160791.99160646784,0.0,7.308726891203084,0,1,0.05511405,417188.3897519718,22992.94154879034,0
CUST_2957,68,Monthly,4710.597698964316,3,27.0,0,SMB,0,Loyal,27.0,3,320320.64352957346,0.0434782608695652,0.0,0,1,0.05711499,527724.2215805834,30140.962881283354,0
CUST_2958,15,Annual,3495.53181303181,3,7.0,15,Enterprise,0,Mid-Tenure,7.0,3,52432.97719547715,0.1875,52.43297719547715,1,0,0.31499374,114923.56139200222,36200.202316786,0
CUST_2959,51,Monthly,1692.911308673525,3,13.0,0,SMB,0,Loyal,13.0,3,86338.47674234977,0.0576923076923076,0.0,0,1,0.06383476,178459.87324449426,11391.942573709452,0
CUST_2960,13,Annual,3067.520232834041,2,18.0,0,SMB,0,Mid-Tenure,18.0,2,39877.763026842535,0.1428571428571428,0.0,0,0,0.024969725,491001.44589103403,12260.171048193664,0
CUST_2961,49,Annual,2490.459815147946,1,3.0,0,Enterprise,0,Loyal,3.0,1,122032.53094224934,0.02,0.0,1,0,0.004782123,545534.1357162872,2608.811351608773,0
CUST_2962,70,Annual,3003.8860900046725,3,8.0,0,Enterprise,0,Loyal,8.0,3,210272.02630032707,0.0422535211267605,0.0,1,0,0.0052456674,652478.9107158631,3422.687361962412,0
CUST_2963,56,Monthly,2829.247148357713,2,12.0,0,SMB,1,Loyal,12.0,2,158437.8403080319,0.0350877192982456,0.0,0,1,0.1260664,192830.46649605967,24309.44303016914,0
CUST_2964,51,Multi-Year,4364.488783528092,2,8.0,2,SMB,0,Loyal,8.0,2,222588.9279599327,0.0384615384615384,8.728977567056186,0,0,0.010544537,865046.9436177639,9121.519188214206,0
CUST_2965,37,Annual,3433.1004652148017,3,25.0,5,SMB,0,Loyal,25.0,3,127024.71721294768,0.0789473684210526,17.16550232607401,0,0,0.02849166,524860.9425105719,14954.15904362684,0
CUST_2966,17,Monthly,1349.4131507034676,0,12.0,0,Enterprise,1,Mid-Tenure,12.0,0,22940.02356195895,0.0,0.0,1,1,0.46006954,31746.568360198493,14605.629011983101,0
CUST_2967,58,Monthly,783.5755049391687,5,24.0,0,SMB,0,Loyal,24.0,5,45447.37928647178,0.0847457627118644,0.0,0,1,0.3378054,24246.454546570974,8190.583042901213,0
CUST_2968,29,Monthly,2409.637049066061,0,15.0,5,Enterprise,0,Mid-Tenure,15.0,0,69879.47442291577,0.0,12.048185245330306,1,1,0.2861883,86010.26027061783,24615.130549939637,0
CUST_2969,33,Multi-Year,570.2478001597816,1,25.0,0,SMB,0,Mid-Tenure,25.0,1,18818.177405272792,0.0294117647058823,0.0,0,0,0.05998429,62217.73472533625,3732.0865875156187,0
CUST_2970,60,Multi-Year,1932.3382362500104,3,21.0,0,SMB,0,Loyal,21.0,3,115940.29417500064,0.0491803278688524,0.0,0,0,0.006234511,412345.6897403541,2570.773656734092,0
CUST_2971,55,Annual,2156.0966124765155,3,0.0,0,SMB,0,Loyal,0.0,3,118585.31368620836,0.0535714285714285,0.0,0,0,0.005877259,463035.57027951744,2721.3800595184503,0
CUST_2972,10,Multi-Year,2190.1499330446577,1,7.0,0,SMB,0,New,7.0,1,21901.49933044657,0.0909090909090909,0.0,0,0,0.025956972,346009.05012012756,8981.347077224762,0
CUST_2973,47,Monthly,4907.075109457517,2,28.0,0,SMB,0,Loyal,28.0,2,230632.5301445033,0.0416666666666666,0.0,0,1,0.08884066,424118.56239685987,37678.97445761903,0
CUST_2974,23,Monthly,1867.5539463761072,0,8.0,0,SMB,0,Mid-Tenure,8.0,0,42953.74076665047,0.0,0.0,0,1,0.33562443,58115.21552492118,19504.88588747987,0
CUST_2975,21,Multi-Year,1693.5237292037957,2,23.0,0,Enterprise,0,Mid-Tenure,23.0,2,35563.99831327971,0.0909090909090909,0.0,1,0,0.03504147,238969.1118125711,8373.828981771134,0
CUST_2976,13,Annual,1082.2141898039354,2,12.0,2,SMB,1,Mid-Tenure,12.0,2,14068.78446745116,0.1428571428571428,2.164428379607871,0,0,0.45401314,25766.333718814065,11698.254052444472,0
CUST_2977,33,Monthly,2799.5397605717576,4,16.0,0,SMB,0,Mid-Tenure,16.0,4,92384.812098868,0.1176470588235294,0.0,0,1,0.32177284,90362.91011577468,29076.33054386253,0
CUST_2978,24,Annual,1191.534377961293,4,27.0,0,SMB,0,Mid-Tenure,27.0,4,28596.825071071034,0.16,0.0,0,0,0.07158325,117601.82562690297,8418.32072846924,0
CUST_2979,11,Multi-Year,3273.3262072885304,1,21.0,0,SMB,0,New,21.0,1,36006.58828017383,0.0833333333333333,0.0,0,0,0.023267701,536115.0330269774,12474.1644338608,0
CUST_2980,17,Annual,1198.2190052225728,2,24.0,10,Enterprise,0,Mid-Tenure,24.0,2,20369.72308878374,0.1111111111111111,11.982190052225729,1,0,0.26513386,45627.047574202414,12097.275140043961,0
CUST_2981,68,Multi-Year,3095.0299299164053,2,8.0,0,SMB,0,Loyal,8.0,2,210462.03523431555,0.0289855072463768,0.0,0,0,0.004308874,683872.7225493105,2946.7212481942456,0
CUST_2982,47,Annual,4218.2115762858175,1,6.0,0,SMB,0,Loyal,6.0,1,198255.9440854334,0.0208333333333333,0.0,0,0,0.0068431525,890494.901066862,6093.792369278303,0
CUST_2983,25,Monthly,691.3608508359168,1,22.0,0,SMB,0,Mid-Tenure,22.0,1,17284.02127089792,0.0384615384615384,0.0,0,1,0.23047161,29579.927277317045,6817.333493544939,0
CUST_2984,21,Multi-Year,2388.8613871319267,5,19.0,0,SMB,1,Mid-Tenure,19.0,5,50166.08912977046,0.2272727272727272,0.0,0,0,0.55631787,47279.38544553758,26302.36680969205,1
CUST_2985,12,Monthly,2574.72035248476,3,22.0,0,SMB,0,New,22.0,3,30896.64422981712,0.2307692307692307,0.0,0,1,0.22127342,113894.83944583466,25201.9008997931,0
CUST_2986,37,Multi-Year,4059.8246456515058,1,9.0,0,Enterprise,0,Loyal,9.0,1,150213.51188910572,0.0263157894736842,0.0,1,0,0.0152912615,746162.5551052153,11409.766741704849,0
CUST_2987,42,Monthly,2605.620343754949,1,20.0,0,SMB,0,Loyal,20.0,1,109436.05443770783,0.0232558139534883,0.0,0,1,0.099689476,208882.04025230918,20823.341178668445,0
CUST_2988,17,Annual,3053.911039053441,1,26.0,10,SMB,1,Mid-Tenure,26.0,1,51916.4876639085,0.0555555555555555,30.53911039053441,0,0,0.4501968,73265.02569305536,32983.68031060136,0
CUST_2989,48,Monthly,4060.41914114632,3,25.0,0,SMB,0,Loyal,25.0,3,194900.11877502332,0.0612244897959183,0.0,0,1,0.0884703,351880.70823287836,31130.99270908257,0
CUST_2990,28,Monthly,3018.913218181808,1,4.0,2,SMB,0,Mid-Tenure,4.0,1,84529.57010909062,0.0344827586206896,6.037826436363616,0,1,0.29290032,105648.65308414988,30944.524704544117,0
CUST_2991,41,Monthly,2112.347360838121,2,16.0,0,SMB,0,Loyal,16.0,2,86606.24179436296,0.0476190476190476,0.0,0,1,0.049914308,253699.07204133258,12663.213593867591,0
CUST_2992,47,Multi-Year,886.2902492926203,3,1.0,0,SMB,0,Loyal,1.0,3,41655.641716753154,0.0625,0.0,0,0,0.0028281894,201322.11979504477,569.3770861323301,0
CUST_2993,18,Multi-Year,3784.620332806599,3,8.0,10,SMB,0,Mid-Tenure,8.0,3,68123.16599051878,0.1578947368421052,37.84620332806599,0,0,0.28207016,136764.59931039406,38577.212397798416,0
CUST_2994,71,Monthly,4420.121675729698,2,1.0,2,Enterprise,0,Loyal,1.0,2,313828.6389768086,0.0277777777777777,8.840243351459396,1,1,0.02205161,736159.216694212,16233.495983157629,0
CUST_2995,13,Multi-Year,4865.2904165907385,5,9.0,0,Enterprise,1,Mid-Tenure,9.0,5,63248.7754156796,0.3571428571428571,0.0,1,0,0.54155374,98695.14854843116,53448.726395129444,1
CUST_2996,13,Multi-Year,4669.699463472058,4,26.0,0,SMB,0,Mid-Tenure,26.0,4,60706.09302513675,0.2857142857142857,0.0,0,0,0.025303276,744142.810345513,18829.251103885443,0
CUST_2997,31,Annual,4088.380589749619,3,11.0,15,SMB,1,Mid-Tenure,11.0,3,126739.7982822382,0.09375,61.32570884624428,0,0,0.33770442,126541.15616518845,42733.50776024788,0
CUST_2998,2,Monthly,3395.6236951057767,0,1.0,0,Enterprise,0,New,1.0,0,6791.2473902115535,0.0,0.0,1,1,0.28699777,120913.21395937486,34701.822201902745,0
CUST_2999,16,Multi-Year,4016.5706562378728,2,14.0,0,SMB,0,Mid-Tenure,14.0,2,64265.13049980597,0.1176470588235294,0.0,0,0,0.028022772,617753.6059577888,17311.168267358495,0
CUST_3000,9,Annual,2444.3767078343058,2,24.0,0,Enterprise,0,New,24.0,2,21999.39037050875,0.2,0.0,1,0,0.052482784,286219.0141698,15021.570638520803,0
CUST_3001,38,Multi-Year,3176.4929665587574,2,2.0,0,SMB,0,Loyal,2.0,2,120706.73272923278,0.0512820512820512,0.0,0,0,0.012487271,610010.889930654,7617.371215795773,0
CUST_3002,54,Multi-Year,2069.149141126333,1,1.0,0,SMB,0,Loyal,1.0,1,111734.05362082196,0.0181818181818181,0.0,0,0,0.006501882,439450.6506654015,2857.256218924206,0
CUST_3003,56,Multi-Year,1970.1914674117224,6,6.0,2,SMB,0,Loyal,6.0,6,110330.72217505646,0.1052631578947368,3.940382934823445,0,0,0.06962854,197630.9236062827,13760.752017612582,0
CUST_3004,45,Annual,3905.112979742152,4,27.0,0,SMB,0,Loyal,27.0,4,175730.08408839686,0.0869565217391304,0.0,0,0,0.0072330106,818781.9079657159,5922.258223479822,0
CUST_3005,34,Monthly,2542.697520366028,2,8.0,10,SMB,0,Mid-Tenure,8.0,2,86451.71569244495,0.0571428571428571,25.42697520366028,0,1,0.2558773,99753.62811251423,25524.687649610714,0
CUST_3006,9,Monthly,1454.7256831896316,2,10.0,0,SMB,0,New,10.0,2,13092.531148706685,0.2,0.0,0,1,0.25558078,57126.32630940776,14600.391201806311,0
CUST_3007,8,Monthly,1408.7217287383965,5,28.0,0,SMB,0,New,28.0,5,11269.773829907172,0.5555555555555556,0.0,0,1,0.27907765,51369.82161465287,14336.16905175212,0
CUST_3008,7,Monthly,4366.2756270647005,4,21.0,0,SMB,1,New,21.0,4,30563.929389452904,0.5,0.0,0,1,0.5319154,90039.38388209831,47893.33725731839,1
CUST_3009,36,Annual,3549.92222463202,6,27.0,10,SMB,0,Mid-Tenure,27.0,6,127797.20008675272,0.1621621621621621,35.4992222463202,0,0,0.22487713,154974.9393225025,34850.320191320425,0
CUST_3010,18,Annual,2957.207330111521,1,15.0,0,SMB,0,Mid-Tenure,15.0,1,53229.731942007376,0.0526315789473684,0.0,0,0,0.027582495,457403.29286929674,12616.32382906143,0
CUST_3011,3,Multi-Year,2304.2243119836176,1,6.0,0,SMB,0,New,6.0,1,6912.672935950853,0.25,0.0,0,0,0.055887688,261132.26272307473,14594.078413090976,0
CUST_3012,28,Monthly,2438.678258542066,3,28.0,10,SMB,0,Mid-Tenure,28.0,3,68282.99123917785,0.1034482758620689,24.38678258542066,0,1,0.14243954,152069.26246487166,21660.676432462926,0
CUST_3013,70,Annual,758.4583738772471,1,12.0,5,SMB,0,Loyal,12.0,1,53092.086171407296,0.0140845070422535,3.792291869386236,0,0,0.011284605,148512.01904770717,1675.8994234915301,0
CUST_3014,44,Monthly,2547.0956519052925,4,2.0,0,SMB,0,Loyal,2.0,4,112072.20868383288,0.0888888888888888,0.0,0,1,0.030541174,379497.1511491882,11590.288568919632,0
CUST_3015,21,Monthly,4079.547097799368,2,10.0,10,SMB,1,Mid-Tenure,10.0,2,85670.48905378673,0.0909090909090909,40.79547097799368,0,1,0.7497388,61213.19070923978,45893.90490841233,1
CUST_3016,28,Monthly,2245.9391604289503,3,2.0,2,Enterprise,0,Mid-Tenure,2.0,3,62886.29649201061,0.1034482758620689,4.491878320857901,1,1,0.18352363,115411.32188861295,21180.7041746693,0
CUST_3017,54,Annual,2226.1156364446606,4,14.0,0,Enterprise,0,Loyal,14.0,4,120210.24436801168,0.0727272727272727,0.0,1,0,0.005047813,485276.0862212607,2449.5829647140313,0
CUST_3018,54,Monthly,570.7246235867951,2,7.0,0,SMB,0,Loyal,7.0,2,30819.129673686937,0.0363636363636363,0.0,0,1,0.078079745,53472.121084609535,4175.089588170405,0
CUST_3019,65,Annual,2560.2586815113086,2,6.0,0,SMB,1,Loyal,6.0,2,166416.81429823503,0.0303030303030303,0.0,0,0,0.003938509,569594.9943389328,2243.3550977610753,0
CUST_3020,21,Monthly,614.0194382658509,3,4.0,0,SMB,0,Mid-Tenure,4.0,3,12894.408203582869,0.1363636363636363,0.0,0,1,0.43064243,15329.96813774602,6601.734669555448,0
CUST_3021,13,Multi-Year,3066.572426039425,4,5.0,2,SMB,0,Mid-Tenure,5.0,4,39865.441538512525,0.2857142857142857,6.13314485207885,0,0,0.051258467,363415.2138388284,18628.106795939075,0
CUST_3022,57,Multi-Year,2780.5252171204133,0,24.0,0,SMB,0,Loyal,24.0,0,158489.93737586355,0.0,0.0,0,0,0.006738511,588071.5263301425,3962.7263984746915,0
CUST_3023,49,Multi-Year,4280.038245157995,2,18.0,2,SMB,0,Loyal,18.0,2,209721.87401274175,0.04,8.560076490315991,0,0,0.006472324,909480.174608268,5886.450380886432,0
CUST_3024,54,Multi-Year,3118.0127491657454,1,27.0,2,SMB,0,Loyal,27.0,1,168372.68845495026,0.0181818181818181,6.23602549833149,0,0,0.016559815,562143.2932012839,9308.988958168831,0
CUST_3025,10,Multi-Year,1955.4230989499688,4,2.0,0,SMB,0,New,2.0,4,19554.230989499687,0.3636363636363636,0.0,0,0,0.016214643,354378.9708114811,5746.128382792661,0
CUST_3026,53,Multi-Year,2823.039542376114,5,29.0,5,SMB,1,Loyal,29.0,5,149621.09574593403,0.0925925925925925,14.11519771188057,0,0,0.3471734,85293.91471880428,29611.77775579045,0
CUST_3027,44,Annual,3648.6786008746335,0,10.0,2,SMB,0,Loyal,10.0,0,160541.85843848388,0.0,7.297357201749267,0,0,0.009810943,732042.3379803759,7182.025766062766,0
CUST_3028,47,Monthly,922.8370793467226,2,5.0,0,SMB,0,Loyal,5.0,2,43373.34272929596,0.0416666666666666,0.0,0,1,0.046574265,114668.69896314235,5340.610345742907,0
CUST_3029,53,Monthly,3294.833398116952,2,26.0,2,SMB,0,Loyal,26.0,2,174626.17010019848,0.037037037037037,6.589666796233904,0,1,0.084134,294764.95426388044,24799.753942677424,0
CUST_3030,46,Monthly,4624.818268900906,2,23.0,10,SMB,0,Loyal,23.0,2,212741.64036944168,0.0425531914893617,46.24818268900906,0,1,0.35933155,135581.57892472934,48718.738664316035,0
CUST_3031,13,Annual,1846.0863303406,2,20.0,0,SMB,0,Mid-Tenure,20.0,2,23999.1222944278,0.1428571428571428,0.0,0,0,0.028350804,282741.65193147527,8015.953156854488,0
CUST_3032,37,Annual,3319.812926943855,3,13.0,10,SMB,0,Loyal,13.0,3,122833.07829692264,0.0789473684210526,33.198129269438546,0,0,0.16857846,182258.3776937632,30724.836781810398,0
CUST_3033,24,Multi-Year,4195.982526576096,2,16.0,0,SMB,0,Mid-Tenure,16.0,2,100703.5806378263,0.08,0.0,0,0,0.031654447,616644.8223096216,19519.551041176845,0
CUST_3034,2,Multi-Year,2803.1287884738085,2,2.0,0,Enterprise,0,New,2.0,2,5606.257576947617,0.6666666666666666,0.0,1,0,0.059069887,308403.6058583448,18217.36608788283,0
CUST_3035,14,Monthly,3730.907903091732,0,28.0,2,SMB,0,Mid-Tenure,28.0,0,52232.71064328425,0.0,7.461815806183464,0,1,0.21298592,170240.6566007973,36258.86251441761,0
CUST_3036,10,Annual,1899.5465232016704,3,23.0,2,SMB,0,New,23.0,3,18995.465232016704,0.2727272727272727,3.799093046403341,0,0,0.15962651,108738.90996909927,17357.613104032283,0
CUST_3037,35,Multi-Year,1877.263038163152,2,3.0,2,SMB,1,Mid-Tenure,3.0,2,65704.20633571032,0.0555555555555555,3.754526076326304,0,0,0.11210202,138969.0104780992,15578.706348212792,0
CUST_3038,25,Monthly,3504.128098093523,2,8.0,0,SMB,0,Mid-Tenure,8.0,2,87603.20245233808,0.0769230769230769,0.0,0,1,0.2699999,131404.84332972334,35479.29344416831,0
CUST_3039,3,Annual,3674.339932880677,3,12.0,0,Enterprise,0,New,12.0,3,11023.019798642032,0.75,0.0,1,0,0.03821345,499833.96626508114,19100.380508908747,0
CUST_3040,17,Monthly,4716.543647804647,2,5.0,0,Enterprise,0,Mid-Tenure,5.0,2,80181.242012679,0.1111111111111111,0.0,1,1,0.1667152,261165.4527250697,43540.25191573598,0
CUST_3041,12,Annual,1511.7735862308857,1,9.0,0,SMB,1,New,9.0,1,18141.28303477063,0.0769230769230769,0.0,0,0,0.21330912,68897.2829987279,14696.41909016414,0
CUST_3042,54,Monthly,2606.979182395861,3,19.0,0,SMB,0,Loyal,19.0,3,140776.8758493765,0.0545454545454545,0.0,0,1,0.06921232,262420.4581842261,18162.728061612936,0
CUST_3043,24,Multi-Year,1627.3106292375112,0,19.0,2,SMB,0,Mid-Tenure,19.0,0,39055.45510170027,0.0,3.2546212584750225,0,0,0.077625066,153008.56338388124,11877.299837657125,0
CUST_3044,29,Annual,860.4147239611043,2,25.0,0,Enterprise,0,Mid-Tenure,25.0,2,24952.026994872023,0.0666666666666666,0.0,1,0,0.015634883,157309.2853632105,2459.512302168175,0
CUST_3045,43,Monthly,2314.5373757636944,0,20.0,0,Enterprise,0,Loyal,20.0,0,99525.10715783888,0.0,0.0,1,1,0.04445291,294056.0377899651,13071.646400577258,0
CUST_3046,25,Monthly,2183.3633627969148,3,12.0,0,SMB,0,Mid-Tenure,12.0,3,54584.08406992287,0.1153846153846153,0.0,0,1,0.26260597,83812.73000633453,22009.722854120653,0
CUST_3047,60,Monthly,1716.9535399198455,2,22.0,0,SMB,0,Loyal,22.0,2,103017.21239519073,0.0327868852459016,0.0,0,1,0.06598311,177641.74310609742,11721.3545296128,0
CUST_3048,65,Multi-Year,1836.477010127374,3,13.0,0,Enterprise,0,Loyal,13.0,3,119371.0056582793,0.0454545454545454,0.0,1,0,0.0059518563,393869.40249688696,2344.254070048032,0
CUST_3049,28,Annual,2121.853128580751,0,11.0,0,SMB,1,Mid-Tenure,11.0,0,59411.88760026104,0.0,0.0,0,0,0.033417594,305238.2140253591,10200.326614280868,0
CUST_3050,16,Monthly,4949.769347510421,5,22.0,0,SMB,1,Mid-Tenure,22.0,5,79196.30956016673,0.2941176470588235,0.0,0,1,0.64817065,85075.5200830792,55143.45515179185,1
CUST_3051,47,Monthly,4023.30994685276,2,12.0,0,SMB,0,Loyal,12.0,2,189095.5675020797,0.0416666666666666,0.0,0,1,0.08259382,364117.40286494,30073.847591254485,0
CUST_3052,58,Annual,821.3054048910813,0,9.0,0,SMB,0,Loyal,9.0,0,47635.71348368271,0.0,0.0,0,0,0.014818647,152049.8311070644,2253.1727652314826,0
CUST_3053,27,Annual,4425.859294190158,8,6.0,0,Enterprise,1,Mid-Tenure,6.0,8,119498.20094313426,0.2857142857142857,0.0,1,0,0.1485516,267488.71734741796,39735.876460089494,0
CUST_3054,53,Annual,3349.864968794021,5,4.0,0,Enterprise,1,Loyal,4.0,5,177542.8433460831,0.0925925925925925,0.0,1,0,0.38217077,93015.0339267403,35547.62682036562,0
CUST_3055,42,Monthly,4507.671920548592,1,11.0,0,SMB,1,Loyal,11.0,1,189322.22066304088,0.0232558139534883,0.0,0,1,0.118542075,320941.0110360929,38045.01345125721,0
CUST_3056,59,Annual,2037.693592086027,1,28.0,10,SMB,1,Loyal,28.0,1,120223.9219330756,0.0166666666666666,20.37693592086027,0,0,0.5141509,43343.58383283785,22285.14339669465,1
CUST_3057,47,Annual,2590.3348916527343,3,24.0,0,SMB,0,Loyal,24.0,3,121745.73990767852,0.0625,0.0,0,0,0.0045878342,569431.2571017845,2612.456215970523,0
CUST_3058,34,Multi-Year,4533.021757886488,3,1.0,5,SMB,1,Mid-Tenure,1.0,3,154122.73976814057,0.0857142857142857,22.66510878943244,0,0,0.17192039,245116.10711255542,42140.45646951301,0
CUST_3059,37,Multi-Year,1726.5791116115668,3,7.0,2,SMB,0,Loyal,7.0,3,63883.42712962797,0.0789473684210526,3.453158223223133,0,0,0.048250433,210878.96040200006,10175.001162121727,0
CUST_3060,6,Annual,4619.753943104369,1,25.0,0,SMB,0,New,25.0,1,27718.52365862621,0.1428571428571428,0.0,0,0,0.011282647,904612.4416337798,10206.422876602663,0
CUST_3061,7,Annual,4228.248704649212,4,7.0,0,Enterprise,0,New,7.0,4,29597.74093254449,0.5,0.0,1,0,0.03733429,580974.3729580605,21690.265375027877,0
CUST_3062,25,Monthly,4912.51073409182,4,18.0,15,SMB,1,Mid-Tenure,18.0,4,122812.7683522955,0.1538461538461538,73.6876610113773,0,1,0.7794213,71073.80274087533,55396.43782479232,1
CUST_3063,33,Multi-Year,1959.1591415736336,4,4.0,0,SMB,0,Mid-Tenure,4.0,4,64652.25167192991,0.1176470588235294,0.0,0,0,0.02746464,303492.1437217394,8335.302286677363,0
CUST_3064,55,Monthly,1560.8893100215253,4,29.0,0,SMB,0,Loyal,29.0,4,85848.91205118388,0.0714285714285714,0.0,0,1,0.11682637,112276.44655111045,13116.849727312665,0
CUST_3065,58,Monthly,1988.9010367057765,2,7.0,0,SMB,0,Loyal,7.0,2,115356.26012893504,0.0338983050847457,0.0,0,1,0.08313853,179262.99105662678,14903.662086269962,0
CUST_3066,7,Monthly,4795.924081949309,1,9.0,0,SMB,0,New,9.0,1,33571.468573645165,0.125,0.0,0,1,0.15818818,276437.8364144891,43729.19798651619,0
CUST_3067,57,Multi-Year,1998.829832238237,2,12.0,2,SMB,0,Loyal,12.0,2,113933.30043757951,0.0344827586206896,3.997659664476474,0,0,0.016818164,358973.6230709466,6037.277234495801,0
CUST_3068,12,Monthly,3043.453189807572,0,8.0,5,SMB,0,New,8.0,0,36521.43827769086,0.0,15.21726594903786,0,1,0.21317744,138771.15101298926,29582.879072760366,0
CUST_3069,16,Monthly,2316.556771639314,5,6.0,0,SMB,1,Mid-Tenure,6.0,5,37064.90834622902,0.2941176470588235,0.0,0,1,0.48642954,51821.68391950586,25207.59799034039,0
CUST_3070,43,Monthly,2282.9906501680143,0,19.0,0,SMB,0,Loyal,19.0,0,98168.5979572246,0.0,0.0,0,1,0.052631706,266933.9687065943,14049.190162211675,0
CUST_3071,7,Monthly,1370.2037444557484,5,19.0,0,SMB,1,New,19.0,5,9591.42621119024,0.625,0.0,0,1,0.8454708,18361.787977794713,15524.355315689674,1
CUST_3072,51,Monthly,2916.857933589155,1,18.0,15,SMB,1,Loyal,18.0,1,148759.7546130469,0.0192307692307692,43.752869003837326,0,1,0.72344285,45255.1789063398,32739.535718269093,1
CUST_3073,32,Multi-Year,4322.319147352431,3,10.0,0,SMB,0,Mid-Tenure,10.0,3,138314.2127152778,0.0909090909090909,0.0,0,0,0.0207951,732647.131021047,15235.46994198892,0
CUST_3074,8,Multi-Year,722.6825609924186,6,7.0,5,SMB,0,New,7.0,6,5781.460487939349,0.6666666666666666,3.613412804962093,0,0,0.18296376,37225.49331698832,6810.916177000224,0
CUST_3075,45,Monthly,4501.519671485397,1,21.0,0,SMB,0,Loyal,21.0,1,202568.38521684287,0.0217391304347826,0.0,0,1,0.10400418,350758.2314703252,36480.322916297024,0
CUST_3076,59,Multi-Year,3494.628343117848,2,15.0,2,SMB,0,Loyal,15.0,2,206183.07224395304,0.0333333333333333,6.989256686235696,0,0,0.014767013,647483.0285853659,9561.390014780116,0
CUST_3077,4,Annual,3275.321362587063,3,9.0,0,SMB,0,New,9.0,3,13101.285450348252,0.6,0.0,0,0,0.047549546,402911.7433978685,19158.2703819219,0
CUST_3078,67,Monthly,3316.551048157965,3,5.0,5,SMB,0,Loyal,5.0,3,222208.9202265837,0.0441176470588235,16.582755240789826,0,1,0.073633745,321907.3679002188,23703.245142243348,0
CUST_3079,29,Annual,1833.2142617951124,2,9.0,0,SMB,0,Mid-Tenure,9.0,2,53163.21359205826,0.0666666666666666,0.0,0,0,0.031369045,270355.53686785576,8480.79510387085,0
CUST_3080,29,Multi-Year,2368.1502674072945,1,9.0,2,SMB,0,Mid-Tenure,9.0,1,68676.35775481154,0.0333333333333333,4.736300534814589,0,0,0.03809774,322571.3216018766,12289.238090131155,0
CUST_3081,28,Monthly,4096.805026568965,4,24.0,0,SMB,1,Mid-Tenure,24.0,4,114710.54074393102,0.1379310344827586,0.0,0,1,0.59549856,76160.7574606019,45353.6215378905,1
CUST_3082,44,Monthly,1878.7146662133032,0,26.0,0,SMB,0,Loyal,26.0,0,82663.44531338534,0.0,0.0,0,1,0.051998507,221028.48798285105,11493.151430738028,0
CUST_3083,4,Multi-Year,2615.090943077136,3,18.0,0,Enterprise,0,New,18.0,3,10460.363772308545,0.6,0.0,1,0,0.0241708,423092.2699544519,10226.4782920455,0
CUST_3084,9,Annual,588.34522124444,3,3.0,0,SMB,0,New,3.0,3,5295.10699119996,0.3,0.0,0,0,0.052439064,68920.4157017722,3614.1220752435147,0
CUST_3085,5,Monthly,3801.01258820978,4,18.0,0,Enterprise,1,New,18.0,4,19005.0629410489,0.6666666666666666,0.0,1,1,0.50292426,82492.58187418942,41487.52098141968,1
CUST_3086,56,Annual,2379.659795053725,1,2.0,0,SMB,0,Loyal,2.0,1,133260.94852300858,0.0175438596491228,0.0,0,0,0.008164651,490949.6806774258,4008.432683754868,0
CUST_3087,50,Annual,2864.114458131217,2,16.0,0,SMB,0,Loyal,16.0,2,143205.72290656084,0.0392156862745098,0.0,0,0,0.006391118,609482.0163848578,3895.271372795683,0
CUST_3088,15,Multi-Year,1016.101930148414,3,13.0,0,Enterprise,0,Mid-Tenure,13.0,3,15241.52895222621,0.1875,0.0,1,0,0.057187803,113755.69142935754,6505.438081785523,0
CUST_3089,32,Annual,4962.714029543466,4,9.0,0,Enterprise,0,Mid-Tenure,9.0,4,158806.8489453909,0.1212121212121212,0.0,1,0,0.07279515,484974.9237473693,35303.82361249102,0
CUST_3090,28,Monthly,1861.105221431807,3,5.0,0,SMB,1,Mid-Tenure,5.0,3,52110.94620009059,0.1034482758620689,0.0,0,1,0.30147502,63541.53421795924,19156.185188809606,0
CUST_3091,22,Annual,3357.4534771840263,3,15.0,0,SMB,0,Mid-Tenure,15.0,3,73863.97649804858,0.1304347826086956,0.0,0,0,0.027152808,522203.16031009104,14179.282348952906,0
CUST_3092,17,Annual,3115.5635518450945,1,8.0,0,SMB,0,Mid-Tenure,8.0,1,52964.580381366606,0.0555555555555555,0.0,0,0,0.020980386,526719.6374132482,11050.781340133792,0
CUST_3093,59,Monthly,4032.914917662456,3,20.0,0,Enterprise,0,Loyal,20.0,3,237941.9801420849,0.05,0.0,1,1,0.05985873,440520.10683707823,26368.973341882505,0
CUST_3094,71,Annual,1822.2663002988224,2,11.0,0,SMB,0,Loyal,11.0,2,129380.9073212164,0.0277777777777777,0.0,0,0,0.0038555283,406034.3521081433,1565.4769393616173,0
CUST_3095,57,Multi-Year,3901.673052487568,4,11.0,2,SMB,0,Loyal,11.0,4,222395.36399179135,0.0689655172413793,7.803346104975136,0,0,0.012907908,744263.7223611976,9606.887877822439,0
CUST_3096,26,Monthly,2221.2577880858043,1,27.0,0,SMB,0,Mid-Tenure,27.0,1,57752.70249023091,0.037037037037037,0.0,0,1,0.21212636,101687.95624689785,21570.695947738484,0
CUST_3097,25,Annual,2350.2243463085706,2,13.0,0,SMB,0,Mid-Tenure,13.0,2,58755.60865771426,0.0769230769230769,0.0,0,0,0.019870723,403641.03914866335,8020.639145693648,0
CUST_3098,10,Monthly,3527.206369190466,5,25.0,0,SMB,1,New,25.0,5,35272.06369190466,0.4545454545454545,0.0,0,1,0.5099948,75583.69320926622,38547.290868794444,1
CUST_3099,45,Monthly,4029.2859728321096,4,1.0,10,SMB,1,Loyal,1.0,4,181317.8687774449,0.0869565217391304,40.2928597283211,0,1,0.92108375,49791.206127227524,45861.87077406651,1
CUST_3100,11,Monthly,3500.899862542516,2,9.0,0,SMB,0,New,9.0,2,38509.89848796768,0.1666666666666666,0.0,0,1,0.17204325,189200.97369087004,32550.750229829533,0
CUST_3101,53,Monthly,4549.457842570184,4,3.0,2,SMB,0,Loyal,3.0,4,241121.2656562197,0.074074074074074,9.098915685140367,0,1,0.12192346,317545.34583565564,38716.2277654183,0
CUST_3102,68,Multi-Year,1783.215632795303,1,27.0,0,Enterprise,0,Loyal,27.0,1,121258.6630300806,0.0144927536231884,0.0,1,0,0.003913444,396906.3353133596,1553.2707169813043,0
CUST_3103,28,Monthly,4552.775294458772,2,5.0,0,SMB,1,Mid-Tenure,5.0,2,127477.70824484562,0.0689655172413793,0.0,0,1,0.26284066,174636.1925157275,45901.491825893245,0
CUST_3104,65,Annual,1088.885866745204,0,29.0,0,SMB,0,Loyal,29.0,0,70777.58133843826,0.0,0.0,0,0,0.0040394794,241797.863552994,976.7374935229187,0
CUST_3105,49,Monthly,3467.8864356349127,7,22.0,0,SMB,0,Loyal,22.0,7,169926.43534611072,0.14,0.0,0,1,0.29766262,119698.3337072647,35629.719115340384,0
CUST_3106,47,Multi-Year,2964.337931210799,2,27.0,0,SMB,0,Loyal,27.0,2,139323.88276690757,0.0416666666666666,0.0,0,0,0.00509702,645625.7420815729,3290.7672887793706,0
CUST_3107,52,Annual,2725.8617318701527,0,28.0,0,Enterprise,0,Loyal,28.0,0,141744.81005724793,0.0,0.0,1,0,0.0039473916,606337.7496798941,2393.4525643422853,0
CUST_3108,54,Annual,1899.1041298798025,1,12.0,5,SMB,0,Loyal,12.0,1,102551.62301350934,0.0181818181818181,9.495520649399012,0,0,0.011476909,370696.0884756831,4254.445203820999,0
CUST_3109,60,Monthly,2766.7973538870538,1,22.0,0,SMB,0,Loyal,22.0,1,166007.8412332232,0.0163934426229508,0.0,0,1,0.10831648,209716.44037400882,22715.7468529479,0
CUST_3110,57,Monthly,1227.9801037311645,2,13.0,0,SMB,1,Loyal,13.0,2,69994.86591267638,0.0344827586206896,0.0,0,1,0.18818852,61865.95911592488,11642.463473352656,0
CUST_3111,47,Monthly,2161.94424895254,3,3.0,2,SMB,0,Loyal,3.0,3,101611.37970076938,0.0625,4.32388849790508,0,1,0.043444093,277634.78524665616,12061.591518243637,0
CUST_3112,31,Multi-Year,944.0641286774484,4,9.0,2,SMB,0,Mid-Tenure,9.0,4,29265.9879890009,0.125,1.8881282573548968,0,0,0.047767248,115874.89357636569,5535.024778977572,0
CUST_3113,46,Monthly,3073.309699038438,2,9.0,0,Enterprise,0,Loyal,9.0,2,141372.24615576814,0.0425531914893617,0.0,1,1,0.05119807,364431.0259979153,18658.164817043213,0
CUST_3114,26,Annual,930.9554878983212,1,4.0,2,SMB,0,Mid-Tenure,4.0,1,24204.84268535635,0.037037037037037,1.8619109757966423,0,0,0.034379736,132395.13221229878,4551.709638733157,0
CUST_3115,5,Annual,1221.5508975732455,1,28.0,0,SMB,1,New,28.0,1,6107.754487866228,0.1666666666666666,0.0,0,0,0.308883,40845.09386273353,12616.355590830808,0
CUST_3116,52,Monthly,884.6006066936659,1,3.0,0,SMB,0,Loyal,3.0,1,45999.231548070624,0.0188679245283018,0.0,0,1,0.17492004,47195.47241861686,8255.433800046614,0
CUST_3117,54,Annual,2215.8978797843506,1,11.0,0,SMB,0,Loyal,11.0,1,119658.48550835492,0.0181818181818181,0.0,0,0,0.0056338594,477960.25309539185,2692.7608788317175,0
CUST_3118,33,Annual,4288.813044882569,1,25.0,0,Enterprise,0,Mid-Tenure,25.0,1,141530.83048112475,0.0294117647058823,0.0,1,0,0.012095872,828811.2237451032,10025.19473382318,0
CUST_3119,50,Annual,4581.033762352225,6,21.0,0,SMB,1,Loyal,21.0,6,229051.6881176112,0.1176470588235294,0.0,0,0,0.05981834,500575.81889038335,29943.613830749477,0
CUST_3120,38,Monthly,823.5025457000602,3,26.0,0,Enterprise,0,Loyal,26.0,3,31293.09673660229,0.0769230769230769,0.0,1,1,0.033044197,118997.23777534433,3932.1681276743993,0
CUST_3121,27,Monthly,3355.4756338773213,2,13.0,0,SMB,0,Mid-Tenure,13.0,2,90597.84211468768,0.0714285714285714,0.0,0,1,0.2699999,125830.374239528,33974.1873945365,0
CUST_3122,15,Monthly,3579.7344106643304,2,6.0,0,Enterprise,0,Mid-Tenure,6.0,2,53696.01615996496,0.125,0.0,1,1,0.20294473,169826.86939128314,34465.467433913764,0
CUST_3123,61,Multi-Year,2901.9647409441086,2,1.0,2,SMB,0,Loyal,1.0,2,177019.84919759064,0.032258064516129,5.8039294818882174,0,0,0.018464789,508634.8620996242,9391.835302198104,0
CUST_3124,21,Annual,3501.431876612957,1,13.0,0,SMB,0,Mid-Tenure,13.0,1,73530.06940887209,0.0454545454545454,0.0,0,0,0.031469427,515741.692751277,16230.095576246604,0
CUST_3125,46,Monthly,1551.6082194939288,1,9.0,0,Enterprise,0,Loyal,9.0,1,71373.97809672072,0.0212765957446808,0.0,1,1,0.11707068,111445.63411236131,13047.016430108271,0
CUST_3126,69,Multi-Year,2703.3989531855723,4,27.0,5,SMB,0,Loyal,27.0,4,186534.5277698045,0.0571428571428571,13.516994765927862,0,0,0.010678529,534633.7028802447,5709.101397965044,0
CUST_3127,6,Monthly,2258.941320661228,2,15.0,5,SMB,0,New,15.0,2,13553.647923967368,0.2857142857142857,11.29470660330614,0,1,0.23361218,95578.73971369232,22328.357722862755,0
CUST_3128,38,Multi-Year,903.6857814783398,4,2.0,5,Enterprise,0,Loyal,2.0,4,34340.05969617691,0.1025641025641025,4.518428907391699,1,0,0.0075624357,188390.72770635018,1424.69276433427,0
CUST_3129,62,Multi-Year,3315.0039787512005,2,26.0,0,Enterprise,0,Loyal,26.0,2,205530.2466825744,0.0317460317460317,0.0,1,0,0.011901719,642632.3660686818,7648.429561279927,0
CUST_3130,62,Multi-Year,2728.468367021958,6,7.0,0,Enterprise,1,Loyal,7.0,6,169165.0387553614,0.0952380952380952,0.0,1,0,0.23344263,115514.09371774211,26965.914341341082,0
CUST_3131,46,Multi-Year,1738.2831210616243,1,22.0,0,SMB,0,Loyal,22.0,1,79961.02356883472,0.0212765957446808,0.0,0,0,0.00730294,364019.66846561636,2658.413758242888,0
CUST_3132,13,Monthly,2631.583671815172,2,27.0,0,SMB,0,Mid-Tenure,27.0,2,34210.58773359723,0.1428571428571428,0.0,0,1,0.1871265,133173.66106176536,24920.321405582235,0
CUST_3133,3,Monthly,3988.841082788764,2,16.0,0,SMB,0,New,16.0,2,11966.523248366291,0.5,0.0,0,1,0.18308699,205357.207351791,37598.23323788779,0
CUST_3134,6,Annual,4107.459932636288,4,3.0,0,SMB,0,New,3.0,4,24644.759595817726,0.5714285714285714,0.0,0,0,0.01800815,724758.956618029,13051.56812080899,0
CUST_3135,8,Monthly,3422.867579372161,1,20.0,10,SMB,0,New,20.0,1,27382.940634977287,0.1111111111111111,34.22867579372161,0,1,0.60651845,62563.984864957434,37946.210963397236,1
CUST_3136,44,Monthly,2604.865250300737,6,29.0,0,SMB,1,Loyal,29.0,6,114614.07101323245,0.1333333333333333,0.0,0,1,0.725856,40288.896748537445,29243.937685900895,1
CUST_3137,33,Annual,3090.873376417316,3,18.0,0,SMB,0,Mid-Tenure,18.0,3,101998.82142177144,0.088235294117647,0.0,0,0,0.01876871,539351.1172744742,10122.924251436187,0
CUST_3138,50,Monthly,2232.5691711002773,2,14.0,0,SMB,0,Loyal,14.0,2,111628.45855501389,0.0392156862745098,0.0,0,1,0.073850356,216316.12489693865,15975.022841347964,0
CUST_3139,11,Multi-Year,1069.503543474072,1,19.0,2,SMB,0,New,19.0,1,11764.538978214794,0.0833333333333333,2.139007086948144,0,0,0.16393432,59990.574152815076,9834.513992833954,0
CUST_3140,28,Multi-Year,2235.2926882374136,1,25.0,0,SMB,0,Mid-Tenure,25.0,1,62588.19527064758,0.0344827586206896,0.0,0,0,0.01802287,394330.7955873279,7106.972920181572,0
CUST_3141,70,Multi-Year,2886.497402313354,3,9.0,0,Enterprise,0,Loyal,9.0,3,202054.8181619348,0.0422535211267605,0.0,1,0,0.0058456166,620245.0597636552,3625.714799810684,0
CUST_3142,41,Annual,3194.753065927628,3,29.0,10,SMB,1,Loyal,29.0,3,130984.87570303275,0.0714285714285714,31.94753065927628,0,0,0.52038217,67212.8938828363,34976.39129574959,1
CUST_3143,16,Multi-Year,4711.104392245794,5,9.0,2,SMB,0,Mid-Tenure,9.0,5,75377.6702759327,0.2941176470588235,9.422208784491588,0,0,0.17145944,255275.88429953548,43769.459252754175,0
CUST_3144,68,Multi-Year,3998.000502637773,5,22.0,2,SMB,0,Loyal,22.0,5,271864.0341793686,0.072463768115942,7.996001005275546,0,0,0.053689487,462689.18115517683,24841.544905512616,0
CUST_3145,48,Annual,1183.966526501048,7,23.0,10,SMB,0,Loyal,23.0,7,56830.39327205031,0.1428571428571428,11.83966526501048,0,0,0.09457043,98274.58349796178,9293.86943599557,0
CUST_3146,56,Monthly,1283.8199299381763,1,11.0,0,SMB,1,Loyal,11.0,1,71893.91607653788,0.0175438596491228,0.0,0,1,0.34569687,38933.43617027749,13459.166886621515,0
CUST_3147,64,Multi-Year,952.2264165788932,3,8.0,2,SMB,0,Loyal,8.0,3,60942.49066104917,0.0461538461538461,1.9044528331577864,0,0,0.009091926,193371.8842101768,1758.122824456198,0
CUST_3148,59,Multi-Year,3821.81777249413,6,14.0,0,SMB,0,Loyal,14.0,6,225487.2485771537,0.1,0.0,0,0,0.09331353,320010.3590752605,29861.296269871724,0
CUST_3149,62,Monthly,3677.550253213357,1,28.0,0,Enterprise,0,Loyal,28.0,1,228008.11569922813,0.0158730158730158,0.0,1,1,0.043626584,471346.9080360863,20563.25552967109,0
CUST_3150,11,Monthly,4938.633057635965,0,17.0,0,SMB,0,New,17.0,0,54324.96363399562,0.0,0.0,0,1,0.09649781,404535.70142892096,39036.80981177002,0
CUST_3151,18,Annual,2849.1053794895693,6,19.0,0,SMB,0,Mid-Tenure,19.0,6,51283.89683081225,0.3157894736842105,0.0,0,0,0.19033433,142257.09773083375,27076.410091292335,0
CUST_3152,19,Monthly,4218.867179819968,1,0.0,0,SMB,1,Mid-Tenure,0.0,1,80158.4764165794,0.05,0.0,0,1,0.25582927,165538.12332610507,42349.49801816616,0
CUST_3153,55,Multi-Year,3093.979363892544,4,2.0,0,Enterprise,0,Loyal,2.0,4,170168.8650140899,0.0714285714285714,0.0,1,0,0.009546136,623512.3763872848,5952.133663484512,0
CUST_3154,26,Multi-Year,4433.390206373467,2,7.0,0,SMB,1,Mid-Tenure,7.0,2,115268.14536571014,0.074074074074074,0.0,0,0,0.06985447,443877.35091982636,31006.816253347868,0
CUST_3155,6,Monthly,3744.5946768623817,3,6.0,0,Enterprise,1,New,6.0,3,22467.56806117429,0.4285714285714285,0.0,1,1,0.21483807,169670.22972600648,36451.62514170494,0
CUST_3156,4,Annual,3392.978067460638,2,14.0,0,SMB,0,New,14.0,2,13571.912269842553,0.4,0.0,0,0,0.046224896,423131.00085355766,19559.186451592617,0
CUST_3157,29,Monthly,3043.0520194237265,3,7.0,0,SMB,0,Mid-Tenure,7.0,3,88248.50856328807,0.1,0.0,0,1,0.2638479,116351.34183977735,30699.055754079767,0
CUST_3158,59,Annual,3753.367359993387,3,14.0,0,SMB,0,Loyal,14.0,3,221448.67423960983,0.05,0.0,0,0,0.009038063,762904.5436138955,6895.179149797238,0
CUST_3159,17,Monthly,2388.442292019547,1,26.0,0,SMB,0,Mid-Tenure,26.0,1,40603.5189643323,0.0555555555555555,0.0,0,1,0.21283606,109046.3254438614,23208.989932107997,0
CUST_3160,43,Annual,934.5946131754883,3,21.0,0,SMB,0,Loyal,21.0,3,40187.568366546,0.0681818181818181,0.0,0,0,0.0023325945,214304.97303052538,499.88659680670986,0
CUST_3161,66,Monthly,679.9375795902836,0,4.0,0,SMB,0,Loyal,4.0,0,44875.88025295872,0.0,0.0,0,1,0.07694066,64276.09927902919,4945.445703795388,0
CUST_3162,34,Monthly,2655.6067922412826,1,11.0,0,Enterprise,0,Mid-Tenure,11.0,1,90290.6309362036,0.0285714285714285,0.0,1,1,0.2073055,123849.98046593701,25674.78285270025,0
CUST_3163,8,Monthly,3196.812119990636,1,11.0,2,SMB,1,New,11.0,1,25574.496959925087,0.1111111111111111,6.393624239981272,0,1,0.27533847,117913.33476150331,32466.077296175976,0
CUST_3164,13,Monthly,854.8206375678144,1,25.0,0,SMB,0,Mid-Tenure,25.0,1,11112.668288381588,0.0714285714285714,0.0,0,1,0.20573325,40111.513022934254,8252.272119208685,0
CUST_3165,8,Annual,1791.06597010446,0,8.0,0,SMB,0,New,8.0,0,14328.52776083568,0.0,0.0,0,0,0.20628525,83862.77253793528,17299.653264287295,0
CUST_3166,65,Monthly,1949.144926889692,1,20.0,0,SMB,0,Loyal,20.0,1,126694.42024782998,0.0151515151515151,0.0,0,1,0.042378172,253195.52552703753,10729.963600905894,0
CUST_3167,43,Annual,3032.5799084371306,1,8.0,5,SMB,0,Loyal,8.0,1,130400.9360627966,0.0227272727272727,15.162899542185652,0,0,0.015794061,553103.9702795303,8735.757914701628,0
CUST_3168,39,Multi-Year,1753.1710521925509,3,14.0,0,SMB,0,Loyal,14.0,3,68373.67103550948,0.075,0.0,0,0,0.0059667844,375902.45463236433,2242.9289144503578,0
CUST_3169,59,Multi-Year,930.4186980020302,3,14.0,0,SMB,0,Loyal,14.0,3,54894.70318211978,0.05,0.0,0,0,0.0046929033,204140.26819638265,958.0105289282161,0
CUST_3170,44,Multi-Year,1241.8553342594755,4,28.0,5,SMB,0,Loyal,28.0,4,54641.63470741693,0.0888888888888888,6.209276671297377,0,0,0.007157111,260724.58703504087,1866.0348293347486,0
CUST_3171,9,Multi-Year,1282.7651072188694,2,19.0,0,Enterprise,0,New,19.0,2,11544.885964969824,0.2,0.0,1,0,0.08570554,113430.74614120809,9721.64347249108,0
CUST_3172,37,Monthly,4292.127249002427,0,11.0,0,SMB,0,Loyal,11.0,0,158808.7082130898,0.0,0.0,0,1,0.11022322,321461.0736961165,35432.47426125195,0
CUST_3173,36,Monthly,1779.4385914023117,0,4.0,0,SMB,1,Mid-Tenure,4.0,0,64059.78929048322,0.0,0.0,0,1,0.34215572,54450.97725037421,18630.7135852028,0
CUST_3174,28,Annual,3716.112802616406,4,0.0,15,Enterprise,1,Mid-Tenure,0.0,4,104051.15847325936,0.1379310344827586,55.74169203924609,1,0,0.67601,61422.50399253899,41522.22769955661,1
CUST_3175,42,Multi-Year,3055.274358526876,4,21.0,2,Enterprise,0,Loyal,21.0,4,128321.5230581288,0.0930232558139534,6.110548717053752,1,0,0.011295489,598140.12216054,6756.285191584991,0
CUST_3176,43,Multi-Year,4896.674391273989,2,18.0,0,SMB,0,Loyal,18.0,2,210556.99882478156,0.0454545454545454,0.0,0,0,0.034606937,694506.7867929593,24034.752838192027,0
CUST_3177,42,Monthly,1727.70200996091,0,10.0,0,SMB,0,Loyal,10.0,0,72563.48441835822,0.0,0.0,0,1,0.09687313,141158.72605629856,13674.48718568731,0
CUST_3178,66,Monthly,1212.678592381401,3,25.0,0,Enterprise,0,Loyal,25.0,3,80036.78709717246,0.044776119402985,0.0,1,1,0.13770121,77528.23265842054,10675.731706707922,0
CUST_3179,55,Monthly,734.1702696255218,0,17.0,0,Enterprise,0,Loyal,17.0,0,40379.3648294037,0.0,0.0,1,1,0.13645297,47250.75304415682,6447.505724116639,0
CUST_3180,48,Annual,1584.3184802657622,2,5.0,0,SMB,0,Loyal,5.0,2,76047.28705275658,0.0408163265306122,0.0,0,0,0.0058550932,340377.5722095087,1992.942423610681,0
CUST_3181,22,Annual,3578.318988869267,3,16.0,0,SMB,0,Mid-Tenure,16.0,3,78723.01775512387,0.1304347826086956,0.0,0,0,0.029832622,537873.20737137,16046.168098982853,0
CUST_3182,27,Monthly,883.6620108658728,2,13.0,0,SMB,0,Mid-Tenure,13.0,2,23858.874293378565,0.0714285714285714,0.0,0,1,0.19391362,43474.17786471947,8430.235366717649,0
CUST_3183,67,Monthly,1601.1583031734633,3,11.0,2,SMB,0,Loyal,11.0,3,107277.60631262204,0.0441176470588235,3.2023166063469266,0,1,0.08411286,143266.64094731456,12050.566950264038,0
CUST_3184,13,Annual,4348.887656828054,3,24.0,0,SMB,0,Mid-Tenure,24.0,3,56535.5395387647,0.2142857142857142,0.0,0,0,0.05707539,487382.30439648125,27817.5344833439,0
CUST_3185,45,Annual,3123.288272140341,5,4.0,0,SMB,0,Loyal,4.0,5,140547.97224631536,0.108695652173913,0.0,0,0,0.07535351,298990.09390669956,22529.95323375924,0
CUST_3186,10,Monthly,812.8469311393795,6,6.0,2,SMB,0,New,6.0,6,8128.469311393796,0.5454545454545454,1.6256938622787591,0,1,0.4755533,18559.798658112817,8826.173572641976,0
CUST_3187,9,Multi-Year,714.5741491239347,5,26.0,0,SMB,1,New,26.0,5,6431.167342115413,0.5,0.0,0,0,0.56476885,13948.152402332491,7877.482003095659,1
CUST_3188,54,Annual,775.052938965951,4,25.0,2,Enterprise,0,Loyal,25.0,4,41852.85870416135,0.0727272727272727,1.550105877931902,1,0,0.010634981,153387.28544527586,1631.270881045186,0
CUST_3189,27,Multi-Year,4738.437725662638,0,15.0,0,SMB,0,Mid-Tenure,15.0,0,127937.8185928912,0.0,0.0,0,0,0.034312047,674414.2939586919,23140.534995150225,0
CUST_3190,34,Multi-Year,4324.421428524746,2,24.0,2,SMB,0,Mid-Tenure,24.0,2,147030.32856984137,0.0571428571428571,8.648842857049493,0,0,0.03243673,629489.5488544204,20418.581575600976,0
CUST_3191,1,Monthly,4302.230189084487,3,8.0,10,SMB,1,New,8.0,3,4302.230189084487,1.5,43.02230189084487,0,1,0.8025046,60558.92437640563,48598.81532827493,1
CUST_3192,32,Monthly,4658.975430095957,1,28.0,0,SMB,0,Mid-Tenure,28.0,1,149087.2137630706,0.0303030303030303,0.0,0,1,0.120354794,328183.9177667845,39498.50780571581,0
CUST_3193,71,Annual,2773.649256129096,0,22.0,0,SMB,0,Loyal,22.0,0,196929.09718516585,0.0,0.0,0,0,0.0037081195,619716.1684667593,2297.981611331008,0
CUST_3194,67,Monthly,1613.051020145048,2,14.0,0,SMB,0,Loyal,14.0,2,108074.4183497182,0.0294117647058823,0.0,0,1,0.05326745,187441.5700344773,9984.534298636117,0
CUST_3195,20,Multi-Year,2306.0660190733315,0,3.0,0,SMB,0,Mid-Tenure,3.0,0,46121.32038146664,0.0,0.0,0,0,0.035066325,325308.4215846456,11407.370907274038,0
CUST_3196,35,Annual,3734.888327977149,3,19.0,0,SMB,1,Mid-Tenure,19.0,3,130721.0914792002,0.0833333333333333,0.0,0,0,0.025658933,592377.6420911297,15199.778493202906,0
CUST_3197,17,Multi-Year,4442.147921845693,2,22.0,0,SMB,0,Mid-Tenure,22.0,2,75516.51467137679,0.1111111111111111,0.0,0,0,0.024858652,712085.7063240513,17701.490541763553,0
CUST_3198,18,Monthly,2457.909170147859,1,23.0,2,SMB,1,Mid-Tenure,23.0,1,44242.36506266147,0.0526315789473684,4.915818340295719,0,1,0.22165313,108575.62492742407,24066.127501080795,0
CUST_3199,45,Monthly,2909.214299219276,3,6.0,2,Enterprise,0,Loyal,6.0,3,130914.6434648674,0.0652173913043478,5.818428598438551,1,1,0.0571653,325763.76682030916,18622.383006902935,0
CUST_3200,53,Annual,4693.02346974314,3,26.0,5,SMB,0,Loyal,26.0,3,248730.2438963864,0.0555555555555555,23.4651173487157,0,0,0.009637852,944304.3257918946,9101.065523213332,0
CUST_3201,68,Monthly,983.7438669924308,3,13.0,0,Enterprise,0,Loyal,13.0,3,66894.5829554853,0.0434782608695652,0.0,1,1,0.10551875,75906.77008613457,8009.587560272736,0
CUST_3202,65,Annual,4380.346476383558,1,29.0,0,SMB,0,Loyal,29.0,1,284722.5209649313,0.0151515151515151,0.0,0,0,0.002584465,999613.8046423437,2583.4669724559203,0
CUST_3203,1,Multi-Year,1216.8836701337116,2,25.0,5,SMB,0,New,25.0,2,1216.8836701337116,1.0,6.084418350668558,0,0,0.00719717,255302.9018968304,1837.458399893502,0
CUST_3204,58,Monthly,2677.376076307791,4,3.0,0,SMB,0,Loyal,3.0,4,155287.81242585188,0.0677966101694915,0.0,0,1,0.05435413,307879.6541841502,16734.53112403885,0
CUST_3205,26,Annual,1482.9040789837682,4,3.0,0,SMB,0,Mid-Tenure,3.0,4,38555.50605357797,0.1481481481481481,0.0,0,0,0.03386606,212181.769293318,7185.76032505158,0
CUST_3206,20,Monthly,3213.2643381077187,2,23.0,0,Enterprise,0,Mid-Tenure,23.0,2,64265.28676215437,0.0952380952380952,0.0,1,1,0.15654117,186690.00886499745,29224.672170422342,0
CUST_3207,10,Monthly,3013.580397687197,3,27.0,0,SMB,0,New,27.0,3,30135.80397687197,0.2727272727272727,0.0,0,1,0.2756923,111034.13222905084,30611.256837163815,0
CUST_3208,59,Multi-Year,2210.0331390833835,2,13.0,0,SMB,0,Loyal,13.0,2,130391.95520591964,0.0333333333333333,0.0,0,0,0.0051830974,480589.1434999773,2490.940359726682,0
CUST_3209,41,Multi-Year,4384.86581680306,3,24.0,0,SMB,0,Loyal,24.0,3,179779.49848892546,0.0714285714285714,0.0,0,0,0.006005534,939521.262380667,5642.326857602835,0
CUST_3210,5,Annual,3469.159941296269,4,6.0,0,SMB,0,New,6.0,4,17345.799706481346,0.6666666666666666,0.0,0,0,0.12507294,237786.146292305,29740.612689597918,0
CUST_3211,65,Multi-Year,3745.423062328746,1,14.0,0,SMB,0,Loyal,14.0,1,243452.4990513685,0.0151515151515151,0.0,0,0,0.005195568,814287.7545137404,4230.687278019424,0
CUST_3212,17,Annual,1177.9688219345085,3,11.0,2,SMB,0,Mid-Tenure,11.0,3,20025.469972886644,0.1666666666666666,2.3559376438690167,0,0,0.16503568,65736.18881900642,10848.816618172892,0
CUST_3213,22,Monthly,4474.245550890279,5,13.0,0,Enterprise,0,Mid-Tenure,13.0,5,98433.40211958614,0.217391304347826,0.0,1,1,0.3001927,153318.28069739608,46025.03074811722,0
CUST_3214,41,Monthly,1251.680736290083,4,12.0,0,SMB,0,Loyal,12.0,4,51318.9101878934,0.0952380952380952,0.0,0,1,0.103494935,97854.48896868357,10127.443949603163,0
CUST_3215,68,Multi-Year,1502.5323389448208,3,29.0,0,SMB,0,Loyal,29.0,3,102172.1990482478,0.0434782608695652,0.0,0,0,0.018664226,262587.81198135036,4900.9982508429985,0
CUST_3216,69,Monthly,1076.248123235962,4,18.0,0,SMB,0,Loyal,18.0,4,74261.12050328139,0.0571428571428571,0.0,0,1,0.24926764,43155.27419656328,10757.213254552424,0
CUST_3217,11,Annual,2481.6164358596698,2,11.0,0,SMB,0,New,11.0,2,27297.78079445637,0.1666666666666666,0.0,0,0,0.03499759,350355.7654279166,12261.607392707887,0
CUST_3218,56,Annual,4494.691542885394,1,15.0,0,Enterprise,0,Loyal,15.0,1,251702.72640158204,0.0175438596491228,0.0,1,0,0.006916685,947635.9971665599,6554.499715362484,0
CUST_3219,51,Annual,1636.013838244368,3,25.0,0,SMB,0,Loyal,25.0,3,83436.70575046276,0.0576923076923076,0.0,0,0,0.0061125965,349870.9120415608,2138.619707416216,0
CUST_3220,21,Monthly,2181.8903919032896,1,15.0,0,SMB,1,Mid-Tenure,15.0,1,45819.69822996908,0.0454545454545454,0.0,0,1,0.33977905,67173.14324263073,22824.026739941673,0
CUST_3221,26,Monthly,4307.298890339399,5,0.0,0,SMB,1,Mid-Tenure,0.0,5,111989.77114882437,0.1851851851851851,0.0,0,1,0.8604394,56772.131002075585,48848.979457192465,1
CUST_3222,19,Monthly,3280.168758915001,1,14.0,2,SMB,1,Mid-Tenure,14.0,1,62323.20641938502,0.05,6.560337517830002,0,1,0.27847445,119832.83224955018,33370.382065983824,0
CUST_3223,60,Annual,3882.273771408246,4,4.0,0,SMB,0,Loyal,4.0,4,232936.42628449475,0.0655737704918032,0.0,0,0,0.007927198,804238.5320873263,6375.358053328236,0
CUST_3224,71,Annual,1463.0002224625168,2,5.0,0,Enterprise,0,Loyal,5.0,2,103873.01579483868,0.0277777777777777,0.0,1,0,0.0037861424,326403.81843229913,1235.8113527518267,0
CUST_3225,47,Annual,3724.204384996589,6,26.0,10,SMB,1,Loyal,26.0,6,175037.6060948397,0.125,37.242043849965896,0,0,0.34843987,112163.6020733308,39082.2711791982,0
CUST_3226,71,Annual,1524.247603887976,6,24.0,0,SMB,0,Loyal,24.0,6,108221.57987604632,0.0833333333333333,0.0,0,0,0.018985447,265142.46070495824,5033.848013861276,0
CUST_3227,26,Monthly,4942.912919947975,1,20.0,0,Enterprise,0,Mid-Tenure,20.0,1,128515.73591864736,0.037037037037037,0.0,1,1,0.19648556,240642.71662349883,47282.819925371936,0
CUST_3228,40,Multi-Year,3019.487702570318,1,16.0,0,SMB,0,Loyal,16.0,1,120779.50810281272,0.024390243902439,0.0,0,0,0.00895909,614559.2292971988,5505.8916528073405,0
CUST_3229,5,Annual,3630.376661194117,0,10.0,0,SMB,0,New,10.0,0,18151.883305970583,0.0,0.0,0,0,0.05620094,410208.4177623075,23054.098740584937,0
CUST_3230,21,Monthly,1032.8071286367626,1,26.0,0,SMB,1,Mid-Tenure,26.0,1,21688.949701372014,0.0454545454545454,0.0,0,1,0.2261527,44879.827484227266,10149.694303182096,0
CUST_3231,4,Monthly,1627.9519101870628,4,3.0,0,SMB,0,New,3.0,4,6511.807640748251,0.8,0.0,0,1,0.39230347,44167.46388447159,17327.049201503974,0
CUST_3232,23,Multi-Year,1128.8329680395946,2,17.0,0,SMB,0,Mid-Tenure,17.0,2,25963.158264910675,0.0833333333333333,0.0,0,0,0.032494888,164204.06745110507,5335.792733286136,0
CUST_3233,15,Multi-Year,2255.7682187227538,4,19.0,5,SMB,0,Mid-Tenure,19.0,4,33836.523280841306,0.25,11.278841093613767,0,0,0.029522233,340398.1022671071,10049.311989619591,0
CUST_3234,8,Monthly,1778.6113889242931,3,13.0,0,SMB,0,New,13.0,3,14228.891111394343,0.3333333333333333,0.0,0,1,0.2515144,70787.11818887926,17803.979913799347,0
CUST_3235,41,Annual,3798.150168337562,2,22.0,0,SMB,0,Loyal,22.0,2,155724.15690184003,0.0476190476190476,0.0,0,0,0.006680208,804121.969070875,5371.70184404403,0
CUST_3236,19,Monthly,989.1904083266804,1,8.0,0,SMB,0,Mid-Tenure,8.0,1,18794.61775820693,0.05,0.0,0,1,0.22202112,43637.36582545893,9688.416738696702,0
CUST_3237,46,Monthly,3884.267158026657,2,27.0,0,SMB,0,Loyal,27.0,2,178676.28926922622,0.0425531914893617,0.0,0,1,0.080676004,356692.9308283681,28776.56041792925,0
CUST_3238,28,Annual,705.6717108736437,5,2.0,0,SMB,0,Mid-Tenure,2.0,5,19758.807904462024,0.1724137931034483,0.0,0,0,0.09750615,57408.18716331094,5597.651343407907,0
CUST_3239,68,Annual,1409.080267950766,3,2.0,5,SMB,0,Loyal,2.0,3,95817.45822065209,0.0434782608695652,7.04540133975383,0,0,0.03128869,208011.25108041993,6508.39973150544,0
CUST_3240,15,Annual,4063.842463840713,4,10.0,0,SMB,0,Mid-Tenure,10.0,4,60957.636957610695,0.25,0.0,0,0,0.029133644,616250.0128855752,17953.608462667762,0
CUST_3241,37,Monthly,3842.494884985527,2,19.0,15,SMB,0,Loyal,19.0,2,142172.31074446448,0.0526315789473684,57.6374232747829,0,1,0.2759477,141464.22369803174,39036.72574853977,0
CUST_3242,1,Monthly,2643.467512634885,3,22.0,0,Enterprise,0,New,22.0,3,2643.467512634885,1.5,0.0,1,1,0.10546875,204038.5013689294,21519.68569125427,0
CUST_3243,67,Monthly,724.9222178489831,3,21.0,0,Enterprise,0,Loyal,21.0,3,48569.788595881866,0.0441176470588235,0.0,1,1,0.17800935,38152.2375097095,6791.454852404851,0
CUST_3244,24,Monthly,3244.521837511847,4,29.0,0,SMB,0,Mid-Tenure,29.0,4,77868.52410028432,0.16,0.0,0,1,0.3195423,105358.06584597018,33666.35750187764,0
CUST_3245,27,Monthly,2330.258467883443,3,4.0,0,Enterprise,0,Mid-Tenure,4.0,3,62916.97863285296,0.1071428571428571,0.0,1,1,0.19478193,114236.79043715917,22251.26243319552,0
CUST_3246,40,Monthly,1924.376675890864,4,3.0,0,SMB,0,Loyal,3.0,4,76975.06703563455,0.0975609756097561,0.0,0,1,0.07054699,191564.45837108695,13514.296335776158,0
CUST_3247,63,Monthly,3381.847865719404,3,11.0,0,SMB,0,Loyal,11.0,3,213056.4155403225,0.046875,0.0,0,1,0.11513563,245750.55478117525,28294.645550983496,0
CUST_3248,61,Monthly,2464.7655299077687,2,23.0,0,SMB,0,Loyal,23.0,2,150350.6973243739,0.032258064516129,0.0,0,1,0.08911847,212604.29849023628,18946.970483966135,0
CUST_3249,36,Annual,915.894952039304,2,11.0,0,SMB,0,Mid-Tenure,11.0,2,32972.21827341495,0.054054054054054,0.0,0,0,0.006191808,195593.26398412135,1211.0758973768209,0
CUST_3250,24,Monthly,4621.77711730555,2,3.0,2,SMB,1,Mid-Tenure,3.0,2,110922.6508153332,0.08,9.2435542346111,0,1,0.4063026,121545.05327201051,49384.07129513613,0
CUST_3251,24,Monthly,4003.218947540205,5,2.0,0,SMB,1,Mid-Tenure,2.0,5,96077.25474096493,0.2,0.0,0,1,0.7402085,60792.34309111367,44999.00949122558,1
CUST_3252,4,Annual,753.7018608074859,3,22.0,0,SMB,0,New,22.0,3,3014.807443229944,0.6,0.0,0,0,0.027718324,116374.38576331665,3225.7029548183245,0
CUST_3253,67,Monthly,2862.78741585813,3,1.0,0,SMB,0,Loyal,1.0,3,191806.7568624947,0.0441176470588235,0.0,0,1,0.04633476,356604.9328747375,16523.203409326205,0
CUST_3254,34,Annual,875.1990330438273,1,3.0,0,SMB,0,Mid-Tenure,3.0,1,29756.767123490128,0.0285714285714285,0.0,0,0,0.031083839,129525.04699398046,4026.1357090640236,0
CUST_3255,57,Monthly,4267.804365763182,6,23.0,2,SMB,0,Loyal,23.0,6,243264.8488485014,0.1034482758620689,8.535608731526365,0,1,0.5375877,87159.16135057282,46855.69328261138,1
CUST_3256,49,Monthly,3258.562824733873,2,3.0,0,SMB,0,Loyal,3.0,2,159669.57841195978,0.04,0.0,0,1,0.08615542,287192.0341431759,24743.150905799244,0
CUST_3257,53,Monthly,1276.021101078808,0,25.0,10,SMB,0,Loyal,25.0,0,67629.11835717682,0.0,12.76021101078808,0,1,0.42801264,32033.15471744049,13710.59509520871,0
CUST_3258,23,Monthly,593.3360426279035,3,27.0,5,SMB,1,Mid-Tenure,27.0,3,13646.72898044178,0.125,2.966680213139517,0,1,0.5057646,12811.237550039776,6479.470481311,1
CUST_3259,69,Annual,642.1145546588928,5,6.0,0,Enterprise,1,Loyal,6.0,5,44305.9042714636,0.0714285714285714,0.0,1,0,0.5267469,13360.061602961883,7037.371416494274,1
CUST_3260,53,Multi-Year,2783.1446242917336,5,1.0,0,SMB,0,Loyal,1.0,5,147506.66508746188,0.0925925925925925,0.0,0,0,0.08548816,246499.27835865493,21072.77047163041,0
CUST_3261,62,Monthly,3804.680654045482,1,10.0,2,SMB,0,Loyal,10.0,1,235890.20055081983,0.0158730158730158,7.609361308090963,0,1,0.18696973,192666.67074829745,36022.83488532233,0
CUST_3262,41,Monthly,1043.7820310028162,3,4.0,5,SMB,0,Loyal,4.0,3,42795.06327111546,0.0714285714285714,5.218910155014081,0,1,0.13741224,66833.3343434194,9183.717854041683,0
CUST_3263,57,Annual,1495.778296617309,2,27.0,0,Enterprise,0,Loyal,27.0,2,85259.36290718662,0.0344827586206896,0.0,1,0,0.0060559777,320203.84299495805,1939.1473201958872,0
CUST_3264,60,Monthly,1972.669753262896,3,12.0,5,SMB,0,Loyal,12.0,3,118360.18519577374,0.0491803278688524,9.86334876631448,0,1,0.0813294,180249.33198215833,14659.569634269528,0
CUST_3265,54,Multi-Year,1481.3455192751885,3,3.0,5,SMB,0,Loyal,3.0,3,79992.65804086017,0.0545454545454545,7.4067275963759425,0,0,0.0148786055,273990.88108353066,4076.6022281605087,0
CUST_3266,70,Monthly,2261.014532092214,4,8.0,0,SMB,0,Loyal,8.0,4,158271.01724645495,0.056338028169014,0.0,0,1,0.04796005,276971.8169297541,13283.582300458356,0
CUST_3267,57,Multi-Year,3018.267525942843,2,6.0,2,SMB,0,Loyal,6.0,2,172041.24897874205,0.0344827586206896,6.036535051885686,0,0,0.01781827,534062.7352193333,9516.074147209063,0
CUST_3268,10,Monthly,3582.215367085892,2,29.0,0,SMB,0,New,29.0,2,35822.15367085892,0.1818181818181818,0.0,0,1,0.15350229,211233.91775703695,32424.88914670499,0
CUST_3269,40,Monthly,4836.988319932528,5,24.0,0,SMB,0,Loyal,24.0,5,193479.5327973011,0.1219512195121951,0.0,0,1,0.33346516,151366.7061573571,50475.522726890726,0
CUST_3270,7,Multi-Year,4688.796513574375,3,26.0,0,SMB,0,New,26.0,3,32821.57559502063,0.375,0.0,0,0,0.013088469,891851.694451856,11672.973606420026,0
CUST_3271,38,Annual,3065.571386730115,1,28.0,0,SMB,0,Loyal,28.0,1,116491.71269574435,0.0256410256410256,0.0,0,0,0.0068701743,646856.7664100378,4444.018741962113,0
CUST_3272,61,Annual,3803.675254053596,3,12.0,2,SMB,0,Loyal,12.0,3,232024.19049726936,0.0483870967741935,7.607350508107191,0,0,0.009056107,772893.869952652,6999.409694973251,0
CUST_3273,3,Annual,4778.924920814426,0,9.0,0,SMB,0,New,9.0,0,14336.774762443278,0.0,0.0,0,0,0.03676759,660927.634783431,24300.716818172106,0
CUST_3274,51,Annual,875.6237504363218,2,6.0,0,SMB,0,Loyal,6.0,2,44656.81127225241,0.0384615384615384,0.0,0,0,0.004748624,191922.35584116043,911.3670701845414,0
CUST_3275,47,Monthly,525.3564193764312,3,17.0,5,Enterprise,0,Loyal,17.0,3,24691.751710692264,0.0625,2.626782096882156,1,1,0.051851142,61896.96895253454,3209.4285387736118,0
CUST_3276,68,Annual,634.0989367831247,2,27.0,0,Enterprise,0,Loyal,27.0,2,43118.72770125248,0.0289855072463768,0.0,1,0,0.009015754,128934.84615495299,1162.4448375859006,0
CUST_3277,38,Monthly,3035.072130678337,4,17.0,0,Enterprise,0,Loyal,17.0,4,115332.7409657768,0.1025641025641025,0.0,1,1,0.06664704,312231.38766034873,20809.297115644655,0
CUST_3278,36,Multi-Year,3932.750413861404,5,1.0,0,Enterprise,0,Mid-Tenure,1.0,5,141579.01489901054,0.1351351351351351,0.0,1,0,0.041246742,517202.0991443936,21332.901550499537,0
CUST_3279,41,Multi-Year,2151.837278352656,0,20.0,0,SMB,0,Loyal,20.0,0,88225.3284124589,0.0,0.0,0,0,0.0049779904,469679.72124139033,2338.0611469353607,0
CUST_3280,69,Monthly,2953.576286274284,2,0.0,2,Enterprise,0,Loyal,0.0,2,203796.7637529256,0.0285714285714285,5.907152572548568,1,1,0.025622496,468682.15027379076,12008.806699417919,0
CUST_3281,13,Monthly,2823.648433468416,0,12.0,0,SMB,0,Mid-Tenure,12.0,0,36707.42963508941,0.0,0.0,0,1,0.21005757,130293.38615496595,27369.112282177244,0
CUST_3282,58,Monthly,926.469012164088,1,22.0,0,SMB,1,Loyal,22.0,1,53735.20270551711,0.0169491525423728,0.0,0,1,0.37835783,25954.067180740403,9819.924477535445,0
CUST_3283,50,Monthly,1947.1471890082205,2,1.0,0,SMB,0,Loyal,1.0,2,97357.35945041102,0.0392156862745098,0.0,0,1,0.07129763,192631.68384714716,13734.182649828443,0
CUST_3284,30,Multi-Year,587.458198320359,3,3.0,0,SMB,1,Mid-Tenure,3.0,3,17623.74594961077,0.0967741935483871,0.0,0,0,0.19098614,29252.713128306626,5586.862810608855,0
CUST_3285,62,Monthly,998.175599629299,2,8.0,0,Enterprise,1,Loyal,8.0,2,61886.887177016535,0.0317460317460317,0.0,1,1,0.11780829,71379.70888616687,8409.12143215108,0
CUST_3286,25,Monthly,4153.362003094,3,7.0,0,SMB,0,Mid-Tenure,7.0,3,103834.05007735,0.1153846153846153,0.0,0,1,0.38017988,115859.30615471087,44047.3773482419,0
CUST_3287,27,Multi-Year,4232.360737617435,8,25.0,0,Enterprise,0,Mid-Tenure,25.0,8,114273.73991567074,0.2857142857142857,0.0,1,0,0.1022242,333641.6254716195,34106.248572157776,0
CUST_3288,51,Multi-Year,4108.758440202813,2,17.0,0,SMB,0,Loyal,17.0,2,209546.68045034347,0.0384615384615384,0.0,0,0,0.0059403908,881386.4473548552,5235.77989971711,0
CUST_3289,57,Annual,3770.683884285065,4,29.0,0,SMB,0,Loyal,29.0,4,214928.98140424868,0.0689655172413793,0.0,0,0,0.005000218,822691.3824638654,4113.636109083605,0
CUST_3290,47,Annual,4069.9078087995576,4,15.0,0,SMB,0,Loyal,15.0,4,191285.6670135792,0.0833333333333333,0.0,0,0,0.0058046174,875176.5663113452,5080.06514550592,0
CUST_3291,39,Annual,3519.4205357128326,0,3.0,0,SMB,0,Loyal,3.0,0,137257.40089280048,0.0,0.0,0,0,0.013231398,667912.5507815433,8837.416525717095,0
CUST_3292,16,Multi-Year,3514.250024673299,1,3.0,2,Enterprise,0,Mid-Tenure,3.0,1,56228.00039477278,0.0588235294117647,7.028500049346598,1,0,0.044065427,448315.61702606786,19755.219110755028,0
CUST_3293,22,Annual,3503.128088713136,3,17.0,0,Enterprise,0,Mid-Tenure,17.0,3,77068.817951689,0.1304347826086956,0.0,1,0,0.023919765,568691.4277150497,13602.965255097013,0
CUST_3294,54,Annual,2813.1925535519185,1,1.0,0,SMB,0,Loyal,1.0,1,151912.3978918036,0.0181818181818181,0.0,0,0,0.007767699,584380.3787683252,4539.290996686129,0
CUST_3295,21,Monthly,2135.0625505918,5,20.0,5,Enterprise,0,Mid-Tenure,20.0,5,44836.3135624278,0.2272727272727272,10.675312752959,1,1,0.26141986,82270.76275725945,21507.211488494715,0
CUST_3296,16,Monthly,3785.878697726997,2,10.0,5,SMB,1,Mid-Tenure,10.0,2,60574.05916363195,0.1176470588235294,18.929393488634982,0,1,0.54635274,76180.65635457683,41621.51064685093,1
CUST_3297,59,Annual,1843.9070611403367,2,19.0,0,SMB,0,Loyal,19.0,2,108790.51660727986,0.0333333333333333,0.0,0,0,0.0058860607,395928.51480128476,2330.459251735816,0
CUST_3298,31,Multi-Year,2943.059591649286,2,23.0,0,SMB,0,Mid-Tenure,23.0,2,91234.84734112788,0.0625,0.0,0,0,0.015853453,536292.5232019161,8502.088540126559,0
CUST_3299,42,Multi-Year,2450.1002909804656,8,3.0,0,SMB,0,Loyal,3.0,8,102904.21222117956,0.1860465116279069,0.0,0,0,0.14143485,153583.34289318862,21722.036804820185,0
CUST_3300,32,Multi-Year,1744.8002469216551,2,23.0,10,SMB,0,Mid-Tenure,23.0,2,55833.60790149296,0.0606060606060606,17.44800246921655,0,0,0.21420218,79248.41180051588,16975.182609212738,0
CUST_3301,59,Annual,4886.104642036084,3,13.0,0,SMB,0,Loyal,13.0,3,288280.173880129,0.05,0.0,0,0,0.074135676,472332.0401433101,35016.655104926685,0
CUST_3302,34,Annual,1664.3824034081877,3,20.0,10,SMB,0,Mid-Tenure,20.0,3,56589.00171587838,0.0857142857142857,16.643824034081877,0,0,0.15166843,99036.76642883082,15020.750814609273,0
CUST_3303,9,Multi-Year,1891.818786753635,5,16.0,0,SMB,0,New,16.0,5,17026.369080782715,0.5,0.0,0,0,0.20479496,89098.41020379767,18246.905196387692,0
CUST_3304,11,Annual,1227.1437579113071,0,29.0,0,SMB,0,New,29.0,0,13498.581337024378,0.0,0.0,0,0,0.18716137,62091.584354337596,11621.146062266149,0
CUST_3305,10,Monthly,4203.412813914307,2,29.0,2,SMB,0,New,29.0,2,42034.12813914307,0.1818181818181818,8.406825627828614,0,1,0.22177084,185601.0553203836,41160.901554086755,0
CUST_3306,17,Monthly,3139.652302495202,3,24.0,2,Enterprise,0,Mid-Tenure,24.0,3,53374.08914241844,0.1666666666666666,6.279304604990404,1,1,0.15453726,184200.31675811898,28465.8123409962,0
CUST_3307,68,Multi-Year,3258.676654125736,6,7.0,2,SMB,1,Loyal,7.0,6,221590.01248055007,0.0869565217391304,6.517353308251472,0,0,0.24300149,133460.4753975151,32431.094488660234,0
CUST_3308,48,Monthly,4192.52635309594,2,0.0,5,SMB,0,Loyal,0.0,2,201241.26494860512,0.0408163265306122,20.962631765479703,0,1,0.18211818,216744.4077134066,39473.09649742962,0
CUST_3309,52,Multi-Year,2043.1384638344573,4,27.0,2,Enterprise,0,Loyal,27.0,4,106243.20011939178,0.0754716981132075,4.086276927668915,1,0,0.0078097824,424109.1981649481,3312.200551815167,0
CUST_3310,25,Monthly,1371.3504142109618,5,18.0,0,SMB,1,Mid-Tenure,18.0,5,34283.76035527405,0.1923076923076923,0.0,0,1,0.72386456,21264.96762653984,15392.956335706383,1
CUST_3311,21,Annual,1392.8241379725678,1,18.0,0,SMB,0,Mid-Tenure,18.0,1,29249.30689742392,0.0454545454545454,0.0,0,0,0.046115678,173893.4782339655,8019.215614411802,0
CUST_3312,65,Annual,3796.789196580167,2,20.0,0,SMB,0,Loyal,20.0,2,246791.29777771083,0.0303030303030303,0.0,0,0,0.0050862394,827093.4849861332,4206.795493422681,0
CUST_3313,63,Annual,3263.518195081014,2,6.0,0,SMB,0,Loyal,6.0,2,205601.64629010388,0.03125,0.0,0,0,0.012535437,626240.440562951,7850.197595934701,0
CUST_3314,51,Monthly,1428.5249536194,5,0.0,0,SMB,0,Loyal,0.0,5,72854.7726345894,0.0961538461538461,0.0,0,1,0.3106227,47535.27510028963,14765.53512175368,0
CUST_3315,36,Multi-Year,1152.794275881906,4,0.0,0,SMB,0,Mid-Tenure,0.0,4,41500.59393174862,0.1081081081081081,0.0,0,0,0.010844754,227357.82127024618,2465.639654188844,0
CUST_3316,66,Annual,1043.0928732288776,2,9.0,0,SMB,0,Loyal,9.0,2,68844.12963310591,0.0298507462686567,0.0,0,0,0.0044792197,229759.43312047503,1029.1429725088824,0
CUST_3317,15,Monthly,3325.0939146636697,0,12.0,0,SMB,0,Mid-Tenure,12.0,0,49876.40871995505,0.0,0.0,0,1,0.345385,100917.14977971531,34855.2682839521,0
CUST_3318,39,Annual,500.533902098825,0,21.0,5,SMB,0,Loyal,21.0,0,19520.82218185417,0.0,2.502669510494125,0,0,0.10011685,40011.54425114209,4005.82973187249,0
CUST_3319,70,Monthly,582.4370417159467,1,29.0,0,Enterprise,0,Loyal,29.0,1,40770.59292011627,0.0140845070422535,0.0,1,1,0.07973444,53873.46962261527,4295.5707786274215,0
CUST_3320,1,Monthly,2252.9891103174286,2,4.0,0,SMB,0,New,4.0,2,2252.9891103174286,1.0,0.0,0,1,0.20804465,104772.05501649584,21797.26532400413,0
CUST_3321,23,Monthly,3611.074389242731,1,11.0,0,SMB,0,Mid-Tenure,11.0,1,83054.71095258281,0.0416666666666666,0.0,0,1,0.25146258,143742.1889432259,36145.78151021105,0
CUST_3322,39,Multi-Year,3627.6771942383175,2,27.0,0,SMB,0,Loyal,27.0,2,141479.41057529437,0.05,0.0,0,0,0.008426398,745076.3222948974,6278.309660989827,0
CUST_3323,57,Annual,2435.532231234608,4,28.0,0,Enterprise,0,Loyal,28.0,4,138825.33718037265,0.0689655172413793,0.0,1,0,0.0029905958,551539.1139568101,1649.4305376309205,0
CUST_3324,34,Annual,3609.831229720563,3,2.0,0,SMB,0,Mid-Tenure,2.0,3,122734.26181049914,0.0857142857142857,0.0,0,0,0.027014472,562465.3568039729,15194.70440203203,0
CUST_3325,41,Monthly,2844.932808110565,3,28.0,0,SMB,0,Loyal,28.0,3,116642.24513253316,0.0714285714285714,0.0,0,1,0.02846218,435103.7937656842,12384.002874421014,0
CUST_3326,13,Monthly,4896.191375587919,2,18.0,2,SMB,0,Mid-Tenure,18.0,2,63650.48788264294,0.1428571428571428,9.792382751175838,0,1,0.31796893,159671.88817077715,50770.70019507894,0
CUST_3327,70,Multi-Year,1231.070962265749,1,3.0,2,SMB,0,Loyal,3.0,1,86174.96735860243,0.0140845070422535,2.462141924531498,0,0,0.017880138,217631.42825241553,3891.2799724201614,0
CUST_3328,6,Annual,3203.002704675225,2,14.0,0,SMB,0,New,14.0,2,19218.016228051347,0.2857142857142857,0.0,0,0,0.038314894,435215.7612511257,16675.24569059045,0
CUST_3329,52,Multi-Year,2710.5744917795164,2,12.0,0,SMB,0,Loyal,12.0,2,140949.87357253485,0.0377358490566037,0.0,0,0,0.0047681346,593901.8107808849,2831.8037494898654,0
CUST_3330,3,Monthly,1375.0985509596248,1,10.0,0,SMB,0,New,10.0,1,4125.2956528788745,0.25,0.0,0,1,0.34673455,41592.500494296786,14421.557090979415,0
CUST_3331,63,Monthly,3874.9569446376654,1,25.0,2,SMB,0,Loyal,25.0,1,244122.2875121729,0.015625,7.749913889275331,0,1,0.074664734,372996.2761951267,27849.667858472356,0
CUST_3332,49,Multi-Year,1739.7860896939787,3,1.0,0,SMB,0,Loyal,1.0,3,85249.51839500495,0.06,0.0,0,0,0.004710563,381597.8456014499,1797.5406896380457,0
CUST_3333,47,Annual,2217.6941859209373,4,28.0,0,SMB,0,Loyal,28.0,4,104231.62673828406,0.0833333333333333,0.0,0,0,0.00314125,500784.78821829514,1573.09021382666,0
CUST_3334,55,Monthly,2186.7375631438854,5,8.0,0,SMB,0,Loyal,8.0,5,120270.5659729137,0.0892857142857142,0.0,0,1,0.25415525,86274.52548324308,21927.12345509198,0
CUST_3335,64,Monthly,1598.9201293457695,3,28.0,0,SMB,0,Loyal,28.0,3,102330.88827812923,0.0461538461538461,0.0,0,1,0.044088263,203925.98157577054,8990.74232142401,0
CUST_3336,65,Multi-Year,2438.173992642824,3,11.0,0,Enterprise,0,Loyal,11.0,3,158481.30952178355,0.0454545454545454,0.0,1,0,0.0047263587,534625.1552632506,2526.8302481330584,0
CUST_3337,67,Monthly,2630.0564641742826,3,3.0,0,SMB,0,Loyal,3.0,3,176213.78309967695,0.0441176470588235,0.0,0,1,0.04064979,348160.5109111376,14152.651765134717,0
CUST_3338,15,Annual,3848.997527641884,3,25.0,2,Enterprise,0,Mid-Tenure,25.0,3,57734.96291462826,0.1875,7.697995055283768,1,0,0.07796026,360955.5704359367,28140.19019630863,0
CUST_3339,32,Monthly,3942.808584696667,1,18.0,0,SMB,0,Mid-Tenure,18.0,1,126169.87471029334,0.0303030303030303,0.0,0,1,0.28522894,141138.47579891878,40256.77754391232,0
CUST_3340,68,Monthly,1213.5018573124794,1,9.0,0,SMB,0,Loyal,9.0,1,82518.1262972486,0.0144927536231884,0.0,0,1,0.060569204,131700.51986295293,7976.995705854902,0
CUST_3341,18,Multi-Year,3167.4753469738944,1,10.0,2,SMB,1,Mid-Tenure,10.0,1,57014.5562455301,0.0526315789473684,6.334950693947789,0,0,0.054219373,364708.6102691214,19774.27201985613,0
CUST_3342,43,Monthly,4532.890092257279,2,6.0,5,SMB,0,Loyal,6.0,2,194914.273967063,0.0454545454545454,22.6644504612864,0,1,0.13472486,294463.2537949809,39671.51929490719,0
CUST_3343,35,Annual,989.5397399805236,5,12.0,0,SMB,0,Mid-Tenure,12.0,5,34633.89089931832,0.1388888888888889,0.0,0,0,0.04322263,127377.61739933646,5505.5954403771375,0
CUST_3344,58,Multi-Year,2628.1132004036235,1,8.0,0,SMB,0,Loyal,8.0,1,152430.56562341016,0.0169491525423728,0.0,0,0,0.004812623,575366.6856086846,2769.0228919496935,0
CUST_3345,33,Monthly,3876.5890508375423,3,11.0,0,SMB,0,Mid-Tenure,11.0,3,127927.4386776389,0.088235294117647,0.0,0,1,0.2323189,164774.90611569394,38280.32379533331,0
CUST_3346,14,Monthly,3251.7110047205447,3,28.0,0,Enterprise,0,Mid-Tenure,28.0,3,45523.95406608762,0.2,0.0,1,1,0.0971186,265231.8097646008,25758.942358868888,0
CUST_3347,34,Annual,952.6354546848074,4,1.0,0,SMB,0,Mid-Tenure,1.0,4,32389.60545928345,0.1142857142857142,0.0,0,0,0.007828441,197681.7152026736,1547.5397329050988,0
CUST_3348,61,Monthly,2284.727564079376,1,29.0,2,Enterprise,0,Loyal,29.0,1,139368.38140884193,0.0161290322580645,4.569455128158752,1,1,0.069321364,229772.1924798261,15928.121829735703,0
CUST_3349,4,Monthly,2782.577741975888,1,21.0,0,Enterprise,0,New,21.0,1,11130.310967903552,0.2,0.0,1,1,0.22500165,121420.84783893508,27319.89087362622,0
CUST_3350,59,Monthly,4981.305207723228,2,20.0,0,SMB,0,Loyal,20.0,2,293897.00725567044,0.0333333333333333,0.0,0,1,0.14345887,308983.829359763,44326.47194553415,0
CUST_3351,29,Annual,1303.7355919564377,1,0.0,0,SMB,0,Mid-Tenure,0.0,1,37808.33216673669,0.0333333333333333,0.0,0,0,0.021297641,219429.78591586204,4673.336826756566,0
CUST_3352,6,Annual,4920.906952220506,6,26.0,0,SMB,0,New,26.0,6,29525.44171332304,0.8571428571428571,0.0,0,0,0.0828184,444598.6628687409,36820.94829569813,0
CUST_3353,49,Annual,2192.674029032498,1,6.0,0,SMB,0,Loyal,6.0,1,107441.0274225924,0.02,0.0,0,0,0.006449988,466113.27565163886,3006.4250867302103,0
CUST_3354,40,Monthly,1401.4421873321962,8,0.0,0,SMB,1,Loyal,0.0,8,56057.68749328785,0.1951219512195122,0.0,0,1,0.42170373,35652.2641101211,15034.692617472194,0
CUST_3355,65,Annual,2363.490869557982,5,25.0,0,SMB,0,Loyal,25.0,5,153626.90652126883,0.0757575757575757,0.0,0,0,0.06951799,237302.25713797164,16496.77651697345,0
CUST_3356,69,Multi-Year,3262.978058156677,1,24.0,0,SMB,0,Loyal,24.0,1,225145.48601281072,0.0142857142857142,0.0,0,0,0.009643397,656497.4058124198,6330.865306719589,0
CUST_3357,27,Annual,1460.7382725994814,3,15.0,0,SMB,0,Mid-Tenure,15.0,3,39439.933360186,0.1071428571428571,0.0,0,0,0.02610703,230318.52212655797,6012.9325642635295,0
CUST_3358,6,Annual,1811.4758748595748,4,3.0,0,SMB,0,New,3.0,4,10868.855249157448,0.5714285714285714,0.0,0,0,0.02339045,296192.6149463035,6928.078426915552,0
CUST_3359,13,Annual,4345.459257808804,2,29.0,0,SMB,0,Mid-Tenure,29.0,2,56490.97035151445,0.1428571428571428,0.0,0,0,0.0130890235,826538.5082968514,10818.58198394801,0
CUST_3360,64,Multi-Year,4995.542577509906,2,7.0,0,SMB,0,Loyal,7.0,2,319714.724960634,0.0307692307692307,0.0,0,0,0.024590317,803676.839218047,19762.668370430605,0
CUST_3361,62,Multi-Year,1931.7771117429188,2,16.0,0,Enterprise,0,Loyal,16.0,2,119770.18092806096,0.0317460317460317,0.0,1,0,0.0076660668,401992.480729522,3081.701192123527,0
CUST_3362,19,Monthly,1169.8556177747314,0,20.0,2,Enterprise,0,Mid-Tenure,20.0,0,22227.256737719898,0.0,2.339711235549463,1,1,0.4969027,25668.673785109517,12754.833418046865,0
CUST_3363,43,Monthly,4069.268689973187,4,18.0,2,SMB,0,Loyal,18.0,4,174978.55366884705,0.0909090909090909,8.138537379946374,0,1,0.060501266,441906.4649515459,26735.90070285498,0
CUST_3364,20,Monthly,3202.050592738153,2,3.0,2,Enterprise,0,Mid-Tenure,3.0,2,64041.011854763055,0.0952380952380952,6.404101185476305,1,1,0.2160854,144407.03920996608,31204.253430893477,0
CUST_3365,68,Monthly,951.8051451902052,2,27.0,0,SMB,0,Loyal,27.0,2,64722.74987293395,0.0289855072463768,0.0,0,1,0.08257245,86154.10760276005,7113.955977005586,0
CUST_3366,44,Monthly,4760.471666462095,2,3.0,0,Enterprise,1,Loyal,3.0,2,209460.75332433212,0.0444444444444444,0.0,1,1,0.23714584,198943.00890032237,47178.50718094354,0
CUST_3367,23,Multi-Year,851.222877799514,3,7.0,0,SMB,0,Mid-Tenure,7.0,3,19578.126189388822,0.125,0.0,0,0,0.020357994,145181.43657120227,2955.602867286952,0
CUST_3368,2,Monthly,3314.103807351385,2,9.0,5,SMB,1,New,9.0,2,6628.20761470277,0.6666666666666666,16.570519036756927,0,1,0.69700766,53238.06888584734,37107.34160927701,1
CUST_3369,22,Annual,2407.7176515211167,2,25.0,5,SMB,0,Mid-Tenure,25.0,2,52969.78833346457,0.0869565217391304,12.038588257605584,0,0,0.029337903,364171.6122586722,10684.031612313285,0
CUST_3370,57,Annual,3004.807632079712,4,28.0,2,SMB,0,Loyal,28.0,4,171274.03502854356,0.0689655172413793,6.009615264159423,0,0,0.007174358,630661.9351798844,4524.594356082569,0
CUST_3371,7,Monthly,1459.46388047065,2,15.0,0,Enterprise,0,New,15.0,2,10216.24716329455,0.25,0.0,1,1,0.25405863,57599.30550501545,14633.6006037598,0
CUST_3372,56,Multi-Year,3596.4967966279323,1,18.0,2,SMB,0,Loyal,18.0,1,201403.8206111642,0.0175438596491228,7.192993593255864,0,0,0.012552554,689947.2067398794,8660.599423363672,0
CUST_3373,67,Multi-Year,4818.738601100029,1,0.0,5,SMB,0,Loyal,0.0,1,322855.48627370194,0.0147058823529411,24.093693005500143,0,0,0.015268331,885955.9141265835,13527.068497004066,0
CUST_3374,16,Monthly,2562.9164332021205,1,4.0,0,SMB,0,Mid-Tenure,4.0,1,41006.66293123393,0.0588235294117647,0.0,0,1,0.14428167,158301.07698157852,22839.943821120494,0
CUST_3375,51,Monthly,2853.3122490570227,5,1.0,0,SMB,1,Loyal,1.0,5,145518.92470190817,0.0961538461538461,0.0,0,1,0.7349334,43621.213598462025,32058.685788755785,1
CUST_3376,12,Monthly,1579.152517559966,3,28.0,0,SMB,0,New,28.0,3,18949.830210719592,0.2307692307692307,0.0,0,1,0.16000809,90233.81281302037,14438.139838986293,0
CUST_3377,53,Annual,4513.405926879865,6,26.0,0,Enterprise,0,Loyal,26.0,6,239210.5141246328,0.1111111111111111,0.0,1,0,0.051097557,535728.7985372185,27374.432792293686,0
CUST_3378,5,Monthly,4870.284823129812,4,15.0,0,SMB,0,New,15.0,4,24351.42411564906,0.6666666666666666,0.0,0,1,0.14697422,296705.9268116655,43608.12242122704,0
CUST_3379,27,Annual,4038.335982887245,3,12.0,5,SMB,0,Mid-Tenure,12.0,3,109035.0715379556,0.1071428571428571,20.19167991443622,0,0,0.07360833,392045.0142814426,28857.779327997017,0
CUST_3380,12,Multi-Year,2942.480759719118,4,29.0,5,Enterprise,0,New,29.0,4,35309.76911662942,0.3076923076923077,14.71240379859559,1,0,0.041997485,383812.3124073667,16119.151780486342,0
CUST_3381,17,Monthly,4805.585710288839,0,5.0,10,SMB,0,Mid-Tenure,5.0,0,81694.95707491027,0.0,48.0558571028884,0,1,0.24702571,194148.27240583985,47959.61548178102,0
CUST_3382,6,Multi-Year,1192.3252491527455,4,3.0,0,SMB,0,New,3.0,4,7153.951494916473,0.5714285714285714,0.0,0,0,0.04447572,151445.29771496114,6735.638555427048,0
CUST_3383,5,Monthly,2653.208869528483,1,24.0,0,SMB,1,New,24.0,1,13266.044347642415,0.1666666666666666,0.0,0,1,0.25909582,103005.29276839776,26688.24056800313,0
CUST_3384,57,Multi-Year,2919.225680268859,2,6.0,0,SMB,0,Loyal,6.0,2,166395.86377532495,0.0344827586206896,0.0,0,0,0.0084614465,599210.4262088384,5070.18696439603,0
CUST_3385,28,Monthly,2713.623888885696,2,1.0,0,SMB,0,Mid-Tenure,1.0,2,75981.46888879949,0.0689655172413793,0.0,0,1,0.17721945,143312.93833267625,25397.84017710038,0
CUST_3386,69,Annual,4110.882292304164,2,22.0,0,SMB,0,Loyal,22.0,2,283650.87816898734,0.0285714285714285,0.0,0,0,0.0036706496,919135.2345407831,3373.8233837789153,0
CUST_3387,59,Monthly,3516.8130095736383,2,9.0,2,SMB,0,Loyal,9.0,2,207491.96756484467,0.0333333333333333,7.033626019147277,0,1,0.13945863,222749.19625677343,31064.296965889327,0
CUST_3388,33,Multi-Year,1069.9630966321774,4,13.0,0,Enterprise,0,Mid-Tenure,13.0,4,35308.78218886186,0.1176470588235294,0.0,1,0,0.029548572,161405.24405568204,4769.294535905054,0
CUST_3389,62,Annual,2059.030883043772,1,7.0,0,SMB,0,Loyal,7.0,1,127659.91474871388,0.0158730158730158,0.0,0,0,0.0060240985,441031.09765306284,2656.814769165026,0
CUST_3390,50,Monthly,2025.8458177409889,3,2.0,0,Enterprise,0,Loyal,2.0,3,101292.29088704944,0.0588235294117647,0.0,1,1,0.06434846,212597.09669244304,13680.295611858439,0
CUST_3391,19,Annual,3045.344867568179,3,2.0,10,SMB,0,Mid-Tenure,2.0,3,57861.5524837954,0.15,30.45344867568179,0,0,0.2227871,133965.7894344879,29845.849338342916,0
CUST_3392,69,Monthly,1811.562879460536,3,26.0,0,SMB,0,Loyal,26.0,3,124997.83868277696,0.0428571428571428,0.0,0,1,0.070802346,179953.08727593627,12741.10072603161,0
CUST_3393,66,Annual,1027.7229629925978,4,1.0,0,SMB,0,Loyal,1.0,4,67829.71555751146,0.0597014925373134,0.0,0,0,0.008867599,209498.5288111137,1857.7489592669206,0
CUST_3394,47,Multi-Year,3441.571995457109,4,27.0,10,SMB,0,Loyal,27.0,4,161753.88378648413,0.0833333333333333,34.41571995457109,0,0,0.18827921,173321.30737874942,32632.79909308559,0
CUST_3395,39,Monthly,4329.666223407601,1,16.0,0,SMB,0,Loyal,16.0,1,168856.98271289645,0.025,0.0,0,1,0.13051789,287816.33195546205,37565.178940877624,0
CUST_3396,68,Monthly,4692.236429596658,1,18.0,0,SMB,0,Loyal,18.0,1,319072.07721257274,0.0144927536231884,0.0,0,1,0.028454173,717703.5231091556,20421.660464971323,0
CUST_3397,33,Monthly,4876.602879467641,1,9.0,0,Enterprise,0,Mid-Tenure,9.0,1,160927.89502243217,0.0294117647058823,0.0,1,1,0.19853975,235452.2185715176,46746.6243267381,0
CUST_3398,13,Annual,4015.025807940563,5,11.0,0,SMB,0,Mid-Tenure,11.0,5,52195.33550322732,0.3571428571428571,0.0,0,0,0.20400082,189685.6516719742,38696.02767699534,0
CUST_3399,54,Monthly,1128.6609273135596,1,26.0,0,SMB,1,Loyal,26.0,1,60947.690074932216,0.0181818181818181,0.0,0,1,0.3629906,32794.768529849534,11904.192310326132,0
CUST_3400,7,Monthly,4339.00320906526,6,22.0,5,SMB,1,New,22.0,6,30373.022463456826,0.75,21.6950160453263,0,1,0.87257457,56437.75544393035,49246.150063796136,1
CUST_3401,14,Monthly,2299.820330221133,1,10.0,0,Enterprise,0,Mid-Tenure,10.0,1,32197.484623095865,0.0666666666666666,0.0,1,1,0.19653422,111943.26166494384,22000.681213023327,0
CUST_3402,19,Monthly,3784.600912065636,3,8.0,0,SMB,0,Mid-Tenure,8.0,3,71907.41732924708,0.15,0.0,0,1,0.2796804,137755.25979980474,38527.44631262672,0
CUST_3403,54,Multi-Year,2890.7060223237613,4,29.0,0,SMB,0,Loyal,29.0,4,156098.1252054831,0.0727272727272727,0.0,0,0,0.018519863,506254.27447883354,9375.760052698774,0
CUST_3404,20,Monthly,4228.727601419527,3,24.0,0,Enterprise,0,Mid-Tenure,24.0,3,84574.55202839054,0.1428571428571428,0.0,1,1,0.1319595,278879.2705290157,36800.76852170853,0
CUST_3405,29,Annual,2414.775797778598,2,12.0,0,Enterprise,0,Mid-Tenure,12.0,2,70028.49813557934,0.0666666666666666,0.0,1,0,0.019661164,415975.1059451208,8178.5547409755445,0
CUST_3406,24,Annual,778.0721483300935,3,5.0,0,SMB,0,Mid-Tenure,5.0,3,18673.73155992224,0.12,0.0,0,0,0.024851445,124738.61624809641,3099.934874618789,0
CUST_3407,63,Annual,3005.706698971119,3,13.0,0,SMB,0,Loyal,13.0,3,189359.52203518047,0.046875,0.0,0,0,0.008039897,621442.8824868299,4996.336957828477,0
CUST_3408,57,Monthly,1270.8074960045292,2,21.0,0,SMB,0,Loyal,21.0,2,72436.02727225816,0.0344827586206896,0.0,0,1,0.13529906,82297.72165747933,11134.804114446706,0
CUST_3409,8,Annual,4844.829345588152,3,10.0,0,Enterprise,0,New,10.0,3,38758.63476470522,0.3333333333333333,0.0,1,0,0.02297512,796681.8143091568,18303.86083802578,0
CUST_3410,62,Multi-Year,2871.333796214712,1,4.0,0,SMB,0,Loyal,4.0,1,178022.69536531216,0.0158730158730158,0.0,0,0,0.007985097,594221.743797936,4744.918475362164,0
CUST_3411,29,Monthly,2991.014572267672,1,1.0,0,SMB,0,Mid-Tenure,1.0,1,86739.42259576249,0.0333333333333333,0.0,0,1,0.26235417,114908.57969230754,30146.74451277967,0
CUST_3412,17,Monthly,4582.69570766668,0,6.0,0,SMB,0,Mid-Tenure,6.0,0,77905.82703033357,0.0,0.0,0,1,0.15979098,262129.23854278302,41885.88734606702,0
CUST_3413,66,Monthly,3310.633603180287,3,16.0,2,SMB,0,Loyal,16.0,3,218501.81780989896,0.044776119402985,6.621267206360574,0,1,0.0583031,366818.70865746035,21386.66753198919,0
CUST_3414,6,Monthly,1862.2821973536825,4,5.0,0,SMB,0,New,5.0,4,11173.693184122094,0.5714285714285714,0.0,0,1,0.20687221,86998.07050223989,17997.483102406648,0
CUST_3415,58,Monthly,1832.42577611017,1,13.0,5,SMB,0,Loyal,13.0,1,106280.69501438989,0.0169491525423728,9.162128880550853,0,1,0.08359985,164589.32937212527,13759.643335230203,0
CUST_3416,69,Annual,2757.103924579053,1,3.0,0,SMB,0,Loyal,3.0,1,190240.17079595465,0.0142857142857142,0.0,0,0,0.004313338,609155.0901789396,2627.491848485803,0
CUST_3417,28,Monthly,4399.737030181215,2,2.0,10,Enterprise,1,Mid-Tenure,2.0,2,123192.63684507404,0.0689655172413793,43.99737030181216,1,1,0.76864034,64493.33248553571,49572.17696907736,1
CUST_3418,62,Annual,4076.2820333132536,7,10.0,0,Enterprise,0,Loyal,10.0,7,252729.4860654217,0.1111111111111111,0.0,1,0,0.1060596,313440.3903062911,33243.363483256755,0
CUST_3419,41,Annual,4832.332637255801,3,28.0,10,Enterprise,0,Loyal,28.0,3,198125.63812748785,0.0714285714285714,48.323326372558014,1,0,0.079472795,447877.8180709922,35594.10207829992,0
CUST_3420,69,Monthly,823.4875528349164,1,0.0,0,Enterprise,0,Loyal,0.0,1,56820.64114560923,0.0142857142857142,0.0,1,1,0.052045543,96837.65009110031,5039.968057314309,0
CUST_3421,41,Annual,1707.467310339524,1,13.0,2,SMB,0,Loyal,13.0,1,70006.15972392049,0.0238095238095238,3.414934620679048,0,0,0.0211243,288081.677010095,6085.523658931966,0
CUST_3422,49,Monthly,860.934685161767,2,5.0,5,SMB,0,Loyal,5.0,2,42185.79957292658,0.04,4.304673425808835,0,1,0.052618325,100676.13700069455,5297.409671944746,0
CUST_3423,49,Multi-Year,3879.8563725609633,3,28.0,0,SMB,0,Loyal,28.0,3,190112.9622554872,0.06,0.0,0,0,0.0033939676,871976.3429196833,2959.4594871656423,0
CUST_3424,71,Monthly,1133.7516011767264,3,22.0,5,SMB,1,Loyal,22.0,3,80496.36368354758,0.0416666666666666,5.668758005883632,0,1,0.37787414,31796.777816908027,12015.179944228184,0
CUST_3425,3,Annual,949.4884309892302,1,26.0,0,SMB,0,New,26.0,1,2848.4652929676904,0.25,0.0,0,0,0.10078466,75563.79703007382,7615.671545564735,0
CUST_3426,10,Multi-Year,3027.524931948009,3,16.0,0,SMB,0,New,16.0,3,30275.24931948009,0.2727272727272727,0.0,0,0,0.032142587,442283.3335346634,14216.130529482358,0
CUST_3427,35,Monthly,2351.681204536213,3,26.0,0,Enterprise,0,Mid-Tenure,26.0,3,82308.84215876745,0.0833333333333333,0.0,1,1,0.100989245,186901.87928064336,18875.079654885878,0
CUST_3428,2,Monthly,3717.956024431102,1,16.0,0,SMB,1,New,16.0,1,7435.912048862204,0.3333333333333333,0.0,0,1,0.46732202,86243.13669605937,40303.317000517716,0
CUST_3429,24,Annual,2691.569262651228,3,22.0,0,SMB,0,Mid-Tenure,22.0,3,64597.66230362948,0.12,0.0,0,0,0.02086562,455775.7750893817,9510.043755663311,0
CUST_3430,38,Monthly,2414.0056817320374,2,10.0,10,SMB,0,Loyal,10.0,2,91732.2159058174,0.0512820512820512,24.14005681732037,0,1,0.37432104,68269.22164547682,25554.606284678066,0
CUST_3431,22,Multi-Year,2414.752019361369,0,27.0,2,Enterprise,0,Mid-Tenure,27.0,0,53124.54442595013,0.0,4.829504038722738,1,0,0.033989128,345009.2263136355,11726.562659602749,0
CUST_3432,26,Multi-Year,4423.4437117948455,4,21.0,2,Enterprise,0,Mid-Tenure,21.0,4,115009.536506666,0.1481481481481481,8.84688742358969,1,0,0.047943205,541960.275356355,25983.312388887876,0
CUST_3433,43,Monthly,2278.515428251099,1,6.0,0,SMB,0,Loyal,6.0,1,97976.16341479724,0.0227272727272727,0.0,0,1,0.07813025,213393.6647870971,16672.500945714313,0
CUST_3434,55,Monthly,2000.2870749633507,3,12.0,0,SMB,0,Loyal,12.0,3,110015.7891229843,0.0535714285714285,0.0,0,1,0.06471505,209244.06981038774,13541.240473646934,0
CUST_3435,39,Monthly,2023.407846602282,2,7.0,0,SMB,0,Loyal,7.0,2,78912.906017489,0.05,0.0,0,1,0.06897424,204085.30819768689,14076.629357564654,0
CUST_3436,29,Monthly,1384.7035856670063,2,7.0,0,Enterprise,1,Mid-Tenure,7.0,2,40156.40398434318,0.0666666666666666,0.0,1,1,0.20132868,66114.39343245479,13310.723553417582,0
CUST_3437,20,Annual,4373.0998275829525,2,8.0,0,SMB,0,Mid-Tenure,8.0,2,87461.99655165905,0.0952380952380952,0.0,0,0,0.0361258,609308.6426016542,22011.763077090833,0
CUST_3438,41,Annual,1159.838667624117,2,28.0,0,SMB,0,Loyal,28.0,2,47553.3853725888,0.0476190476190476,0.0,0,0,0.0028815193,263193.3414154603,758.3966833425966,0
CUST_3439,54,Monthly,4588.748320098224,2,24.0,2,SMB,1,Loyal,24.0,2,247792.4092853041,0.0363636363636363,9.177496640196448,0,1,0.21203816,210141.06292153068,44557.92419002548,0
CUST_3440,20,Monthly,1775.604748599528,1,6.0,0,SMB,1,Mid-Tenure,6.0,1,35512.09497199056,0.0476190476190476,0.0,0,1,0.3297294,56111.683382832816,18501.672145149307,0
CUST_3441,19,Monthly,4547.420699782311,3,24.0,0,SMB,0,Mid-Tenure,24.0,3,86400.99329586391,0.15,0.0,0,1,0.26618093,172588.03655470948,45939.64451224254,0
CUST_3442,66,Monthly,4058.692955665597,0,21.0,0,Enterprise,0,Loyal,21.0,0,267873.7350739294,0.0,0.0,1,1,0.017580235,720688.7238107164,12669.877398109043,0
CUST_3443,30,Multi-Year,3118.943844276614,3,8.0,0,Enterprise,0,Mid-Tenure,8.0,3,93568.31532829844,0.0967741935483871,0.0,1,0,0.024503538,502356.33947879163,12309.507847383544,0
CUST_3444,53,Monthly,3512.615017633696,5,10.0,0,Enterprise,0,Loyal,10.0,5,186168.5959345859,0.0925925925925925,0.0,1,1,0.20435011,165721.8768056172,33865.28439576477,0
CUST_3445,34,Multi-Year,1966.2984087121747,3,1.0,0,SMB,0,Mid-Tenure,1.0,3,66854.14589621394,0.0857142857142857,0.0,0,0,0.02026428,335811.89414419205,6804.985947137134,0
CUST_3446,22,Annual,3084.028764474481,3,26.0,0,SMB,0,Mid-Tenure,26.0,3,67848.63281843858,0.1304347826086956,0.0,0,0,0.023481604,503640.95132680336,11826.297232111852,0
CUST_3447,67,Annual,1815.8130532701368,6,17.0,5,Enterprise,0,Loyal,17.0,6,121659.47456909915,0.088235294117647,9.079065266350684,1,0,0.15860836,104452.94106819504,16567.109897125913,0
CUST_3448,6,Monthly,2310.227662507077,3,29.0,0,SMB,0,New,29.0,3,13861.365975042463,0.4285714285714285,0.0,0,1,0.15258053,136847.96082329578,20880.334316758843,0
CUST_3449,27,Annual,3940.9814985316016,1,21.0,2,Enterprise,0,Mid-Tenure,21.0,1,106406.50046035324,0.0357142857142857,7.881962997063203,1,0,0.031603336,579532.4288681555,18315.15826611268,0
CUST_3450,10,Annual,1597.696537145973,2,2.0,0,SMB,0,New,2.0,2,15976.96537145973,0.1818181818181818,0.0,0,0,0.04286136,206462.17192796242,8849.249695527253,0
CUST_3451,48,Annual,4274.80707126892,1,17.0,0,Enterprise,0,Loyal,17.0,1,205190.73942090812,0.0204081632653061,0.0,1,0,0.0050427504,931960.7722888777,4699.645546418265,0
CUST_3452,70,Monthly,2191.4728414924843,2,15.0,2,Enterprise,0,Loyal,15.0,2,153403.0989044739,0.028169014084507,4.382945682984968,1,1,0.024141211,354697.1172538723,8562.817970946253,0
CUST_3453,59,Monthly,2894.7648238528145,3,7.0,0,SMB,1,Loyal,7.0,3,170791.12460731604,0.05,0.0,0,1,0.11879447,205795.71290763316,24447.392854171136,0
CUST_3454,59,Annual,4738.8221940329295,0,22.0,0,SMB,0,Loyal,22.0,0,279590.50944794284,0.0,0.0,0,0,0.011897261,918713.7465497592,10930.177460793264,0
CUST_3455,2,Monthly,3565.650335840937,4,7.0,0,SMB,1,New,7.0,4,7131.300671681874,1.3333333333333333,0.0,0,1,0.6627784,60029.60339871433,39786.323144546885,1
CUST_3456,29,Monthly,3405.218507800824,5,5.0,2,SMB,0,Mid-Tenure,5.0,5,98751.33672622388,0.1666666666666666,6.810437015601647,0,1,0.5209967,71563.67448482294,37284.437516263264,1
CUST_3457,68,Multi-Year,3702.234774222631,3,24.0,0,SMB,0,Loyal,24.0,3,251751.96464713893,0.0434782608695652,0.0,0,0,0.0070270607,779047.9970584243,5474.417582859359,0
CUST_3458,65,Monthly,4631.501024422526,3,24.0,0,SMB,0,Loyal,24.0,3,301047.5665874642,0.0454545454545454,0.0,0,1,0.0751501,444090.8362117794,33373.47180597517,0
CUST_3459,26,Monthly,1618.3116914967989,2,1.0,0,SMB,0,Mid-Tenure,1.0,2,42076.10397891677,0.074074074074074,0.0,0,1,0.15844381,93165.35094126192,14761.473028552873,0
CUST_3460,10,Monthly,3259.5854260970227,7,15.0,0,SMB,1,New,15.0,7,32595.854260970227,0.6363636363636364,0.0,0,1,0.7674819,47848.18286168416,36722.61539968527,1
CUST_3461,53,Annual,2301.772344726435,4,25.0,2,Enterprise,0,Loyal,25.0,4,121993.93427050106,0.074074074074074,4.60354468945287,1,0,0.008121616,475232.2654215936,3859.6540689673743,0
CUST_3462,59,Monthly,553.3488194460977,2,20.0,2,SMB,0,Loyal,20.0,2,32647.580347319763,0.0333333333333333,1.1066976388921952,0,1,0.04151422,72559.05874227606,3012.232842178658,0
CUST_3463,22,Annual,1063.8540338274915,1,8.0,0,Enterprise,0,Mid-Tenure,8.0,1,23404.788744204816,0.0434782608695652,0.0,1,0,0.023436936,173839.60598416266,4074.2676533996664,0
CUST_3464,51,Monthly,1962.463528686148,2,18.0,0,SMB,0,Loyal,18.0,2,100085.63996299356,0.0384615384615384,0.0,0,1,0.06904475,197821.08963630872,13658.506978089157,0
CUST_3465,48,Monthly,3042.4998703186207,3,20.0,10,Enterprise,1,Loyal,20.0,3,146039.99377529378,0.0612244897959183,30.42499870318621,1,1,0.6438301,52620.946733878605,33878.950479838946,1
CUST_3466,21,Annual,4466.636495133222,4,14.0,0,SMB,0,Mid-Tenure,14.0,4,93799.36639779764,0.1818181818181818,0.0,0,0,0.058003627,496276.257836055,28785.822831268157,0
CUST_3467,22,Monthly,4060.013531906478,5,23.0,2,SMB,0,Mid-Tenure,23.0,5,89320.29770194252,0.217391304347826,8.120027063812955,0,1,0.69183964,65674.7891011938,45436.42214491355,1
CUST_3468,30,Multi-Year,2990.0015259024667,4,1.0,0,SMB,0,Mid-Tenure,1.0,4,89700.045777074,0.1290322580645161,0.0,0,0,0.018294549,525371.6383692494,9611.436979515694,0
CUST_3469,25,Monthly,832.4168805836043,2,14.0,0,Enterprise,0,Mid-Tenure,14.0,2,20810.42201459011,0.0769230769230769,0.0,1,1,0.17111397,45175.81045064588,7730.212179105365,0
CUST_3470,28,Monthly,1786.5783067774037,1,21.0,5,SMB,0,Mid-Tenure,21.0,1,50024.192589767306,0.0344827586206896,8.932891533887018,0,1,0.29604602,61954.011288690315,18341.238378344962,0
CUST_3471,65,Monthly,2150.188915515097,3,10.0,0,SMB,0,Loyal,10.0,3,139762.2795084813,0.0454545454545454,0.0,0,1,0.0704488,214217.72095040316,15091.381577079566,0
CUST_3472,45,Monthly,3297.7273334172914,3,19.0,2,Enterprise,0,Loyal,19.0,3,148397.73000377812,0.0652173913043478,6.595454666834583,1,1,0.034898758,466116.7059786835,16266.894091209359,0
CUST_3473,68,Multi-Year,792.156303409285,1,11.0,0,SMB,0,Loyal,11.0,1,53866.62863183138,0.0144927536231884,0.0,0,0,0.0045371307,174300.98037168448,790.826330132408,0
CUST_3474,7,Multi-Year,2885.87099525213,1,14.0,0,SMB,0,New,14.0,1,20201.096966764908,0.125,0.0,0,0,0.022242326,479365.1224233157,10662.195464704928,0
CUST_3475,49,Monthly,4556.590592651182,3,15.0,2,SMB,0,Loyal,15.0,3,223272.93903990797,0.06,9.113181185302365,0,1,0.124741346,312914.4269941143,39033.36669466614,0
CUST_3476,9,Annual,3674.447130638313,5,29.0,0,SMB,0,New,29.0,5,33070.02417574482,0.5,0.0,0,0,0.167108,203094.15733209727,33938.65830632265,0
CUST_3477,36,Annual,4086.845629532404,2,27.0,2,SMB,0,Mid-Tenure,27.0,2,147126.44266316656,0.054054054054054,8.173691259064809,0,0,0.020594599,694701.1050172973,14307.090491949684,0
CUST_3478,1,Monthly,3567.5404176158304,2,5.0,15,SMB,1,New,5.0,2,3567.5404176158304,1.0,53.51310626423745,0,1,0.80836135,49874.66449010472,40316.7511923324,1
CUST_3479,10,Monthly,1429.651004776665,1,2.0,10,SMB,1,New,2.0,1,14296.510047766653,0.0909090909090909,14.29651004776665,0,1,0.8292116,19512.722497809886,16180.17569981971,1
CUST_3480,36,Multi-Year,997.1771902970838,1,5.0,2,SMB,0,Mid-Tenure,5.0,1,35898.378850695015,0.027027027027027,1.994354380594168,0,0,0.033747513,142883.36178942182,4821.958087637515,0
CUST_3481,46,Multi-Year,4232.708028522091,2,22.0,0,SMB,0,Loyal,22.0,2,194704.5693120162,0.0425531914893617,0.0,0,0,0.0060298056,906526.3358591944,5466.177607487954,0
CUST_3482,32,Multi-Year,3629.7699620698777,4,25.0,0,Enterprise,0,Mid-Tenure,25.0,4,116152.63878623609,0.1212121212121212,0.0,1,0,0.025784396,574752.0529847273,14819.634326260271,0
CUST_3483,32,Annual,3087.777014673657,6,2.0,2,Enterprise,0,Mid-Tenure,2.0,6,98808.86446955704,0.1818181818181818,6.175554029347314,1,0,0.24608336,125144.90534743326,30796.079281673105,0
CUST_3484,6,Annual,1351.772892357107,3,20.0,0,SMB,0,New,20.0,3,8110.637354142642,0.4285714285714285,0.0,0,0,0.061802495,145088.6633690196,8966.841431734827,0
CUST_3485,48,Monthly,3215.0523439028902,1,12.0,0,Enterprise,0,Loyal,12.0,1,154322.51250733872,0.0204081632653061,0.0,1,1,0.0676132,328029.756154949,22179.141296692083,0
CUST_3486,38,Monthly,640.948033499719,4,11.0,0,Enterprise,0,Loyal,11.0,4,24356.02527298932,0.1025641025641025,0.0,1,1,0.099513896,51442.55074339427,5119.248634860792,0
CUST_3487,17,Monthly,1034.7761047728177,4,7.0,0,SMB,0,Mid-Tenure,7.0,4,17591.1937811379,0.2222222222222222,0.0,0,1,0.32307318,33283.85307524734,10753.120206736998,0
CUST_3488,27,Annual,1903.5056741199105,3,1.0,5,Enterprise,0,Mid-Tenure,1.0,3,51394.65320123758,0.1071428571428571,9.517528370599551,1,0,0.050321642,227688.3371720024,11457.651061197776,0
CUST_3489,54,Annual,2496.8222483502395,0,6.0,0,SMB,0,Loyal,6.0,0,134828.40141091292,0.0,0.0,0,0,0.004570047,549053.3269291962,2509.199457647815,0
CUST_3490,50,Multi-Year,1042.5402311990017,4,28.0,0,Enterprise,0,Loyal,28.0,4,52127.011559950086,0.0784313725490196,0.0,1,0,0.0039547593,231869.85601093786,916.9894771661744,0
CUST_3491,35,Multi-Year,1039.730827358911,0,16.0,0,SMB,0,Mid-Tenure,16.0,0,36390.57895756189,0.0,0.0,0,0,0.036277987,144611.26999571326,5246.205782058516,0
CUST_3492,25,Multi-Year,3766.52147262636,2,6.0,5,SMB,0,Mid-Tenure,6.0,2,94163.036815659,0.0769230769230769,18.8326073631318,0,0,0.06755069,384500.160814313,25973.250776700443,0
CUST_3493,28,Multi-Year,3063.737329400685,3,0.0,5,SMB,1,Mid-Tenure,0.0,3,85784.64522321918,0.1034482758620689,15.318686647003426,0,0,0.12778944,206788.71045463107,26425.413046355054,0
CUST_3494,15,Monthly,2901.8389134994923,4,3.0,0,SMB,0,Mid-Tenure,3.0,4,43527.58370249238,0.25,0.0,0,1,0.22859958,124989.65613735352,28572.58266513342,0
CUST_3495,4,Annual,2535.9552280289745,1,14.0,2,SMB,0,New,14.0,1,10143.820912115898,0.2,5.071910456057949,0,0,0.04353497,325348.4841539011,14164.037074231577,0
CUST_3496,27,Annual,4894.443978550537,3,3.0,0,SMB,0,Mid-Tenure,3.0,3,132149.98742086452,0.1071428571428571,0.0,0,0,0.061468355,526905.8218245673,32388.034295925507,0
CUST_3497,26,Monthly,724.1012730246955,1,11.0,0,SMB,0,Mid-Tenure,11.0,1,18826.633098642083,0.037037037037037,0.0,0,1,0.23176979,30837.995491290974,7147.3155936361845,0
CUST_3498,19,Multi-Year,1312.8222927270983,3,15.0,2,SMB,1,Mid-Tenure,15.0,3,24943.623561814868,0.15,2.6256445854541965,0,0,0.2774313,48113.501963337934,13348.191841000646,0
CUST_3499,17,Multi-Year,3413.784908305568,3,20.0,0,SMB,0,Mid-Tenure,20.0,3,58034.34344119466,0.1666666666666666,0.0,0,0,0.044544548,433292.25371368765,19300.807505293975,0
CUST_3500,43,Monthly,1113.645442330586,6,17.0,0,SMB,0,Loyal,17.0,6,47886.7540202152,0.1363636363636363,0.0,0,1,0.15116568,66431.53825207391,10042.16859334475,0
CUST_3501,41,Monthly,3152.214221041282,6,13.0,0,SMB,0,Loyal,13.0,6,129240.78306269256,0.1428571428571428,0.0,0,1,0.31877893,102572.47943880768,32697.94545779576,0
CUST_3502,42,Annual,3054.92551466486,3,13.0,0,SMB,0,Loyal,13.0,3,128306.87161592412,0.0697674418604651,0.0,0,0,0.0069508916,643696.7724644176,4474.266473676636,0
CUST_3503,50,Annual,4869.523326378388,3,27.0,0,Enterprise,0,Loyal,27.0,3,243476.16631891945,0.0588235294117647,0.0,1,0,0.07282961,475734.45058508846,34647.55526058751,0
CUST_3504,40,Multi-Year,4475.2391917206005,2,10.0,0,Enterprise,0,Loyal,10.0,2,179009.56766882402,0.048780487804878,0.0,1,0,0.010623012,885849.5825426092,9410.390513507376,0
CUST_3505,39,Monthly,4754.990046953537,3,27.0,0,SMB,0,Loyal,27.0,3,185444.61183118797,0.075,0.0,0,1,0.18680188,240960.42285411622,45011.86013885465,0
CUST_3506,23,Monthly,1011.2106626329082,1,15.0,0,Enterprise,0,Mid-Tenure,15.0,1,23257.84524055689,0.0416666666666666,0.0,1,1,0.1940046,49730.735955585886,9647.991302024746,0
CUST_3507,52,Monthly,4406.667967643849,1,14.0,0,Enterprise,0,Loyal,14.0,1,229146.73431748012,0.0188679245283018,0.0,1,1,0.073339686,428734.81108255987,31443.276335327497,0
CUST_3508,47,Monthly,1080.9079777773768,3,21.0,0,SMB,1,Loyal,21.0,3,50802.67495553671,0.0625,0.0,0,1,0.18072352,56218.35175634777,10159.978313054879,0
CUST_3509,63,Monthly,3348.1948034479506,3,5.0,5,SMB,0,Loyal,5.0,3,210936.27261722088,0.046875,16.740974017239754,0,1,0.106104486,257381.05034616217,27309.283973484347,0
CUST_3510,69,Multi-Year,3740.35172305101,4,29.0,0,SMB,0,Loyal,29.0,4,258084.2688905197,0.0571428571428571,0.0,0,0,0.0041432558,828990.0312530578,3434.717724256401,0
CUST_3511,43,Monthly,1223.8407416717864,3,23.0,15,SMB,0,Loyal,23.0,3,52625.15189188682,0.0681818181818181,18.3576111250768,0,1,0.33600733,38046.13908935456,12783.781492048387,0
CUST_3512,48,Monthly,3346.9671916829284,3,12.0,0,Enterprise,0,Loyal,12.0,3,160654.42520078056,0.0612244897959183,0.0,1,1,0.042986125,431931.1907419112,18567.048050354842,0
CUST_3513,34,Monthly,736.0722181039732,4,25.0,2,SMB,0,Mid-Tenure,25.0,4,25026.45541553509,0.1142857142857142,1.4721444362079463,0,1,0.2975583,25414.056058880815,7562.163511344481,0
CUST_3514,40,Monthly,1819.697385842736,3,27.0,0,Enterprise,0,Loyal,27.0,3,72787.89543370943,0.073170731707317,0.0,1,1,0.0397919,243188.6204357835,9676.937427134015,0
CUST_3515,61,Multi-Year,4645.2132227035245,2,16.0,2,SMB,0,Loyal,16.0,2,283358.006584915,0.032258064516129,9.290426445407048,0,0,0.0102690235,924895.6556208384,9497.77520229941,0
CUST_3516,50,Annual,1272.790233058411,4,3.0,0,SMB,0,Loyal,3.0,4,63639.51165292056,0.0784313725490196,0.0,0,0,0.013200175,241668.35950227964,3190.064641529993,0
CUST_3517,67,Annual,793.7149660264738,3,11.0,0,SMB,0,Loyal,11.0,3,53178.90272377375,0.0441176470588235,0.0,0,0,0.014657,147309.32762779915,2159.1128267887207,0
CUST_3518,62,Monthly,2496.5518984495675,3,17.0,0,SMB,0,Loyal,17.0,3,154786.21770387318,0.0476190476190476,0.0,0,1,0.072158106,245244.64848572365,17696.389260779615,0
CUST_3519,58,Monthly,4327.781938372722,4,26.0,0,SMB,0,Loyal,26.0,4,251011.35242561784,0.0677966101694915,0.0,0,1,0.08464666,385701.253376161,32648.321741143925,0
CUST_3520,33,Monthly,845.0257188573048,2,7.0,2,Enterprise,0,Mid-Tenure,7.0,2,27885.84872229106,0.0588235294117647,1.6900514377146096,1,1,0.1679726,46521.02613271544,7814.2574582953475,0
CUST_3521,16,Monthly,2099.909143536838,2,11.0,5,Enterprise,1,Mid-Tenure,11.0,2,33598.54629658941,0.1176470588235294,10.499545717684192,1,1,0.22725457,90887.26177409524,20654.545550276707,0
CUST_3522,48,Multi-Year,4548.986755516968,3,3.0,0,SMB,0,Loyal,3.0,3,218351.36426481445,0.0612244897959183,0.0,0,0,0.0066257603,964010.7261038844,6387.30404276543,0
CUST_3523,10,Monthly,1031.6999747500445,2,29.0,5,SMB,1,New,29.0,2,10316.999747500446,0.1818181818181818,5.158499873750223,0,1,0.3399332,31750.05292850146,10792.896672085337,0
CUST_3524,38,Annual,1898.00827660376,4,7.0,0,SMB,0,Loyal,7.0,4,72124.31451094287,0.1025641025641025,0.0,0,0,0.008015565,392586.0034515734,3146.7984885428787,0
CUST_3525,19,Monthly,4002.8927519106674,4,28.0,2,Enterprise,1,Mid-Tenure,28.0,4,76054.96228630267,0.2,8.005785503821334,1,1,0.39446706,108072.60315031892,42631.08157708624,0
CUST_3526,36,Annual,2944.4494421246195,2,1.0,10,SMB,0,Mid-Tenure,1.0,2,106000.1799164863,0.054054054054054,29.4444944212462,0,0,0.23577705,123639.71074602845,29151.4062942938,0
CUST_3527,59,Multi-Year,4245.499132851124,3,28.0,0,SMB,0,Loyal,28.0,3,250484.4488382163,0.05,0.0,0,0,0.0040503084,942566.1340779796,3817.6835047976942,0
CUST_3528,63,Annual,1002.1792687195928,2,29.0,0,SMB,0,Loyal,29.0,2,63137.29392933434,0.03125,0.0,0,0,0.0062314477,213868.78622987695,1332.7121521582592,0
CUST_3529,46,Annual,4642.493771208752,1,3.0,0,SMB,0,Loyal,3.0,1,213554.7134756026,0.0212765957446808,0.0,0,0,0.007954312,961273.1811791748,7646.26637459737,0
CUST_3530,3,Multi-Year,4707.10307531844,2,11.0,0,SMB,0,New,11.0,2,14121.30922595532,0.5,0.0,0,0,0.011013175,925787.5043836155,10195.860132668258,0
CUST_3531,65,Annual,1198.9085906601786,1,24.0,2,Enterprise,0,Loyal,24.0,1,77929.05839291161,0.0151515151515151,2.3978171813203573,1,0,0.008095936,247640.44001732787,2004.881133182375,0
CUST_3532,8,Monthly,652.4395898303752,1,20.0,0,Enterprise,0,New,20.0,1,5219.516718643002,0.1111111111111111,0.0,1,1,0.2660842,24769.58647969132,6590.7954587034565,0
CUST_3533,51,Monthly,4954.28621880006,5,21.0,10,Enterprise,1,Loyal,21.0,5,252668.59715880305,0.0961538461538461,49.5428621880006,1,1,0.9244177,61012.26963709739,56400.82041642292,1
CUST_3534,6,Annual,2670.1321653609098,5,9.0,0,SMB,0,New,9.0,5,16020.792992165458,0.7142857142857143,0.0,0,0,0.22077014,118335.00867900005,26124.83590304672,0
CUST_3535,39,Annual,3074.339318159441,6,14.0,0,SMB,1,Loyal,14.0,6,119899.2334082182,0.15,0.0,0,0,0.3555129,90976.32133108063,32343.254666837,0
CUST_3536,60,Monthly,3271.571301499593,1,27.0,0,Enterprise,0,Loyal,27.0,1,196294.2780899756,0.0163934426229508,0.0,1,1,0.07056171,325632.8859212925,22977.21229239212,0
CUST_3537,28,Monthly,4053.5080825122623,1,8.0,5,SMB,1,Mid-Tenure,8.0,1,113498.22631034334,0.0344827586206896,20.267540412561317,0,1,0.59793735,75072.22177064515,44888.48500668427,1
CUST_3538,54,Multi-Year,4153.94586070663,5,8.0,0,SMB,0,Loyal,8.0,5,224313.076478158,0.0909090909090909,0.0,0,0,0.059024736,457211.394308486,26986.781975651393,0
CUST_3539,37,Monthly,1372.6635094389826,1,6.0,15,SMB,1,Loyal,6.0,1,50788.54984924236,0.0263157894736842,20.58995264158474,0,1,0.7681253,20133.7887497881,15465.272435764922,1
CUST_3540,9,Monthly,1564.8653328508697,4,26.0,0,SMB,0,New,26.0,4,14083.787995657827,0.4,0.0,0,1,0.3415244,47962.231188094855,16380.271863051341,0
CUST_3541,56,Monthly,4445.748630258675,0,1.0,0,SMB,0,Loyal,1.0,0,248961.92329448575,0.0,0.0,0,1,0.083381735,399972.1690508536,33350.37332254649,0
CUST_3542,59,Multi-Year,4187.829221377639,4,6.0,0,Enterprise,0,Loyal,6.0,4,247081.92406128076,0.0666666666666666,0.0,1,0,0.005767887,901127.0455830343,5197.59896484793,0
CUST_3543,2,Monthly,3279.287216992799,3,8.0,5,Enterprise,0,New,8.0,3,6558.574433985598,1.0,16.396436084963995,1,1,0.44524413,79458.68107669764,35378.51160285742,0
CUST_3544,61,Annual,4976.146216061824,1,17.0,0,SMB,0,Loyal,17.0,1,303544.91917977127,0.0161290322580645,0.0,0,0,0.02423102,804431.2701461641,19492.190486085674,0
CUST_3545,58,Monthly,3808.327745980957,2,22.0,0,SMB,0,Loyal,22.0,2,220883.0092668955,0.0338983050847457,0.0,0,1,0.12828912,256324.8622431462,32883.69060352179,0
CUST_3546,60,Annual,1471.26545658612,1,11.0,0,SMB,0,Loyal,11.0,1,88275.92739516721,0.0163934426229508,0.0,0,0,0.006819319,310725.04149066634,2118.9331729919268,0
CUST_3547,40,Multi-Year,4309.898289497052,1,6.0,0,SMB,0,Loyal,6.0,1,172395.9315798821,0.024390243902439,0.0,0,0,0.010018653,861711.738611658,8633.191098824855,0
CUST_3548,36,Monthly,2366.29686366563,4,18.0,0,Enterprise,0,Mid-Tenure,18.0,4,85186.68709196268,0.1081081081081081,0.0,1,1,0.18025723,123321.04667701981,22229.510397661932,0
CUST_3549,37,Annual,662.6869724358013,5,21.0,2,SMB,0,Loyal,21.0,5,24519.417980124646,0.131578947368421,1.3253739448716026,0,0,0.03032268,99003.7108613057,3002.057867992036,0
CUST_3550,18,Monthly,1946.3957501525176,3,23.0,0,SMB,1,Mid-Tenure,23.0,3,35035.123502745315,0.1578947368421052,0.0,0,1,0.2109979,89490.18275285473,18882.240130889,0
CUST_3551,63,Monthly,3935.980553267234,5,15.0,2,SMB,1,Loyal,15.0,5,247966.7748558357,0.078125,7.871961106534468,0,1,0.6549759,66997.70366039703,43881.88065751209,1
CUST_3552,22,Multi-Year,4820.927932339129,3,25.0,0,Enterprise,0,Mid-Tenure,25.0,3,106060.41451146084,0.1304347826086956,0.0,1,0,0.07322486,469476.18998797674,34377.32708781879,0
CUST_3553,11,Monthly,1742.6138733643722,0,7.0,0,SMB,1,New,7.0,0,19168.752607008093,0.0,0.0,0,1,0.5073175,37521.460666486775,19035.29299975746,1
CUST_3554,58,Annual,1609.3234598437175,1,29.0,0,SMB,0,Loyal,29.0,1,93340.76067093562,0.0169491525423728,0.0,0,0,0.018106615,283553.6869154229,5134.197489249405,0
CUST_3555,57,Monthly,3036.27463519235,5,18.0,0,SMB,0,Loyal,18.0,5,173067.65420596395,0.0862068965517241,0.0,0,1,0.39629936,81638.6885943847,32353.36021937996,0
CUST_3556,4,Monthly,4152.577548481011,3,5.0,2,SMB,0,New,5.0,3,16610.310193924044,0.6,8.305155096962022,0,1,0.2028877,197047.66726295347,39978.54780587227,0
CUST_3557,7,Monthly,3859.36556972426,4,1.0,2,SMB,0,New,1.0,4,27015.558988069817,0.5,7.718731139448519,0,1,0.24954005,154611.6719215329,38581.80370139316,0
CUST_3558,61,Annual,3019.8150615326745,3,29.0,0,Enterprise,0,Loyal,29.0,3,184208.71875349316,0.0483870967741935,0.0,1,0,0.01937921,522314.68896523485,10122.045900975587,0
CUST_3559,54,Monthly,3341.2535672651534,2,1.0,10,SMB,1,Loyal,1.0,2,180427.69263231827,0.0363636363636363,33.41253567265153,0,1,0.81304014,46457.91142369922,37772.14668217542,1
CUST_3560,68,Annual,1589.445307968548,2,28.0,0,SMB,0,Loyal,28.0,2,108082.28094186126,0.0289855072463768,0.0,0,0,0.0049688136,346984.80570495885,1724.1028286960234,0
CUST_3561,1,Monthly,2446.584192515078,3,7.0,5,SMB,0,New,7.0,3,2446.584192515078,1.5,12.23292096257539,0,1,0.17804712,128740.98397002468,22921.961495357733,0
CUST_3562,55,Monthly,1649.1453193413497,3,26.0,0,SMB,0,Loyal,26.0,3,90702.99256377424,0.0535714285714285,0.0,0,1,0.060333643,179362.73235336403,10821.607080792344,0
CUST_3563,3,Annual,4479.880886800869,4,9.0,0,Enterprise,0,New,9.0,4,13439.642660402607,1.0,0.0,1,0,0.022090014,745714.5178749255,16472.84419226354,0
CUST_3564,38,Multi-Year,1006.4952831448207,4,20.0,0,SMB,0,Loyal,20.0,4,38246.82075950319,0.1025641025641025,0.0,0,0,0.002547858,229846.5446409318,585.6163690494708,0
CUST_3565,1,Monthly,3558.832510353669,3,20.0,0,SMB,0,New,20.0,3,3558.832510353669,1.5,0.0,0,1,0.4660456,82756.23816193531,38568.17969594411,0
CUST_3566,38,Annual,1671.2743872426056,0,10.0,15,Enterprise,1,Loyal,10.0,0,63508.426715219015,0.0,25.069115808639083,1,0,0.5783353,31918.13787834013,18459.38537250041,1
CUST_3567,29,Monthly,2640.098343733099,1,19.0,0,SMB,0,Mid-Tenure,19.0,1,76562.85196825987,0.0333333333333333,0.0,0,1,0.2414146,108715.13683399228,26245.42198711215,0
CUST_3568,5,Annual,1847.357511109848,3,26.0,0,SMB,0,New,26.0,3,9236.787555549236,0.5,0.0,0,0,0.09023922,158074.82048638273,14264.548402349525,0
CUST_3569,21,Multi-Year,1954.6039267676224,3,25.0,0,Enterprise,0,Mid-Tenure,25.0,3,41046.68246212007,0.1363636363636363,0.0,1,0,0.022742575,322441.8089467454,7333.157034231002,0
CUST_3570,71,Multi-Year,1671.7685612495989,2,19.0,0,Enterprise,0,Loyal,19.0,2,118695.56784872152,0.0277777777777777,0.0,1,0,0.0033855042,375780.34083980793,1272.2059379856885,0
CUST_3571,67,Annual,3887.5681453794737,5,23.0,0,SMB,0,Loyal,23.0,5,260467.06574042476,0.0735294117647058,0.0,0,0,0.028973974,590711.2504435104,17115.2525816931,0
CUST_3572,47,Monthly,2145.721357305712,4,2.0,0,SMB,0,Loyal,2.0,4,100848.90379336846,0.0833333333333333,0.0,0,1,0.037252046,295106.6032182837,10993.324807525041,0
CUST_3573,35,Multi-Year,3768.606579713372,5,26.0,0,SMB,1,Mid-Tenure,26.0,5,131901.23028996802,0.1388888888888889,0.0,0,0,0.0668567,386997.76044358895,25873.392087724213,0
CUST_3574,68,Annual,2552.314685468057,0,15.0,0,Enterprise,0,Loyal,15.0,0,173557.3986118279,0.0,0.0,1,0,0.0027643708,580463.2107499028,1604.6155259419993,0
CUST_3575,69,Monthly,2962.607189451293,3,2.0,0,Enterprise,0,Loyal,2.0,3,204419.8960721392,0.0428571428571428,0.0,1,1,0.040251423,393913.85672172665,15855.593143840488,0
CUST_3576,1,Monthly,2944.793640710693,4,7.0,0,SMB,0,New,7.0,4,2944.793640710693,2.0,0.0,0,1,0.55732787,58185.24876093258,32428.26055685947,1
CUST_3577,68,Multi-Year,4891.334357046149,3,18.0,2,SMB,0,Loyal,18.0,3,332610.73627913813,0.0434782608695652,9.7826687140923,0,0,0.041158672,643888.4007984317,26501.591764897967,0
CUST_3578,12,Multi-Year,2151.78105069928,3,11.0,2,Enterprise,0,New,11.0,3,25821.37260839136,0.2307692307692307,4.30356210139856,1,0,0.0577021,239748.0746706328,13833.967803102307,0
CUST_3579,60,Monthly,1434.578429289189,1,17.0,2,SMB,0,Loyal,17.0,1,86074.70575735134,0.0163934426229508,2.869156858578378,0,1,0.0744368,138342.85150977192,10297.798988275496,0
CUST_3580,27,Annual,4603.06373164971,2,12.0,10,SMB,0,Mid-Tenure,12.0,2,124282.72075454216,0.0714285714285714,46.03063731649709,0,0,0.10211446,363126.3106859529,37080.44762219776,0
CUST_3581,56,Multi-Year,1286.7768019200796,4,10.0,5,SMB,0,Loyal,10.0,4,72059.50090752446,0.0701754385964912,6.433884009600398,0,0,0.013397235,243564.58666476316,3263.0921083330404,0
CUST_3582,23,Monthly,4254.902806299551,7,28.0,0,SMB,0,Mid-Tenure,28.0,7,97862.76454488968,0.2916666666666667,0.0,0,1,0.36182734,123981.16098510247,44859.77414836888,0
CUST_3583,25,Monthly,1175.967029601166,5,12.0,0,Enterprise,1,Mid-Tenure,12.0,5,29399.175740029143,0.1923076923076923,0.0,1,1,0.50645816,25359.68556952163,12843.6197744269,1
CUST_3584,21,Annual,3464.259504023328,1,20.0,5,Enterprise,0,Mid-Tenure,20.0,1,72749.44958448989,0.0454545454545454,17.32129752011664,1,0,0.037765484,473661.30347715743,17888.048521516896,0
CUST_3585,61,Monthly,1177.4336596904122,2,26.0,0,SMB,0,Loyal,26.0,2,71823.45324111514,0.032258064516129,0.0,0,1,0.21517833,53281.8963764423,11465.109256255259,0
CUST_3586,63,Monthly,4653.886186577432,1,2.0,0,Enterprise,0,Loyal,2.0,1,293194.82975437824,0.015625,0.0,1,1,0.066848084,477942.24426752323,31949.523449931916,0
CUST_3587,52,Annual,3042.537271937741,1,5.0,0,SMB,0,Loyal,5.0,1,158211.93814076253,0.0188679245283018,0.0,0,0,0.0076426803,633392.6090467767,4840.817223839043,0
CUST_3588,25,Multi-Year,1981.732276130394,6,26.0,15,Enterprise,0,Mid-Tenure,26.0,6,49543.30690325985,0.2307692307692307,29.72598414195591,1,0,0.16537964,110413.34855408341,18260.12021491798,0
CUST_3589,55,Annual,1131.452487336177,1,22.0,2,SMB,0,Loyal,22.0,1,62229.88680348973,0.0178571428571428,2.262904974672354,0,0,0.02407214,183300.09516215336,4412.425636203308,0
CUST_3590,46,Annual,2170.3650626569724,2,2.0,0,Enterprise,0,Loyal,2.0,2,99836.79288222072,0.0425531914893617,0.0,1,0,0.0063813273,461932.71426584147,2947.7438340081744,0
CUST_3591,32,Monthly,3672.5901569096527,5,24.0,10,SMB,1,Mid-Tenure,24.0,5,117522.88502110889,0.1515151515151515,36.72590156909652,0,1,0.89175695,46796.66153820717,41731.24824814579,1
CUST_3592,55,Monthly,2232.278977678462,2,25.0,15,SMB,1,Loyal,25.0,2,122775.34377231542,0.0357142857142857,33.48418466517693,0,1,0.5994228,41247.930818570334,24724.95069949937,1
CUST_3593,5,Annual,1607.4236124294982,2,0.0,0,Enterprise,0,New,0.0,2,8037.118062147491,0.3333333333333333,0.0,1,0,0.035282012,226179.972907197,7980.084535276916,0
CUST_3594,36,Monthly,3098.3425173221776,6,13.0,5,SMB,0,Mid-Tenure,13.0,6,111540.3306235984,0.1621621621621621,15.491712586610888,0,1,0.5131456,66022.1934278239,33878.999749429066,1
CUST_3595,49,Multi-Year,2380.198337767038,4,22.0,5,Enterprise,0,Loyal,22.0,4,116629.71855058486,0.08,11.900991688835193,1,0,0.008122289,491418.71082388435,3991.4446035441047,0
CUST_3596,58,Monthly,1246.1280621363153,1,19.0,0,SMB,0,Loyal,19.0,1,72275.42760390628,0.0169491525423728,0.0,0,1,0.2650149,47469.30003530104,12580.071177992577,0
CUST_3597,39,Monthly,1192.9459562485556,0,6.0,0,SMB,0,Loyal,6.0,0,46524.89229369367,0.0,0.0,0,1,0.16272812,67294.12148401915,10950.645601333821,0
CUST_3598,61,Monthly,3683.5789559983455,1,24.0,0,Enterprise,0,Loyal,24.0,1,224698.31631589908,0.0161290322580645,0.0,1,1,0.057201263,412336.06869691564,23586.143729920048,0
CUST_3599,9,Multi-Year,4886.023529823154,1,8.0,0,SMB,0,New,8.0,1,43974.21176840839,0.1,0.0,0,0,0.037281036,671764.3006284643,25044.069328468253,0
CUST_3600,6,Monthly,1548.9233188792537,3,0.0,5,SMB,1,New,0.0,3,9293.539913275525,0.4285714285714285,7.744616594396268,0,1,0.15503573,90652.88141775885,14054.436025829744,0
CUST_3601,35,Monthly,3979.1687037417046,4,9.0,0,SMB,0,Mid-Tenure,9.0,4,139270.90463095967,0.1111111111111111,0.0,0,1,0.35128668,118992.29519691017,41800.408266556246,0
CUST_3602,39,Monthly,894.2301610270933,0,12.0,0,SMB,0,Loyal,12.0,0,34874.97628005664,0.0,0.0,0,1,0.09404016,74498.39951667323,7005.841623457661,0
CUST_3603,22,Multi-Year,2217.091635734818,3,11.0,5,SMB,0,Mid-Tenure,11.0,3,48776.01598616599,0.1304347826086956,11.08545817867409,0,0,0.032377824,322964.3517998512,10456.883001334025,0
CUST_3604,41,Monthly,2780.0966876371563,3,3.0,10,SMB,1,Loyal,3.0,3,113983.9641931234,0.0714285714285714,27.800966876371564,0,1,0.7461398,41903.6439706549,31265.97755358277,1
CUST_3605,5,Monthly,1709.3612538039572,5,6.0,0,SMB,1,New,6.0,5,8546.806269019786,0.8333333333333334,0.0,0,1,0.8017338,24083.035046112007,19308.18300624974,1
CUST_3606,42,Monthly,2883.102874314127,4,9.0,5,SMB,0,Loyal,9.0,4,121090.32072119332,0.0930232558139534,14.415514371570634,0,1,0.054769173,330223.42734887084,18086.064108468483,0
CUST_3607,67,Annual,4471.764924487345,2,21.0,0,Enterprise,0,Loyal,21.0,2,299608.2499406521,0.0294117647058823,0.0,1,0,0.0044226088,986008.9322972104,4360.73174435371,0
CUST_3608,30,Monthly,4749.970830597471,6,24.0,0,SMB,1,Mid-Tenure,24.0,6,142499.1249179241,0.1935483870967742,0.0,0,1,0.72185445,73847.66546466513,53307.26581360362,1
CUST_3609,57,Monthly,952.5062946787224,2,28.0,2,SMB,0,Loyal,28.0,2,54292.85879668718,0.0344827586206896,1.9050125893574448,0,1,0.1015768,75407.8155442366,7659.684421833635,0
CUST_3610,29,Monthly,1723.3067029289105,3,6.0,2,SMB,0,Mid-Tenure,6.0,3,49975.8943849384,0.1,3.446613405857821,0,1,0.25353223,68130.09466832389,17273.17488955671,0
CUST_3611,37,Annual,4906.102628829763,3,14.0,2,SMB,1,Loyal,14.0,3,181525.7972667012,0.0789473684210526,9.812205257659524,0,0,0.23045985,209916.7896241484,48377.39269035052,0
CUST_3612,13,Annual,1716.8828468100965,1,18.0,0,SMB,0,Mid-Tenure,18.0,1,22319.477008531256,0.0714285714285714,0.0,0,0,0.037190653,236293.59691494785,8787.913259659073,0
CUST_3613,32,Annual,3617.183080145485,2,6.0,0,SMB,0,Mid-Tenure,6.0,2,115749.85856465551,0.0606060606060606,0.0,0,0,0.034311354,514832.18278683006,17664.58935672378,0
CUST_3614,46,Multi-Year,1640.5416224166408,1,25.0,10,Enterprise,0,Loyal,25.0,1,75464.91463116548,0.0212765957446808,16.40541622416641,1,0,0.49950102,35826.13935782356,17895.193141729804,0
CUST_3615,23,Multi-Year,2103.645169944672,5,13.0,0,Enterprise,0,Mid-Tenure,13.0,5,48383.838908727455,0.2083333333333333,0.0,1,0,0.310664,69992.40660575627,21744.120874673743,0
CUST_3616,45,Monthly,1360.755445536039,0,20.0,0,SMB,0,Loyal,20.0,0,61233.99504912175,0.0,0.0,0,1,0.10765639,103573.7638639078,11150.377461910948,0
CUST_3617,17,Annual,4353.350871637153,1,13.0,2,SMB,0,Mid-Tenure,13.0,1,74006.96481783161,0.0555555555555555,8.706701743274307,0,0,0.036623493,603072.1060309857,22086.60695539149,0
CUST_3618,66,Annual,4471.919437187768,1,17.0,0,SMB,0,Loyal,17.0,1,295146.68285439274,0.0149253731343283,0.0,0,0,0.004643448,982057.9552733729,4560.135208200754,0
CUST_3619,6,Multi-Year,1836.106285619442,1,9.0,0,SMB,0,New,9.0,1,11016.637713716653,0.1428571428571428,0.0,0,0,0.07578679,175163.65859469236,13275.091714656111,0
CUST_3620,18,Monthly,4206.154208767835,2,2.0,0,Enterprise,1,Mid-Tenure,2.0,2,75710.77575782104,0.1052631578947368,0.0,1,1,0.20287538,199599.69600267877,40493.86332566629,0
CUST_3621,22,Annual,2112.087425166428,3,5.0,5,SMB,0,Mid-Tenure,5.0,3,46465.92335366142,0.1304347826086956,10.56043712583214,0,0,0.030566523,314585.3561080284,9615.780476250477,0
CUST_3622,33,Monthly,945.5874030282124,5,28.0,15,SMB,1,Mid-Tenure,28.0,5,31204.38429993101,0.1470588235294117,14.183811045423186,0,1,0.7129138,14873.303500805143,10603.383483994698,1
CUST_3623,30,Multi-Year,3911.3437878143295,0,21.0,0,SMB,0,Mid-Tenure,21.0,0,117340.31363442988,0.0,0.0,0,0,0.025327738,623092.183601766,15781.515809443792,0
CUST_3624,32,Monthly,3184.008120044801,3,22.0,0,SMB,0,Mid-Tenure,22.0,3,101888.25984143364,0.0909090909090909,0.0,0,1,0.27659014,116990.96672377219,32358.547709708007,0
CUST_3625,42,Monthly,1734.7209965183768,2,21.0,0,SMB,0,Loyal,21.0,2,72858.28185377183,0.0465116279069767,0.0,0,1,0.06725058,177539.86853739875,11939.659060460623,0
CUST_3626,10,Monthly,1638.4988323033117,3,8.0,2,SMB,0,New,8.0,3,16384.988323033118,0.2727272727272727,3.2769976646066232,0,1,0.28848794,58087.69800053289,16757.60039515377,0
CUST_3627,36,Monthly,4890.305167170446,1,13.0,0,Enterprise,0,Mid-Tenure,13.0,1,176050.98601813606,0.027027027027027,0.0,1,1,0.20837845,227122.90011546278,47327.517677151205,0
CUST_3628,34,Annual,4381.254684018912,3,20.0,2,SMB,0,Mid-Tenure,20.0,3,148962.659256643,0.0857142857142857,8.762509368037824,0,0,0.033389103,630478.7323119863,21051.119122884364,0
CUST_3629,28,Monthly,4144.092482181941,2,20.0,0,Enterprise,0,Mid-Tenure,20.0,2,116034.58950109432,0.0689655172413793,0.0,1,1,0.25455523,163284.3691284193,41564.889383260954,0
CUST_3630,11,Monthly,1076.0796888874952,1,23.0,0,SMB,0,New,23.0,1,11836.876577762449,0.0833333333333333,0.0,0,1,0.27449435,39794.085148163686,10923.251534859297,0
CUST_3631,39,Multi-Year,3898.342734117172,4,7.0,5,SMB,0,Loyal,7.0,4,152035.3666305697,0.1,19.491713670585856,0,0,0.020252382,665886.5075738474,13485.788174899852,0
CUST_3632,47,Monthly,1465.430995414789,2,0.0,0,SMB,0,Loyal,0.0,2,68875.25678449508,0.0416666666666666,0.0,0,1,0.0425651,189976.2557990522,8086.358305764817,0
CUST_3633,19,Annual,4898.250244437084,2,2.0,2,SMB,0,Mid-Tenure,2.0,2,93066.7546443046,0.1,9.796500488874168,0,0,0.07728925,461775.07295837614,35690.250661523154,0
CUST_3634,15,Monthly,734.4013458301597,1,28.0,0,SMB,0,Mid-Tenure,28.0,1,11016.020187452395,0.0625,0.0,0,1,0.14876758,44337.293215641774,6595.951621315258,0
CUST_3635,28,Monthly,2084.623176021096,2,21.0,0,Enterprise,0,Mid-Tenure,21.0,2,58369.44892859068,0.0689655172413793,0.0,1,1,0.2058962,97756.34444414139,20127.659724699643,0
CUST_3636,24,Multi-Year,2428.9152835042187,3,5.0,0,SMB,0,Mid-Tenure,5.0,3,58293.96680410125,0.12,0.0,0,0,0.025979599,383615.9208587791,9966.18778783587,0
CUST_3637,9,Annual,4208.913102030145,2,0.0,0,Enterprise,0,New,0.0,2,37880.2179182713,0.2,0.0,1,0,0.013077683,800710.4353005871,10471.437099915729,0
CUST_3638,47,Monthly,3948.002681018208,2,17.0,0,SMB,0,Loyal,17.0,2,185556.12600785575,0.0416666666666666,0.0,0,1,0.07842972,368886.81253178796,28931.689896576543,0
CUST_3639,33,Multi-Year,2187.464652259653,6,9.0,2,SMB,0,Mid-Tenure,9.0,6,72186.33352456856,0.1764705882352941,4.3749293045193065,0,0,0.2960102,75863.58786635121,22456.395529433834,0
CUST_3640,62,Multi-Year,3045.0213205611835,4,22.0,0,SMB,0,Loyal,22.0,4,188791.3218747934,0.0634920634920634,0.0,0,0,0.009568537,613415.341378963,5869.487178180903,0
CUST_3641,19,Multi-Year,4260.178236234787,2,16.0,5,SMB,0,Mid-Tenure,16.0,2,80943.38648846095,0.1,21.30089118117393,0,0,0.051698167,502684.9551978893,25987.8907003935,0
CUST_3642,67,Monthly,581.8981646797372,2,25.0,0,SMB,0,Loyal,25.0,2,38987.17703354239,0.0294117647058823,0.0,0,1,0.08119883,53222.87039191144,4321.634615177789,0
CUST_3643,40,Monthly,4109.801447860125,4,20.0,0,SMB,1,Loyal,20.0,4,164392.057914405,0.0975609756097561,0.0,0,1,0.1408045,258471.9873109902,36394.01877907854,0
CUST_3644,47,Annual,4761.03211403919,4,0.0,0,SMB,0,Loyal,0.0,4,223768.50935984196,0.0833333333333333,0.0,0,0,0.00935967,962478.1551396896,9008.477790761326,0
CUST_3645,65,Annual,644.2903466787702,3,21.0,5,SMB,0,Loyal,21.0,3,41878.87253412006,0.0454545454545454,3.221451733393851,0,0,0.0150288595,118893.1194800156,1786.8279868343398,0
CUST_3646,29,Monthly,705.1144418518217,6,22.0,0,SMB,0,Mid-Tenure,22.0,6,20448.318813702823,0.2,0.0,0,1,0.5072565,15183.982603456509,7702.173991041857,1
CUST_3647,50,Annual,2050.3130250470904,3,7.0,0,SMB,0,Loyal,7.0,3,102515.65125235452,0.0588235294117647,0.0,0,0,0.0061722524,438005.5197248145,2703.4805998714587,0
CUST_3648,13,Monthly,894.9630369545354,2,28.0,0,Enterprise,0,Mid-Tenure,28.0,2,11634.51948040896,0.1428571428571428,0.0,1,1,0.09720261,72957.64913895761,7091.673660360437,0
CUST_3649,1,Monthly,2656.742361322497,1,11.0,0,Enterprise,1,New,11.0,1,2656.742361322497,0.5,0.0,1,1,0.2990393,91339.01786487953,27313.956353780046,0
CUST_3650,34,Monthly,3779.198082904004,1,18.0,0,SMB,0,Mid-Tenure,18.0,1,128492.73481873612,0.0285714285714285,0.0,0,1,0.29360658,131983.43149708462,38751.203846628705,0
CUST_3651,48,Annual,3051.04655764318,1,13.0,0,Enterprise,0,Loyal,13.0,1,146450.23476687266,0.0204081632653061,0.0,1,0,0.0057719056,656469.5626221894,3789.0803771932187,0
CUST_3652,48,Monthly,1383.9435908273315,6,29.0,0,SMB,1,Loyal,29.0,6,66429.29235971191,0.1224489795918367,0.0,0,1,0.48842594,30844.211616136792,15065.11306065862,0
CUST_3653,49,Multi-Year,3446.6508501366097,4,18.0,0,SMB,0,Loyal,18.0,4,168885.8916566939,0.08,0.0,0,0,0.007293599,721892.3097617604,5265.193167227707,0
CUST_3654,64,Annual,3581.845156305121,5,26.0,2,SMB,0,Loyal,26.0,5,229238.09000352773,0.0769230769230769,7.163690312610242,0,0,0.0847551,318964.85068800056,27033.897915377427,0
CUST_3655,61,Annual,4696.006800582566,0,16.0,2,SMB,0,Loyal,16.0,0,286456.4148355365,0.0,9.392013601165132,0,0,0.010502531,931400.3717574343,9782.061457737525,0
CUST_3656,29,Multi-Year,1160.586038196721,0,27.0,0,SMB,0,Mid-Tenure,27.0,0,33656.995107704905,0.0,0.0,0,0,0.017727744,205632.60366733256,3645.402121785794,0
CUST_3657,39,Annual,3615.512742093755,1,15.0,0,SMB,0,Loyal,15.0,1,141004.99694165646,0.025,0.0,0,0,0.008965261,735791.7427093376,6596.565221450611,0
CUST_3658,26,Multi-Year,4601.422484839164,0,18.0,0,SMB,0,Mid-Tenure,18.0,0,119636.98460581826,0.0,0.0,0,0,0.030481385,686084.9621676377,20912.81992058213,0
CUST_3659,17,Monthly,2757.038689942854,1,4.0,2,SMB,0,Mid-Tenure,4.0,1,46869.65772902852,0.0555555555555555,5.514077379885708,0,1,0.19569953,134654.16465720095,26351.756447754888,0
CUST_3660,71,Monthly,2128.098559383754,1,21.0,0,SMB,0,Loyal,21.0,1,151094.99771624652,0.0138888888888888,0.0,0,1,0.031386763,313775.6405481083,9848.401620323912,0
CUST_3661,13,Monthly,1268.3727239952125,2,18.0,0,Enterprise,0,Mid-Tenure,18.0,2,16488.845411937764,0.1428571428571428,0.0,1,1,0.2602784,49054.24263750032,12767.759971295392,0
CUST_3662,69,Monthly,4400.54098920391,5,3.0,5,SMB,0,Loyal,3.0,5,303637.3282550698,0.0714285714285714,22.00270494601955,0,1,0.28948796,155547.46134255696,45029.11694904883,0
CUST_3663,26,Multi-Year,2274.1086867826752,2,4.0,10,Enterprise,0,Mid-Tenure,4.0,2,59126.82585634956,0.074074074074074,22.741086867826752,1,0,0.17957336,118869.64994435145,21345.82209843369,0
CUST_3664,49,Monthly,4661.970994704616,3,4.0,5,Enterprise,0,Loyal,4.0,3,228436.57874052617,0.06,23.30985497352308,1,1,0.08071889,427969.15796629805,34545.19531358797,0
CUST_3665,67,Annual,4314.912341588493,3,24.0,15,SMB,0,Loyal,24.0,3,289099.12688642903,0.0441176470588235,64.7236851238274,0,0,0.17062813,234688.78921367796,40044.50933780512,0
CUST_3666,7,Annual,2194.8793330873805,2,23.0,5,SMB,0,New,23.0,2,15364.155331611662,0.25,10.974396665436904,0,0,0.03679576,303454.3546266434,11165.834039625282,0
CUST_3667,58,Annual,3082.614390258181,2,0.0,2,SMB,0,Loyal,0.0,2,178791.6346349745,0.0338983050847457,6.165228780516363,0,0,0.025690824,488716.75965043,12555.536157066117,0
CUST_3668,49,Monthly,622.2831633226465,4,17.0,0,SMB,0,Loyal,17.0,4,30491.87500280968,0.08,0.0,0,1,0.100115,49744.516193235075,4980.172298460215,0
CUST_3669,53,Annual,1684.4963129021062,2,27.0,10,SMB,0,Loyal,27.0,2,89278.30458381162,0.037037037037037,16.84496312902106,0,0,0.37556905,47498.65010217935,17839.022683488274,0
CUST_3670,65,Monthly,3696.2278185616233,5,14.0,5,SMB,0,Loyal,14.0,5,240254.80820650552,0.0757575757575757,18.48113909280812,0,1,0.25233912,146705.23413364458,37019.470367194575,0
CUST_3671,62,Monthly,3550.5992563082004,1,20.0,0,SMB,0,Loyal,20.0,1,220137.15389110844,0.0158730158730158,0.0,0,1,0.20840888,164882.84775636575,34363.0491792693,0
CUST_3672,17,Annual,2090.1625679378794,4,27.0,0,SMB,0,Mid-Tenure,27.0,4,35532.76365494395,0.2222222222222222,0.0,0,0,0.034984905,295134.183121965,10325.241439264204,0
CUST_3673,43,Annual,4138.736143592554,2,18.0,0,SMB,0,Loyal,18.0,2,177965.65417447983,0.0454545454545454,0.0,0,0,0.0050558276,902081.3330288043,4560.767659760531,0
CUST_3674,25,Monthly,1561.26223354942,3,22.0,10,SMB,1,Mid-Tenure,22.0,3,39031.5558387355,0.1153846153846153,15.6126223354942,0,1,0.6715907,25963.675613630774,17436.96271240037,1
CUST_3675,3,Multi-Year,2575.7173991852223,1,13.0,0,SMB,0,New,13.0,1,7727.152197555667,0.25,0.0,0,0,0.043571737,330319.9197343253,14392.612557398887,0
CUST_3676,29,Monthly,2626.3878588990533,2,26.0,0,SMB,0,Mid-Tenure,26.0,2,76165.24790807255,0.0666666666666666,0.0,0,1,0.17446476,140408.02847991217,24496.253301241562,0
CUST_3677,32,Monthly,2033.675459915077,5,5.0,0,SMB,1,Mid-Tenure,5.0,5,65077.614717282464,0.1515151515151515,0.0,0,1,0.6324704,35758.47986627152,22616.18109939305,1
CUST_3678,26,Monthly,4795.997455063252,4,17.0,15,SMB,0,Mid-Tenure,17.0,4,124695.93383164456,0.1481481481481481,71.93996182594879,0,1,0.56766105,93177.26709693934,52893.104995152484,1
CUST_3679,16,Annual,3635.078150817956,4,7.0,0,SMB,0,Mid-Tenure,7.0,4,58161.2504130873,0.2352941176470588,0.0,0,0,0.0425843,471148.3393462631,20063.522246633784,0
CUST_3680,25,Annual,2926.3970089728573,7,4.0,0,SMB,0,Mid-Tenure,4.0,7,73159.92522432143,0.2692307692307692,0.0,0,0,0.1262878,199201.3292638989,25156.698238145564,0
CUST_3681,54,Monthly,2797.317920248918,1,21.0,0,SMB,0,Loyal,21.0,1,151055.1676934416,0.0181818181818181,0.0,0,1,0.10401955,217945.15796437755,22670.55779429532,0
CUST_3682,28,Monthly,1216.8324161199344,1,7.0,0,SMB,0,Mid-Tenure,7.0,1,34071.30765135816,0.0344827586206896,0.0,0,1,0.24608111,49317.52727273596,12136.112041891676,0
CUST_3683,56,Annual,2174.8410368064424,5,28.0,0,Enterprise,0,Loyal,28.0,5,121791.09806116077,0.087719298245614,0.0,1,0,0.014120038,407019.2830314759,5747.127607784271,0
CUST_3684,65,Monthly,3527.479916280983,1,5.0,0,SMB,0,Loyal,5.0,1,229286.1945582639,0.0151515151515151,0.0,0,1,0.103911124,275027.2795044829,28578.393790679907,0
CUST_3685,41,Monthly,4660.5659885903015,1,9.0,0,SMB,0,Loyal,9.0,1,191083.20553220235,0.0238095238095238,0.0,0,1,0.12048292,328049.23986376834,39524.33084755812,0
CUST_3686,51,Annual,4174.088267263273,1,2.0,0,Enterprise,0,Loyal,2.0,1,212878.5016304269,0.0192307692307692,0.0,1,0,0.009410954,843094.6543279546,7934.325077414001,0
CUST_3687,71,Monthly,1851.7541178198703,7,12.0,0,Enterprise,1,Loyal,12.0,7,131474.5423652108,0.0972222222222222,0.0,1,1,0.40132955,49234.642328219285,19759.31671050481,0
CUST_3688,29,Multi-Year,2452.8048156047,2,6.0,0,Enterprise,0,Mid-Tenure,6.0,2,71131.33965253629,0.0666666666666666,0.0,1,0,0.019661164,422526.07632247586,8307.35444334229,0
CUST_3689,19,Monthly,873.1288432075755,0,29.0,10,SMB,1,Mid-Tenure,29.0,0,16589.448020943935,0.0,8.731288432075754,0,1,0.8894823,11152.467449026986,9919.922613091787,1
CUST_3690,66,Annual,959.7754536601136,2,3.0,0,SMB,0,Loyal,3.0,2,63345.1799415675,0.0298507462686567,0.0,0,0,0.004150418,212690.98165632447,882.7564997638788,0
CUST_3691,41,Monthly,2616.036741494218,4,12.0,0,SMB,0,Loyal,12.0,4,107257.50640126292,0.0952380952380952,0.0,0,1,0.08949747,225039.49379649298,20140.465202101037,0
CUST_3692,45,Multi-Year,2885.9873306769505,5,5.0,0,SMB,0,Loyal,5.0,5,129869.42988046278,0.108695652173913,0.0,0,0,0.0644294,302648.16697845625,19499.440521162414,0
CUST_3693,15,Monthly,1688.121930636113,3,15.0,0,Enterprise,0,Mid-Tenure,15.0,3,25321.828959541694,0.1875,0.0,1,1,0.26131582,65070.45553503869,17003.939615181145,0
CUST_3694,3,Annual,3392.522101336736,3,21.0,0,SMB,0,New,21.0,3,10177.566304010208,0.75,0.0,0,0,0.04866847,412596.4942216843,20080.440197548276,0
CUST_3695,11,Annual,3665.21308511062,2,26.0,0,SMB,0,New,26.0,2,40317.34393621682,0.1666666666666666,0.0,0,0,0.03886843,494917.6682509889,19236.6732400356,0
CUST_3696,53,Monthly,1846.0225922538093,4,20.0,2,SMB,0,Loyal,20.0,4,97839.1973894519,0.074074074074074,3.692045184507619,0,1,0.05066262,220064.52200933662,11149.045662422264,0
CUST_3697,46,Monthly,3912.9112656839375,0,28.0,0,Enterprise,1,Loyal,28.0,0,179993.91822146112,0.0,0.0,1,1,0.02385312,635788.1028736366,15165.529570826373,0
CUST_3698,30,Annual,1425.2221356761002,2,0.0,0,SMB,0,Mid-Tenure,0.0,2,42756.664070283005,0.064516129032258,0.0,0,0,0.016730703,256293.7839335619,4287.9752857126105,0
CUST_3699,57,Multi-Year,2949.1311977400824,5,29.0,5,Enterprise,0,Loyal,29.0,5,168100.4782711847,0.0862068965517241,14.745655988700411,1,0,0.15624416,171590.67728094515,26810.0410202138,0
CUST_3700,18,Monthly,4119.26492102978,7,23.0,0,SMB,0,Mid-Tenure,23.0,7,74146.76857853605,0.3684210526315789,0.0,0,1,0.5119185,87968.59208005352,45032.748399687356,1
CUST_3701,51,Monthly,2916.540885571499,1,12.0,2,Enterprise,0,Loyal,12.0,1,148743.58516414644,0.0192307692307692,5.833081771142998,1,1,0.08266013,263820.70590759645,21807.454152107708,0
CUST_3702,48,Multi-Year,4585.832233344728,3,29.0,0,SMB,0,Loyal,29.0,3,220119.9472005469,0.0612244897959183,0.0,0,0,0.004039044,1018337.4930179688,4113.109967916687,0
CUST_3703,66,Monthly,763.2555479358612,0,25.0,0,Enterprise,0,Loyal,25.0,0,50374.866163766834,0.0,0.0,1,1,0.107387826,58194.251679831475,6249.354164671146,0
CUST_3704,8,Multi-Year,3147.412304711623,5,1.0,0,SMB,0,New,1.0,5,25179.298437692985,0.5555555555555556,0.0,0,0,0.086073495,277562.844193058,23890.80420608398,0
CUST_3705,22,Annual,3027.8995364497555,2,19.0,0,Enterprise,0,Mid-Tenure,19.0,2,66613.78980189461,0.0869565217391304,0.0,1,0,0.018580467,529812.6108789988,9844.165472411749,0
CUST_3706,6,Annual,3471.589978442081,5,28.0,5,SMB,0,New,28.0,5,20829.539870652487,0.7142857142857143,17.357949892210403,0,0,0.16392004,194741.3592837964,31922.012357489628,0
CUST_3707,57,Monthly,4250.330774061385,1,27.0,0,SMB,0,Loyal,27.0,1,242268.8541214989,0.0172413793103448,0.0,0,1,0.09039779,363281.86037965043,32839.8773524184,0
CUST_3708,36,Monthly,3766.3388795227775,3,18.0,0,SMB,0,Mid-Tenure,18.0,3,135588.19966282,0.081081081081081,0.0,0,1,0.24812627,151600.41076424162,37616.04420884353,0
CUST_3709,57,Annual,4056.272309177788,0,5.0,0,SMB,0,Loyal,5.0,0,231207.5216231339,0.0,0.0,0,0,0.0077454303,842928.4739720789,6528.84377601802,0
CUST_3710,49,Multi-Year,1799.6752657292968,1,10.0,0,SMB,0,Loyal,10.0,1,88184.08802073555,0.02,0.0,0,0,0.0061891493,384346.50347112806,2378.7779078099875,0
CUST_3711,45,Multi-Year,2243.7382035603405,2,16.0,2,SMB,0,Loyal,16.0,2,100968.21916021532,0.0434782608695652,4.487476407120681,0,0,0.007189804,470798.2325822923,3384.947120534987,0
CUST_3712,66,Monthly,3320.4963832080366,1,8.0,0,SMB,0,Loyal,8.0,1,219152.7612917304,0.0149253731343283,0.0,0,1,0.10838534,251576.04551281114,27267.155072610927,0
CUST_3713,45,Monthly,2990.5766236622085,1,4.0,2,SMB,0,Loyal,4.0,1,134575.9480647994,0.0217391304347826,5.981153247324417,0,1,0.098693535,241348.2218170022,23819.509112370146,0
CUST_3714,20,Monthly,4824.967437367414,2,4.0,2,SMB,1,Mid-Tenure,4.0,2,96499.34874734828,0.0952380952380952,9.649934874734829,0,1,0.6000999,89062.62913778586,53446.476729810405,1
CUST_3715,64,Multi-Year,1340.755249704887,3,15.0,0,SMB,0,Loyal,15.0,3,85808.33598111277,0.0461538461538461,0.0,0,0,0.008671844,274221.178009752,2378.003380883597,0
CUST_3716,67,Monthly,2080.752676030137,1,3.0,0,SMB,0,Loyal,3.0,1,139410.42929401918,0.0147058823529411,0.0,0,1,0.030083748,311786.49917912745,9379.70634035862,0
CUST_3717,3,Monthly,3077.3985497818467,1,19.0,0,SMB,1,New,19.0,1,9232.19564934554,0.25,0.0,0,1,0.5353963,63083.39024217941,33774.61233326057,1
CUST_3718,54,Monthly,4405.836964712684,5,28.0,0,SMB,0,Loyal,28.0,5,237915.1960944849,0.0909090909090909,0.0,0,1,0.2169097,198082.12256565067,42965.93508694676,0
CUST_3719,64,Monthly,4682.068361109463,1,12.0,0,SMB,0,Loyal,12.0,1,299652.3751110056,0.0153846153846153,0.0,0,1,0.049365297,565437.0664351193,27912.96869669137,0
CUST_3720,40,Multi-Year,2012.1634887241933,4,16.0,10,SMB,0,Loyal,16.0,4,80486.53954896773,0.0975609756097561,20.12163488724193,0,0,0.20862563,93362.60364249982,19477.83196080757,0
CUST_3721,59,Annual,801.9880768685823,2,8.0,0,SMB,0,Loyal,8.0,2,47317.29653524636,0.0333333333333333,0.0,0,0,0.009905351,160651.04183453048,1591.3050102379927,0
CUST_3722,55,Monthly,2397.288640649833,3,24.0,0,SMB,1,Loyal,24.0,3,131850.8752357408,0.0535714285714285,0.0,0,1,0.08112837,219383.97862076398,17798.263776036987,0
CUST_3723,62,Monthly,2274.548644550782,6,12.0,0,Enterprise,0,Loyal,12.0,6,141022.01596214846,0.0952380952380952,0.0,1,1,0.3020899,77521.62963964876,23418.501328497106,0
CUST_3724,4,Monthly,4939.191805683603,0,15.0,0,SMB,0,New,15.0,0,19756.76722273441,0.0,0.0,0,1,0.06163149,530946.0754679642,32722.997499219367,0
CUST_3725,60,Monthly,2439.775599308552,1,19.0,0,Enterprise,0,Loyal,19.0,1,146386.53595851312,0.0163934426229508,0.0,1,1,0.04638505,303753.62311531644,14089.626941193143,0
CUST_3726,30,Monthly,1875.7534968645325,2,9.0,0,SMB,0,Mid-Tenure,9.0,2,56272.60490593597,0.064516129032258,0.0,0,1,0.24510807,76273.89249802247,18695.346428217617,0
CUST_3727,2,Annual,2144.198185407203,4,9.0,0,SMB,0,New,9.0,4,4288.396370814406,1.3333333333333333,0.0,0,0,0.02995803,321798.5550330099,9640.450832873848,0
CUST_3728,62,Monthly,2286.168262807162,0,19.0,0,SMB,1,Loyal,19.0,0,141742.43229404406,0.0,0.0,0,1,0.07949141,211859.77115108297,16841.031227523115,0
CUST_3729,49,Monthly,4196.931719884771,3,27.0,0,SMB,0,Loyal,27.0,3,205649.6542743538,0.06,0.0,0,1,0.091708586,355399.64976341487,32593.19920962001,0
CUST_3730,9,Monthly,864.5670177406887,5,15.0,5,SMB,0,New,15.0,5,7781.103159666198,0.5,4.322835088703443,0,1,0.35769874,25447.23082979458,9102.442368043905,0
CUST_3731,31,Annual,1924.28171993762,0,22.0,0,Enterprise,0,Mid-Tenure,22.0,0,59652.73331806622,0.0,0.0,1,0,0.025681378,305113.098575104,7835.724914851832,0
CUST_3732,61,Annual,4848.433213581949,2,19.0,2,SMB,0,Loyal,19.0,2,295754.42602849886,0.032258064516129,9.696866427163895,0,0,0.030452725,723172.5010229031,22022.572973032722,0
CUST_3733,48,Annual,1188.9612715945998,4,0.0,0,SMB,0,Loyal,0.0,4,57070.1410365408,0.0816326530612244,0.0,0,0,0.0055906116,256653.68692680297,1434.85108011421,0
CUST_3734,25,Annual,3841.705946896655,3,10.0,2,SMB,0,Mid-Tenure,10.0,3,96042.64867241636,0.1153846153846153,7.68341189379331,0,0,0.041292634,504974.7064649564,20851.73566327657,0
CUST_3735,36,Annual,2103.7707553923065,3,12.0,0,Enterprise,0,Mid-Tenure,12.0,3,75735.74719412303,0.081081081081081,0.0,1,0,0.015201514,387188.0838567595,5885.844943989106,0
CUST_3736,8,Monthly,3118.0348678753644,3,24.0,2,Enterprise,0,New,24.0,3,24944.278943002915,0.3333333333333333,6.236069735750728,1,1,0.22366081,136725.5274087264,30580.142451541873,0
CUST_3737,58,Multi-Year,947.9661732899692,0,17.0,5,SMB,0,Loyal,17.0,0,54982.03805081821,0.0,4.739830866449847,0,0,0.012643628,181592.18524109476,2295.984005644564,0
CUST_3738,45,Monthly,1878.85250309276,6,4.0,2,Enterprise,0,Loyal,4.0,6,84548.36263917419,0.1304347826086956,3.7577050061855193,1,1,0.0530696,218747.61601804214,11608.848258332968,0
CUST_3739,62,Monthly,2753.8922374739973,2,3.0,2,SMB,1,Loyal,3.0,2,170741.31872338784,0.0317460317460317,5.507784474947995,0,1,0.1212901,192928.2948801051,23400.292680653834,0
CUST_3740,39,Annual,1542.6529617913627,5,23.0,0,SMB,0,Loyal,23.0,5,60163.46550986315,0.125,0.0,0,0,0.021374643,259361.52638445693,5543.759995231088,0
CUST_3741,58,Monthly,2938.414743739185,5,5.0,0,SMB,1,Loyal,5.0,5,170428.05513687272,0.0847457627118644,0.0,0,1,0.55111027,58659.74701127268,32327.988875027913,1
CUST_3742,64,Multi-Year,1488.9169132822235,2,14.0,0,SMB,0,Loyal,14.0,2,95290.6824500623,0.0307692307692307,0.0,0,0,0.006568573,315846.79699977254,2074.6627269962255,0
CUST_3743,44,Monthly,3425.4524869274924,3,22.0,0,SMB,1,Loyal,22.0,3,150719.90942480965,0.0666666666666666,0.0,0,1,0.0697156,343359.0060869157,23937.47800384976,0
CUST_3744,29,Multi-Year,4569.594531126414,3,1.0,0,Enterprise,0,Mid-Tenure,1.0,3,132518.241402666,0.1,0.0,1,0,0.031433687,673371.6556419424,21166.55359822376,0
CUST_3745,59,Multi-Year,884.6988680820714,2,3.0,0,Enterprise,0,Loyal,3.0,2,52197.23321684221,0.0333333333333333,0.0,1,0,0.011437753,172799.05938535414,1976.4329971084883,0
CUST_3746,71,Multi-Year,1474.7721609923883,6,13.0,0,Enterprise,0,Loyal,13.0,6,104708.82343045955,0.0833333333333333,0.0,1,0,0.056329615,166437.78047108348,9375.376164319627,0
CUST_3747,9,Multi-Year,4299.903622671485,3,3.0,0,SMB,0,New,3.0,3,38699.13260404336,0.3,0.0,0,0,0.016419228,776866.0419242186,12755.540797036587,0
CUST_3748,6,Multi-Year,3341.990684488809,3,27.0,0,SMB,0,New,27.0,3,20051.944106932853,0.4285714285714285,0.0,0,0,0.037641726,457588.95676683093,17224.438329942117,0
CUST_3749,29,Annual,854.1901271415436,3,28.0,0,SMB,0,Mid-Tenure,28.0,3,24771.513687104765,0.1,0.0,0,0,0.013680448,160964.3447226064,2202.064319550149,0
CUST_3750,58,Monthly,2688.575517992729,2,17.0,0,Enterprise,0,Loyal,17.0,2,155937.38004357828,0.0338983050847457,0.0,1,1,0.047732774,330113.4777410132,15757.23208290838,0
CUST_3751,17,Monthly,1443.9133175510076,3,25.0,0,Enterprise,0,Mid-Tenure,25.0,3,24546.52639836713,0.1666666666666666,0.0,1,1,0.19511452,70689.24271409713,13792.497885577595,0
CUST_3752,16,Annual,1395.9337733153138,3,19.0,10,SMB,0,Mid-Tenure,19.0,3,22334.94037304502,0.1764705882352941,13.959337733153138,0,0,0.2918093,49007.45870259019,14300.831760439823,0
CUST_3753,3,Multi-Year,4732.904045122357,2,15.0,5,SMB,0,New,15.0,2,14198.712135367072,0.5,23.664520225611785,0,0,0.013313849,897036.7336056285,11943.012028272977,0
CUST_3754,21,Annual,3926.9369663424905,1,8.0,0,SMB,0,Mid-Tenure,8.0,1,82465.6762931923,0.0454545454545454,0.0,0,0,0.030744303,583610.7489944622,17942.70571156288,0
CUST_3755,64,Multi-Year,3633.037670858647,1,7.0,0,SMB,0,Loyal,7.0,1,232514.4109349534,0.0153846153846153,0.0,0,0,0.0096417125,730972.5193461208,7047.826899923178,0
CUST_3756,36,Multi-Year,1575.179676850364,2,10.0,0,SMB,0,Mid-Tenure,10.0,2,56706.46836661311,0.054054054054054,0.0,0,0,0.019490281,272011.4972661188,5301.580549573172,0
CUST_3757,62,Monthly,1033.5804486842771,0,13.0,0,SMB,0,Loyal,13.0,0,64081.98781842519,0.0,0.0,0,1,0.12697652,70082.5488345742,8898.838151344888,0
CUST_3758,42,Monthly,4418.746795784075,0,16.0,0,SMB,0,Loyal,16.0,0,185587.3654229312,0.0,0.0,0,1,0.06212763,472898.2557611171,29380.0484090164,0
CUST_3759,42,Monthly,526.4580620410292,5,12.0,10,Enterprise,1,Loyal,12.0,5,22111.238605723225,0.1162790697674418,5.264580620410292,1,1,0.7732706,7673.657481927373,5933.813778918855,1
CUST_3760,61,Monthly,2246.433906654588,3,7.0,10,Enterprise,1,Loyal,7.0,3,137032.46830592988,0.0483870967741935,22.46433906654588,1,1,0.5967595,41680.41824104919,24873.185470933295,1
CUST_3761,13,Annual,1749.256263326001,3,13.0,2,SMB,1,Mid-Tenure,13.0,3,22740.33142323801,0.2142857142857142,3.4985125266520023,0,0,0.2821773,63192.380855926676,17831.455363803794,0
CUST_3762,11,Multi-Year,3066.6929015697065,1,10.0,0,SMB,0,New,10.0,1,33733.62191726677,0.0833333333333333,0.0,0,0,0.019797323,527245.3682050568,10438.046997826255,0
CUST_3763,54,Annual,1627.287961486256,2,8.0,0,SMB,0,Loyal,8.0,2,87873.54992025784,0.0363636363636363,0.0,0,0,0.005334649,352897.42584201676,1882.5838184744953,0
CUST_3764,16,Monthly,1900.424116977386,3,7.0,0,Enterprise,0,Mid-Tenure,7.0,3,30406.78587163817,0.1764705882352941,0.0,1,1,0.23464355,80118.05835977802,18799.18553065805,0
CUST_3765,8,Monthly,4325.179347469371,3,13.0,0,SMB,1,New,13.0,3,34601.43477975497,0.3333333333333333,0.0,0,1,0.36023214,126518.97552482408,45576.20188516753,0
CUST_3766,59,Monthly,3214.349705320334,2,14.0,0,SMB,0,Loyal,14.0,2,189646.6326138997,0.0333333333333333,0.0,0,1,0.13461658,208931.3773298943,28125.62822001332,0
CUST_3767,57,Annual,1155.5713729821578,2,25.0,0,Enterprise,0,Loyal,25.0,2,65867.56825998299,0.0344827586206896,0.0,1,0,0.005400009,250304.2224385315,1351.6450508111539,0
CUST_3768,40,Monthly,3769.121945731242,3,0.0,2,Enterprise,0,Loyal,0.0,3,150764.87782924966,0.073170731707317,7.538243891462484,1,1,0.02876687,574219.3992695586,16518.49509660414,0
CUST_3769,59,Monthly,1433.5664066594527,0,23.0,2,Enterprise,1,Loyal,23.0,0,84580.4179929077,0.0,2.8671328133189053,1,1,0.052237965,168262.30940429078,8789.680657507755,0
CUST_3770,2,Monthly,2448.5221855061604,1,11.0,0,Enterprise,1,New,11.0,1,4897.044371012321,0.3333333333333333,0.0,1,1,0.31404045,80711.53928902789,25346.688299466005,0
CUST_3771,10,Monthly,3409.73256577682,3,4.0,2,SMB,1,New,4.0,3,34097.325657768204,0.2727272727272727,6.81946513155364,0,1,0.3306637,107488.02248176135,35542.38838387669,0
CUST_3772,44,Multi-Year,1723.6829185586928,1,24.0,0,Enterprise,0,Loyal,24.0,1,75842.04841658249,0.0222222222222222,0.0,1,0,0.0056964736,371373.5194486223,2115.519465315449,0
CUST_3773,11,Monthly,2228.480666041065,1,13.0,0,SMB,1,New,13.0,1,24513.287326451715,0.0833333333333333,0.0,0,1,0.3270025,70932.59982141457,23195.13715583957,0
CUST_3774,2,Monthly,3803.673187868679,2,24.0,0,SMB,0,New,24.0,2,7607.346375737358,0.6666666666666666,0.0,0,1,0.54093415,77240.54818128861,41782.049924580635,1
CUST_3775,50,Monthly,4720.599290409546,2,21.0,0,SMB,1,Loyal,21.0,2,236029.96452047728,0.0392156862745098,0.0,0,1,0.32398024,151471.07604986368,49073.63587674542,0
CUST_3776,12,Monthly,2881.6027563176285,5,15.0,0,SMB,1,New,15.0,5,34579.23307581154,0.3846153846153846,0.0,0,1,0.6647222,48381.360331963835,32160.16448246259,1
CUST_3777,23,Annual,544.8693720048024,6,18.0,0,SMB,0,Mid-Tenure,18.0,6,12531.995556110454,0.25,0.0,0,0,0.16752566,30058.212140350894,5035.521946620537,0
CUST_3778,18,Annual,2023.086880588237,4,27.0,15,Enterprise,0,Mid-Tenure,27.0,4,36415.56385058827,0.2105263157894736,30.346303208823556,1,0,0.2673964,76488.08362861956,20452.637473818857,0
CUST_3779,62,Monthly,2293.854506804905,4,15.0,0,SMB,0,Loyal,15.0,4,142218.97942190414,0.0634920634920634,0.0,0,1,0.07268299,224368.9560059022,16307.806950035349,0
CUST_3780,62,Annual,2026.2812900100985,2,6.0,5,Enterprise,0,Loyal,6.0,2,125629.4399806261,0.0317460317460317,10.131406450050491,1,0,0.013578018,382449.4157895564,5192.905118063892,0
CUST_3781,38,Monthly,2463.209875020032,2,2.0,0,SMB,0,Loyal,2.0,2,93601.9752507612,0.0512820512820512,0.0,0,1,0.052630305,288009.6602557039,15158.036345790862,0
CUST_3782,67,Annual,3346.998142182799,3,22.0,0,SMB,0,Loyal,22.0,3,224248.87552624752,0.0441176470588235,0.0,0,0,0.0063837036,712333.0969338348,4547.323323890172,0
CUST_3783,38,Monthly,1045.0761214898894,4,7.0,0,SMB,1,Loyal,7.0,4,39712.8926166158,0.1025641025641025,0.0,0,1,0.1793635,54677.023150016175,9807.062463328091,0
CUST_3784,67,Monthly,1726.8372899037747,4,20.0,0,SMB,0,Loyal,20.0,4,115698.0984235529,0.0588235294117647,0.0,0,1,0.063940726,181866.9000381448,11628.701663929656,0
CUST_3785,61,Annual,2784.4163870793104,2,20.0,0,SMB,0,Loyal,20.0,2,169849.39961183793,0.032258064516129,0.0,0,0,0.0065952525,590385.1273095749,3893.7390148432874,0
CUST_3786,1,Multi-Year,1920.079886809888,2,13.0,0,Enterprise,0,New,13.0,2,1920.079886809888,1.0,0.0,1,0,0.008608643,393132.43206046487,3384.336745788925,0
CUST_3787,45,Annual,4959.884021609118,1,19.0,2,SMB,0,Loyal,19.0,1,223194.78097241028,0.0217391304347826,9.919768043218236,0,0,0.023022035,815077.3396319569,18764.73915223177,0
CUST_3788,28,Monthly,2441.4416016686973,0,2.0,0,Enterprise,1,Mid-Tenure,2.0,0,68360.36484672353,0.0,0.0,1,1,0.3145258,80370.98396879135,25278.749063488012,0
CUST_3789,21,Monthly,4414.096191164974,1,27.0,0,SMB,0,Mid-Tenure,27.0,1,92696.02001446443,0.0454545454545454,0.0,0,1,0.27294838,164017.39385077535,44768.28264620122,0
CUST_3790,13,Multi-Year,4534.29426026239,2,23.0,0,SMB,0,Mid-Tenure,23.0,2,58945.825383411066,0.1428571428571428,0.0,0,0,0.02000718,777227.8365947001,15550.137266634152,0
CUST_3791,27,Monthly,4262.031498750575,6,10.0,2,Enterprise,0,Mid-Tenure,10.0,6,115074.85046626552,0.2142857142857142,8.52406299750115,1,1,0.2790577,155426.76669193935,43373.037797578494,0
CUST_3792,7,Monthly,711.0420842532551,3,21.0,0,SMB,0,New,21.0,3,4977.294589772786,0.375,0.0,0,1,0.25968888,27551.859698161945,7154.911697687203,0
CUST_3793,22,Monthly,4764.860292260081,3,13.0,0,SMB,1,Mid-Tenure,13.0,3,104826.9264297218,0.1304347826086956,0.0,0,1,0.48128837,107622.00921259636,51797.22176353683,0
CUST_3794,53,Monthly,1079.341529599296,6,21.0,0,SMB,0,Loyal,21.0,6,57205.10106876269,0.1111111111111111,0.0,0,1,0.25889003,41931.09677012945,10855.543016827454,0
CUST_3795,4,Monthly,654.8163247143252,1,1.0,0,Enterprise,1,New,1.0,1,2619.265298857301,0.2,0.0,1,1,0.36697093,18844.948585366765,6915.548242654271,0
CUST_3796,23,Monthly,2364.663235579509,3,3.0,10,SMB,0,Mid-Tenure,3.0,3,54387.25441832871,0.125,23.646632355795088,0,1,0.747075,35600.10995886513,26595.952904624468,1
CUST_3797,70,Monthly,1375.8531474103524,1,20.0,0,SMB,0,Loyal,20.0,1,96309.72031872468,0.0140845070422535,0.0,0,1,0.039072186,185357.95637471168,7242.340502598401,0
CUST_3798,33,Multi-Year,1328.884383484563,1,26.0,2,SMB,0,Mid-Tenure,26.0,1,43853.184654990575,0.0294117647058823,2.657768766969126,0,0,0.06569257,137836.09864298924,9054.807053489916,0
CUST_3799,28,Monthly,1795.1882601926775,6,25.0,0,Enterprise,0,Mid-Tenure,25.0,6,50265.27128539497,0.2068965517241379,0.0,1,1,0.14771816,108954.37880126564,16094.540506958201,0
CUST_3800,8,Monthly,1617.8252236108467,1,4.0,0,SMB,0,New,4.0,1,12942.601788886774,0.1111111111111111,0.0,0,1,0.23309876,68576.43202234326,15985.081286586694,0
CUST_3801,1,Annual,3581.579309675689,4,18.0,10,SMB,0,New,18.0,4,3581.579309675689,2.0,35.81579309675689,0,0,0.3665056,103189.37176830276,37819.48189757996,0
CUST_3802,37,Annual,1340.4978798623151,1,9.0,0,SMB,0,Loyal,9.0,1,49598.42155490566,0.0263157894736842,0.0,0,0,0.026015028,211615.7230562085,5505.189036201357,0
CUST_3803,63,Monthly,2944.0323733876635,3,20.0,2,SMB,1,Loyal,20.0,3,185474.0395234228,0.046875,5.888064746775327,0,1,0.12976922,196520.78859765176,25502.34963644697,0
CUST_3804,22,Multi-Year,4938.919457645884,5,20.0,0,SMB,0,Mid-Tenure,20.0,5,108656.22806820944,0.217391304347826,0.0,0,0,0.36797714,141794.91124915692,52177.2862389657,0
CUST_3805,70,Monthly,2445.7208943033,1,1.0,0,SMB,0,Loyal,1.0,1,171200.462601231,0.0140845070422535,0.0,0,1,0.031247403,361225.7033220844,11287.365296401264,0
CUST_3806,21,Multi-Year,3388.428989579464,2,20.0,0,SMB,0,Mid-Tenure,20.0,2,71157.00878116874,0.0909090909090909,0.0,0,0,0.022209253,563101.6202882712,12506.066440996607,0
CUST_3807,35,Monthly,4862.172549784432,8,2.0,5,SMB,0,Mid-Tenure,2.0,8,170176.03924245512,0.2222222222222222,24.31086274892216,0,1,0.4555834,115403.45265154472,52575.89658911959,0
CUST_3808,5,Monthly,1119.3754911861392,2,14.0,2,SMB,0,New,14.0,2,5596.877455930697,0.3333333333333333,2.2387509823722787,0,1,0.32168815,36139.18181059591,11625.546372891256,0
CUST_3809,60,Multi-Year,2383.7315418187222,3,18.0,0,Enterprise,0,Loyal,18.0,3,143023.89250912334,0.0491803278688524,0.0,1,0,0.0063305474,507802.2522224088,3214.6662217536173,0
CUST_3810,46,Annual,4325.865800878643,2,20.0,0,SMB,0,Loyal,20.0,2,198989.8268404176,0.0425531914893617,0.0,0,0,0.005727677,931501.0113280123,5335.337048828884,0
CUST_3811,50,Monthly,4695.375572351959,3,24.0,0,SMB,0,Loyal,24.0,3,234768.77861759797,0.0588235294117647,0.0,0,1,0.11982313,331783.4768771417,39755.33401315824,0
CUST_3812,48,Monthly,3205.562260815073,5,29.0,0,SMB,0,Loyal,29.0,5,153866.9885191235,0.1020408163265306,0.0,0,1,0.1663388,177807.89859982824,29576.352729698294,0
CUST_3813,6,Monthly,1145.3927114310052,2,1.0,0,SMB,0,New,1.0,2,6872.356268586031,0.2857142857142857,0.0,0,1,0.17119384,62138.76859867143,10637.774292426451,0
CUST_3814,56,Annual,4556.622127764447,3,24.0,0,SMB,0,Loyal,24.0,3,255170.83915480904,0.0526315789473684,0.0,0,0,0.011077064,895253.6414042894,9916.781962173029,0
CUST_3815,59,Monthly,1285.0095478592416,4,2.0,2,Enterprise,0,Loyal,2.0,4,75815.56332369526,0.0666666666666666,2.570019095718483,1,1,0.07672311,121683.52317170674,9335.93877837072,0
CUST_3816,29,Monthly,2087.950317494533,2,28.0,2,SMB,0,Mid-Tenure,28.0,2,60550.55920734146,0.0666666666666666,4.175900634989066,0,1,0.09490054,172914.48922641558,16409.678575625614,0
CUST_3817,71,Monthly,2189.785899930178,2,11.0,2,Enterprise,0,Loyal,11.0,2,155474.79889504262,0.0277777777777777,4.379571799860356,1,1,0.025714437,347059.70344479516,8924.444721893677,0
CUST_3818,18,Annual,2512.8119294268263,1,22.0,10,Enterprise,0,Mid-Tenure,22.0,1,45230.61472968287,0.0526315789473684,25.12811929426826,1,0,0.14011186,158610.53094077285,22223.21707877949,0
CUST_3819,2,Multi-Year,4055.746171689273,1,27.0,0,SMB,0,New,27.0,1,8111.492343378546,0.3333333333333333,0.0,0,0,0.09067783,345960.3828319819,31370.935949714476,0
CUST_3820,8,Annual,4109.649701461181,3,13.0,5,SMB,0,New,13.0,3,32877.19761168945,0.3333333333333333,20.548248507305907,0,0,0.024688628,660285.207125952,16301.535569285761,0
CUST_3821,54,Monthly,3738.447829751514,5,16.0,0,SMB,1,Loyal,16.0,5,201876.18280658172,0.0909090909090909,0.0,0,1,0.44966334,89783.19840887567,40372.21296627525,0
CUST_3822,38,Multi-Year,599.5790348971173,1,15.0,10,Enterprise,0,Loyal,15.0,1,22784.003326090457,0.0256410256410256,5.995790348971172,1,0,0.59464395,11161.119685609778,6636.8923014340035,1
CUST_3823,48,Annual,3041.802959977182,1,16.0,0,SMB,0,Loyal,16.0,1,146006.54207890475,0.0204081632653061,0.0,0,0,0.0058593024,653456.6719527964,3828.800218065307,0
CUST_3824,27,Multi-Year,3863.7183014663,3,23.0,0,SMB,0,Mid-Tenure,23.0,3,104320.3941395901,0.1071428571428571,0.0,0,0,0.036792237,534202.374034045,19654.500517881566,0
CUST_3825,20,Monthly,2500.8135802769425,6,8.0,2,Enterprise,0,Mid-Tenure,8.0,6,50016.27160553885,0.2857142857142857,5.001627160553885,1,1,0.21175288,114649.22063244792,24277.302273382218,0
CUST_3826,12,Monthly,4752.212204144284,0,2.0,5,SMB,0,New,2.0,0,57026.54644973141,0.0,23.761061020721424,0,1,0.23271406,201711.03148034948,46940.99247113106,0
CUST_3827,43,Annual,4207.14734846158,2,21.0,2,SMB,0,Loyal,21.0,2,180907.33598384797,0.0454545454545454,8.41429469692316,0,0,0.007082036,884442.2802819099,6263.652272931022,0
CUST_3828,61,Monthly,3371.697794690738,0,13.0,2,SMB,1,Loyal,13.0,0,205673.56547613503,0.0,6.7433955893814765,0,1,0.19594817,164507.7263679276,32234.98770816371,0
CUST_3829,31,Annual,780.9133265713101,2,2.0,0,SMB,0,Mid-Tenure,2.0,2,24208.313123710614,0.0625,0.0,0,0,0.015654102,142732.29034227628,2234.3458271172813,0
CUST_3830,61,Multi-Year,3435.558114124122,1,5.0,2,SMB,0,Loyal,5.0,1,209569.04496157143,0.0161290322580645,6.871116228248244,0,0,0.014434673,639821.5845419887,9235.615282164656,0
CUST_3831,67,Multi-Year,4602.108205634985,1,22.0,2,SMB,0,Loyal,22.0,1,308341.249777544,0.0147058823529411,9.20421641126997,0,0,0.007298966,963809.6908506928,7034.814104608729,0
CUST_3832,35,Multi-Year,2207.504240964281,3,20.0,2,SMB,0,Mid-Tenure,20.0,3,77262.64843374984,0.0833333333333333,4.415008481928562,0,0,0.030172504,330413.14581335307,9969.392123841857,0
CUST_3833,15,Annual,4271.596365224124,1,18.0,0,Enterprise,0,Mid-Tenure,18.0,1,64073.94547836186,0.0625,0.0,1,0,0.016834352,766958.2205923046,12911.24478164586,0
CUST_3834,16,Monthly,1909.2251428798047,1,23.0,0,SMB,0,Mid-Tenure,23.0,1,30547.602286076883,0.0588235294117647,0.0,0,1,0.25776407,74442.41537311219,19188.5800584793,0
CUST_3835,13,Monthly,3065.4648119628623,4,12.0,0,SMB,0,Mid-Tenure,12.0,4,39851.04255551721,0.2857142857142857,0.0,0,1,0.3412816,94013.0517136728,32084.924037147797,0
CUST_3836,35,Monthly,3417.9098826685204,4,4.0,0,SMB,1,Mid-Tenure,4.0,4,119626.84589339822,0.1111111111111111,0.0,0,1,0.47378233,78305.27603592434,37099.656190433474,0
CUST_3837,59,Annual,3550.977669015027,2,0.0,10,Enterprise,1,Loyal,0.0,2,209507.6824718866,0.0333333333333333,35.50977669015027,1,0,0.45127723,85006.32249028416,38361.41742369762,0
CUST_3838,21,Monthly,4471.471915089567,2,11.0,0,Enterprise,0,Mid-Tenure,11.0,2,93900.9102168809,0.0909090909090909,0.0,1,1,0.23187965,190356.63063106735,44139.82918029357,0
CUST_3839,54,Monthly,1555.800201528269,3,14.0,0,SMB,0,Loyal,14.0,3,84013.21088252653,0.0545454545454545,0.0,0,1,0.057205994,174147.0009964453,9962.252238767336,0
CUST_3840,30,Annual,1680.663133800386,1,24.0,15,SMB,0,Mid-Tenure,24.0,1,50419.89401401158,0.032258064516129,25.20994700700579,0,0,0.28901568,59489.7465026434,17193.46957129942,0
CUST_3841,48,Annual,3668.184469898316,6,18.0,0,Enterprise,0,Loyal,18.0,6,176072.85455511918,0.1224489795918367,0.0,1,0,0.06289245,389912.8247004413,24522.573565788498,0
CUST_3842,35,Multi-Year,1297.3721561781713,1,1.0,0,SMB,0,Mid-Tenure,1.0,1,45408.025466236,0.0277777777777777,0.0,0,0,0.03387255,185620.51608047445,6287.4399318162705,0
CUST_3843,38,Annual,2589.2168223378217,4,2.0,0,SMB,0,Loyal,2.0,4,98390.23924883724,0.1025641025641025,0.0,0,0,0.0075281956,540093.4337415992,4065.9290240711234,0
CUST_3844,31,Annual,590.1547283474681,3,6.0,0,SMB,0,Mid-Tenure,6.0,3,18294.79657877151,0.09375,0.0,0,0,0.021519454,99020.00178213703,2130.8563928479894,0
CUST_3845,24,Annual,1134.4070164555137,6,27.0,0,Enterprise,0,Mid-Tenure,27.0,6,27225.76839493233,0.24,0.0,1,0,0.18301487,58420.668130266335,10691.850965060006,0
CUST_3846,49,Multi-Year,3554.8087326298764,3,10.0,5,Enterprise,0,Loyal,10.0,3,174185.62789886395,0.06,17.77404366314938,1,0,0.016997216,636708.625797573,10822.274213257202,0
CUST_3847,32,Annual,3863.5772156678927,6,27.0,0,SMB,0,Mid-Tenure,27.0,6,123634.47090137257,0.1818181818181818,0.0,0,0,0.18977453,193360.51882910563,36694.901222818684,0
CUST_3848,55,Multi-Year,1018.9356495704458,4,9.0,0,SMB,0,Loyal,9.0,4,56041.46072637452,0.0714285714285714,0.0,0,0,0.0058304537,219006.4097906732,1276.906734207971,0
CUST_3849,58,Multi-Year,1524.6929768503865,2,7.0,0,Enterprise,0,Loyal,7.0,2,88432.19265732242,0.0338983050847457,0.0,1,0,0.0062349658,325354.7874238187,2028.5759571003655,0
CUST_3850,3,Multi-Year,945.07000941673,3,1.0,0,SMB,0,New,1.0,3,2835.21002825019,0.75,0.0,0,0,0.03511448,133242.19612914303,4678.730207270438,0
CUST_3851,69,Monthly,2450.357797663026,6,13.0,0,SMB,1,Loyal,13.0,6,169074.68803874878,0.0857142857142857,0.0,0,1,0.237396,102312.8093867465,24288.651882955255,0
CUST_3852,10,Monthly,1067.5223183508497,3,12.0,0,SMB,1,New,12.0,3,10675.223183508497,0.2727272727272727,0.0,0,1,0.4455777,25849.159942352602,11517.809514946568,0
CUST_3853,25,Monthly,2467.832077251005,1,6.0,5,SMB,1,Mid-Tenure,6.0,1,61695.80193127513,0.0384615384615384,12.339160386255026,0,1,0.28276843,88992.76898094075,25164.345417088545,0
CUST_3854,68,Monthly,3794.442151105092,2,26.0,0,Enterprise,0,Loyal,26.0,2,258022.06627514624,0.0289855072463768,0.0,1,1,0.032324832,553093.2081143117,17878.644995458966,0
CUST_3855,61,Monthly,3575.2488491453787,2,20.0,0,SMB,0,Loyal,20.0,2,218090.1797978681,0.032258064516129,0.0,0,1,0.12352278,247246.98899970218,30540.635634479266,0
CUST_3856,29,Monthly,1762.0721908333037,3,8.0,0,SMB,0,Mid-Tenure,8.0,3,51100.09353416581,0.1,0.0,0,1,0.2823361,63624.94601118532,17963.61823097192,0
CUST_3857,19,Monthly,3531.931471611196,2,6.0,0,SMB,0,Mid-Tenure,6.0,2,67106.69796061271,0.1,0.0,0,1,0.26770246,133405.24977510574,35712.91358026457,0
CUST_3858,43,Annual,4674.704589048096,6,0.0,0,Enterprise,0,Loyal,0.0,6,201012.29732906813,0.1363636363636363,0.0,1,0,0.02599756,738134.937105132,19189.707663367168,0
CUST_3859,66,Annual,2063.85974188212,1,0.0,0,Enterprise,0,Loyal,0.0,1,136214.7429642199,0.0149253731343283,0.0,1,0,0.0042228904,456750.22573740466,1928.8061261733617,0
CUST_3860,61,Monthly,1981.0361916392296,3,5.0,5,SMB,0,Loyal,5.0,3,120843.207689993,0.0483870967741935,9.905180958196148,0,1,0.0813294,181013.80100993637,14721.743439979187,0
CUST_3861,43,Annual,3071.4739316690784,6,24.0,0,Enterprise,0,Loyal,24.0,6,132073.37906177036,0.1363636363636363,0.0,1,0,0.04313601,395740.4463562598,17070.66456736634,0
CUST_3862,25,Annual,1604.7581496236232,1,0.0,0,SMB,0,Mid-Tenure,0.0,1,40118.95374059058,0.0384615384615384,0.0,0,0,0.028321913,245871.14196516073,6963.540972007855,0
CUST_3863,20,Annual,3432.1051759111338,2,15.0,2,Enterprise,0,Mid-Tenure,15.0,2,68642.10351822268,0.0952380952380952,6.864210351822267,1,0,0.03541933,482153.9052980301,17077.56828296271,0
CUST_3864,48,Multi-Year,4245.177968026164,5,2.0,0,SMB,0,Loyal,2.0,5,203768.5424652559,0.1020408163265306,0.0,0,0,0.019952435,728239.6251098021,14530.153818243067,0
CUST_3865,24,Monthly,2566.9332729438443,3,12.0,0,SMB,0,Mid-Tenure,12.0,3,61606.39855065226,0.12,0.0,0,1,0.24299249,105133.06319325916,25546.544862379396,0
CUST_3866,11,Monthly,3557.782962177721,2,20.0,0,SMB,0,New,20.0,2,39135.61258395493,0.1666666666666666,0.0,0,1,0.18630436,180671.2155928489,33659.83530493239,0
CUST_3867,55,Monthly,3433.4844074734788,1,3.0,10,SMB,1,Loyal,3.0,1,188841.6424110413,0.0178571428571428,34.33484407473478,0,1,0.8383323,46381.08121173149,38882.75827618959,1
CUST_3868,28,Monthly,673.9950283141528,2,16.0,10,Enterprise,1,Mid-Tenure,16.0,2,18871.86079279628,0.0689655172413793,6.739950283141528,1,1,0.72912496,10380.79973966602,7568.900229037756,1
CUST_3869,69,Annual,1325.373328290994,2,9.0,0,Enterprise,0,Loyal,9.0,2,91450.7596520786,0.0285714285714285,0.0,1,0,0.0050719986,288794.31299301016,1464.7643436335532,0
CUST_3870,63,Monthly,4520.885008181584,4,3.0,0,SMB,0,Loyal,3.0,4,284815.75551543984,0.0625,0.0,0,1,0.08125575,413319.9634899912,33584.62315546894,0
CUST_3871,59,Monthly,4725.014663142587,3,19.0,0,SMB,0,Loyal,19.0,3,278775.86512541265,0.05,0.0,0,1,0.29592842,163907.24482047796,48504.811762760524,0
CUST_3872,5,Monthly,4011.978379600298,4,26.0,0,Enterprise,0,New,26.0,4,20059.89189800149,0.6666666666666666,0.0,1,1,0.2596,155503.0252035814,40368.587441284,0
CUST_3873,51,Monthly,4645.6166674746255,4,11.0,0,SMB,0,Loyal,11.0,4,236926.4500412059,0.0769230769230769,0.0,0,1,0.09977862,372198.6504469797,37137.468596584935,0
CUST_3874,21,Annual,1877.6689291335863,3,25.0,0,SMB,0,Mid-Tenure,25.0,3,39431.04751180532,0.1363636363636363,0.0,0,0,0.025381159,298907.9395255063,7586.629950623952,0
CUST_3875,12,Annual,1614.6993730057115,2,12.0,2,Enterprise,0,New,12.0,2,19376.39247606854,0.1538461538461538,3.229398746011423,1,0,0.18706742,81733.68056074705,15289.708691616539,0
CUST_3876,50,Monthly,2229.35084402234,1,3.0,0,SMB,0,Loyal,3.0,1,111467.542201117,0.0196078431372549,0.0,0,1,0.09019924,190815.65178767763,17211.426685871764,0
CUST_3877,4,Monthly,749.0389934770378,2,15.0,0,SMB,1,New,15.0,2,2996.1559739081517,0.4,0.0,0,1,0.28407383,26905.632238172166,7643.185989075716,0
CUST_3878,42,Monthly,4144.422285685975,2,18.0,2,SMB,0,Loyal,18.0,2,174065.73599881097,0.0465116279069767,8.28884457137195,0,1,0.086390816,364636.47168583696,31501.242213887806,0
CUST_3879,38,Monthly,4928.789683017848,2,6.0,2,SMB,1,Loyal,6.0,2,187294.0079546782,0.0512820512820512,9.857579366035695,0,1,0.29036248,173772.01680229683,50456.87328457547,0
CUST_3880,25,Multi-Year,4208.131815964744,4,0.0,0,SMB,0,Mid-Tenure,0.0,4,105203.2953991186,0.1538461538461538,0.0,0,0,0.03720133,579091.8954945201,21542.988742679263,0
CUST_3881,14,Monthly,2997.3890068364667,3,15.0,5,SMB,0,Mid-Tenure,15.0,3,41963.44609571053,0.2,14.986945034182334,0,1,0.22099063,132730.29685450377,29332.15165704397,0
CUST_3882,32,Annual,1828.768867173274,2,1.0,0,SMB,0,Mid-Tenure,1.0,2,58520.60374954477,0.0606060606060606,0.0,0,0,0.02166467,306220.998837736,6634.176806421123,0
CUST_3883,11,Multi-Year,1389.6404984461128,4,0.0,0,SMB,0,New,0.0,4,15286.04548290724,0.3333333333333333,0.0,0,0,0.025707375,220265.0106461767,5662.435284934295,0
CUST_3884,61,Monthly,2138.28292308497,2,13.0,0,SMB,0,Loyal,13.0,2,130435.25830818318,0.032258064516129,0.0,0,1,0.08937854,184098.5969954016,16454.4644042647,0
CUST_3885,18,Monthly,3501.3628829669283,1,19.0,0,SMB,0,Mid-Tenure,19.0,1,63024.53189340471,0.0526315789473684,0.0,0,1,0.2576563,136569.12647094694,35187.896644024935,0
CUST_3886,27,Multi-Year,2511.776999933706,3,4.0,0,Enterprise,0,Mid-Tenure,4.0,3,67817.97899821006,0.1071428571428571,0.0,1,0,0.013923339,471523.008945603,6565.174518032371,0
CUST_3887,55,Multi-Year,4703.269190380187,1,26.0,0,SMB,0,Loyal,26.0,1,258679.80547091027,0.0178571428571428,0.0,0,0,0.007007029,990039.8359378926,6937.237750030457,0
CUST_3888,54,Monthly,4343.991543345795,1,14.0,0,Enterprise,0,Loyal,14.0,1,234575.5433406729,0.0181818181818181,0.0,1,1,0.11943878,307650.3426126079,36745.38230638862,0
CUST_3889,21,Annual,960.8027718330452,2,9.0,0,SMB,0,Mid-Tenure,9.0,2,20176.858208493948,0.0909090909090909,0.0,0,0,0.01578491,175262.5863113221,2766.5041423016423,0
CUST_3890,44,Multi-Year,1091.8635074856948,5,20.0,0,SMB,0,Loyal,20.0,5,48041.99432937057,0.1111111111111111,0.0,0,0,0.020479748,185902.50351494554,3807.236429302505,0
CUST_3891,5,Monthly,3543.076333850499,3,1.0,0,Enterprise,1,New,1.0,3,17715.381669252496,0.5,0.0,1,1,0.26000533,137148.9807810007,35659.465332212705,0
CUST_3892,41,Multi-Year,1538.4577549115943,0,10.0,0,SMB,0,Loyal,10.0,0,63076.76795137537,0.0,0.0,0,0,0.008036722,318100.20182901033,2556.483026739394,0
CUST_3893,59,Monthly,4059.634446552881,3,15.0,0,SMB,0,Loyal,15.0,3,239518.43234662,0.05,0.0,0,1,0.10097659,322669.99473652686,32582.114583439743,0
CUST_3894,54,Annual,3161.111640468589,2,18.0,0,SMB,0,Loyal,18.0,2,170700.0285853038,0.0363636363636363,0.0,0,0,0.008360086,649987.7400155296,5433.953411264496,0
CUST_3895,22,Multi-Year,1534.237374800075,2,3.0,15,SMB,0,Mid-Tenure,3.0,2,33753.22224560165,0.0869565217391304,23.01356062200113,0,0,0.23893352,63720.01691336271,15224.84784183321,0
CUST_3896,65,Multi-Year,2654.09058866266,6,9.0,2,Enterprise,0,Loyal,9.0,6,172515.8882630729,0.0909090909090909,5.30818117732532,1,0,0.13710131,170223.75735845498,23337.8997033355,0
CUST_3897,64,Monthly,2327.3433156516503,0,21.0,0,SMB,0,Loyal,21.0,0,148949.97220170562,0.0,0.0,0,1,0.051914163,274035.6959112611,14226.333767221726,0
CUST_3898,71,Monthly,4429.217116352322,3,21.0,0,Enterprise,0,Loyal,21.0,3,314474.41526101483,0.0416666666666666,0.0,1,1,0.042714775,573270.0891425003,24487.102647580843,0
CUST_3899,4,Annual,644.7311373967262,2,11.0,0,SMB,0,New,11.0,2,2578.924549586905,0.4,0.0,0,0,0.027690494,99584.55594257278,2757.5455919451088,0
CUST_3900,65,Annual,4531.297507100555,1,1.0,0,SMB,0,Loyal,1.0,1,294534.3379615361,0.0151515151515151,0.0,0,0,0.005110875,986657.7073032584,5042.683984926463,0
CUST_3901,15,Annual,3434.372072958845,3,1.0,0,Enterprise,0,Mid-Tenure,1.0,3,51515.58109438267,0.1875,0.0,1,0,0.049983572,412192.35975928855,20602.846580434467,0
CUST_3902,22,Multi-Year,3818.921843967704,3,8.0,0,Enterprise,0,Mid-Tenure,8.0,3,84016.28056728949,0.1304347826086956,0.0,1,0,0.022191992,634794.2694017034,14087.34936696515,0
CUST_3903,47,Multi-Year,511.73358526685183,0,11.0,0,Enterprise,0,Loyal,11.0,0,24051.47850754204,0.0,0.0,1,0,0.05193473,60242.49990715409,3128.6779829603574,0
CUST_3904,46,Monthly,3327.0774531675456,6,1.0,0,SMB,0,Loyal,1.0,6,153045.56284570709,0.1276595744680851,0.0,0,1,0.22039297,147655.1973537544,32542.167810135714,0
CUST_3905,14,Monthly,3148.1877366996173,2,17.0,0,SMB,0,Mid-Tenure,17.0,2,44074.628313794645,0.1333333333333333,0.0,0,1,0.23795693,131194.11200289606,31218.547631239522,0
CUST_3906,50,Monthly,2917.425003738349,4,15.0,0,SMB,0,Loyal,15.0,4,145871.25018691746,0.0784313725490196,0.0,0,1,0.096664295,238702.2748216471,23073.987015166047,0
CUST_3907,20,Annual,4036.4008551764814,1,18.0,5,SMB,0,Mid-Tenure,18.0,1,80728.01710352962,0.0476190476190476,20.18200427588241,0,0,0.05460425,463048.1981651755,25284.400008861205,0
CUST_3908,50,Annual,3001.4199337842733,3,14.0,0,SMB,0,Loyal,14.0,3,150070.99668921367,0.0588235294117647,0.0,0,0,0.006932224,632630.0910337184,4385.533593196524,0
CUST_3909,33,Annual,4356.937353019359,4,24.0,0,SMB,0,Mid-Tenure,24.0,4,143778.93264963885,0.1176470588235294,0.0,0,0,0.02324087,713853.4691153098,16590.575578260243,0
CUST_3910,59,Monthly,1546.8416888433726,3,29.0,0,Enterprise,1,Loyal,29.0,3,91263.659641759,0.05,0.0,1,1,0.121528685,108215.72251062495,13151.314463097206,0
CUST_3911,43,Monthly,4126.921650372649,5,15.0,0,SMB,0,Loyal,15.0,5,177457.63096602392,0.1136363636363636,0.0,0,1,0.15408163,242663.00244340912,37389.910405493436,0
CUST_3912,12,Monthly,1306.9074777116257,0,5.0,0,SMB,0,New,5.0,0,15682.889732539508,0.0,0.0,0,1,0.3338045,40861.66193551896,13639.806148654592,0
CUST_3913,40,Annual,4159.030063860409,3,26.0,0,Enterprise,0,Loyal,26.0,3,166361.20255441638,0.073170731707317,0.0,1,0,0.0050043995,907352.1650787208,4540.752681396386,0
CUST_3914,20,Monthly,4732.085834728555,4,14.0,0,SMB,0,Mid-Tenure,14.0,4,94641.71669457108,0.1904761904761904,0.0,0,1,0.556865,93571.10900180035,52106.4734511981,1
CUST_3915,38,Monthly,2010.6236403967284,1,11.0,2,SMB,0,Loyal,11.0,1,76403.69833507568,0.0256410256410256,4.021247280793457,0,1,0.123033814,139437.96582434958,17155.584770206977,0
CUST_3916,3,Monthly,2884.488412910849,0,21.0,0,SMB,0,New,21.0,0,8653.465238732548,0.0,0.0,0,1,0.31446615,94971.39845313305,29865.28990012625,0
CUST_3917,28,Annual,3462.4806031541643,3,11.0,0,SMB,0,Mid-Tenure,11.0,3,96949.4568883166,0.1034482758620689,0.0,0,0,0.03629735,481472.12090039783,17476.162627728816,0
CUST_3918,56,Monthly,857.6224963452257,0,9.0,10,SMB,1,Loyal,9.0,0,48026.85979533264,0.0,8.576224963452258,0,1,0.7316128,13166.966788091859,9633.121459775639,1
CUST_3919,13,Multi-Year,2723.3632319185413,3,20.0,0,SMB,0,Mid-Tenure,20.0,3,35403.722014941035,0.2142857142857142,0.0,0,0,0.031698838,400010.09591615945,12679.855179337506,0
CUST_3920,66,Annual,2122.6323946471102,0,14.0,0,SMB,0,Loyal,14.0,0,140093.73804670927,0.0,0.0,0,0,0.0033673404,477287.93302056845,1607.1909512388834,0
CUST_3921,37,Annual,4426.050340630886,2,22.0,0,SMB,0,Loyal,22.0,2,163763.8626033428,0.0526315789473684,0.0,0,0,0.029358614,669273.3246437084,19648.937356737737,0
CUST_3922,49,Annual,4445.057834187468,4,26.0,0,SMB,0,Loyal,26.0,4,217807.83387518596,0.08,0.0,0,0,0.007447703,928508.7555928814,6915.257268294942,0
CUST_3923,66,Monthly,3653.5079279625656,4,3.0,0,SMB,0,Loyal,3.0,4,241131.52324552933,0.0597014925373134,0.0,0,1,0.053154334,425014.582723864,22591.367265999746,0
CUST_3924,36,Monthly,3450.760135666242,3,9.0,0,Enterprise,0,Mid-Tenure,9.0,3,124227.36488398472,0.081081081081081,0.0,1,1,0.25220475,137023.39404512075,34557.95029229272,0
CUST_3925,54,Multi-Year,3801.598066741356,2,25.0,0,SMB,0,Loyal,25.0,2,205286.2956040332,0.0363636363636363,0.0,0,0,0.009644313,764853.7727450639,7376.489018433778,0
CUST_3926,26,Annual,2146.941054512632,2,18.0,0,SMB,0,Mid-Tenure,18.0,2,55820.46741732843,0.074074074074074,0.0,0,0,0.018339938,376987.3663633246,6913.92475730157,0
CUST_3927,40,Multi-Year,2320.3366103778144,4,22.0,0,Enterprise,0,Loyal,22.0,4,92813.46441511255,0.0975609756097561,0.0,1,0,0.0044131586,511715.18286123313,2258.2802767864982,0
CUST_3928,43,Annual,2991.6712529991737,2,13.0,2,SMB,0,Loyal,13.0,2,128641.86387896448,0.0454545454545454,5.983342505998348,0,0,0.00786545,620405.6787241197,4879.770059748031,0
CUST_3929,22,Monthly,4721.126573140104,3,9.0,2,SMB,0,Mid-Tenure,9.0,3,103864.78460908229,0.1304347826086956,9.442253146280208,0,1,0.5512432,94227.29283901803,51942.153112453474,1
CUST_3930,20,Monthly,3757.999433538032,3,16.0,0,Enterprise,0,Mid-Tenure,16.0,3,75159.98867076063,0.1428571428571428,0.0,1,1,0.21737263,168663.45614851557,36662.818384405524,0
CUST_3931,8,Annual,2979.451600233005,1,21.0,15,SMB,1,New,21.0,1,23835.61280186404,0.1111111111111111,44.69177400349508,0,0,0.7174594,46586.724392168,33424.082427830625,1
CUST_3932,29,Monthly,3966.858567035216,0,28.0,0,Enterprise,0,Mid-Tenure,28.0,0,115038.89844402128,0.0,0.0,1,1,0.09923238,318981.0441838187,31653.24916927527,0
CUST_3933,40,Monthly,2169.0064050729125,4,26.0,2,Enterprise,0,Loyal,26.0,4,86760.2562029165,0.0975609756097561,4.338012810145825,1,1,0.029398534,327815.57994653384,9637.297619306617,0
CUST_3934,30,Multi-Year,3787.100155149668,4,26.0,0,SMB,0,Mid-Tenure,26.0,4,113613.00465449004,0.1290322580645161,0.0,0,0,0.04733667,466886.74281702284,22100.864373087144,0
CUST_3935,55,Monthly,2348.0431172721514,5,10.0,2,SMB,1,Loyal,10.0,5,129142.37144996833,0.0892857142857142,4.696086234544303,0,1,0.36899966,67247.11090362685,24814.161060436447,0
CUST_3936,16,Monthly,1758.4763315674377,5,17.0,10,SMB,1,Mid-Tenure,17.0,5,28135.621305079003,0.2941176470588235,17.584763315674376,0,1,0.89887935,22238.565662526365,19989.787430578574,1
CUST_3937,46,Multi-Year,3243.758213850316,1,1.0,0,SMB,0,Loyal,1.0,1,149212.87783711456,0.0212765957446808,0.0,0,0,0.009794974,650976.0977284261,6376.293801036232,0
CUST_3938,62,Multi-Year,3590.94901842583,4,10.0,0,Enterprise,0,Loyal,10.0,4,222638.83914240147,0.0634920634920634,0.0,1,0,0.01030352,714575.002043643,7362.637586527948,0
CUST_3939,7,Monthly,2566.8210253080388,1,7.0,2,SMB,0,New,7.0,1,17967.74717715627,0.125,5.133642050616078,0,1,0.16062678,146239.01176949043,23489.90215104816,0
CUST_3940,45,Multi-Year,3044.753291099757,2,18.0,0,SMB,0,Loyal,18.0,2,137013.89809948907,0.0434782608695652,0.0,0,0,0.004712405,667801.7163256927,3146.952246453174,0
CUST_3941,59,Multi-Year,3623.297336851806,7,24.0,0,SMB,0,Loyal,24.0,7,213774.54287425656,0.1166666666666666,0.0,0,0,0.04469019,459177.1186546776,20520.71347794224,0
CUST_3942,56,Monthly,3954.6952320087926,3,15.0,0,SMB,0,Loyal,15.0,3,221462.9329924924,0.0526315789473684,0.0,0,1,0.10377426,308610.4418842637,32025.81931029614,0
CUST_3943,48,Monthly,4530.071655873843,5,3.0,0,SMB,0,Loyal,3.0,5,217443.4394819445,0.1020408163265306,0.0,0,1,0.21757637,203160.16899562487,44202.85202616936,0
CUST_3944,27,Monthly,2095.4489281894766,2,13.0,0,SMB,0,Mid-Tenure,13.0,2,56577.12106111587,0.0714285714285714,0.0,0,1,0.22548121,91278.04344586363,20581.48387786147,0
CUST_3945,53,Annual,4781.647637836671,3,21.0,0,Enterprise,0,Loyal,21.0,3,253427.32480534355,0.0555555555555555,0.0,1,0,0.012203723,922449.140053134,11257.313964105182,0
CUST_3946,35,Monthly,3367.759145553894,2,16.0,0,SMB,0,Mid-Tenure,16.0,2,117871.57009438628,0.0555555555555555,0.0,0,1,0.2554165,132321.29409069632,33797.04346471917,0
CUST_3947,51,Multi-Year,4044.658472145265,4,10.0,5,SMB,0,Loyal,10.0,4,206277.5820794085,0.0769230769230769,20.22329236072633,0,0,0.01301464,770232.1331078025,10024.293719150824,0
CUST_3948,37,Annual,3648.960695666473,3,25.0,0,SMB,0,Loyal,25.0,3,135011.5457396595,0.0789473684210526,0.0,0,0,0.01797359,644184.4171293402,11578.307011575875,0
CUST_3949,57,Annual,1425.0727640678297,3,25.0,0,SMB,0,Loyal,25.0,3,81229.14755186629,0.0517241379310344,0.0,0,0,0.006806435,301037.5913342739,2048.9928170835656,0
CUST_3950,8,Multi-Year,821.4727235397274,3,2.0,0,SMB,0,New,2.0,3,6571.78178831782,0.3333333333333333,0.0,0,0,0.028390795,125750.39018537701,3570.153547973245,0
CUST_3951,20,Multi-Year,3768.289088081541,0,3.0,5,SMB,1,Mid-Tenure,3.0,0,75365.78176163082,0.0,18.841445440407703,0,0,0.1473221,229165.75976588676,33761.18175165134,0
CUST_3952,53,Monthly,2799.737005075594,2,20.0,0,SMB,1,Loyal,20.0,2,148386.0612690065,0.037037037037037,0.0,0,1,0.10194183,221116.4809630133,22541.019024288762,0
CUST_3953,12,Monthly,3659.960157837461,3,12.0,2,SMB,0,New,12.0,3,43919.52189404953,0.2307692307692307,7.3199203156749215,0,1,0.19597183,178555.0895252099,34991.767949924666,0
CUST_3954,49,Annual,2645.792617619569,2,16.0,0,SMB,0,Loyal,16.0,2,129643.83826335886,0.04,0.0,0,0,0.003952474,588471.8340234329,2325.9195458460495,0
CUST_3955,17,Monthly,1905.055341874268,1,29.0,0,Enterprise,1,Mid-Tenure,29.0,1,32385.940811862554,0.0555555555555555,0.0,1,1,0.39460656,51417.73766326317,20289.77660638086,0
CUST_3956,64,Monthly,1782.5805916680572,1,19.0,0,SMB,0,Loyal,19.0,1,114085.15786675566,0.0153846153846153,0.0,0,1,0.059384603,195557.38520060026,11613.097694285067,0
CUST_3957,42,Annual,3787.394588914974,2,20.0,0,SMB,0,Loyal,20.0,2,159070.57273442892,0.0465116279069767,0.0,0,0,0.006680208,801844.8611840176,5356.490290193496,0
CUST_3958,29,Multi-Year,1745.5103665959862,3,19.0,2,SMB,0,Mid-Tenure,19.0,3,50619.8006312836,0.1,3.4910207331919723,0,0,0.08322992,157217.8638245577,13085.230505105332,0
CUST_3959,19,Monthly,3716.045919164394,4,9.0,0,Enterprise,0,Mid-Tenure,9.0,4,70604.87246412349,0.2,0.0,1,1,0.3396823,114433.08671628362,38870.89533000985,0
CUST_3960,11,Annual,2227.8205684282034,1,25.0,0,SMB,0,New,25.0,1,24506.02625271024,0.0833333333333333,0.0,0,0,0.027235257,346135.26422034774,9427.082707503014,0
CUST_3961,50,Monthly,3969.0428194346114,0,22.0,2,SMB,0,Loyal,22.0,0,198452.14097173055,0.0,7.9380856388692225,0,1,0.07978817,366971.13393074676,29279.95549618919,0
CUST_3962,71,Annual,1142.644666022013,7,23.0,0,Enterprise,0,Loyal,23.0,7,81127.77128756294,0.0972222222222222,0.0,1,0,0.025197681,182342.5359246486,4594.609060175951,0
CUST_3963,58,Monthly,1422.409744419555,0,11.0,0,Enterprise,0,Loyal,11.0,0,82499.76517633419,0.0,0.0,1,1,0.071533345,140446.36350037306,10046.598130171837,0
CUST_3964,34,Multi-Year,3586.602225740736,1,7.0,10,Enterprise,1,Mid-Tenure,7.0,1,121944.47567518502,0.0285714285714285,35.86602225740736,1,0,0.3659018,103484.1053373867,37865.02020839283,0
CUST_3965,20,Monthly,3021.040040892182,0,2.0,0,SMB,1,Mid-Tenure,2.0,0,60420.80081784364,0.0,0.0,0,1,0.3133023,99785.98668614379,31263.179966857337,0
CUST_3966,50,Annual,1417.4525417971963,5,28.0,2,SMB,0,Loyal,28.0,5,70872.62708985982,0.0980392156862745,2.8349050835943927,0,0,0.025279561,225950.17390339216,5711.921217185754,0
CUST_3967,10,Monthly,4562.721552770698,3,20.0,2,SMB,1,New,20.0,3,45627.215527706976,0.2727272727272727,9.125443105541397,0,1,0.42248294,115882.82432568759,48958.51603553308,0
CUST_3968,32,Monthly,1741.7486633569083,3,9.0,0,SMB,0,Mid-Tenure,9.0,3,55735.957227421066,0.0909090909090909,0.0,0,1,0.20352353,82441.9890244064,16778.884754758856,0
CUST_3969,52,Monthly,2394.8212918713525,2,23.0,0,Enterprise,0,Loyal,23.0,2,124530.70717731034,0.0377358490566037,0.0,1,1,0.065804146,248159.11457925825,16329.898664135628,0
CUST_3970,15,Monthly,1410.295738426421,5,6.0,0,SMB,1,Mid-Tenure,6.0,5,21154.436076396312,0.3125,0.0,0,1,0.771339,20604.827763568013,15893.307227309962,1
CUST_3971,3,Monthly,2246.124282536814,0,29.0,0,SMB,1,New,29.0,0,6738.3728476104425,0.0,0.0,0,1,0.58979845,42128.096541085324,24847.086061181457,1
CUST_3972,37,Monthly,2712.410375501634,0,24.0,2,SMB,0,Loyal,24.0,0,100359.18389356046,0.0,5.424820751003268,0,1,0.033526186,389685.26893662475,13064.660768850223,0
CUST_3973,40,Annual,1828.611745308136,0,28.0,0,SMB,0,Loyal,28.0,0,73144.46981232543,0.0,0.0,0,0,0.006670182,387211.4113805739,2582.7706271020497,0
CUST_3974,40,Annual,3960.9215293841753,3,9.0,0,SMB,0,Loyal,9.0,3,158436.86117536703,0.073170731707317,0.0,0,0,0.007579067,825491.9913723972,6256.458937750109,0
CUST_3975,56,Monthly,2272.698403908112,4,6.0,0,SMB,0,Loyal,6.0,4,127271.11061885428,0.0701754385964912,0.0,0,1,0.056922927,255065.7959431038,14519.091809897462,0
CUST_3976,23,Annual,3782.794999814452,1,17.0,0,SMB,0,Mid-Tenure,17.0,1,87004.28499573239,0.0416666666666666,0.0,0,0,0.028092144,581281.781867629,16329.451554024983,0
CUST_3977,11,Monthly,1431.8247892560953,2,19.0,0,SMB,0,New,19.0,2,15750.072681817048,0.1666666666666666,0.0,0,1,0.27549767,52786.5424687573,14542.569718370654,0
CUST_3978,64,Annual,2196.6597355693043,3,27.0,2,SMB,0,Loyal,27.0,3,140586.22307643548,0.0461538461538461,4.393319471138609,0,0,0.012481798,421881.53306860925,5265.840251982747,0
CUST_3979,8,Monthly,536.2623000299083,3,13.0,0,SMB,1,New,13.0,3,4290.098400239266,0.3333333333333333,0.0,0,1,0.33753654,16605.26602859614,5604.884100978896,0
CUST_3980,56,Annual,3913.869127611703,2,11.0,2,Enterprise,0,Loyal,11.0,2,219176.67114625536,0.0350877192982456,7.827738255223406,1,0,0.010488582,776451.162259765,8143.871562977488,0
CUST_3981,60,Monthly,3316.4898994871787,3,7.0,0,SMB,0,Loyal,7.0,3,198989.39396923076,0.0491803278688524,0.0,0,1,0.12997392,221131.37198438175,28741.310853649906,0
CUST_3982,10,Multi-Year,4180.204962142053,2,24.0,0,SMB,0,New,24.0,2,41802.04962142053,0.1818181818181818,0.0,0,0,0.028389106,639916.1912887179,18166.64831255724,0
CUST_3983,39,Monthly,2550.2485464622096,2,6.0,0,SMB,0,Loyal,6.0,2,99459.69331202615,0.05,0.0,0,1,0.04055633,337944.15284655406,13705.774663430797,0
CUST_3984,28,Monthly,4098.832896707776,2,4.0,10,Enterprise,1,Mid-Tenure,4.0,2,114767.32110781773,0.0689655172413793,40.98832896707776,1,1,0.8963316,51975.43198360783,46587.22254171749,1
CUST_3985,49,Monthly,3414.1214492194026,1,0.0,0,SMB,0,Loyal,0.0,1,167291.95101175073,0.02,0.0,0,1,0.06616627,352679.4789110134,23335.484496148914,0
CUST_3986,36,Multi-Year,516.2581964040739,1,14.0,10,Enterprise,1,Mid-Tenure,14.0,1,18585.29507054666,0.027027027027027,5.162581964040739,1,0,0.73320085,7909.973894389001,5799.5995678352,1
CUST_3987,13,Annual,1641.6243278983036,0,8.0,2,SMB,0,Mid-Tenure,8.0,0,21341.116262677948,0.0,3.283248655796607,0,0,0.17643575,86998.1523319086,15349.58457745891,0
CUST_3988,36,Annual,2722.511084928116,3,11.0,2,SMB,0,Mid-Tenure,11.0,3,98010.39905741216,0.081081081081081,5.445022169856232,0,0,0.026202517,428727.72902825265,11233.745449730086,0
CUST_3989,26,Multi-Year,3284.0930737038707,3,21.0,0,SMB,0,Mid-Tenure,21.0,3,85386.41991630064,0.1111111111111111,0.0,0,0,0.03173571,482152.95791129617,15301.466833489958,0
CUST_3990,4,Multi-Year,795.1588909908671,2,17.0,0,SMB,0,New,17.0,2,3180.6355639634685,0.4,0.0,0,0,0.028363705,121764.36902225412,3453.6886036637984,0
CUST_3991,64,Annual,3672.859676827063,2,10.0,0,SMB,0,Loyal,10.0,2,235063.01931693204,0.0307692307692307,0.0,0,0,0.008105368,758523.9972170629,6148.1164023577185,0
CUST_3992,38,Monthly,2945.9124394126693,3,9.0,0,SMB,1,Loyal,9.0,3,111944.67269768144,0.0769230769230769,0.0,0,1,0.08606186,259815.26876420912,22360.184673276814,0
CUST_3993,22,Multi-Year,2866.0068806822856,3,9.0,5,SMB,0,Mid-Tenure,9.0,3,63052.15137501028,0.1304347826086956,14.330034403411428,0,0,0.03388332,409999.0854561072,13892.129517274558,0
CUST_3994,2,Monthly,1814.205011440618,5,17.0,2,SMB,1,New,17.0,5,3628.410022881236,1.6666666666666667,3.628410022881236,0,1,0.7951925,25757.99044967849,20482.56030774432,1
CUST_3995,31,Annual,3176.703947707596,3,25.0,2,SMB,0,Mid-Tenure,25.0,3,98477.82237893548,0.09375,6.353407895415192,0,0,0.04254661,411905.37977207487,17525.178076993983,0
CUST_3996,11,Annual,623.718003342986,1,0.0,0,Enterprise,0,New,0.0,1,6860.898036772845,0.0833333333333333,0.0,1,0,0.111142606,46447.15873441416,5162.258241818445,0
CUST_3997,46,Annual,791.1514872679481,4,27.0,0,SMB,0,Loyal,27.0,4,36392.968414325616,0.0851063829787234,0.0,0,0,0.0032963646,178132.55885334022,587.1898547787046,0
CUST_3998,62,Annual,3802.4153924577854,2,19.0,0,SMB,0,Loyal,19.0,2,235749.7543323828,0.0317460317460317,0.0,0,0,0.0070404923,799940.2102164872,5631.972857664788,0
CUST_3999,69,Annual,1948.5110414028368,3,25.0,0,SMB,0,Loyal,25.0,3,134447.26185679578,0.0428571428571428,0.0,0,0,0.0062860227,415416.32608131494,2611.316463588917,0
CUST_4000,64,Multi-Year,2061.351840310177,2,10.0,5,SMB,0,Loyal,10.0,2,131926.51777985133,0.0307692307692307,10.306759201550886,0,0,0.010438198,409281.2450311271,4272.158764881753,0
CUST_4001,10,Monthly,1437.7334146540334,7,28.0,2,SMB,1,New,28.0,7,14377.334146540334,0.6363636363636364,2.8754668293080665,0,1,0.35478172,42622.47957485295,15121.676489006202,0
CUST_4002,40,Monthly,2505.2931144496947,1,1.0,0,SMB,0,Loyal,1.0,1,100211.72457798778,0.024390243902439,0.0,0,1,0.052768923,292535.0883121438,15436.761650055396,0
CUST_4003,24,Annual,733.9704413508514,3,25.0,0,SMB,0,Mid-Tenure,25.0,3,17615.29059242043,0.12,0.0,0,0,0.100347914,58581.75754901307,5878.557156878699,0
CUST_4004,44,Multi-Year,1851.634506070012,1,10.0,0,SMB,0,Loyal,10.0,1,81471.91826708052,0.0222222222222222,0.0,0,0,0.006797979,391204.29246003705,2659.398611862297,0
CUST_4005,60,Monthly,2872.057647999639,1,24.0,0,SMB,0,Loyal,24.0,1,172323.45887997834,0.0163934426229508,0.0,0,1,0.11432187,209738.92189413912,23977.74630635941,0
CUST_4006,62,Monthly,2595.3436470161164,1,1.0,0,Enterprise,0,Loyal,1.0,1,160911.30611499923,0.0158730158730158,0.0,1,1,0.033656735,372284.71200555225,12529.887886542063,0
CUST_4007,17,Monthly,4998.513394053652,2,26.0,0,SMB,0,Mid-Tenure,26.0,2,84974.72769891207,0.1111111111111111,0.0,0,1,0.16073108,284638.4234141778,45750.240406223544,0
CUST_4008,65,Monthly,2249.440934526095,1,8.0,0,Enterprise,0,Loyal,8.0,1,146213.66074419618,0.0151515151515151,0.0,1,1,0.018064117,396586.2310986852,7163.9801025985325,0
CUST_4009,57,Multi-Year,2241.4957666443897,2,0.0,2,Enterprise,0,Loyal,0.0,2,127765.25869873022,0.0344827586206896,4.48299153328878,1,0,0.011610346,436581.6757202465,5068.864275244915,0
CUST_4010,55,Annual,2766.117998365072,5,29.0,0,Enterprise,0,Loyal,29.0,5,152136.48991007896,0.0892857142857142,0.0,1,0,0.19322541,136471.8262830373,26369.825072946725,0
CUST_4011,53,Annual,1356.3639962205343,2,22.0,2,SMB,0,Loyal,22.0,2,71887.29179968832,0.037037037037037,2.7127279924410685,0,0,0.013947688,254526.27475524612,3550.053079062992,0
CUST_4012,56,Annual,4443.36990331621,1,5.0,0,SMB,0,Loyal,5.0,1,248828.71458570776,0.0175438596491228,0.0,0,0,0.008930187,904806.8616732862,8080.094239329514,0
CUST_4013,9,Annual,3075.2050498900185,6,21.0,10,SMB,1,New,21.0,6,27676.845449010165,0.6,30.752050498900186,0,0,0.76094675,45505.40467305716,34627.189822560664,1
CUST_4014,22,Monthly,1364.4843763974009,0,1.0,15,Enterprise,1,Mid-Tenure,1.0,0,30018.65628074282,0.0,20.46726564596101,1,1,0.8698927,17799.69773923244,15483.827417618255,1
CUST_4015,13,Monthly,4070.4871611745953,3,14.0,0,SMB,0,Mid-Tenure,14.0,3,52916.333095269736,0.2142857142857142,0.0,0,1,0.3050357,137580.08806481445,41966.83989077197,0
CUST_4016,48,Monthly,654.4947701428396,1,0.0,0,SMB,1,Loyal,0.0,1,31415.7489668563,0.0204081632653061,0.0,0,1,0.34329194,19969.73809711668,6855.450098800412,0
CUST_4017,18,Monthly,4921.538902634423,2,25.0,0,Enterprise,0,Mid-Tenure,25.0,2,88587.7002474196,0.1052631578947368,0.0,1,1,0.17353886,264197.7625380627,45848.57949208063,0
CUST_4018,40,Monthly,4393.172006471172,0,23.0,0,Enterprise,0,Loyal,23.0,0,175726.88025884685,0.0,0.0,1,1,0.039414294,589593.2187778222,23238.400503075874,0
CUST_4019,17,Monthly,3108.3775499030894,2,23.0,0,SMB,0,Mid-Tenure,23.0,2,52842.41834835252,0.1111111111111111,0.0,0,1,0.23218212,132186.01391953748,30691.228327080116,0
CUST_4020,15,Monthly,1000.8304824067992,4,17.0,0,SMB,0,Mid-Tenure,17.0,4,15012.457236101987,0.25,0.0,0,1,0.2697879,37556.03340757359,10132.163670800104,0
CUST_4021,15,Monthly,1468.7274798035214,1,3.0,2,SMB,0,Mid-Tenure,3.0,1,22030.91219705282,0.0625,2.937454959607043,0,1,0.20804396,68301.26447388792,14209.665719733339,0
CUST_4022,63,Annual,1757.4582664110342,5,28.0,0,SMB,0,Loyal,28.0,5,110719.87078389517,0.078125,0.0,0,0,0.03810356,239371.69594658233,9120.914221257484,0
CUST_4023,39,Monthly,1584.6428205662494,3,12.0,0,Enterprise,0,Loyal,12.0,3,61801.070002083725,0.075,0.0,1,1,0.04662956,196789.821334446,9176.22263345285,0
CUST_4024,13,Multi-Year,2738.840047040506,4,3.0,0,Enterprise,0,Mid-Tenure,3.0,4,35604.92061152658,0.2857142857142857,0.0,1,0,0.01713625,489542.98684980953,8388.930857257643,0
CUST_4025,32,Monthly,4750.521666202165,1,14.0,5,SMB,1,Mid-Tenure,14.0,1,152016.69331846928,0.0303030303030303,23.752608331010823,0,1,0.48357442,106838.44604472411,51664.33960261006,0
CUST_4026,9,Annual,2498.776631455148,1,1.0,0,SMB,0,New,1.0,1,22488.98968309633,0.1,0.0,0,0,0.009359179,505150.51950706495,4727.794166658229,0
CUST_4027,40,Multi-Year,3477.040556780325,3,26.0,0,SMB,0,Loyal,26.0,3,139081.622271213,0.073170731707317,0.0,0,0,0.0075686793,724777.5408882368,5485.6087594498695,0
CUST_4028,20,Multi-Year,3598.6244269047043,4,8.0,5,SMB,0,Mid-Tenure,8.0,4,71972.48853809408,0.1904761904761904,17.99312213452352,0,0,0.121308714,252079.96036881578,30579.49585567249,0
CUST_4029,63,Multi-Year,4422.113263645172,2,11.0,0,SMB,0,Loyal,11.0,2,278593.13560964586,0.03125,0.0,0,0,0.0074431715,923788.8082558665,6875.918492845122,0
CUST_4030,44,Monthly,652.1957940718366,5,13.0,0,SMB,0,Loyal,13.0,5,28696.61493916081,0.1111111111111111,0.0,0,1,0.22441943,28519.66282693172,6400.366472510672,0
CUST_4031,38,Monthly,2319.48526706394,1,19.0,0,Enterprise,0,Loyal,19.0,1,88140.44014842971,0.0256410256410256,0.0,1,1,0.06032321,252293.45952967502,15219.150980176628,0
CUST_4032,60,Monthly,4031.308013387447,5,3.0,0,Enterprise,0,Loyal,3.0,5,241878.4808032468,0.081967213114754,0.0,1,1,0.1950572,197405.73655364537,38505.40992128204,0
CUST_4033,71,Monthly,4166.901567344508,5,14.0,0,SMB,1,Loyal,14.0,5,295850.0112814601,0.0694444444444444,0.0,0,1,0.605863,76239.73268211304,46190.831265180015,1
CUST_4034,48,Monthly,4672.99676828305,4,3.0,5,SMB,0,Loyal,3.0,4,224303.8448775864,0.0816326530612244,23.364983841415253,0,1,0.07305266,455707.0342548273,33290.61086476803,0
CUST_4035,18,Multi-Year,3662.5746191810094,0,4.0,0,SMB,0,Mid-Tenure,4.0,0,65926.34314525817,0.0,0.0,0,0,0.0331897,528321.38479414,17534.827764985537,0
CUST_4036,16,Annual,1603.1927574713457,3,9.0,0,SMB,0,Mid-Tenure,9.0,3,25651.08411954153,0.1764705882352941,0.0,0,0,0.067514986,163709.44902571564,11052.841126262543,0
CUST_4037,55,Annual,2775.4958438797016,2,11.0,0,SMB,0,Loyal,11.0,2,152652.2714133836,0.0357142857142857,0.0,0,0,0.0065188757,589288.9780581458,3841.5016078218146,0
CUST_4038,39,Multi-Year,645.553795635039,0,11.0,0,SMB,0,Loyal,11.0,0,25176.598029766523,0.0,0.0,0,0,0.04333691,82996.5931681434,3596.8158273760178,0
CUST_4039,68,Annual,3411.1775349421105,2,7.0,0,SMB,0,Loyal,7.0,2,231960.0723760635,0.0289855072463768,0.0,0,0,0.007347054,713796.5505788655,5244.301693767334,0
CUST_4040,59,Annual,2994.3284517894053,4,3.0,5,SMB,0,Loyal,3.0,4,176665.37865557492,0.0666666666666666,14.971642258947028,0,0,0.02338757,489618.8971637798,11450.996198489365,0
CUST_4041,62,Annual,3500.763263425819,3,2.0,5,Enterprise,0,Loyal,2.0,3,217047.3223324008,0.0476190476190476,17.503816317129093,1,0,0.01949405,604500.0530477999,11784.153806394017,0
CUST_4042,13,Monthly,4685.632490244179,1,26.0,0,Enterprise,0,Mid-Tenure,26.0,1,60913.22237317433,0.0714285714285714,0.0,1,1,0.11145372,348258.2409505416,38814.67627856742,0
CUST_4043,6,Monthly,3592.7447527419417,3,0.0,0,SMB,0,New,0.0,3,21556.46851645165,0.4285714285714285,0.0,0,1,0.18000834,187440.7605057913,33740.89956623073,0
CUST_4044,60,Multi-Year,1942.0246866864247,0,17.0,0,SMB,0,Loyal,17.0,0,116521.48120118552,0.0,0.0,0,0,0.0061065936,415357.5329237543,2536.419671415751,0
CUST_4045,14,Multi-Year,1394.3149874157054,0,19.0,5,SMB,0,Mid-Tenure,19.0,0,19520.409823819875,0.0,6.971574937078527,0,0,0.10206948,110027.20555125349,11230.419899332419,0
CUST_4046,54,Multi-Year,4345.862930683947,2,24.0,0,SMB,0,Loyal,24.0,2,234676.59825693312,0.0363636363636363,0.0,0,0,0.0065234546,922632.0855037401,6018.748487069701,0
CUST_4047,4,Monthly,1374.4946447319226,3,13.0,0,SMB,0,New,13.0,3,5497.97857892769,0.6,0.0,0,1,0.24276142,56339.17202881489,13676.977303246143,0
CUST_4048,39,Multi-Year,1227.2431126791375,1,16.0,2,SMB,0,Loyal,16.0,1,47862.48139448636,0.025,2.454486225358275,0,0,0.023255719,201034.3738837005,4675.1988826380475,0
CUST_4049,25,Monthly,1429.754363064391,1,5.0,0,SMB,1,Mid-Tenure,5.0,1,35743.85907660978,0.0384615384615384,0.0,0,1,0.3074817,47994.209185634616,14757.341325355403,0
CUST_4050,32,Monthly,2789.7838165872804,4,5.0,0,SMB,0,Mid-Tenure,5.0,4,89273.08213079297,0.1212121212121212,0.0,0,1,0.2884477,98914.55559991485,28531.676839898235,0
CUST_4051,59,Monthly,1058.843494217556,3,9.0,0,SMB,0,Loyal,9.0,3,62471.76615883581,0.05,0.0,0,1,0.16023047,60439.01223509753,9684.171498978088,0
CUST_4052,63,Monthly,4721.53248768516,1,18.0,0,SMB,0,Loyal,18.0,1,297456.5467241651,0.015625,0.0,0,1,0.24625704,191247.39840978297,47096.017651886126,0
CUST_4053,38,Monthly,4848.141682580404,2,9.0,2,SMB,0,Loyal,9.0,2,184229.38393805537,0.0512820512820512,9.69628336516081,0,1,0.28856656,171835.33488751305,49585.93139815238,0
CUST_4054,53,Monthly,4882.108339773495,3,24.0,0,SMB,1,Loyal,24.0,3,258751.74200799523,0.0555555555555555,0.0,0,1,0.3696298,139611.86352434664,51604.705236761496,0
CUST_4055,67,Monthly,676.0616216887391,5,29.0,0,SMB,1,Loyal,29.0,5,45296.12865314552,0.0735294117647058,0.0,0,1,0.8189716,9336.023857219307,7645.938156109826,1
CUST_4056,28,Monthly,4757.888869160143,5,25.0,0,SMB,0,Mid-Tenure,25.0,5,133220.888336484,0.1724137931034483,0.0,0,1,0.5666141,92593.83806300216,52464.97342296705,1
CUST_4057,3,Annual,4988.367196778413,0,2.0,2,SMB,0,New,2.0,0,14965.101590335238,0.0,9.976734393556828,0,0,0.021308402,839457.9436580912,17887.506989379217,0
CUST_4058,22,Annual,4740.930992054692,2,0.0,5,Enterprise,0,Mid-Tenure,0.0,2,104300.48182520324,0.0869565217391304,23.70465496027346,1,0,0.155611,276693.24368112936,43056.51054520996,0
CUST_4059,38,Monthly,3519.2250759321773,3,17.0,0,Enterprise,0,Loyal,17.0,3,133730.55288542277,0.0769230769230769,0.0,1,1,0.068509065,356349.95057511766,24413.20178942183,0
CUST_4060,62,Monthly,3655.535685838254,0,14.0,0,SMB,0,Loyal,14.0,0,226643.21252197173,0.0,0.0,0,1,0.20095767,174796.12641361015,35126.62243031158,0
CUST_4061,57,Annual,1050.1382294305145,5,19.0,0,SMB,0,Loyal,19.0,5,59857.87907753932,0.0862068965517241,0.0,0,0,0.02849942,160531.86782793538,4575.065242163843,0
CUST_4062,6,Annual,4434.336846837332,1,3.0,0,SMB,0,New,3.0,1,26606.02108102399,0.1428571428571428,0.0,0,0,0.011840003,860479.2637649028,10188.0767299283,0
CUST_4063,32,Monthly,768.3781308294717,4,17.0,0,Enterprise,0,Mid-Tenure,17.0,4,24588.10018654309,0.1212121212121212,0.0,1,1,0.16877319,42146.56160484406,7113.209615317998,0
CUST_4064,10,Annual,1929.7874597793789,1,9.0,0,Enterprise,0,New,9.0,1,19297.874597793787,0.0909090909090909,0.0,1,0,0.029396098,291669.86605316366,8573.955997383378,0
CUST_4065,3,Multi-Year,4960.182403166841,3,21.0,10,SMB,0,New,21.0,3,14880.547209500524,0.75,49.60182403166841,0,0,0.18153864,257072.37993047506,46668.57060761374,0
CUST_4066,59,Monthly,2400.475455963479,1,21.0,0,SMB,0,Loyal,21.0,1,141628.05190184526,0.0166666666666666,0.0,0,1,0.08201583,218198.88350800518,17895.76194644484,0
CUST_4067,49,Monthly,1090.2030078436642,4,18.0,0,Enterprise,0,Loyal,18.0,4,53419.947384339546,0.08,0.0,1,1,0.10586518,83934.30978579281,8885.720854978066,0
CUST_4068,59,Monthly,4861.82597922086,4,16.0,2,SMB,0,Loyal,16.0,4,286847.7327740308,0.0666666666666666,9.72365195844172,0,1,0.21878278,217059.6963413752,47488.92434602834,0
CUST_4069,31,Annual,4928.628411687812,2,9.0,0,SMB,0,Mid-Tenure,9.0,2,152787.48076232217,0.0625,0.0,0,0,0.050573505,588062.8107788842,29740.397772463915,0
CUST_4070,69,Monthly,1341.6920835742146,1,24.0,0,SMB,0,Loyal,24.0,1,92576.7537666208,0.0142857142857142,0.0,0,1,0.03956266,179765.81594493377,7112.0140717079175,0
CUST_4071,62,Monthly,4391.617139330769,6,3.0,0,SMB,1,Loyal,3.0,6,272280.26263850764,0.0952380952380952,0.0,0,1,0.7243579,68055.61699088353,49296.62401113887,1
CUST_4072,52,Monthly,2256.9049678725128,0,24.0,0,SMB,0,Loyal,24.0,0,117359.05832937066,0.0,0.0,0,1,0.054546826,259050.0314492549,14130.356883963525,0
CUST_4073,41,Multi-Year,2216.158090190216,3,4.0,5,SMB,0,Loyal,4.0,3,90862.48169779884,0.0714285714285714,11.08079045095108,0,0,0.008585489,453933.1601407133,3897.2383142821673,0
CUST_4074,31,Annual,1682.1393435360574,1,6.0,0,SMB,0,Mid-Tenure,6.0,1,52146.31964961778,0.03125,0.0,0,0,0.032728005,244000.46745579943,7985.648567848204,0
CUST_4075,22,Annual,701.1962354970343,5,18.0,0,SMB,0,Mid-Tenure,18.0,5,15426.317180934757,0.217391304347826,0.0,0,0,0.27189824,26139.796596118817,7107.364684547813,0
CUST_4076,4,Multi-Year,1706.040426583506,2,18.0,5,SMB,0,New,18.0,2,6824.161706334024,0.4,8.53020213291753,0,0,0.03226579,248857.80656321006,8029.593678360481,0
CUST_4077,13,Monthly,741.9960739987341,3,7.0,0,Enterprise,0,Mid-Tenure,7.0,3,9645.948961983544,0.2142857142857142,0.0,1,1,0.21281622,33879.00819174115,7210.002579365065,0
CUST_4078,45,Multi-Year,4659.674208619836,2,0.0,0,Enterprise,0,Loyal,0.0,2,209685.3393878926,0.0434782608695652,0.0,1,0,0.005403844,1009245.6939591586,5453.806463433405,0
CUST_4079,42,Annual,3477.743025767278,2,23.0,0,SMB,0,Loyal,23.0,2,146065.20708222568,0.0465116279069767,0.0,0,0,0.007662201,723748.2471531726,5545.5044233788585,0
CUST_4080,49,Monthly,4489.801925073762,3,7.0,10,Enterprise,0,Loyal,7.0,3,220000.2943286143,0.06,44.89801925073762,1,1,0.32755646,142700.83272680768,46742.57976341826,0
CUST_4081,20,Multi-Year,3727.808066617568,2,18.0,0,Enterprise,0,Mid-Tenure,18.0,2,74556.16133235136,0.0952380952380952,0.0,1,0,0.02580554,590111.1440598832,15228.136958414265,0
CUST_4082,54,Multi-Year,1090.790919871877,2,16.0,0,Enterprise,0,Loyal,16.0,2,58902.70967308135,0.0363636363636363,0.0,1,0,0.006906248,230018.5161106087,1588.5649544442183,0
CUST_4083,36,Multi-Year,4732.61691530884,2,8.0,0,Enterprise,0,Mid-Tenure,8.0,2,170374.20895111826,0.054054054054054,0.0,1,0,0.058366265,524069.02199426753,30587.951493530854,0
CUST_4084,1,Monthly,4549.518741347452,2,19.0,10,Enterprise,0,New,19.0,2,4549.518741347452,1.0,45.495187413474525,1,1,0.37312865,129025.11570922004,48142.96757260919,0
CUST_4085,15,Multi-Year,2066.3423505546607,2,22.0,2,SMB,0,Mid-Tenure,22.0,2,30995.13525831991,0.125,4.132684701109321,0,0,0.025298381,329304.6536295707,8330.874666448593,0
CUST_4086,17,Multi-Year,1001.9000315825442,5,15.0,0,SMB,0,Mid-Tenure,15.0,5,17032.30053690325,0.2777777777777778,0.0,0,0,0.30943134,33449.50342223462,10350.324809129646,0
CUST_4087,24,Monthly,3668.696378549932,2,8.0,2,SMB,0,Mid-Tenure,8.0,2,88048.71308519837,0.08,7.337392757099864,0,1,0.27475923,135559.97937365418,37246.35595791559,0
CUST_4088,58,Monthly,3777.625862315251,4,18.0,2,SMB,0,Loyal,18.0,4,219102.30001428456,0.0677966101694915,7.555251724630502,0,1,0.07947192,350126.1708975532,27825.200237719404,0
CUST_4089,23,Monthly,4535.730701783183,2,15.0,0,Enterprise,0,Mid-Tenure,15.0,2,104321.8061410132,0.0833333333333333,0.0,1,1,0.22188981,200186.86711146607,44419.42566242824,0
CUST_4090,46,Multi-Year,736.9509175298597,1,20.0,0,SMB,0,Loyal,20.0,1,33899.74220637354,0.0212765957446808,0.0,0,0,0.0029972787,166865.37544952362,500.1420358549952,0
CUST_4091,8,Annual,1137.6672711231734,3,25.0,0,Enterprise,1,New,25.0,3,9101.338168985389,0.3333333333333333,0.0,1,0,0.14309897,70699.53712011667,10117.030608173289,0
CUST_4092,59,Monthly,3192.11956795632,4,26.0,0,Enterprise,0,Loyal,26.0,4,188335.0545094229,0.0666666666666666,0.0,1,1,0.05445929,366702.0556913857,19970.333123763845,0
CUST_4093,59,Monthly,3286.091978915372,4,12.0,2,SMB,0,Loyal,12.0,4,193879.42675600693,0.0666666666666666,6.572183957830744,0,1,0.08986068,281945.61352292186,25335.823911101776,0
CUST_4094,13,Monthly,651.2434804175283,1,18.0,0,SMB,0,Mid-Tenure,18.0,1,8466.165245427868,0.0714285714285714,0.0,0,1,0.28464934,23352.567893754043,6647.293091938335,0
CUST_4095,39,Annual,2286.194229777463,3,4.0,0,SMB,0,Loyal,4.0,3,89161.57496132106,0.075,0.0,0,0,0.005936582,490454.18198366347,2911.6215211150684,0
CUST_4096,28,Monthly,3128.727790742221,5,26.0,0,SMB,0,Mid-Tenure,26.0,5,87604.37814078218,0.1724137931034483,0.0,0,1,0.5343303,64252.584849416104,34332.10348048534,1
CUST_4097,61,Multi-Year,3820.6009991828014,2,1.0,2,Enterprise,0,Loyal,1.0,2,233056.6609501509,0.032258064516129,7.641201998365603,1,0,0.014206257,714061.4295572332,10144.139980314729,0
CUST_4098,16,Annual,1922.6781130024783,2,3.0,0,Enterprise,0,Mid-Tenure,3.0,2,30762.849808039653,0.1176470588235294,0.0,1,0,0.019016987,334296.509142607,6357.312272504852,0
CUST_4099,2,Annual,2677.5657185982864,2,11.0,0,SMB,0,New,11.0,2,5355.131437196573,0.6666666666666666,0.0,0,0,0.07327602,260641.01765420215,19098.736575313185,0
CUST_4100,17,Monthly,4163.246925404042,4,17.0,2,SMB,0,Mid-Tenure,17.0,4,70775.19773186871,0.2222222222222222,8.326493850808083,0,1,0.41652364,107087.74012441012,44604.57482204266,0
CUST_4101,30,Monthly,4792.527787539832,3,2.0,2,SMB,1,Mid-Tenure,2.0,3,143775.83362619497,0.0967741935483871,9.585055575079664,0,1,0.5596156,94338.68029455972,52793.3983111453,1
CUST_4102,13,Monthly,1536.416039254305,3,20.0,5,SMB,1,Mid-Tenure,20.0,3,19973.40851030596,0.2142857142857142,7.682080196271525,0,1,0.42132738,39117.16716679439,16481.133646398965,0
CUST_4103,13,Monthly,1638.689926189533,4,24.0,0,Enterprise,0,Mid-Tenure,24.0,4,21302.96904046393,0.2857142857142857,0.0,1,1,0.26609173,62210.66939394489,16553.74490296818,0
CUST_4104,43,Monthly,4729.181843452439,2,18.0,0,SMB,0,Loyal,18.0,2,203354.81926845488,0.0454545454545454,0.0,0,1,0.26379564,180850.757626847,47707.64208417789,0
CUST_4105,21,Multi-Year,2281.600178432076,1,25.0,2,SMB,0,Mid-Tenure,25.0,1,47913.6037470736,0.0454545454545454,4.563200356864152,0,0,0.042930037,294621.67418586614,12648.119309932616,0
CUST_4106,55,Monthly,3732.567460343342,2,21.0,0,SMB,0,Loyal,21.0,2,205291.21031888385,0.0357142857142857,0.0,0,1,0.14091225,234614.64781535056,33060.077832558716,0
CUST_4107,40,Monthly,3255.193529284443,4,3.0,0,SMB,0,Loyal,3.0,4,130207.74117137773,0.0975609756097561,0.0,0,1,0.14464396,200686.0242219447,29028.021738407035,0
CUST_4108,15,Monthly,1785.1445590732533,0,3.0,0,SMB,1,Mid-Tenure,3.0,0,26777.1683860988,0.0,0.0,0,1,0.35602278,52759.932175711794,18783.737471146047,0
CUST_4109,52,Monthly,3441.0299988111124,9,15.0,2,SMB,1,Loyal,15.0,9,178933.55993817784,0.1698113207547169,6.882059997622225,0,1,0.5464492,69230.30534571843,37830.84389315788,1
CUST_4110,53,Multi-Year,3450.04655430638,1,10.0,0,SMB,0,Loyal,10.0,1,182852.46737823816,0.0185185185185185,0.0,0,0,0.00948971,695928.0382596205,6604.155572055248,0
CUST_4111,52,Monthly,3165.994334340843,4,28.0,0,SMB,0,Loyal,28.0,4,164631.70538572385,0.0754716981132075,0.0,0,1,0.044349775,402671.1597943117,17858.375222428105,0
CUST_4112,30,Monthly,948.473711822808,0,25.0,0,SMB,0,Mid-Tenure,25.0,0,28454.21135468424,0.0,0.0,0,1,0.336325,29461.42364925855,9908.61300820323,0
CUST_4113,33,Annual,4978.273200683169,3,25.0,0,SMB,0,Mid-Tenure,25.0,3,164283.0156225446,0.088235294117647,0.0,0,0,0.05576894,564809.2686733443,31498.81455371512,0
CUST_4114,57,Monthly,2301.874075268724,1,12.0,5,Enterprise,0,Loyal,12.0,1,131206.82229031727,0.0172413793103448,11.50937037634362,1,1,0.08941963,198124.81836000804,17716.248575682257,0
CUST_4115,52,Monthly,3372.12943428645,2,20.0,0,SMB,0,Loyal,20.0,2,175350.7305828954,0.0377358490566037,0.0,0,1,0.09416617,280686.8822010185,26431.207846618327,0
CUST_4116,9,Monthly,4485.927623506786,3,10.0,0,SMB,0,New,10.0,3,40373.34861156108,0.3,0.0,0,1,0.2483022,180458.37699315278,44808.21317023167,0
CUST_4117,54,Monthly,2404.7981978892635,3,6.0,0,SMB,0,Loyal,6.0,3,129859.10268602024,0.0545454545454545,0.0,0,1,0.077011086,227205.18544637377,17497.318086666146,0
CUST_4118,1,Monthly,3982.6627556249687,3,26.0,0,Enterprise,0,New,26.0,3,3982.6627556249687,1.5,0.0,1,1,0.1776591,209927.71596943482,37295.56789466123,0
CUST_4119,44,Monthly,4873.209911057327,1,13.0,5,SMB,0,Loyal,13.0,1,214421.2360865224,0.0222222222222222,24.366049555286637,0,1,0.18361205,250323.21758516677,45962.358799450914,0
CUST_4120,9,Multi-Year,2115.206421138717,3,3.0,15,SMB,0,New,3.0,3,19036.85779024845,0.3,31.72809631708075,0,0,0.26298037,81099.25855066025,21327.513159353093,0
CUST_4121,32,Monthly,2323.713066047315,1,7.0,0,SMB,0,Mid-Tenure,7.0,1,74358.81811351408,0.0303030303030303,0.0,0,1,0.37174773,66116.67088621901,24578.722460084693,0
CUST_4122,15,Annual,4575.092265484559,2,11.0,0,Enterprise,0,Mid-Tenure,11.0,2,68626.38398226838,0.125,0.0,1,0,0.020076662,783443.5562019922,15728.93171055884,0
CUST_4123,12,Annual,1218.3929051683235,3,12.0,0,SMB,0,New,12.0,3,14620.714862019882,0.2307692307692307,0.0,0,0,0.06028199,132575.72698371793,7991.928414057372,0
CUST_4124,57,Annual,628.6767726174904,2,24.0,0,Enterprise,0,Loyal,24.0,2,35834.57603919695,0.0344827586206896,0.0,1,0,0.005635345,135599.435482249,764.1495856982057,0
CUST_4125,8,Monthly,4590.000521821003,4,8.0,0,SMB,1,New,8.0,4,36720.00417456802,0.4444444444444444,0.0,0,1,0.3504879,137532.26075512276,48203.39158458359,0
CUST_4126,27,Monthly,4197.162083529111,1,8.0,0,SMB,0,Mid-Tenure,8.0,1,113323.376255286,0.0357142857142857,0.0,0,1,0.39335117,113602.82175160227,44685.80256051806,0
CUST_4127,62,Annual,4876.6236464809945,1,1.0,2,SMB,0,Loyal,1.0,1,302350.66608182166,0.0158730158730158,9.753247292961987,0,0,0.045242146,614428.4674069504,27798.06221856393,0
CUST_4128,12,Annual,762.0700221980521,6,2.0,2,SMB,0,New,2.0,6,9144.840266376625,0.4615384615384615,1.5241400443961042,0,0,0.08102683,69793.64432298928,5655.157738225258,0
CUST_4129,65,Annual,1202.7979869844426,3,20.0,0,SMB,0,Loyal,20.0,3,78181.86915398877,0.0454545454545454,0.0,0,0,0.0066899415,254605.5921696281,1703.2965198758286,0
CUST_4130,42,Monthly,973.9065159041398,1,11.0,2,SMB,0,Loyal,11.0,1,40904.07366797388,0.0232558139534883,1.94781303180828,0,1,0.10216221,76805.3924551331,7846.60879699093,0
CUST_4131,62,Multi-Year,3575.372595321692,0,16.0,2,SMB,0,Loyal,16.0,0,221673.1009099449,0.0,7.150745190643384,0,0,0.016726673,642988.3486856478,10755.055625832516,0
CUST_4132,11,Monthly,3227.0453318621444,2,3.0,0,SMB,0,New,3.0,2,35497.49865048359,0.1666666666666666,0.0,0,1,0.19961907,155134.55959885378,30967.81646474006,0
CUST_4133,43,Monthly,2117.0083972426683,3,26.0,5,SMB,0,Loyal,26.0,3,91031.36108143472,0.0681818181818181,10.585041986213342,0,1,0.041118346,278803.3430439565,11463.932368366126,0
CUST_4134,17,Monthly,758.4056573101026,3,29.0,2,SMB,0,Mid-Tenure,29.0,3,12892.896174271744,0.1666666666666666,1.5168113146202051,0,1,0.21434909,34427.458937201234,7379.494530453877,0
CUST_4135,32,Monthly,3378.4789282094343,1,13.0,0,SMB,0,Mid-Tenure,13.0,1,108111.3257027019,0.0303030303030303,0.0,0,1,0.34799215,101865.69188093394,35448.461330132835,0
CUST_4136,40,Monthly,3065.5421830177547,1,20.0,5,SMB,0,Loyal,20.0,1,122621.6873207102,0.024390243902439,15.327710915088774,0,1,0.110789336,228786.97075423773,25347.15663574371,0
CUST_4137,23,Annual,1008.0644497727708,4,8.0,0,SMB,0,Mid-Tenure,8.0,4,23185.48234477373,0.1666666666666666,0.0,0,0,0.03320538,145384.51075306773,4827.547751299962,0
CUST_4138,56,Multi-Year,4590.093670131713,3,7.0,0,SMB,0,Loyal,7.0,3,257045.245527376,0.0526315789473684,0.0,0,0,0.00984869,920339.6997103883,9064.14008462091,0
CUST_4139,6,Multi-Year,1395.2736935239575,2,0.0,0,SMB,0,New,0.0,2,8371.642161143745,0.2857142857142857,0.0,0,0,0.029022343,211880.37006613554,6149.264871801649,0
CUST_4140,50,Monthly,3845.7911846473535,1,29.0,5,SMB,0,Loyal,29.0,1,192289.55923236767,0.0196078431372549,19.228955923236768,0,1,0.074068986,371966.38810121454,27551.173147888177,0
CUST_4141,37,Annual,4482.841381443267,3,12.0,0,SMB,0,Loyal,12.0,3,165865.1311134009,0.0789473684210526,0.0,0,0,0.04010474,597017.363190675,23943.225748909863,0
CUST_4142,64,Monthly,3107.637458121688,5,27.0,0,SMB,1,Loyal,27.0,5,198888.797319788,0.0769230769230769,0.0,0,1,0.6483833,53397.10704163942,34621.79350883516,1
CUST_4143,54,Monthly,1610.820073842131,2,2.0,0,SMB,0,Loyal,2.0,2,86984.28398747508,0.0363636363636363,0.0,0,1,0.06665355,165702.98490210157,11044.692134833873,0
CUST_4144,49,Monthly,1891.618329313136,2,29.0,0,SMB,0,Loyal,29.0,2,92689.29813634366,0.04,0.0,0,1,0.12023308,133343.17386979016,16032.260662177685,0
CUST_4145,11,Monthly,4485.863901734745,2,13.0,0,SMB,1,New,13.0,2,49344.5029190822,0.1666666666666666,0.0,0,1,0.43158522,111777.44452127953,48241.49326226199,0
CUST_4146,49,Monthly,1842.157203694181,2,18.0,0,Enterprise,0,Loyal,18.0,2,90265.70298101488,0.04,0.0,1,1,0.050722286,219473.64335370268,11132.204930727465,0
CUST_4147,21,Monthly,3857.857174927869,4,26.0,0,Enterprise,0,Mid-Tenure,26.0,4,81015.00067348525,0.1818181818181818,0.0,1,1,0.1819521,199585.54331305946,36315.00952829272,0
CUST_4148,66,Annual,4955.743455149324,3,5.0,5,Enterprise,0,Loyal,5.0,3,327079.0680398554,0.044776119402985,24.778717275746622,1,0,0.018851357,863729.0848381077,16282.4649675374,0
CUST_4149,63,Multi-Year,4999.17523713205,5,3.0,0,SMB,0,Loyal,3.0,5,314948.03993931913,0.078125,0.0,0,0,0.14586152,306288.357921683,44675.685862310886,0
CUST_4150,28,Monthly,2900.6588672119915,2,19.0,5,SMB,0,Mid-Tenure,19.0,2,81218.44828193577,0.0689655172413793,14.503294336059955,0,1,0.2249618,126591.79014914198,28478.31727635974,0
CUST_4151,17,Multi-Year,4219.50108553744,1,0.0,0,Enterprise,0,Mid-Tenure,0.0,1,71731.51845413649,0.0555555555555555,0.0,1,0,0.012985894,803894.4491785524,10439.288471203527,0
CUST_4152,6,Annual,4956.124405645398,2,27.0,0,SMB,0,New,27.0,2,29736.746433872388,0.2857142857142857,0.0,0,0,0.011158647,972446.1418617615,10851.183238805781,0
CUST_4153,19,Annual,2186.02800428892,0,9.0,2,SMB,0,Mid-Tenure,9.0,0,41534.53208148948,0.0,4.37205600857784,0,0,0.0459997,273254.3464540324,12569.617507223298,0
CUST_4154,56,Annual,1635.8431328163765,3,12.0,0,SMB,0,Loyal,12.0,3,91607.21543771708,0.0526315789473684,0.0,0,0,0.0062560253,348942.4863297743,2182.9930173253897,0
CUST_4155,28,Monthly,1014.0501012898244,1,11.0,2,SMB,1,Mid-Tenure,11.0,1,28393.402836115085,0.0344827586206896,2.028100202579649,0,1,0.40426555,26787.41723257672,10829.23003451816,0
CUST_4156,66,Multi-Year,1134.0483713290675,3,10.0,0,SMB,0,Loyal,10.0,3,74847.19250771846,0.044776119402985,0.0,0,0,0.013489136,214345.0148030989,2891.3289572213303,0
CUST_4157,38,Annual,4341.003636292985,3,3.0,0,Enterprise,0,Loyal,3.0,3,164958.13817913344,0.0769230769230769,0.0,1,0,0.008017915,897861.3219740809,7198.97603165444,0
CUST_4158,37,Multi-Year,3149.253906381833,3,16.0,0,Enterprise,0,Loyal,16.0,3,116522.39453612785,0.0789473684210526,0.0,1,0,0.01720981,562284.6853183719,9676.81219172867,0
CUST_4159,68,Annual,4431.691289266186,4,14.0,0,SMB,0,Loyal,14.0,4,301355.00767010066,0.0579710144927536,0.0,0,0,0.0074777915,925232.0709155031,6918.692528601734,0
CUST_4160,49,Multi-Year,4052.547900644758,5,20.0,0,Enterprise,0,Loyal,20.0,5,198574.84713159315,0.1,0.0,1,0,0.07226151,397758.6657195322,28742.642707173687,0
CUST_4161,43,Annual,3531.85083521608,1,28.0,0,SMB,0,Loyal,28.0,1,151869.58591429144,0.0227272727272727,0.0,0,0,0.00562959,761864.5228333598,4288.9847323749245,0
CUST_4162,36,Monthly,3241.904863580873,1,2.0,0,SMB,1,Mid-Tenure,2.0,1,116708.57508891144,0.027027027027027,0.0,0,1,0.30493528,109605.49607544573,33422.58225259886,0
CUST_4163,58,Monthly,717.5250688014182,3,28.0,0,SMB,0,Loyal,28.0,3,41616.45399048226,0.0508474576271186,0.0,0,1,0.058705043,79207.92380190629,4649.9045765072005,0
CUST_4164,13,Monthly,4425.238382014365,3,9.0,0,SMB,0,Mid-Tenure,9.0,3,57528.09896618674,0.2142857142857142,0.0,0,1,0.32035944,143381.95097006095,45933.76132642328,0
CUST_4165,52,Monthly,2380.2892775587143,3,20.0,0,SMB,0,Loyal,20.0,3,123775.04243305314,0.0566037735849056,0.0,0,1,0.07806437,223039.96517907802,17411.473736461565,0
CUST_4166,58,Monthly,3019.040856821264,2,13.0,0,SMB,1,Loyal,13.0,2,175104.3696956333,0.0338983050847457,0.0,0,1,0.16237585,170586.676261164,27699.156977184877,0
CUST_4167,32,Multi-Year,598.7907584465933,5,18.0,0,SMB,0,Mid-Tenure,18.0,5,19161.304270290984,0.1515151515151515,0.0,0,0,0.3163549,19613.46458259254,6204.815638418773,0
CUST_4168,60,Annual,4712.330758382542,2,20.0,2,SMB,0,Loyal,20.0,2,282739.8455029525,0.0327868852459016,9.424661516765084,0,0,0.008711376,963151.8270144742,8390.377929267801,0
CUST_4169,58,Multi-Year,4562.332074914007,1,3.0,0,Enterprise,0,Loyal,3.0,1,264615.2603450124,0.0169491525423728,0.0,1,0,0.01107238,896444.2761369903,9925.771259094321,0
CUST_4170,56,Multi-Year,2944.751134631475,3,24.0,0,SMB,0,Loyal,24.0,3,164906.0635393626,0.0526315789473684,0.0,0,0,0.008396358,605123.5864672309,5080.834404929202,0
CUST_4171,28,Annual,3097.9023492576084,3,13.0,0,SMB,0,Mid-Tenure,13.0,3,86741.26577921303,0.1034482758620689,0.0,0,0,0.028400946,474162.9985448379,13466.677910570445,0
CUST_4172,1,Multi-Year,3672.577455815699,3,5.0,0,SMB,0,New,5.0,3,3672.577455815699,1.5,0.0,0,0,0.02993723,551319.166017172,16504.968704341063,0
CUST_4173,42,Annual,1691.1270339626751,1,11.0,0,Enterprise,0,Loyal,11.0,1,71027.33542643236,0.0232558139534883,0.0,1,0,0.007018921,355908.6024466629,2498.0943515120975,0
CUST_4174,48,Multi-Year,1498.6203022098616,4,29.0,0,SMB,0,Loyal,29.0,4,71933.77450607336,0.0816326530612244,0.0,0,0,0.013590337,282801.49999307224,3843.3676260229263,0
CUST_4175,40,Monthly,3533.103259707347,1,25.0,0,SMB,0,Loyal,25.0,1,141324.13038829388,0.024390243902439,0.0,0,1,0.10218555,278589.1346747302,28467.783213011982,0
CUST_4176,63,Monthly,969.9010077150868,2,1.0,0,SMB,0,Loyal,1.0,2,61103.76348605047,0.03125,0.0,0,1,0.13091926,64331.526153207866,8422.235976643537,0
CUST_4177,4,Monthly,2543.2790212552136,3,16.0,0,SMB,0,New,16.0,3,10173.116085020854,0.6,0.0,0,1,0.13991061,160703.7593646003,22484.160765767072,0
CUST_4178,38,Annual,2717.4219079959053,5,0.0,0,SMB,0,Loyal,0.0,5,103262.0325038444,0.1282051282051282,0.0,0,0,0.020566193,462106.02906692255,9503.761959048466,0
CUST_4179,27,Annual,2216.016396118256,3,16.0,0,Enterprise,0,Mid-Tenure,16.0,3,59832.44269519291,0.1071428571428571,0.0,1,0,0.018371178,388938.70237822586,7145.262069180654,0
CUST_4180,9,Monthly,1333.706790639806,3,24.0,0,SMB,0,New,24.0,3,12003.361115758256,0.3,0.0,0,1,0.28548625,47705.32582410254,13619.214627780746,0
CUST_4181,16,Monthly,2098.923189464096,1,4.0,0,Enterprise,0,Mid-Tenure,4.0,1,33582.77103142554,0.0588235294117647,0.0,1,1,0.15560392,122502.91334757762,19061.932971277405,0
CUST_4182,56,Multi-Year,2019.007641022025,2,15.0,0,SMB,0,Loyal,15.0,2,113064.4278972334,0.0350877192982456,0.0,0,0,0.0055328,436284.3376333196,2413.874079219706,0
CUST_4183,31,Annual,2746.6955359193767,0,13.0,0,SMB,0,Mid-Tenure,13.0,0,85147.56161350067,0.0,0.0,0,0,0.017697414,486877.48676107737,8616.472637106648,0
CUST_4184,14,Monthly,3536.0637871033373,2,19.0,0,SMB,0,Mid-Tenure,19.0,2,49504.893019446725,0.1333333333333333,0.0,0,1,0.3379421,109379.11827612521,36963.80822753308,0
CUST_4185,25,Annual,4857.058055867768,1,9.0,0,SMB,0,Mid-Tenure,9.0,1,121426.4513966942,0.0384615384615384,0.0,0,0,0.07019934,484900.31503807113,34039.682363625216,0
CUST_4186,34,Annual,1148.7346707844772,5,20.0,5,SMB,0,Mid-Tenure,20.0,5,39056.97880667223,0.1428571428571428,5.743673353922386,0,0,0.0873917,100332.23196816676,8768.204002485361,0
CUST_4187,67,Multi-Year,4428.576994734868,4,24.0,0,SMB,0,Loyal,24.0,4,296714.6586472362,0.0588235294117647,0.0,0,0,0.011393784,865607.5872160069,9862.545543409939,0
CUST_4188,24,Monthly,1778.801001756181,1,2.0,0,Enterprise,0,Mid-Tenure,2.0,1,42691.22404214834,0.04,0.0,1,1,0.24959008,71249.3950116777,17783.142482830033,0
CUST_4189,26,Monthly,3161.1774650063253,0,2.0,0,SMB,0,Mid-Tenure,2.0,0,82190.61409016445,0.0,0.0,0,1,0.23455505,133310.33794677377,31268.613080032985,0
CUST_4190,20,Monthly,2960.316265927406,2,27.0,0,SMB,0,Mid-Tenure,27.0,2,59206.32531854812,0.0952380952380952,0.0,0,1,0.22052762,131313.0013891268,28958.143556299576,0
CUST_4191,64,Monthly,3006.267883827183,2,17.0,0,SMB,0,Loyal,17.0,2,192401.1445649397,0.0307692307692307,0.0,0,1,0.123136714,208362.59608048425,25657.085422870918,0
CUST_4192,10,Multi-Year,3755.113752734658,1,23.0,0,SMB,0,New,23.0,1,37551.13752734658,0.0909090909090909,0.0,0,0,0.013968472,704430.8468722008,9839.822820416326,0
CUST_4193,67,Monthly,2217.5973758704818,0,22.0,0,SMB,0,Loyal,22.0,0,148579.02418332227,0.0,0.0,0,1,0.02823408,340148.0493026148,9603.767059035219,0
CUST_4194,24,Multi-Year,1935.9498345658503,5,17.0,0,SMB,0,Mid-Tenure,17.0,5,46462.79602958041,0.2,0.0,0,0,0.30668718,65131.013354812014,19974.84657062742,0
CUST_4195,5,Monthly,4337.755579334647,3,3.0,0,SMB,0,New,3.0,3,21688.77789667324,0.5,0.0,0,1,0.1903506,216571.40058447127,41224.49756822527,0
CUST_4196,67,Multi-Year,1490.4276812342164,2,6.0,0,Enterprise,0,Loyal,6.0,2,99858.65464269248,0.0294117647058823,0.0,1,0,0.004270963,329552.5050306694,1407.506524281534,0
CUST_4197,58,Monthly,1311.1071679001438,2,0.0,10,SMB,0,Loyal,0.0,2,76044.21573820834,0.0338983050847457,13.111071679001435,0,1,0.21458876,59463.16550589792,12760.127030650658,0
CUST_4198,27,Multi-Year,570.2334649486739,3,15.0,5,SMB,0,Mid-Tenure,15.0,3,15396.303553614196,0.1071428571428571,2.8511673247433698,0,0,0.04933994,68882.68307013487,3398.667374555746,0
CUST_4199,15,Multi-Year,1447.6000191313406,2,16.0,10,SMB,1,Mid-Tenure,16.0,2,21714.00028697011,0.125,14.476000191313403,0,0,0.40553108,38133.950880469,15464.50223096052,0
CUST_4200,35,Multi-Year,2833.391449925188,3,7.0,0,SMB,0,Mid-Tenure,7.0,3,99168.7007473816,0.0833333333333333,0.0,0,0,0.0179253,500560.105138329,8972.68990450777,0
CUST_4201,53,Monthly,2923.289928563511,3,5.0,5,SMB,0,Loyal,5.0,3,154934.36621386607,0.0555555555555555,14.616449642817551,0,1,0.09800165,237020.85575227826,23228.435295582425,0
CUST_4202,44,Monthly,1644.8922103799046,2,1.0,2,SMB,0,Loyal,1.0,2,72375.2572567158,0.0444444444444444,3.2897844207598093,0,1,0.048859287,199664.66443507373,9755.473154043399,0
CUST_4203,26,Annual,825.2337651853993,7,25.0,5,SMB,0,Mid-Tenure,25.0,7,21456.07789482038,0.2592592592592592,4.126168825926997,0,0,0.107349284,62935.17612261781,6756.0460947517395,0
CUST_4204,47,Monthly,3850.883583553428,0,9.0,0,SMB,1,Loyal,9.0,0,180991.5284270111,0.0,0.0,0,1,0.0981943,311824.43305910943,30619.382278994886,0
CUST_4205,34,Monthly,3910.889068530349,2,16.0,2,Enterprise,0,Mid-Tenure,16.0,2,132970.22833003188,0.0571428571428571,7.821778137060698,1,1,0.29387665,136475.29564840434,40106.90241303167,0
CUST_4206,50,Monthly,4990.263783312027,3,18.0,0,SMB,0,Loyal,18.0,3,249513.18916560136,0.0588235294117647,0.0,0,1,0.11319878,366933.8945690202,41536.469030970984,0
CUST_4207,12,Annual,4550.13306740623,1,27.0,0,SMB,0,New,27.0,1,54601.59680887476,0.0769230769230769,0.0,0,0,0.02211313,757165.8510257634,16743.30651411667,0
CUST_4208,4,Annual,4667.279290329391,2,3.0,0,SMB,0,New,3.0,2,18669.117161317565,0.4,0.0,0,0,0.010072869,932323.5656641204,9391.17337440547,0
CUST_4209,48,Monthly,4091.9172158477386,3,12.0,5,SMB,1,Loyal,12.0,3,196412.02636069147,0.0612244897959183,20.459586079238694,0,1,0.24330854,167410.75421203428,40732.466883879446,0
CUST_4210,55,Monthly,3269.762840221246,1,20.0,0,SMB,0,Loyal,20.0,1,179836.95621216853,0.0178571428571428,0.0,0,1,0.12996058,218031.9399417846,28335.557735351533,0
CUST_4211,1,Monthly,1078.4568092202971,3,26.0,0,SMB,0,New,26.0,3,1078.4568092202971,1.5,0.0,0,1,0.08945561,92800.00359858075,8301.481115866185,0
CUST_4212,66,Annual,3300.40983855145,2,25.0,10,Enterprise,0,Loyal,25.0,2,217827.0493443957,0.0298507462686567,33.0040983855145,1,0,0.24773045,133022.7345341731,32953.78173234739,0
CUST_4213,30,Monthly,751.8013718658199,6,18.0,0,SMB,0,Mid-Tenure,18.0,6,22554.041155974595,0.1935483870967742,0.0,0,1,0.48692176,16802.47938829285,8181.49279342694,0
CUST_4214,3,Monthly,4483.846000720365,0,15.0,5,SMB,0,New,15.0,0,13451.538002161094,0.0,22.419230003601825,0,1,0.15220681,266094.66440033005,40501.419581651775,0
CUST_4215,21,Multi-Year,2668.1960093638886,5,12.0,2,SMB,1,Mid-Tenure,12.0,5,56032.11619664166,0.2272727272727272,5.336392018727778,0,0,0.6028975,49040.393491943556,29566.33185316244,1
CUST_4216,49,Multi-Year,3638.627743891101,1,29.0,0,SMB,0,Loyal,29.0,1,178292.75945066396,0.02,0.0,0,0,0.0047473754,797545.6660310057,3786.2486595389555,0
CUST_4217,62,Multi-Year,735.096486631838,3,4.0,0,SMB,0,Loyal,4.0,3,45575.98217117396,0.0476190476190476,0.0,0,0,0.012171667,141883.88617684043,1726.9634250283018,0
CUST_4218,38,Multi-Year,2904.117903152714,4,11.0,0,Enterprise,0,Loyal,11.0,4,110356.48031980311,0.1025641025641025,0.0,1,0,0.006965164,611767.1200562635,4261.05837921737,0
CUST_4219,15,Monthly,1855.685290340132,2,6.0,15,SMB,1,Mid-Tenure,6.0,2,27835.27935510197,0.125,27.83527935510197,0,1,0.7950838,26350.31297647841,20950.707521137454,1
CUST_4220,52,Annual,1782.3571958176055,1,26.0,5,Enterprise,0,Loyal,26.0,1,92682.57418251548,0.0188679245283018,8.911785979088028,1,0,0.009086428,361983.0712780948,3289.133190454136,0
CUST_4221,46,Monthly,2253.4516161643214,3,8.0,0,SMB,0,Loyal,8.0,3,103658.7743435588,0.0638297872340425,0.0,0,1,0.038165186,306713.12016490026,11705.76315720776,0
CUST_4222,25,Annual,502.8775738724071,2,4.0,0,SMB,0,Mid-Tenure,4.0,2,12571.939346810175,0.0769230769230769,0.0,0,0,0.08914586,43368.38066672869,3866.1116592606813,0
CUST_4223,21,Monthly,2599.9739677407806,4,3.0,0,SMB,1,Mid-Tenure,3.0,4,54599.4533225564,0.1818181818181818,0.0,0,1,0.2940293,90689.03998853215,26665.234532365153,0
CUST_4224,5,Annual,2689.5500762357224,1,9.0,2,SMB,0,New,9.0,1,13447.750381178612,0.1666666666666666,5.379100152471445,0,0,0.057689644,299700.12210544624,17289.593469792406,0
CUST_4225,70,Annual,4384.089121275789,0,15.0,0,SMB,0,Loyal,15.0,0,306886.2384893052,0.0,0.0,0,0,0.0038161413,977570.411195865,3730.5468015194147,0
CUST_4226,47,Monthly,2518.3652354711708,3,10.0,0,Enterprise,0,Loyal,10.0,3,118363.16606714502,0.0625,0.0,1,1,0.032355055,366952.38490346295,11872.764674084232,0
CUST_4227,68,Annual,2136.003322404528,3,28.0,2,Enterprise,0,Loyal,28.0,3,145248.22592350788,0.0434782608695652,4.272006644809055,1,0,0.0054509575,462247.022080284,2519.6888509403525,0
CUST_4228,18,Monthly,4976.361731131085,3,8.0,0,SMB,0,Mid-Tenure,8.0,3,89574.51116035954,0.1578947368421052,0.0,0,1,0.2088246,230721.25650849758,48180.27519773644,0
CUST_4229,21,Monthly,3070.459960711233,0,23.0,0,SMB,0,Mid-Tenure,23.0,0,64479.6591749359,0.0,0.0,0,1,0.1685949,168556.17661422753,28417.711200159974,0
CUST_4230,23,Monthly,2626.759438853628,4,4.0,2,SMB,0,Mid-Tenure,4.0,4,60415.46709363344,0.1666666666666666,5.253518877707256,0,1,0.29202542,92160.14539458667,26913.104897879657,0
CUST_4231,64,Monthly,2731.711255467708,2,24.0,0,Enterprise,0,Loyal,24.0,2,174829.5203499333,0.0307692307692307,0.0,1,1,0.06772094,278459.6623880501,18857.550701398297,0
CUST_4232,67,Monthly,4141.315838789623,1,10.0,0,SMB,0,Loyal,10.0,1,277468.16119890474,0.0147058823529411,0.0,0,1,0.07580503,395022.2657880006,29944.675010188308,0
CUST_4233,40,Multi-Year,2033.043660365724,5,29.0,0,SMB,0,Loyal,29.0,5,81321.74641462896,0.1219512195121951,0.0,0,0,0.08028804,187250.68641012206,15033.99016193312,0
CUST_4234,10,Monthly,2251.222082086755,0,8.0,0,SMB,1,New,8.0,0,22512.22082086755,0.0,0.0,0,1,0.44249913,54852.20710594749,24272.053975854422,0
CUST_4235,52,Monthly,3901.430117018594,3,16.0,0,SMB,0,Loyal,16.0,3,202874.3660849669,0.0566037735849056,0.0,0,1,0.12565988,266521.65191624255,33491.079602707425,0
CUST_4236,61,Monthly,828.4268282619626,2,27.0,5,SMB,0,Loyal,27.0,2,50534.03652397972,0.032258064516129,4.142134141309812,0,1,0.26797622,31263.72603645794,8377.935264627999,0
CUST_4237,64,Annual,4393.261211644664,6,21.0,0,SMB,0,Loyal,21.0,6,281168.7175452585,0.0923076923076923,0.0,0,0,0.045618214,551350.3131647315,25151.61641677143,0
CUST_4238,5,Annual,2435.9121341058644,3,10.0,0,SMB,0,New,10.0,3,12179.56067052932,0.5,0.0,0,0,0.031190367,360029.71289451537,11229.459025693966,0
CUST_4239,53,Annual,3115.818389775418,1,20.0,0,SMB,0,Loyal,20.0,1,165138.37465809716,0.0185185185185185,0.0,0,0,0.0077887382,647008.7865183833,5039.382074474517,0
CUST_4240,55,Annual,3908.6427166692574,4,5.0,0,SMB,0,Loyal,5.0,4,214975.3494168092,0.0714285714285714,0.0,0,0,0.009130951,793217.6161929325,7242.831199391288,0
CUST_4241,37,Multi-Year,1697.233650977052,2,25.0,0,SMB,0,Loyal,25.0,2,62797.64508615093,0.0526315789473684,0.0,0,0,0.015058457,313053.9120864914,4714.10884881924,0
CUST_4242,56,Multi-Year,4506.413937442931,5,15.0,0,SMB,0,Loyal,15.0,5,252359.18049680413,0.087719298245614,0.0,0,0,0.08200638,409654.20372682,33594.25828383883,0
CUST_4243,59,Annual,4906.512375154748,1,18.0,0,SMB,0,Loyal,18.0,1,289484.2301341301,0.0166666666666666,0.0,0,0,0.0669663,503376.9974432591,33709.29637942349,0
CUST_4244,69,Monthly,2724.2346263275604,3,13.0,0,SMB,0,Loyal,13.0,3,187972.1892166017,0.0428571428571428,0.0,0,1,0.040937476,359486.7088590112,14716.478465949349,0
CUST_4245,59,Annual,4716.21814264703,0,2.0,0,SMB,0,Loyal,2.0,0,278256.8704161748,0.0,0.0,0,0,0.009776335,946772.9463158335,9255.969690571861,0
CUST_4246,2,Annual,505.0788013714224,3,9.0,2,SMB,0,New,9.0,3,1010.1576027428448,1.0,1.0101576027428447,0,0,0.012860012,96419.73360119078,1239.9589543571058,0
CUST_4247,65,Annual,4524.070233359877,2,20.0,0,SMB,0,Loyal,20.0,2,294064.56516839203,0.0303030303030303,0.0,0,0,0.0069240322,953706.8804034115,6603.497181372207,0
CUST_4248,60,Multi-Year,1899.703938880875,1,22.0,0,SMB,0,Loyal,22.0,1,113982.23633285252,0.0163934426229508,0.0,0,0,0.006234257,405383.61503738724,2527.265646352439,0
CUST_4249,51,Annual,1901.7294112742088,3,3.0,0,Enterprise,0,Loyal,3.0,3,96988.19997498464,0.0576923076923076,0.0,1,0,0.007438973,397304.3320470807,2955.536221930922,0
CUST_4250,30,Multi-Year,1526.3998914647273,4,21.0,0,SMB,0,Mid-Tenure,21.0,4,45791.99674394182,0.1290322580645161,0.0,0,0,0.02638813,239785.93470912593,6327.502230102096,0
CUST_4251,11,Monthly,1926.5625551790583,5,20.0,0,SMB,1,New,20.0,5,21192.188106969643,0.4166666666666667,0.0,0,1,0.7152398,30211.11762775673,21608.194420616277,1
CUST_4252,39,Monthly,1460.680626643858,2,1.0,0,Enterprise,0,Loyal,1.0,2,56966.54443911046,0.05,0.0,1,1,0.05199735,171849.25158438957,8935.705452657498,0
CUST_4253,63,Monthly,4576.410978394873,5,12.0,0,SMB,1,Loyal,12.0,5,288313.89163887704,0.078125,0.0,0,1,0.6838315,74835.8851877389,51175.13658923827,1
CUST_4254,64,Multi-Year,4545.606772460149,4,10.0,0,SMB,0,Loyal,10.0,4,290918.83343744953,0.0615384615384615,0.0,0,0,0.00742786,949840.0343147073,7055.278846100454,0
CUST_4255,61,Multi-Year,959.9509171428014,3,11.0,0,SMB,0,Loyal,11.0,3,58557.00594571088,0.0483870967741935,0.0,0,0,0.0046929033,210619.84040272093,988.4185344210429,0
CUST_4256,54,Annual,1142.8629298992162,3,0.0,0,Enterprise,0,Loyal,0.0,3,61714.59821455767,0.0545454545454545,0.0,1,0,0.00597774,244996.58806034876,1464.5259154927521,0
CUST_4257,58,Annual,4379.083875548,3,21.0,0,SMB,0,Loyal,21.0,3,253986.864781784,0.0508474576271186,0.0,0,0,0.007832843,908636.0339107579,7117.203287818253,0
CUST_4258,56,Annual,2295.2199689273566,3,20.0,2,SMB,0,Loyal,20.0,3,128532.31825993196,0.0526315789473684,4.590439937854713,0,0,0.008369097,471870.2419722229,3949.1276164098144,0
CUST_4259,34,Multi-Year,1261.7225480267523,2,8.0,0,SMB,0,Mid-Tenure,8.0,2,42898.56663290958,0.0571428571428571,0.0,0,0,0.021167165,212747.98405450006,4503.271611360425,0
CUST_4260,31,Multi-Year,2798.0123109645524,3,11.0,0,SMB,0,Mid-Tenure,11.0,3,86738.38163990113,0.09375,0.0,0,0,0.013526422,528538.3119015099,7149.232234947068,0
CUST_4261,52,Annual,2375.006224640428,2,6.0,0,SMB,0,Loyal,6.0,2,123500.32368130228,0.0377358490566037,0.0,0,0,0.0061956113,507158.3558898024,3142.1560510045697,0
CUST_4262,1,Annual,1486.2269918208435,3,16.0,0,SMB,0,New,16.0,3,1486.2269918208435,1.5,0.0,0,0,0.006509504,315605.7303935016,2054.436706134337,0
CUST_4263,55,Monthly,3743.384982249355,0,28.0,10,SMB,0,Loyal,28.0,0,205886.17402371453,0.0,37.43384982249355,0,1,0.30357778,127045.93082902409,38568.32173103554,0
CUST_4264,22,Annual,3340.801905497289,1,9.0,5,SMB,0,Mid-Tenure,9.0,1,73497.64192094037,0.0434782608695652,16.70400952748645,0,0,0.04896656,405082.5082375179,19835.497152281587,0
CUST_4265,40,Monthly,948.4772609994824,2,5.0,0,SMB,0,Loyal,5.0,2,37939.09043997929,0.048780487804878,0.0,0,1,0.0465877,117838.26327626941,5489.813441402232,0
CUST_4266,1,Monthly,4664.240214464041,4,26.0,0,SMB,0,New,26.0,4,4664.240214464041,2.0,0.0,0,1,0.4006281,124206.37405169178,49760.562390328545,0
CUST_4267,65,Multi-Year,3013.114845785311,1,6.0,10,SMB,0,Loyal,6.0,1,195852.4649760452,0.0151515151515151,30.131148457853108,0,0,0.104104094,234629.568322255,24425.89868443508,0
CUST_4268,63,Annual,1625.9201917859382,3,18.0,2,SMB,0,Loyal,18.0,3,102432.97208251413,0.046875,3.2518403835718765,0,0,0.01393123,305187.9855790381,4251.643932010426,0
CUST_4269,54,Multi-Year,1428.3131678256357,0,13.0,0,SMB,0,Loyal,13.0,0,77128.91106258433,0.0,0.0,0,0,0.008040209,295308.3435671226,2374.340890556963,0
CUST_4270,42,Monthly,1111.765916174907,3,24.0,0,SMB,0,Loyal,24.0,3,46694.168479346095,0.0697674418604651,0.0,0,1,0.09478196,92146.775788834,8733.851792728996,0
CUST_4271,21,Monthly,2410.868328756578,2,26.0,0,SMB,1,Mid-Tenure,26.0,2,50628.234903888144,0.0909090909090909,0.0,0,1,0.3325526,75624.68049906103,25149.185018609445,0
CUST_4272,22,Monthly,1109.9345589087654,3,29.0,2,SMB,0,Mid-Tenure,29.0,3,24418.56029599284,0.1304347826086956,2.219869117817531,0,1,0.22585633,48283.155001705345,10905.05638123986,0
CUST_4273,38,Monthly,2371.173856678518,3,29.0,2,SMB,0,Loyal,29.0,3,90104.60655378368,0.0769230769230769,4.742347713357036,0,1,0.08323019,213570.85304670644,17775.54267307078,0
CUST_4274,8,Monthly,1169.4669270535296,3,10.0,0,SMB,0,New,10.0,3,9355.735416428235,0.3333333333333333,0.0,0,1,0.33025965,36905.3162748051,12188.336870956446,0
CUST_4275,62,Monthly,3455.633846857502,4,1.0,0,SMB,0,Loyal,1.0,4,214249.29850516512,0.0634920634920634,0.0,0,1,0.0860515,304793.4377294631,26227.932913284025,0
CUST_4276,47,Monthly,4033.589097588612,0,0.0,10,Enterprise,1,Loyal,0.0,0,189578.68758666475,0.0,40.33589097588612,1,1,0.8717031,52514.81649603408,45777.32772023624,1
CUST_4277,17,Monthly,2972.852363852414,2,25.0,2,SMB,1,Mid-Tenure,25.0,2,50538.49018549104,0.1111111111111111,5.945704727704828,0,1,0.29625055,103030.09464746868,30522.7224056411,0
CUST_4278,17,Monthly,3560.255936847038,1,9.0,0,Enterprise,1,Mid-Tenure,9.0,1,60524.350926399646,0.0555555555555555,0.0,1,1,0.21615863,160517.31846998318,34697.20340514975,0
CUST_4279,13,Annual,4722.704316878274,3,11.0,0,SMB,0,Mid-Tenure,11.0,3,61395.15611941756,0.2142857142857142,0.0,0,0,0.034254663,672632.7895043563,23040.80932041859,0
CUST_4280,17,Monthly,3372.671883067735,2,8.0,0,SMB,0,Mid-Tenure,8.0,2,57335.422012151495,0.1111111111111111,0.0,0,1,0.25639802,132089.82464999548,33867.569789679634,0
CUST_4281,38,Annual,2138.711891827472,2,22.0,0,Enterprise,0,Loyal,22.0,2,81271.05188944393,0.0512820512820512,0.0,1,0,0.0051231217,465585.8095035454,2385.2527470850832,0
CUST_4282,45,Annual,2522.66071403712,4,25.0,0,SMB,0,Loyal,25.0,4,113519.7321316704,0.0869565217391304,0.0,0,0,0.0029393742,571822.563835763,1680.8004831675466,0
CUST_4283,6,Monthly,4372.363517324166,2,28.0,0,Enterprise,0,New,28.0,2,26234.181103945,0.2857142857142857,0.0,1,1,0.081072286,400300.9720331016,32453.314799224776,0
CUST_4284,35,Multi-Year,1088.2414352754338,1,10.0,10,SMB,1,Mid-Tenure,10.0,1,38088.450234640186,0.0277777777777777,10.882414352754338,0,0,0.40154734,28920.327169071887,11612.880520094444,0
CUST_4285,14,Annual,1965.816601026947,1,0.0,2,SMB,0,Mid-Tenure,0.0,1,27521.432414377257,0.0666666666666666,3.9316332020538938,0,0,0.06103482,212454.05770618995,12967.095377270216,0
CUST_4286,61,Annual,3097.7603103671786,2,19.0,0,SMB,0,Loyal,19.0,2,188963.3789323979,0.032258064516129,0.0,0,0,0.007825757,642847.138248323,5030.765734333501,0
CUST_4287,15,Monthly,3543.753062337955,2,9.0,5,SMB,0,Mid-Tenure,9.0,2,53156.29593506932,0.125,17.718765311689776,0,1,0.41256726,91932.6539602543,37928.4029541201,0
CUST_4288,54,Annual,3935.7458394426735,4,28.0,0,Enterprise,0,Loyal,28.0,4,212530.2753299044,0.0727272727272727,0.0,1,0,0.004091319,873133.6295860285,3572.268350059939,0
CUST_4289,27,Multi-Year,1931.930581982392,1,18.0,0,SMB,0,Mid-Tenure,18.0,1,52162.12571352458,0.0357142857142857,0.0,0,0,0.026513338,302995.117790067,8033.4119972811695,0
CUST_4290,13,Monthly,1156.3661030411763,1,26.0,5,SMB,0,Mid-Tenure,26.0,1,15032.759339535292,0.0714285714285714,5.781830515205882,0,1,0.23157443,49281.43983471775,11412.321391628364,0
CUST_4291,31,Monthly,4796.776443544519,4,22.0,0,Enterprise,0,Mid-Tenure,22.0,4,148700.0697498801,0.125,0.0,1,1,0.13088393,318222.3959768063,41650.19847207056,0
CUST_4292,35,Monthly,843.7649770941777,2,20.0,2,Enterprise,1,Mid-Tenure,20.0,2,29531.774198296214,0.0555555555555555,1.6875299541883553,1,1,0.1707739,45862.21539579414,7832.069092020479,0
CUST_4293,60,Annual,931.1241010409844,4,24.0,0,SMB,0,Loyal,24.0,4,55867.446062459065,0.0655737704918032,0.0,0,0,0.00495755,203311.2685813624,1007.9258212933681,0
CUST_4294,6,Monthly,2727.24143855886,5,10.0,0,SMB,0,New,10.0,5,16363.44863135316,0.7142857142857143,0.0,0,1,0.5260087,56816.66814326304,29886.063178235705,1
CUST_4295,69,Annual,4186.719626646192,5,2.0,0,SMB,0,Loyal,2.0,5,288883.6542385873,0.0714285714285714,0.0,0,0,0.032602847,608219.2005078418,19829.677306996695,0
CUST_4296,58,Monthly,3985.2684785989695,3,26.0,0,SMB,0,Loyal,26.0,3,231145.57175874023,0.0508474576271186,0.0,0,1,0.09619162,327126.9551764749,31466.872521992438,0
CUST_4297,49,Multi-Year,4719.646697873413,2,15.0,0,Enterprise,0,Loyal,15.0,2,231262.68819579727,0.04,0.0,1,0,0.011270398,924357.5945221948,10417.878237920955,0
CUST_4298,23,Monthly,1137.2115902584478,1,21.0,10,Enterprise,1,Mid-Tenure,21.0,1,26155.8665759443,0.0416666666666666,11.37211590258448,1,1,0.7652205,16739.690059971912,12809.554380550122,1
CUST_4299,34,Monthly,2190.7726567809623,1,9.0,0,SMB,1,Mid-Tenure,9.0,1,74486.27033055271,0.0285714285714285,0.0,0,1,0.397959,58686.78057382662,23354.932153079273,0
CUST_4300,26,Annual,1769.639579247695,2,1.0,0,SMB,0,Mid-Tenure,1.0,2,46010.62906044007,0.074074074074074,0.0,0,0,0.026050825,279230.0390498295,7274.172790438275,0
CUST_4301,47,Monthly,4373.915555996024,3,18.0,0,SMB,0,Loyal,18.0,3,205574.0311318131,0.0625,0.0,0,1,0.090734385,372950.6831034762,33839.450849559,0
CUST_4302,5,Monthly,2697.5957912654017,2,3.0,5,SMB,0,New,3.0,2,13487.978956327008,0.3333333333333333,13.487978956327009,0,1,0.20153432,128694.76579079697,25936.411589185263,0
CUST_4303,20,Monthly,620.8157048704986,8,15.0,0,SMB,1,Mid-Tenure,15.0,8,12416.314097409972,0.3809523809523809,0.0,0,1,0.4844351,13939.557020875232,6752.810856660925,0
CUST_4304,6,Annual,3685.839830772784,2,5.0,0,SMB,0,New,5.0,2,22115.038984636703,0.2857142857142857,0.0,0,0,0.032200646,538074.5761268171,17326.34876203575,0
CUST_4305,70,Multi-Year,2249.1414402197115,2,10.0,2,SMB,0,Loyal,10.0,2,157439.9008153798,0.028169014084507,4.498282880439423,0,0,0.0057013077,484543.33075443853,2762.53060953477,0
CUST_4306,59,Multi-Year,2890.1604351695555,5,16.0,10,SMB,0,Loyal,16.0,5,170519.46567500377,0.0833333333333333,28.901604351695557,0,0,0.19373916,142291.15058366206,27567.36811691224,0
CUST_4307,64,Monthly,4522.043421544991,2,14.0,2,SMB,0,Loyal,14.0,2,289410.77897887945,0.0307692307692307,9.044086843089982,0,1,0.14325435,280793.2685851803,40224.85846611003,0
CUST_4308,18,Monthly,1655.3199858476526,1,21.0,0,SMB,0,Mid-Tenure,21.0,1,29795.759745257747,0.0526315789473684,0.0,0,1,0.2933172,57858.56115735829,16970.911082576116,0
CUST_4309,4,Annual,1581.1910402547971,3,3.0,0,Enterprise,0,New,3.0,3,6324.764161019189,0.6,0.0,1,0,0.04494377,199847.6848740985,8981.908090454512,0
CUST_4310,17,Annual,1684.366268810402,2,23.0,2,SMB,0,Mid-Tenure,23.0,2,28634.226569776834,0.1111111111111111,3.368732537620804,0,0,0.071589,166235.38638888887,11900.625163150295,0
CUST_4311,14,Monthly,2021.485960668662,5,24.0,5,SMB,0,Mid-Tenure,24.0,5,28300.80344936127,0.3333333333333333,10.10742980334331,0,1,0.6364148,35339.89970912692,22490.836121283166,1
CUST_4312,13,Monthly,983.0928859074484,4,7.0,15,SMB,1,Mid-Tenure,7.0,4,12780.207516796829,0.2857142857142857,14.746393288611726,0,1,0.85132927,13088.57362837003,11142.685793442923,1
CUST_4313,7,Monthly,3637.488473638653,2,23.0,0,Enterprise,1,New,23.0,2,25462.41931547057,0.25,0.0,1,1,0.25594804,142670.82875862127,36516.318544963964,0
CUST_4314,44,Annual,1433.2942302311144,3,28.0,2,Enterprise,0,Loyal,28.0,3,63064.94613016903,0.0666666666666666,2.866588460462229,1,0,0.006420691,304844.38178641244,1957.3115882802115,0
CUST_4315,15,Monthly,4667.655862717636,7,28.0,0,SMB,0,Mid-Tenure,28.0,7,70014.83794076454,0.4375,0.0,0,1,0.32845923,147999.74131314614,48611.881522659925,0
CUST_4316,19,Multi-Year,1470.588412594418,1,17.0,0,SMB,0,Mid-Tenure,17.0,1,27941.17983929394,0.05,0.0,0,0,0.058711186,162329.7663827782,9530.57311577451,0
CUST_4317,63,Monthly,1650.389131889488,6,13.0,0,SMB,0,Loyal,13.0,6,103974.51530903774,0.09375,0.0,0,1,0.17828007,86756.01774800339,15466.86895382677,0
CUST_4318,35,Monthly,1836.5910296486736,3,25.0,10,SMB,0,Mid-Tenure,25.0,3,64280.68603770358,0.0833333333333333,18.36591029648673,0,1,0.2838222,66020.44740627483,18738.069198445275,0
CUST_4319,35,Monthly,3958.421436551372,0,1.0,0,SMB,1,Mid-Tenure,1.0,0,138544.75027929802,0.0,0.0,0,1,0.24058096,163469.27047331302,39327.594202127206,0
CUST_4320,19,Monthly,2424.229193489134,2,15.0,0,SMB,0,Mid-Tenure,15.0,2,46060.35467629355,0.1,0.0,0,1,0.317258,79210.66211761974,25130.216271723944,0
CUST_4321,20,Monthly,4187.005808137784,1,21.0,10,SMB,0,Mid-Tenure,21.0,1,83740.11616275567,0.0476190476190476,41.87005808137784,0,1,0.75086725,62737.07546600256,47107.215176469064,1
CUST_4322,35,Monthly,4031.841705601048,4,14.0,0,SMB,0,Mid-Tenure,14.0,4,141114.45969603668,0.1111111111111111,0.0,0,1,0.3597222,118085.13038149361,42477.84254045344,0
CUST_4323,32,Monthly,4682.7069024536,2,20.0,0,SMB,0,Mid-Tenure,20.0,2,149846.6208785152,0.0606060606060606,0.0,0,1,0.1793717,244984.37965668007,43943.26457671955,0
CUST_4324,48,Monthly,3904.718697968248,2,5.0,2,SMB,0,Loyal,5.0,2,187426.49750247583,0.0408163265306122,7.809437395936495,0,1,0.074835695,375346.35085905436,28089.305154737307,0
CUST_4325,44,Monthly,733.6002635107827,2,8.0,2,SMB,0,Loyal,8.0,2,32278.41159447444,0.0444444444444444,1.4672005270215656,0,1,0.050132968,87915.12911402427,4407.446313416927,0
CUST_4326,24,Multi-Year,4267.765731645763,3,11.0,0,SMB,0,Mid-Tenure,11.0,3,102426.3775594983,0.12,0.0,0,0,0.047323182,526217.7949492213,24902.30060053932,0
CUST_4327,61,Annual,4721.32668517435,1,9.0,10,Enterprise,0,Loyal,9.0,1,288000.92779563536,0.0161290322580645,47.2132668517435,1,0,0.1058303,363574.49380605476,38477.19661532589,0
CUST_4328,17,Annual,4971.601366473511,4,6.0,0,SMB,0,Mid-Tenure,6.0,4,84517.22323004968,0.2222222222222222,0.0,0,0,0.041714408,650489.0029129256,27134.763344123403,0
CUST_4329,71,Monthly,1063.7041735960931,4,4.0,5,SMB,1,Loyal,4.0,4,75522.99632532262,0.0555555555555555,5.318520867980466,0,1,0.52596337,22161.91266973945,11656.354185475559,1
CUST_4330,50,Monthly,3259.729711969406,2,25.0,2,SMB,0,Loyal,25.0,2,162986.4855984703,0.0392156862745098,6.519459423938812,0,1,0.1225326,226720.954942288,27780.707782996822,0
CUST_4331,65,Monthly,1397.5639964787174,2,22.0,0,SMB,0,Loyal,22.0,2,90841.65977111664,0.0303030303030303,0.0,0,1,0.1150684,101598.89878674838,11690.822564224722,0
CUST_4332,32,Annual,1681.2933841066954,3,7.0,2,SMB,0,Mid-Tenure,7.0,3,53801.38829141425,0.0909090909090909,3.362586768213391,0,0,0.043929562,214794.1587899483,9435.813309919407,0
CUST_4333,36,Monthly,3855.129522002861,4,26.0,0,SMB,1,Mid-Tenure,26.0,4,138784.662792103,0.1081081081081081,0.0,0,1,0.35949147,112973.17915424636,40612.89395957677,0
CUST_4334,13,Monthly,4899.504729645772,2,11.0,0,Enterprise,1,Mid-Tenure,11.0,2,63693.56148539504,0.1428571428571428,0.0,1,1,0.23115845,209113.60596682862,48338.37708061495,0
CUST_4335,70,Annual,3176.849756583604,3,0.0,5,Enterprise,0,Loyal,0.0,3,222379.48296085227,0.0422535211267605,15.88424878291802,1,0,0.022942124,522636.2437329257,11990.385476448484,0
CUST_4336,58,Monthly,4327.630114200113,2,9.0,0,Enterprise,0,Loyal,9.0,2,251002.54662360653,0.0338983050847457,0.0,1,1,0.09033037,370066.4353767169,33428.23794723963,0
CUST_4337,14,Monthly,539.9771172297256,4,10.0,0,SMB,1,Mid-Tenure,10.0,4,7559.679641216159,0.2666666666666666,0.0,0,1,0.3340978,16869.987698785983,5636.225820711485,0
CUST_4338,37,Monthly,664.8423793232867,2,26.0,0,SMB,0,Loyal,26.0,2,24599.168034961607,0.0526315789473684,0.0,0,1,0.101779334,52563.86422087924,5349.915105856694,0
CUST_4339,68,Annual,3185.2595179663854,6,22.0,0,SMB,0,Loyal,22.0,6,216597.6472217142,0.0869565217391304,0.0,0,0,0.04575237,399187.12072830717,18263.756394675773,0
CUST_4340,40,Annual,2250.423957201976,1,19.0,5,SMB,0,Loyal,19.0,1,90016.95828807904,0.024390243902439,11.25211978600988,0,0,0.009436588,454351.2291492139,4287.525267297416,0
CUST_4341,59,Monthly,4503.910167379192,4,4.0,5,SMB,0,Loyal,4.0,4,265730.69987537235,0.0666666666666666,22.51955083689596,0,1,0.08112917,412165.49889492407,33438.64522128074,0
CUST_4342,16,Monthly,1858.9186088858016,2,12.0,0,Enterprise,1,Mid-Tenure,12.0,2,29742.697742172822,0.1176470588235294,0.0,1,1,0.2763381,68355.55659037677,18889.24466224905,0
CUST_4343,62,Annual,2444.229623768213,2,17.0,0,SMB,0,Loyal,17.0,2,151542.2366736292,0.0317460317460317,0.0,0,0,0.0065123574,519014.8797412422,3380.010386404817,0
CUST_4344,4,Monthly,2875.591390242057,4,9.0,0,SMB,0,New,9.0,4,11502.365560968228,0.8,0.0,0,1,0.41299695,74529.8558899528,30780.602999941926,0
CUST_4345,45,Annual,1728.674747988114,3,20.0,0,SMB,0,Loyal,20.0,3,77790.36365946513,0.0652173913043478,0.0,0,0,0.004919571,377717.7555711903,1858.2092676532657,0
CUST_4346,28,Annual,4588.226903539824,2,24.0,0,SMB,0,Mid-Tenure,24.0,2,128470.35329911509,0.0689655172413793,0.0,0,0,0.037064258,632391.7946385557,23439.132639381496,0
CUST_4347,66,Monthly,2590.401130961437,4,16.0,0,SMB,0,Loyal,16.0,4,170966.47464345486,0.0597014925373134,0.0,0,1,0.038393375,351664.5164181544,13501.587488619041,0
CUST_4348,31,Monthly,2408.7002410355763,1,18.0,0,SMB,0,Mid-Tenure,18.0,1,74669.70747210286,0.03125,0.0,0,1,0.3716972,68543.02788196747,25477.250681231973,0
CUST_4349,3,Annual,4323.888720204497,3,3.0,0,SMB,0,New,3.0,3,12971.666160613491,0.75,0.0,0,0,0.015026338,797932.9968954095,11990.011230645023,0
CUST_4350,8,Monthly,1903.902807415543,5,8.0,10,SMB,0,New,8.0,5,15231.222459324345,0.5555555555555556,19.039028074155432,0,1,0.45457083,45279.73437380954,20582.846430519545,0
CUST_4351,24,Monthly,4178.594050299324,1,17.0,2,SMB,0,Mid-Tenure,17.0,1,100286.25720718378,0.04,8.357188100598648,0,1,0.32004473,135505.5847226701,43367.84775210594,0
CUST_4352,15,Annual,1050.2278372460726,0,15.0,2,SMB,1,Mid-Tenure,15.0,0,15753.417558691088,0.0,2.100455674492145,0,0,0.4214817,26730.059219010116,11266.23076735523,0
CUST_4353,43,Monthly,1322.5484001420484,4,6.0,0,SMB,0,Loyal,6.0,4,56869.58120610808,0.0909090909090909,0.0,0,1,0.049412422,159643.83311025912,7888.388432528079,0
CUST_4354,31,Monthly,4778.787497772806,4,24.0,5,Enterprise,0,Mid-Tenure,24.0,4,148142.412430957,0.125,23.89393748886403,1,1,0.15416159,280882.66530739586,43301.31754499945,0
CUST_4355,45,Monthly,4291.013708634686,2,11.0,10,SMB,1,Loyal,11.0,2,193095.61688856085,0.0434782608695652,42.91013708634687,0,1,0.815522,59492.61012011544,48517.53328840328,1
CUST_4356,66,Annual,2245.545056553828,4,25.0,10,Enterprise,1,Loyal,25.0,4,148205.97373255267,0.0597014925373134,22.45545056553828,1,0,0.50123537,48883.910148783565,24502.344588465137,1
CUST_4357,8,Monthly,3373.0540192266326,2,3.0,0,SMB,0,New,3.0,2,26984.43215381306,0.2222222222222222,0.0,0,1,0.19990942,161965.27887710903,32378.384769558284,0
CUST_4358,71,Multi-Year,4743.365852439301,1,20.0,0,Enterprise,0,Loyal,20.0,1,336778.9755231904,0.0138888888888888,0.0,1,0,0.0058643846,1018902.9906072487,5975.238990839939,0
CUST_4359,57,Annual,1453.3650628883793,2,27.0,0,SMB,0,Loyal,27.0,2,82841.80858463762,0.0344827586206896,0.0,0,0,0.006309496,309723.62151550944,1954.1998808019023,0
CUST_4360,30,Monthly,765.5471160035029,1,11.0,0,SMB,1,Mid-Tenure,11.0,1,22966.41348010509,0.032258064516129,0.0,0,1,0.5525876,15245.193857095464,8424.305517450388,1
CUST_4361,18,Monthly,2918.6062902738736,4,11.0,15,SMB,0,Mid-Tenure,11.0,4,52534.913224929725,0.2105263157894736,43.7790943541081,0,1,0.5418232,59178.60990367164,32064.344282638893,1
CUST_4362,69,Monthly,1141.6859539861698,6,25.0,0,Enterprise,0,Loyal,25.0,6,78776.33082504572,0.0857142857142857,0.0,1,1,0.16027637,65153.45378726329,10442.558952643296,0
CUST_4363,39,Annual,1342.9359172011882,6,3.0,0,Enterprise,1,Loyal,3.0,6,52374.50077084634,0.15,0.0,1,0,0.58575124,25348.32778097986,14847.814315189651,1
CUST_4364,60,Multi-Year,4511.926353792107,1,11.0,0,SMB,0,Loyal,11.0,1,270715.5812275264,0.0163934426229508,0.0,0,0,0.007907437,934994.1296339468,7393.407325620752,0
CUST_4365,43,Annual,533.315563902011,1,22.0,0,SMB,0,Loyal,22.0,1,22932.56924778648,0.0227272727272727,0.0,0,0,0.029667327,80331.38281197168,2383.2174167451435,0
CUST_4366,45,Monthly,4175.690119087409,0,7.0,5,SMB,0,Loyal,7.0,0,187906.0553589334,0.0,20.878450595437045,0,1,0.23350044,176748.51817485646,41270.856047057714,0
CUST_4367,23,Annual,2826.278493510234,2,23.0,0,SMB,0,Mid-Tenure,23.0,2,65004.40535073538,0.0833333333333333,0.0,0,0,0.01745509,502784.0245905253,8776.140317993257,0
CUST_4368,69,Monthly,3016.824744403852,3,29.0,0,SMB,0,Loyal,29.0,3,208160.9073638658,0.0428571428571428,0.0,0,1,0.13231595,198566.81657043967,26273.55669609947,0
CUST_4369,6,Annual,3522.955822053631,1,29.0,0,SMB,0,New,29.0,1,21137.734932321782,0.1428571428571428,0.0,0,0,0.015464141,645780.5833898894,9986.442018295174,0
CUST_4370,56,Annual,2441.5024653860464,1,2.0,0,SMB,0,Loyal,2.0,1,136724.1380616186,0.0175438596491228,0.0,0,0,0.008164651,503708.4957462862,4112.603952911079,0
CUST_4371,4,Monthly,1020.2534968658664,4,15.0,2,Enterprise,0,New,15.0,4,4081.0139874634656,0.8,2.0405069937317326,1,1,0.25068948,40716.56118537258,10207.213417742536,0
CUST_4372,23,Monthly,962.6910071217072,4,1.0,2,SMB,0,Mid-Tenure,1.0,4,22141.893163799265,0.1666666666666666,1.9253820142434144,0,1,0.19114959,47905.087100815144,9157.037873188016,0
CUST_4373,6,Annual,3894.629896327741,3,5.0,0,SMB,0,New,5.0,3,23367.779377966446,0.4285714285714285,0.0,0,0,0.028409772,596042.4973201037,16933.43122541011,0
CUST_4374,32,Annual,1494.658144702782,2,27.0,10,SMB,1,Mid-Tenure,27.0,2,47829.060630489024,0.0606060606060606,14.94658144702782,0,0,0.4272039,37585.395942102776,16056.62749127541,0
CUST_4375,18,Monthly,626.457576279399,2,16.0,0,SMB,0,Mid-Tenure,16.0,2,11276.236373029182,0.1052631578947368,0.0,0,1,0.36614245,18064.705170438345,6614.255441482804,0
CUST_4376,15,Monthly,4908.262500945235,4,11.0,0,SMB,0,Mid-Tenure,11.0,4,73623.93751417853,0.25,0.0,0,1,0.31220505,162612.7207662103,50768.51203453761,0
CUST_4377,40,Annual,4911.76183712312,3,8.0,5,SMB,1,Loyal,8.0,3,196470.4734849248,0.073170731707317,24.5588091856156,0,0,0.048553027,598065.2349192379,29037.8776259556,0
CUST_4378,6,Monthly,2201.636018047009,4,15.0,0,Enterprise,0,New,15.0,4,13209.816108282055,0.5714285714285714,0.0,1,1,0.14649364,134455.40600543204,19696.862317000843,0
CUST_4379,63,Monthly,614.8573005070094,1,6.0,0,SMB,0,Loyal,6.0,1,38736.0099319416,0.015625,0.0,0,1,0.08688273,53902.25058875548,4683.174835684502,0
CUST_4380,67,Monthly,3772.6909636673736,1,7.0,0,SMB,0,Loyal,7.0,1,252770.294565714,0.0147058823529411,0.0,0,1,0.06154687,405858.8996873798,24979.344765308826,0
CUST_4381,11,Monthly,4239.554272185511,3,6.0,2,SMB,0,New,6.0,3,46635.09699404062,0.25,8.479108544371021,0,1,0.47983137,96020.46251256729,46073.629857577434,0
CUST_4382,43,Annual,1062.561605521144,3,20.0,10,SMB,0,Loyal,20.0,3,45690.14903740919,0.0681818181818181,10.62561605521144,0,0,0.1276693,71766.69885760233,9162.40453725504,0
CUST_4383,17,Multi-Year,1109.5637670915632,2,4.0,0,SMB,0,Mid-Tenure,4.0,2,18862.584040556576,0.1111111111111111,0.0,0,0,0.024103701,179677.47278882223,4330.892101138245,0
CUST_4384,4,Annual,4200.007998635558,2,22.0,0,SMB,0,New,22.0,2,16800.03199454223,0.4,0.0,0,0,0.024275951,678551.9702185543,16472.494439335296,0
CUST_4385,63,Monthly,4648.583249218556,8,6.0,0,SMB,0,Loyal,6.0,8,292860.7447007691,0.125,0.0,0,1,0.33502164,144882.7566253158,48538.85943221983,0
CUST_4386,68,Annual,4058.396765033673,5,17.0,2,SMB,0,Loyal,17.0,5,275970.9800222898,0.072463768115942,8.116793530067346,0,0,0.07872392,378334.9777614832,29784.01341985602,0
CUST_4387,41,Monthly,1403.352271262883,4,17.0,0,Enterprise,0,Loyal,17.0,4,57537.44312177821,0.0952380952380952,0.0,1,1,0.05632898,158378.5285274228,8921.300710782258,0
CUST_4388,5,Monthly,2351.845487453994,0,15.0,5,SMB,0,New,15.0,0,11759.227437269969,0.0,11.759227437269969,0,1,0.32570165,75118.50069515037,24466.219919208095,0
CUST_4389,32,Multi-Year,3203.7909163966133,3,6.0,5,SMB,0,Mid-Tenure,6.0,3,102521.30932469164,0.0909090909090909,16.018954581983067,0,0,0.053513248,371406.47831294785,19875.166804392575,0
CUST_4390,70,Monthly,1221.3206321937291,2,20.0,0,SMB,0,Loyal,20.0,2,85492.44425356104,0.028169014084507,0.0,0,1,0.073194295,118965.31345783506,8707.58226797726,0
CUST_4391,35,Multi-Year,1447.7112168462872,1,1.0,0,SMB,0,Mid-Tenure,1.0,1,50669.89258962005,0.0277777777777777,0.0,0,0,0.03163218,212814.77691868434,6731.795597661866,0
CUST_4392,22,Monthly,1772.9873243084974,2,16.0,0,SMB,0,Mid-Tenure,16.0,2,39005.72113478695,0.0869565217391304,0.0,0,1,0.23589829,74417.53951900674,17554.97002862543,0
CUST_4393,65,Annual,2792.809716308764,6,24.0,0,SMB,0,Loyal,24.0,6,181532.63156006965,0.0909090909090909,0.0,0,0,0.03454134,396418.11094469315,13692.812229888545,0
CUST_4394,22,Monthly,2798.621992298964,2,26.0,0,SMB,0,Mid-Tenure,26.0,2,61569.68383057721,0.0869565217391304,0.0,0,1,0.19472171,137231.2403914123,26721.902296997923,0
CUST_4395,11,Monthly,4164.325337063987,1,7.0,0,SMB,1,New,7.0,1,45807.578707703855,0.0833333333333333,0.0,0,1,0.30707973,139946.06201276887,42974.59927584234,0
CUST_4396,3,Monthly,3888.5459030943152,0,1.0,0,SMB,0,New,1.0,0,11665.637709282946,0.0,0.0,0,1,0.17492351,207459.64522924574,36289.56919394742,0
CUST_4397,9,Multi-Year,4611.810537994739,2,17.0,0,Enterprise,0,New,17.0,2,41506.29484195265,0.2,0.0,1,0,0.021591477,773021.1087276598,16690.667563880237,0
CUST_4398,60,Annual,4248.057752710683,2,18.0,2,SMB,0,Loyal,18.0,2,254883.46516264105,0.0327868852459016,8.496115505421367,0,0,0.008292489,874498.4726296627,7251.768749492928,0
CUST_4399,14,Multi-Year,1642.448967375446,1,19.0,2,SMB,0,Mid-Tenure,19.0,1,22994.285543256243,0.0666666666666666,3.284897934750892,0,0,0.072691314,160642.07204467882,11677.283288145387,0
CUST_4400,18,Annual,1990.835461868,3,8.0,15,SMB,0,Mid-Tenure,8.0,3,35835.03831362399,0.1578947368421052,29.862531928019997,0,0,0.115872405,144026.51743645192,16688.699026744696,0
CUST_4401,23,Multi-Year,2751.904596346402,2,11.0,0,Enterprise,0,Mid-Tenure,11.0,2,63293.80571596724,0.0833333333333333,0.0,1,0,0.016802197,494337.866602237,8305.962378510594,0
CUST_4402,47,Monthly,564.2201055364006,3,21.0,0,Enterprise,0,Loyal,21.0,3,26518.34496021083,0.0625,0.0,1,1,0.041096546,74323.7943656912,3054.451215898995,0
CUST_4403,69,Monthly,4567.559028276746,0,18.0,0,Enterprise,0,Loyal,18.0,0,315161.57295109547,0.0,0.0,1,1,0.020813122,774019.1195481231,16109.754668671536,0
CUST_4404,47,Annual,699.5489565305265,1,29.0,0,SMB,0,Loyal,29.0,1,32878.80095693475,0.0208333333333333,0.0,0,0,0.007319757,146451.90378852017,1071.9923162191028,0
CUST_4405,30,Annual,1950.985718674864,0,7.0,0,SMB,0,Mid-Tenure,7.0,0,58529.57156024591,0.0,0.0,0,0,0.04672528,242044.5554769751,11309.599768226131,0
CUST_4406,25,Annual,3061.28656038383,4,21.0,0,SMB,0,Mid-Tenure,21.0,4,76532.16400959576,0.1538461538461538,0.0,0,0,0.049295787,369959.6895759727,18237.45397016588,0
CUST_4407,28,Monthly,2830.286248730896,2,7.0,0,Enterprise,0,Mid-Tenure,7.0,2,79248.0149644651,0.0689655172413793,0.0,1,1,0.19365788,139389.85305390687,26993.942747489546,0
CUST_4408,25,Monthly,3445.069517716436,3,9.0,0,Enterprise,0,Mid-Tenure,9.0,3,86126.7379429109,0.1153846153846153,0.0,1,1,0.22414868,150797.13422457737,33800.97795077885,0
CUST_4409,58,Multi-Year,2873.840788823941,2,27.0,0,SMB,0,Loyal,27.0,2,166682.76575178857,0.0338983050847457,0.0,0,0,0.00727092,602157.0528642025,4378.2358132327345,0
CUST_4410,41,Annual,1530.5064156636547,5,17.0,0,SMB,0,Loyal,17.0,5,62750.763042209845,0.119047619047619,0.0,0,0,0.03320641,220729.09821951948,7329.621090251922,0
CUST_4411,25,Monthly,1404.8518450724234,5,14.0,0,SMB,1,Mid-Tenure,14.0,5,35121.29612681059,0.1923076923076923,0.0,0,1,0.69304574,22688.000304931025,15723.821855160493,1
CUST_4412,48,Annual,4582.611810839744,3,23.0,5,SMB,0,Loyal,23.0,3,219965.3669203077,0.0612244897959183,22.91305905419872,0,0,0.011876343,888729.6859953934,10554.858423540083,0
CUST_4413,10,Multi-Year,1687.8503153101665,4,10.0,0,Enterprise,0,New,10.0,4,16878.503153101665,0.3636363636363636,0.0,1,0,0.06460709,176727.31044063164,11417.837471657773,0
CUST_4414,11,Monthly,1764.3975524578104,5,20.0,0,SMB,0,New,20.0,5,19408.373077035914,0.4166666666666667,0.0,0,1,0.5585159,34794.111368876904,19433.06464627175,1
CUST_4415,21,Multi-Year,2358.288032451551,5,25.0,0,SMB,0,Mid-Tenure,25.0,5,49524.04868148257,0.2272727272727272,0.0,0,0,0.5550664,46770.82633781545,25960.91451497614,1
CUST_4416,45,Multi-Year,1127.4724721748828,1,13.0,0,SMB,0,Loyal,13.0,1,50736.26124786973,0.0217391304347826,0.0,0,0,0.009029568,229201.57012060197,2069.591202760616,0
CUST_4417,7,Multi-Year,2782.727799904582,4,14.0,5,SMB,0,New,14.0,4,19479.09459933207,0.5,13.91363899952291,0,0,0.05047993,332332.3711153648,16776.114795479833,0
CUST_4418,64,Multi-Year,3492.642927659592,2,13.0,0,SMB,0,Loyal,13.0,2,223529.14737021388,0.0307692307692307,0.0,0,0,0.008422506,717389.8914150427,6042.220694787247,0
CUST_4419,64,Annual,4037.002214348151,2,11.0,2,Enterprise,0,Loyal,11.0,2,258368.14171828167,0.0307692307692307,8.074004428696302,1,0,0.010290865,803505.2422947822,8268.763858780645,0
CUST_4420,2,Monthly,3701.544088389031,0,3.0,0,Enterprise,0,New,3.0,0,7403.088176778062,0.0,0.0,1,1,0.25410166,146064.7296707308,37115.29083590456,0
CUST_4421,42,Monthly,1164.3618383611863,4,2.0,0,SMB,0,Loyal,2.0,4,48903.19721116983,0.0930232558139534,0.0,0,1,0.07682421,110170.93269080037,8463.794933291769,0
CUST_4422,54,Monthly,2552.3021523691577,1,11.0,5,SMB,0,Loyal,11.0,1,137824.31622793453,0.0181818181818181,12.761510761845788,0,1,0.058304396,282792.08308029984,16488.02146371838,0
CUST_4423,16,Monthly,673.6379036368029,3,24.0,2,SMB,0,Mid-Tenure,24.0,3,10778.206458188846,0.1764705882352941,1.3472758072736055,0,1,0.18773979,34002.1119832538,6383.549345813134,0
CUST_4424,18,Monthly,580.0909852442718,0,25.0,0,SMB,1,Mid-Tenure,25.0,0,10441.637734396892,0.0,0.0,0,1,0.6825258,9502.861988756766,6485.94861021048,1
CUST_4425,59,Monthly,2480.5868822321027,3,6.0,2,Enterprise,0,Loyal,6.0,3,146354.62605169407,0.05,4.961173764464205,1,1,0.032523166,360711.34471476503,11731.475082296089,0
CUST_4426,16,Monthly,1638.3222250593303,3,6.0,0,SMB,0,Mid-Tenure,6.0,3,26213.155600949285,0.1764705882352941,0.0,0,1,0.3064112,55160.628151814475,16901.834635555315,0
CUST_4427,6,Monthly,3575.1235769301325,2,21.0,0,SMB,0,New,21.0,2,21450.741461580797,0.2857142857142857,0.0,0,1,0.38699222,98174.47581722809,37992.75796196923,0
CUST_4428,57,Multi-Year,3759.083540660357,2,24.0,0,Enterprise,0,Loyal,24.0,2,214267.76181764036,0.0344827586206896,0.0,1,0,0.00855649,770350.1825381493,6591.493504505724,0
CUST_4429,47,Monthly,4529.316760512151,2,18.0,10,SMB,0,Loyal,18.0,2,212877.88774407108,0.0416666666666666,45.2931676051215,0,1,0.35042903,135733.91455293418,47565.10378042475,0
CUST_4430,48,Annual,3923.071310925674,4,13.0,0,SMB,0,Loyal,13.0,4,188307.42292443235,0.0816326530612244,0.0,0,0,0.0067959544,828876.9151996775,5633.009739538677,0
CUST_4431,42,Annual,717.0985541144377,5,0.0,2,SMB,0,Loyal,0.0,5,30118.13927280638,0.1162790697674418,1.4341971082288754,0,0,0.05719103,80278.94641526858,4591.235567859727,0
CUST_4432,60,Monthly,2172.3035466099545,3,6.0,0,Enterprise,0,Loyal,6.0,3,130338.21279659728,0.0491803278688524,0.0,1,1,0.07666553,205799.02066895613,15777.690605878335,0
CUST_4433,4,Multi-Year,1728.6050828845496,3,24.0,0,Enterprise,0,New,24.0,3,6914.420331538198,0.6,0.0,1,0,0.08842624,149850.63783007197,13250.728433226446,0
CUST_4434,2,Annual,2237.5960242222254,4,21.0,5,Enterprise,0,New,21.0,4,4475.192048444451,1.3333333333333333,11.187980121111126,1,0,0.028453203,342256.917492183,9738.305523553094,0
CUST_4435,59,Monthly,1220.340465359157,1,9.0,0,Enterprise,0,Loyal,9.0,1,72000.08745619026,0.0166666666666666,0.0,1,1,0.2597078,47283.55120210952,12279.907460540553,0
CUST_4436,27,Monthly,939.6684666076706,2,17.0,0,SMB,0,Mid-Tenure,17.0,2,25371.048598407106,0.0714285714285714,0.0,0,1,0.16582534,52246.05184346064,8663.719162824382,0
CUST_4437,27,Monthly,2844.4304412878028,3,12.0,0,SMB,0,Mid-Tenure,12.0,3,76799.62191477067,0.1071428571428571,0.0,0,1,0.24527793,115596.73987380139,28353.328646268696,0
CUST_4438,7,Monthly,3741.7158988987744,1,7.0,2,SMB,0,New,7.0,1,26192.01129229142,0.125,7.483431797797548,0,1,0.17285347,201480.33332279272,34826.57472110384,0
CUST_4439,63,Monthly,3658.599058693743,3,8.0,0,Enterprise,0,Loyal,8.0,3,230491.7406977058,0.046875,0.0,1,1,0.058988094,402825.55791803345,23761.91200893696,0
CUST_4440,46,Annual,2529.249449793022,2,25.0,0,SMB,0,Loyal,25.0,2,116345.474690479,0.0425531914893617,0.0,0,0,0.0035326486,566962.2942251441,2002.878527851627,0
CUST_4441,63,Multi-Year,2850.255438300257,1,14.0,0,Enterprise,0,Loyal,14.0,1,179566.0926129162,0.015625,0.0,1,0,0.0075950976,593853.7709136466,4510.377377604066,0
CUST_4442,12,Annual,2823.479251288886,4,7.0,5,SMB,0,New,7.0,4,33881.75101546664,0.3076923076923077,14.11739625644443,0,0,0.03128873,416807.47056384746,13041.3771767285,0
CUST_4443,13,Monthly,3612.0666999562527,9,24.0,0,Enterprise,1,Mid-Tenure,24.0,9,46956.867099431285,0.6428571428571429,0.0,1,1,0.5153165,76673.51038115166,39511.12396639798,1
CUST_4444,43,Monthly,715.6632918021083,3,0.0,2,SMB,0,Loyal,0.0,3,30773.521547490654,0.0681818181818181,1.4313265836042166,0,1,0.044776242,90612.99786081407,4057.3095410726532,0
CUST_4445,17,Monthly,3694.532489920508,1,2.0,2,SMB,1,Mid-Tenure,2.0,1,62807.05232864864,0.0555555555555555,7.389064979841016,0,1,0.20712245,172425.1953391825,35713.128056618465,0
CUST_4446,63,Monthly,3119.904053407793,3,18.0,0,SMB,0,Loyal,18.0,3,196553.95536469095,0.046875,0.0,0,1,0.16453482,174511.75894614335,28713.261213671918,0
CUST_4447,36,Monthly,1391.4892160220838,3,29.0,0,SMB,1,Mid-Tenure,29.0,3,50093.61177679502,0.081081081081081,0.0,0,1,0.3643102,40302.82119773723,14682.729051931075,0
CUST_4448,8,Multi-Year,720.7648418581903,4,8.0,0,SMB,0,New,8.0,4,5766.118734865522,0.4444444444444444,0.0,0,0,0.079298235,66893.2392729095,5304.515839616725,0
CUST_4449,69,Monthly,988.375057510498,2,18.0,0,SMB,0,Loyal,18.0,2,68197.87896822437,0.0285714285714285,0.0,0,1,0.06561061,102590.06709489871,6730.996876767704,0
CUST_4450,36,Multi-Year,2861.1110363867133,5,14.0,0,SMB,0,Mid-Tenure,14.0,5,102999.99730992167,0.1351351351351351,0.0,0,0,0.084339604,255571.195922933,21554.773402155424,0
CUST_4451,28,Monthly,3912.838385410773,5,13.0,2,SMB,1,Mid-Tenure,13.0,5,109559.47479150163,0.1724137931034483,7.825676770821546,0,1,0.689311,63510.56337532955,43778.53169905789,1
CUST_4452,47,Multi-Year,2005.9577920602555,4,25.0,0,SMB,0,Loyal,25.0,4,94280.016226832,0.0833333333333333,0.0,0,0,0.0063475384,427196.90071005584,2711.6487477209594,0
CUST_4453,30,Annual,2206.0575981734974,1,0.0,0,SMB,0,Mid-Tenure,0.0,1,66181.72794520493,0.032258064516129,0.0,0,0,0.028663764,336529.66791359306,9646.206904832821,0
CUST_4454,23,Annual,4703.658867707506,2,2.0,0,Enterprise,0,Mid-Tenure,2.0,2,108184.15395727265,0.0833333333333333,0.0,1,0,0.0322745,686043.7775457234,22141.719579773693,0
CUST_4455,16,Monthly,1458.5588781465922,1,1.0,0,Enterprise,0,Mid-Tenure,1.0,1,23336.942050345475,0.0588235294117647,0.0,1,1,0.15723148,84459.69115953812,13279.722231491694,0
CUST_4456,14,Multi-Year,966.8724105890824,1,24.0,0,SMB,0,Mid-Tenure,24.0,1,13536.213748247152,0.0666666666666666,0.0,0,0,0.094245404,80435.62459972435,7580.6879367996125,0
CUST_4457,71,Multi-Year,2045.345512100081,9,29.0,2,Enterprise,0,Loyal,29.0,9,145219.53135910575,0.125,4.0906910242001615,1,0,0.09436998,170008.66136255453,16043.71358373854,0
CUST_4458,52,Annual,3856.649537715232,0,0.0,0,Enterprise,0,Loyal,0.0,0,200545.7759611921,0.0,0.0,1,0,0.0100960415,770097.2338464446,7774.933620911283,0
CUST_4459,37,Annual,3317.347809752593,3,26.0,0,Enterprise,0,Loyal,26.0,3,122741.86896084594,0.0789473684210526,0.0,1,0,0.013209396,629782.5004024402,8319.046468092598,0
CUST_4460,29,Annual,2371.0794771630617,2,17.0,2,Enterprise,0,Mid-Tenure,17.0,2,68761.30483772879,0.0666666666666666,4.742158954326124,1,0,0.031656742,348445.872736068,11030.661127602967,0
CUST_4461,67,Monthly,4841.3863977432375,1,0.0,0,SMB,0,Loyal,0.0,1,324372.8886487969,0.0147058823529411,0.0,0,1,0.025487836,769615.8604006453,19615.843179478088,0
CUST_4462,15,Annual,3807.48397232558,3,8.0,2,SMB,0,Mid-Tenure,8.0,3,57112.2595848837,0.1875,7.61496794465116,0,0,0.07846875,355649.1908698416,27907.346534539105,0
CUST_4463,47,Multi-Year,778.376409724822,2,6.0,0,SMB,0,Loyal,6.0,2,36583.69125706663,0.0416666666666666,0.0,0,0,0.0028131932,176859.53237910997,497.5400424367887,0
CUST_4464,46,Monthly,3850.8414973432177,2,29.0,2,SMB,0,Loyal,29.0,2,177138.708877788,0.0425531914893617,7.701682994686435,0,1,0.042352352,500367.30466308113,21191.732362161863,0
CUST_4465,52,Monthly,608.1735015763626,2,12.0,0,SMB,0,Loyal,12.0,2,31625.022081970856,0.0377358490566037,0.0,0,1,0.094888456,50370.346864573025,4779.564450514703,0
CUST_4466,19,Monthly,3426.4549540283247,3,16.0,0,SMB,0,Mid-Tenure,16.0,3,65102.644126538165,0.15,0.0,0,1,0.29110622,120541.50616769049,35090.382702988645,0
CUST_4467,21,Annual,1447.1727633169644,1,12.0,0,SMB,0,Mid-Tenure,12.0,1,30390.62802965625,0.0454545454545454,0.0,0,0,0.045258872,182303.98850806084,8250.872919438194,0
CUST_4468,64,Monthly,3633.9899406690097,1,12.0,0,SMB,1,Loyal,12.0,1,232575.35620281665,0.0153846153846153,0.0,0,1,0.17440969,194322.62639485323,33891.74854741201,0
CUST_4469,37,Monthly,1894.008049915083,4,9.0,2,SMB,0,Loyal,9.0,4,70078.29784685807,0.1052631578947368,3.7880160998301657,0,1,0.07450133,182553.03872595337,13600.443846607652,0
CUST_4470,27,Monthly,4428.528385800042,5,27.0,0,SMB,1,Mid-Tenure,27.0,5,119570.26641660114,0.1785714285714285,0.0,0,1,0.74057305,67220.02466811526,49781.3385948696,1
CUST_4471,55,Annual,2016.112264661572,4,5.0,0,Enterprise,0,Loyal,5.0,4,110886.17455638644,0.0714285714285714,0.0,1,0,0.0060724784,431465.6094144133,2620.065580083946,0
CUST_4472,29,Monthly,3288.631349319336,2,4.0,0,SMB,0,Mid-Tenure,4.0,2,95370.30913026076,0.0666666666666666,0.0,0,1,0.2785141,120127.49619396197,33457.199950102586,0
CUST_4473,20,Annual,1786.6740184429473,2,9.0,0,Enterprise,0,Mid-Tenure,9.0,2,35733.480368858945,0.0952380952380952,0.0,1,0,0.0300505,267832.0396597856,8048.486537651716,0
CUST_4474,25,Monthly,4627.496953139802,2,13.0,0,SMB,0,Mid-Tenure,13.0,2,115687.42382849506,0.0769230769230769,0.0,0,1,0.34026366,142288.32136079547,48415.54567342888,0
CUST_4475,70,Annual,4014.481914626776,1,10.0,0,SMB,0,Loyal,10.0,1,281013.73402387433,0.0140845070422535,0.0,0,0,0.0039341236,893196.7364641223,3513.946318686054,0
CUST_4476,63,Multi-Year,1594.862943550714,2,4.0,0,SMB,0,Loyal,4.0,2,100476.36544369496,0.03125,0.0,0,0,0.006803322,336923.1622581479,2292.1968017817812,0
CUST_4477,36,Monthly,4769.585206513968,2,3.0,0,SMB,1,Mid-Tenure,3.0,2,171705.06743450285,0.054054054054054,0.0,0,1,0.32001522,154682.8812892813,49500.87656973991,0
CUST_4478,2,Monthly,2107.209153093027,2,2.0,5,SMB,1,New,2.0,2,4214.418306186054,0.6666666666666666,10.536045765465134,0,1,0.5269509,43827.836128387695,23095.117508228417,1
CUST_4479,22,Multi-Year,3433.392264502344,1,13.0,0,Enterprise,0,Mid-Tenure,13.0,1,75534.62981905157,0.0434782608695652,0.0,1,0,0.027196467,533712.362844777,14515.090622376065,0
CUST_4480,16,Monthly,3842.839540014784,0,12.0,0,SMB,0,Mid-Tenure,12.0,0,61485.43264023654,0.0,0.0,0,1,0.29019132,135553.34838217084,39336.40544514703,0
CUST_4481,18,Monthly,603.0597265921053,2,23.0,0,Enterprise,0,Mid-Tenure,23.0,2,10855.075078657896,0.1052631578947368,0.0,1,1,0.20616016,28250.74922314959,5824.17892117261,0
CUST_4482,69,Multi-Year,4815.353057707608,3,22.0,5,SMB,0,Loyal,22.0,3,332259.360981825,0.0428571428571428,24.07676528853804,0,0,0.025877189,761549.5113817446,19706.760556005458,0
CUST_4483,54,Multi-Year,2049.985877393142,1,4.0,0,SMB,0,Loyal,4.0,1,110699.23737922966,0.0181818181818181,0.0,0,0,0.0056049395,442403.67098072264,2479.6458260240984,0
CUST_4484,30,Annual,1354.005020440509,1,11.0,0,SMB,0,Mid-Tenure,11.0,1,40620.15061321527,0.032258064516129,0.0,0,0,0.036666594,187477.7647733028,6874.171168530051,0
CUST_4485,45,Monthly,4328.185062778241,1,24.0,0,SMB,0,Loyal,24.0,1,194768.32782502085,0.0217391304347826,0.0,0,1,0.13064592,287513.95436337136,37562.523892028694,0
CUST_4486,19,Monthly,3663.0467727053647,2,27.0,0,SMB,0,Mid-Tenure,27.0,2,69597.88868140194,0.1,0.0,0,1,0.22570923,159430.85916455975,35985.016413672434,0
CUST_4487,34,Monthly,890.3447268050866,5,22.0,0,SMB,1,Mid-Tenure,22.0,5,30271.720711372946,0.1428571428571428,0.0,0,1,0.5089986,19112.994224288806,9728.48678260195,1
CUST_4488,13,Annual,1026.7006161954628,1,9.0,2,Enterprise,0,Mid-Tenure,9.0,1,13347.108010541016,0.0714285714285714,2.0534012323909256,1,0,0.11456564,74866.22095572698,8577.09656967793,0
CUST_4489,43,Annual,3718.36341794142,3,1.0,0,SMB,0,Loyal,1.0,3,159889.62697148105,0.0681818181818181,0.0,0,0,0.0077363257,772829.9339364689,5978.864102547402,0
CUST_4490,62,Multi-Year,836.5246518158779,0,6.0,0,Enterprise,0,Loyal,6.0,0,51864.52841258443,0.0,0.0,1,0,0.010756619,165221.43296549277,1777.2240504163349,0
CUST_4491,22,Monthly,4627.289458058292,3,6.0,2,SMB,1,Mid-Tenure,6.0,3,101800.36807728244,0.1304347826086956,9.254578916116586,0,1,0.44188488,112887.1305859748,49883.11562168131,0
CUST_4492,52,Annual,3836.930616264349,1,3.0,0,SMB,0,Loyal,3.0,1,199520.39204574612,0.0188679245283018,0.0,0,0,0.011007848,754708.902078834,8307.7210260511,0
CUST_4493,52,Monthly,2009.7149268514493,2,11.0,0,SMB,0,Loyal,11.0,2,104505.17619627537,0.0377358490566037,0.0,0,1,0.058667015,221930.9962068155,13020.029146525138,0
CUST_4494,36,Monthly,2133.2245065140223,1,27.0,0,SMB,0,Mid-Tenure,27.0,1,76796.0822345048,0.027027027027027,0.0,0,1,0.3145208,70225.60252927552,22087.413114550076,0
CUST_4495,19,Annual,2779.232432918456,3,23.0,10,SMB,1,Mid-Tenure,23.0,3,52805.41622545067,0.15,27.79232432918456,0,0,0.14797889,168456.29455161205,24927.974969479754,0
CUST_4496,38,Monthly,2124.3623614184307,2,3.0,0,SMB,0,Loyal,3.0,2,80725.76973390036,0.0512820512820512,0.0,0,1,0.066921845,218028.96601306414,14590.900686144914,0
CUST_4497,70,Annual,4025.608481472421,2,6.0,0,SMB,0,Loyal,6.0,2,281792.59370306943,0.028169014084507,0.0,0,0,0.004062909,893538.6837284553,3630.366509421714,0
CUST_4498,57,Annual,4886.31624845727,1,19.0,0,SMB,0,Loyal,19.0,1,278520.0261620644,0.0172413793103448,0.0,0,0,0.06371457,515640.09790059587,32853.787781366584,0
CUST_4499,20,Multi-Year,3130.346819471869,2,12.0,0,SMB,0,Mid-Tenure,12.0,2,62606.93638943738,0.0952380952380952,0.0,0,0,0.023561241,510651.5324872622,12031.583877671674,0
CUST_4500,9,Annual,2507.16797450388,2,7.0,0,SMB,0,New,7.0,2,22564.51177053492,0.2,0.0,0,0,0.02521723,399988.3384541638,10086.597728287496,0
CUST_4501,32,Multi-Year,1502.4836312069774,2,13.0,2,Enterprise,0,Mid-Tenure,13.0,2,48079.47619862328,0.0606060606060606,3.0049672624139547,1,0,0.045358405,189074.09608265132,8576.099333835878,0
CUST_4502,4,Annual,3440.450386615101,2,29.0,0,SMB,0,New,29.0,2,13761.801546460403,0.4,0.0,0,0,0.03697368,474688.47665407154,17550.980453007156,0
CUST_4503,50,Monthly,3585.095878169287,2,2.0,2,SMB,0,Loyal,2.0,2,179254.79390846434,0.0392156862745098,7.170191756338574,0,1,0.12495418,245899.53514769804,30726.174513484268,0
CUST_4504,5,Monthly,3583.3577315646367,2,1.0,0,SMB,0,New,1.0,2,17916.788657823185,0.3333333333333333,0.0,0,1,0.29204664,125714.70294190868,36714.55613304416,0
CUST_4505,20,Annual,621.4326614082155,2,9.0,5,Enterprise,0,Mid-Tenure,9.0,2,12428.65322816431,0.0952380952380952,3.107163307041078,1,0,0.06565212,64479.51247167977,4233.216505478518,0
CUST_4506,37,Annual,4546.049452972119,1,5.0,10,SMB,0,Loyal,5.0,1,168203.82975996842,0.0263157894736842,45.46049452972119,0,0,0.21689226,204399.31300366795,44332.628394639454,0
CUST_4507,22,Annual,2021.479535431295,2,22.0,0,SMB,0,Mid-Tenure,22.0,2,44472.549779488494,0.0869565217391304,0.0,0,0,0.021913815,337317.0242201996,7391.90296284479,0
CUST_4508,58,Monthly,3848.745931167241,0,6.0,0,SMB,1,Loyal,6.0,0,223227.2640077,0.0,0.0,0,1,0.21691877,173029.98105821444,37533.45005841806,0
CUST_4509,68,Monthly,3919.1310819514392,3,15.0,2,Enterprise,0,Loyal,15.0,3,266500.91357269784,0.0434782608695652,7.838262163902878,1,1,0.033968948,560082.8841643814,19025.42627143259,0
CUST_4510,44,Monthly,3427.497404655078,4,5.0,0,SMB,0,Loyal,5.0,4,150809.88580482345,0.0888888888888888,0.0,0,1,0.07452009,330307.8868479768,24614.573036870777,0
CUST_4511,34,Annual,2276.8993541493146,1,15.0,0,SMB,0,Mid-Tenure,15.0,1,77414.57804107669,0.0285714285714285,0.0,0,0,0.020385925,388185.4513761466,7913.519391763746,0
CUST_4512,42,Annual,3237.728975674365,4,26.0,10,SMB,0,Loyal,26.0,4,135984.61697832332,0.0930232558139534,32.37728975674365,0,0,0.19061138,161475.1081842947,30778.992780110966,0
CUST_4513,9,Annual,680.8941106604445,4,23.0,0,SMB,0,New,23.0,4,6128.046995944001,0.4,0.0,0,0,0.08777372,59305.4262089118,5205.457752363829,0
CUST_4514,7,Monthly,3928.5310648455775,4,11.0,0,SMB,0,New,11.0,4,27499.71745391904,0.5,0.0,0,1,0.28158394,142173.26626554257,40033.70777003239,0
CUST_4515,68,Monthly,948.1489174775252,6,21.0,2,Enterprise,0,Loyal,21.0,6,64474.12638847171,0.0869565217391304,1.8962978349550503,1,1,0.11053823,70872.75888913721,7834.1492764907225,0
CUST_4516,19,Annual,2285.379166098208,4,14.0,0,SMB,0,Mid-Tenure,14.0,4,43422.20415586595,0.2,0.0,0,0,0.040654104,302518.56779013155,12298.621378278021,0
CUST_4517,31,Annual,966.2845444923496,1,21.0,0,SMB,0,Mid-Tenure,21.0,1,29954.82087926284,0.03125,0.0,0,0,0.023599833,157546.75644495303,3718.077181186466,0
CUST_4518,35,Monthly,4266.8350061859255,3,2.0,0,SMB,0,Mid-Tenure,2.0,3,149339.2252165074,0.0833333333333333,0.0,0,1,0.2753602,157370.25824694405,43333.50528588424,0
CUST_4519,57,Annual,2976.3607704618166,2,27.0,0,SMB,0,Loyal,27.0,2,169652.56391632356,0.0344827586206896,0.0,0,0,0.006518357,631942.0978458369,4119.224176687368,0
CUST_4520,61,Monthly,3609.298040761726,2,15.0,5,SMB,0,Loyal,15.0,2,220167.18048646528,0.032258064516129,18.04649020380863,0,1,0.16499141,201457.24600945448,33238.71478905737,0
CUST_4521,31,Annual,3571.6197642917587,3,17.0,10,SMB,0,Mid-Tenure,17.0,3,110720.21269304452,0.09375,35.716197642917585,0,0,0.22352526,156692.78933550298,35024.795836802354,0
CUST_4522,53,Multi-Year,4287.22804246327,1,14.0,0,Enterprise,0,Loyal,14.0,1,227223.0862505533,0.0185185185185185,0.0,1,0,0.0063852044,912415.5395579921,5825.95970161027,0
CUST_4523,32,Annual,1096.562315053106,1,22.0,2,SMB,0,Mid-Tenure,22.0,1,35089.99408169939,0.0303030303030303,2.193124630106212,0,0,0.052935045,127835.44863876517,6766.975253454182,0
CUST_4524,66,Annual,3468.7766318219788,0,5.0,0,SMB,0,Loyal,5.0,0,228939.2577002506,0.0,0.0,0,0,0.008122103,716170.1892909171,5816.808249758592,0
CUST_4525,59,Monthly,3088.1032448164583,0,16.0,0,SMB,0,Loyal,16.0,0,182198.09144417103,0.0,0.0,0,1,0.12267771,214603.48760590245,26327.06519707061,0
CUST_4526,10,Annual,639.0370515709192,4,1.0,0,Enterprise,0,New,1.0,4,6390.370515709192,0.3636363636363636,0.0,1,0,0.048669297,77718.64982135403,3782.512069878422,0
CUST_4527,2,Annual,1406.4030897026114,4,1.0,0,Enterprise,0,New,1.0,4,2812.806179405223,1.3333333333333333,0.0,1,0,0.024996655,225034.5228822769,5625.110345494244,0
CUST_4528,66,Annual,1704.0719362019936,3,16.0,0,SMB,0,Loyal,16.0,3,112468.74778933158,0.044776119402985,0.0,0,0,0.0051312284,370912.51270352537,1903.2368047375023,0
CUST_4529,60,Annual,826.5036894312477,2,18.0,0,SMB,0,Loyal,18.0,2,49590.22136587487,0.0327868852459016,0.0,0,0,0.0074392585,172670.12564701564,1284.5377013633347,0
CUST_4530,17,Monthly,2096.2391265446067,2,4.0,0,SMB,0,Mid-Tenure,4.0,2,35636.06515125831,0.1111111111111111,0.0,0,1,0.19601923,102247.57467470186,20042.491089521704,0
CUST_4531,16,Multi-Year,622.4112892196406,1,3.0,0,SMB,0,Mid-Tenure,3.0,1,9958.58062751425,0.0588235294117647,0.0,0,0,0.09574891,51245.22236314102,4906.67412339464,0
CUST_4532,16,Annual,2989.325715159783,2,27.0,10,SMB,0,Mid-Tenure,27.0,2,47829.21144255653,0.1176470588235294,29.89325715159783,0,0,0.189557,149742.68703999041,28384.774676185865,0
CUST_4533,46,Monthly,1451.754322609043,8,17.0,10,SMB,1,Loyal,17.0,8,66780.69884001598,0.1702127659574468,14.51754322609043,0,1,0.63234556,25531.127714985585,16144.495181204476,1
CUST_4534,39,Annual,1791.5139747913938,5,7.0,2,Enterprise,0,Loyal,7.0,5,69869.04501686436,0.125,3.5830279495827875,1,0,0.12008528,126396.40275870566,15178.346994525491,0
CUST_4535,31,Monthly,4597.122317770778,0,8.0,0,SMB,0,Mid-Tenure,8.0,0,142510.7918508941,0.0,0.0,0,1,0.17567602,244445.4179523818,42943.19764413436,0
CUST_4536,1,Monthly,2762.6758210558646,2,23.0,0,SMB,1,New,23.0,2,2762.6758210558646,1.0,0.0,0,1,0.39809188,73985.06928569758,29452.85550641474,0
CUST_4537,11,Monthly,1710.5626905998713,1,22.0,0,SMB,1,New,22.0,1,18816.189596598582,0.0833333333333333,0.0,0,1,0.32746825,54380.07526304597,17807.747875785142,0
CUST_4538,4,Annual,3193.077912116298,0,25.0,0,SMB,0,New,25.0,0,12772.311648465193,0.0,0.0,0,0,0.07240568,313032.3328204276,22665.31923728325,0
CUST_4539,71,Multi-Year,1407.5214569037305,2,17.0,0,SMB,0,Loyal,17.0,2,99934.02344016486,0.0277777777777777,0.0,0,0,0.0037015842,314520.6611456426,1164.224703836817,0
CUST_4540,26,Annual,834.7805859388319,2,21.0,0,SMB,0,Mid-Tenure,21.0,2,21704.29523440963,0.074074074074074,0.0,0,0,0.016901137,149733.87664238515,2530.672808685215,0
CUST_4541,50,Annual,594.078594801209,6,10.0,0,SMB,0,Loyal,10.0,6,29703.92974006045,0.1176470588235294,0.0,0,0,0.06843226,60194.27074099566,4119.229779957631,0
CUST_4542,12,Monthly,4781.880704193153,5,15.0,2,Enterprise,0,New,15.0,5,57382.56845031784,0.3846153846153846,9.563761408386306,1,1,0.3434653,145838.9518543288,50090.61911906561,0
CUST_4543,65,Monthly,3760.7487086440233,7,15.0,0,Enterprise,0,Loyal,15.0,7,244448.6660618615,0.106060606060606,0.0,1,1,0.04907207,455516.7262708902,22353.14785079736,0
CUST_4544,47,Monthly,4099.76666731572,1,3.0,0,SMB,0,Loyal,3.0,1,192689.03336383883,0.0208333333333333,0.0,0,1,0.115621395,297046.15492681443,34344.89093354813,0
CUST_4545,53,Annual,4914.129776804743,5,20.0,0,SMB,0,Loyal,20.0,5,260448.8781706514,0.0925925925925925,0.0,0,0,0.26262924,188624.56669558337,49538.326738297685,0
CUST_4546,71,Multi-Year,4692.329165360477,5,8.0,0,SMB,0,Loyal,8.0,5,333155.3707405939,0.0694444444444444,0.0,0,0,0.06400746,493897.07416762755,31613.097747872336,0
CUST_4547,2,Monthly,3816.109393868822,2,12.0,0,SMB,1,New,12.0,2,7632.218787737644,0.6666666666666666,0.0,0,1,0.58727396,71858.12551370965,42200.40559412478,1
CUST_4548,24,Annual,3622.941814186937,0,24.0,0,Enterprise,0,Mid-Tenure,24.0,0,86950.60354048648,0.0,0.0,1,0,0.025129188,578673.9159839961,14541.605539897773,0
CUST_4549,4,Multi-Year,2015.824986209195,5,19.0,2,SMB,0,New,19.0,5,8063.29994483678,1.0,4.03164997241839,0,0,0.29565677,69982.42495733549,20690.77775238805,0
CUST_4550,19,Monthly,968.0776330779596,1,7.0,0,SMB,1,Mid-Tenure,7.0,1,18393.475028481236,0.05,0.0,0,1,0.22202112,42705.99215931349,9481.632116243614,0
CUST_4551,26,Annual,3081.751467654092,4,10.0,0,SMB,0,Mid-Tenure,10.0,4,80125.53815900639,0.1481481481481481,0.0,0,0,0.05467302,353300.37693072786,19315.998502083417,0
CUST_4552,40,Annual,3093.1398278986653,3,20.0,0,SMB,0,Loyal,20.0,3,123725.5931159466,0.073170731707317,0.0,0,0,0.00690787,652241.5619497448,4505.5999587862025,0
CUST_4553,50,Annual,4785.067784370848,1,8.0,0,SMB,0,Loyal,8.0,1,239253.3892185424,0.0196078431372549,0.0,0,0,0.013993537,897290.836843046,12556.272573098538,0
CUST_4554,43,Monthly,2491.568629977692,2,17.0,0,SMB,0,Loyal,17.0,2,107137.45108904075,0.0454545454545454,0.0,0,1,0.03847837,337922.3990283872,13002.70335654114,0
CUST_4555,67,Annual,3608.634309377308,1,19.0,0,Enterprise,0,Loyal,19.0,1,241778.49872827964,0.0147058823529411,0.0,1,0,0.006400281,767790.7161140998,4914.076407365282,0
CUST_4556,12,Annual,3087.367823285248,5,2.0,0,SMB,0,New,2.0,5,37048.41387942298,0.3846153846153846,0.0,0,0,0.06864716,312257.0692663642,21435.561346703358,0
CUST_4557,67,Monthly,1295.4210309547216,1,22.0,2,SMB,0,Loyal,22.0,1,86793.20907396634,0.0147058823529411,2.590842061909443,0,1,0.039767828,173169.52650758802,6886.575917055906,0
CUST_4558,27,Annual,3164.2893848971253,6,29.0,0,Enterprise,1,Mid-Tenure,29.0,6,85435.81339222238,0.2142857142857142,0.0,1,0,0.5683844,61404.31637206713,34901.256068165654,1
CUST_4559,54,Monthly,2930.5251921326903,3,17.0,0,SMB,0,Loyal,17.0,3,158248.36037516527,0.0545454545454545,0.0,0,1,0.107703164,222990.47165045986,24016.77938763268,0
CUST_4560,66,Multi-Year,2722.5769725921,4,18.0,0,Enterprise,0,Loyal,18.0,4,179690.0801910786,0.0597014925373134,0.0,1,0,0.00516529,592236.9514971528,3059.0756549966436,0
CUST_4561,49,Annual,2810.4032014181366,2,8.0,0,SMB,0,Loyal,8.0,2,137709.7568694887,0.04,0.0,0,0,0.0044331294,619564.5663888531,2746.6099244706465,0
CUST_4562,16,Multi-Year,1237.9458738149174,1,23.0,0,Enterprise,0,Mid-Tenure,23.0,1,19807.13398103868,0.0588235294117647,0.0,1,0,0.04349249,158893.51116640473,6910.674217149425,0
CUST_4563,2,Monthly,2585.649790538005,2,17.0,0,SMB,1,New,17.0,2,5171.29958107601,0.6666666666666666,0.0,0,1,0.5337277,53154.572862634246,28370.06820967246,1
CUST_4564,60,Monthly,3225.4397231971857,0,21.0,2,SMB,0,Loyal,21.0,0,193526.38339183116,0.0,6.450879446394372,0,1,0.08646851,283620.5606477802,24524.24737809451,0
CUST_4565,54,Monthly,2702.521394084927,1,15.0,0,Enterprise,0,Loyal,15.0,1,145936.15528058607,0.0181818181818181,0.0,1,1,0.046767294,335136.5554506452,15673.429955271631,0
CUST_4566,30,Monthly,2699.087878067663,4,13.0,0,Enterprise,0,Mid-Tenure,13.0,4,80972.63634202989,0.1290322580645161,0.0,1,1,0.14029416,170205.19332751233,23878.795377687344,0
CUST_4567,38,Monthly,848.8296940684361,1,18.0,0,SMB,0,Loyal,18.0,1,32255.52837460057,0.0256410256410256,0.0,0,1,0.10517317,65642.51079784487,6903.830984558918,0
CUST_4568,28,Annual,1358.4836840752384,2,27.0,2,SMB,0,Mid-Tenure,27.0,2,38037.54315410668,0.0689655172413793,2.7169673681504767,0,0,0.040582016,179967.3428042858,7303.437605033047,0
CUST_4569,25,Monthly,1944.377117489753,2,28.0,0,Enterprise,0,Mid-Tenure,28.0,2,48609.42793724383,0.0769230769230769,0.0,1,1,0.081819534,177003.55308475392,14482.348283151034,0
CUST_4570,10,Annual,2387.06147266658,5,21.0,0,SMB,1,New,21.0,5,23870.6147266658,0.4545454545454545,0.0,0,0,0.52001184,50252.88064161536,26132.093040857173,1
CUST_4571,60,Monthly,3172.718497363719,0,29.0,0,SMB,0,Loyal,29.0,0,190363.10984182317,0.0,0.0,0,1,0.14471374,195531.25355749828,28296.05987321826,0
CUST_4572,42,Annual,4385.052970353773,0,14.0,0,SMB,0,Loyal,14.0,0,184172.22475485847,0.0,0.0,0,0,0.0060035954,939593.8619521912,5640.941409051253,0
CUST_4573,40,Annual,1216.2413213989428,2,20.0,0,SMB,0,Loyal,20.0,2,48649.65285595771,0.048780487804878,0.0,0,0,0.005665087,262191.1983831076,1485.3359864688484,0
CUST_4574,42,Annual,567.8961359481273,5,25.0,0,SMB,0,Loyal,25.0,5,23851.637709821345,0.1162790697674418,0.0,0,0,0.035554215,79654.21509522524,2832.0431140043247,0
CUST_4575,47,Multi-Year,2521.567088491621,4,3.0,0,Enterprise,0,Loyal,3.0,4,118513.65315910618,0.0833333333333333,0.0,1,0,0.0037845657,562592.6964611077,2129.1690337469267,0
CUST_4576,37,Monthly,2444.4630383523263,3,11.0,2,SMB,0,Loyal,11.0,3,90445.13241903608,0.0789473684210526,4.888926076704653,0,1,0.040845446,322895.1611244349,13188.79696055232,0
CUST_4577,22,Monthly,2983.5554832282755,2,6.0,0,Enterprise,1,Mid-Tenure,6.0,2,65638.22063102206,0.0869565217391304,0.0,1,1,0.23901848,123876.73464590491,29608.829435625496,0
CUST_4578,57,Monthly,4249.497971171752,1,10.0,0,SMB,0,Loyal,10.0,1,242221.38435678987,0.0172413793103448,0.0,0,1,0.10518062,328610.468603806,34563.45320320624,0
CUST_4579,27,Monthly,4110.62247942115,1,25.0,0,SMB,1,Mid-Tenure,25.0,1,110986.80694437106,0.0357142857142857,0.0,0,1,0.3180338,134029.71743686177,42625.98228345197,0
CUST_4580,41,Annual,950.1947799350504,1,6.0,0,SMB,0,Loyal,6.0,1,38957.98597733707,0.0238095238095238,0.0,0,0,0.0036566711,212505.49288684508,777.0627049827923,0
CUST_4581,34,Monthly,4702.979150045032,2,19.0,0,SMB,0,Mid-Tenure,19.0,2,159901.2911015311,0.0571428571428571,0.0,0,1,0.1793717,246044.9593820161,44133.502564710696,0
CUST_4582,32,Annual,996.8647760350012,4,2.0,2,SMB,0,Mid-Tenure,2.0,4,31899.67283312004,0.1212121212121212,1.9937295520700025,0,0,0.03166661,146478.1891420055,4638.467746184983,0
CUST_4583,66,Monthly,3355.5672884040628,1,3.0,0,SMB,0,Loyal,3.0,1,221467.44103466813,0.0149253731343283,0.0,0,1,0.10838534,254233.17824946743,27555.149306049294,0
CUST_4584,12,Multi-Year,3525.8283211800904,4,1.0,2,SMB,0,New,1.0,4,42309.939854161086,0.3076923076923077,7.0516566423601805,0,0,0.021406744,592520.2191685074,12683.928454273751,0
CUST_4585,40,Multi-Year,3559.448692503897,1,19.0,0,SMB,0,Loyal,19.0,1,142377.94770015587,0.024390243902439,0.0,0,0,0.007858856,738234.184816859,5801.675894244812,0
CUST_4586,10,Monthly,1694.080272539259,4,14.0,2,SMB,0,New,14.0,4,16940.80272539259,0.3636363636363636,3.3881605450785184,0,1,0.29545522,58846.882453338054,17386.618446294706,0
CUST_4587,48,Monthly,1986.552912942464,5,19.0,0,Enterprise,0,Loyal,19.0,5,95354.53982123829,0.1020408163265306,0.0,1,1,0.06109847,214572.12974483334,13110.029107542681,0
CUST_4588,20,Multi-Year,2969.045938172286,1,11.0,0,SMB,0,Mid-Tenure,11.0,1,59380.91876344572,0.0476190476190476,0.0,0,0,0.028197529,455622.45532862924,12847.427303507824,0
CUST_4589,39,Multi-Year,1398.143731100443,4,20.0,0,Enterprise,0,Loyal,20.0,4,54527.60551291728,0.1,0.0,1,0,0.005674601,301353.29876653134,1710.0597506816086,0
CUST_4590,60,Monthly,591.3971052500805,4,16.0,0,Enterprise,0,Loyal,16.0,4,35483.82631500483,0.0655737704918032,0.0,1,1,0.06004619,64488.96658120005,3872.3166456528165,0
CUST_4591,66,Monthly,3029.6500452885903,0,17.0,0,SMB,0,Loyal,17.0,0,199956.90298904697,0.0,0.0,0,1,0.049502015,365377.5412566457,18086.924569540726,0
CUST_4592,65,Multi-Year,2593.753574054033,7,7.0,0,SMB,0,Loyal,7.0,7,168593.98231351213,0.106060606060606,0.0,0,0,0.043308515,333571.29953470815,14446.477663383,0
CUST_4593,51,Annual,3455.290428005579,2,23.0,15,Enterprise,1,Loyal,23.0,2,176219.81182828452,0.0384615384615384,51.82935642008368,1,0,0.5354221,70826.64838349982,37922.15187257251,1
CUST_4594,36,Monthly,1160.1525912514696,1,7.0,5,SMB,0,Mid-Tenure,7.0,1,41765.49328505291,0.027027027027027,5.800762956257349,0,1,0.2952818,40320.198484882894,11905.820690119268,0
CUST_4595,24,Annual,4284.162025654332,4,4.0,2,Enterprise,0,Mid-Tenure,4.0,4,102819.88861570397,0.16,8.568324051308664,1,0,0.04029823,569334.9828019768,22943.192622627437,0
CUST_4596,27,Multi-Year,1157.996698072373,5,23.0,0,SMB,0,Mid-Tenure,23.0,5,31265.91084795407,0.1785714285714285,0.0,0,0,0.23338096,49036.32410450861,11444.14431778268,0
CUST_4597,2,Multi-Year,4511.046221960106,6,8.0,2,SMB,0,New,8.0,6,9022.092443920212,2.0,9.022092443920211,0,0,0.08882108,389944.7730560522,34635.31717284464,0
CUST_4598,31,Annual,2522.845276680664,4,29.0,0,SMB,0,Mid-Tenure,29.0,4,78208.20357710059,0.125,0.0,0,0,0.029219145,382156.8932700201,11166.297660115208,0
CUST_4599,57,Annual,2974.123667177126,1,19.0,0,SMB,0,Loyal,19.0,1,169525.0490290962,0.0172413793103448,0.0,0,0,0.0060562617,636672.5737604183,3855.855733167878,0
CUST_4600,66,Monthly,4534.616011837949,4,19.0,0,SMB,0,Loyal,19.0,4,299284.6567813047,0.0597014925373134,0.0,0,1,0.096510634,371409.1723435664,35844.93463176267,0
CUST_4601,29,Multi-Year,1849.6087181468013,0,22.0,0,SMB,0,Mid-Tenure,22.0,0,53638.65282625724,0.0,0.0,0,0,0.033176053,266847.28998598875,8852.939919645454,0
CUST_4602,15,Monthly,1318.2214830851815,1,4.0,0,SMB,0,Mid-Tenure,4.0,1,19773.322246277723,0.0625,0.0,0,1,0.23181637,56131.0834113546,13012.103793738112,0
CUST_4603,12,Multi-Year,2505.8822936875413,1,26.0,0,SMB,0,New,26.0,1,30070.58752425049,0.0769230769230769,0.0,0,0,0.014841942,463752.1187821913,6882.982103424311,0
CUST_4604,28,Monthly,1599.6525283746803,2,9.0,0,Enterprise,0,Mid-Tenure,9.0,2,44790.27079449105,0.0689655172413793,0.0,1,1,0.1968872,77751.42231915203,15308.259456255855,0
CUST_4605,24,Multi-Year,2875.297601931427,2,0.0,2,Enterprise,0,Mid-Tenure,0.0,2,69007.14244635425,0.08,5.750595203862854,1,0,0.031213751,424848.88638283854,13261.127378840827,0
CUST_4606,21,Monthly,1738.660389999424,3,23.0,5,Enterprise,0,Mid-Tenure,23.0,3,36511.86818998791,0.1363636363636363,8.69330194999712,1,1,0.19993035,83478.95529824278,16689.97716386762,0
CUST_4607,10,Annual,4390.202910179556,0,3.0,0,SMB,0,New,3.0,0,43902.02910179556,0.0,0.0,0,0,0.017073998,785437.4909202597,13410.558327953817,0
CUST_4608,18,Monthly,3232.960665159767,3,23.0,0,SMB,1,Mid-Tenure,23.0,3,58193.291972875806,0.1578947368421052,0.0,0,1,0.25803676,125944.46899359587,32498.303030862342,0
CUST_4609,14,Annual,501.0830138430602,1,15.0,2,SMB,0,Mid-Tenure,15.0,1,7015.162193802843,0.0666666666666666,1.0021660276861204,0,0,0.08205572,45533.78230220916,3736.3071867075105,0
CUST_4610,34,Multi-Year,4124.631806059211,0,17.0,0,SMB,0,Mid-Tenure,17.0,0,140237.4814060132,0.0,0.0,0,0,0.018926036,718097.0252767507,13590.72987384902,0
CUST_4611,58,Annual,1985.955515267657,4,27.0,5,SMB,0,Loyal,27.0,4,115185.4198855241,0.0677966101694915,9.929777576338283,0,0,0.011569982,387063.0734155932,4478.312945008919,0
CUST_4612,22,Annual,1940.935928697307,0,11.0,5,SMB,0,Mid-Tenure,11.0,0,42700.59043134075,0.0,9.704679643486536,0,0,0.05769918,216261.90590474187,12478.134882364533,0
CUST_4613,70,Monthly,2223.782654605103,6,19.0,0,SMB,0,Loyal,19.0,6,155664.7858223572,0.0845070422535211,0.0,0,1,0.2343614,93843.23111943319,21993.230578964198,0
CUST_4614,36,Multi-Year,3336.181376378363,3,14.0,0,SMB,0,Mid-Tenure,14.0,3,120102.52954962107,0.081081081081081,0.0,0,0,0.022100126,555258.0716877914,12271.27355270004,0
CUST_4615,45,Annual,2489.273196774004,7,17.0,10,SMB,0,Loyal,17.0,7,112017.2938548302,0.1521739130434782,24.89273196774004,0,0,0.207637,115943.28082780621,24074.11466543564,0
CUST_4616,36,Annual,3328.859959563661,3,4.0,10,SMB,0,Mid-Tenure,4.0,3,119838.9585442918,0.081081081081081,33.28859959563661,0,0,0.21087888,153122.08434915834,32290.21347194853,0
CUST_4617,22,Annual,1160.5132473610656,1,25.0,0,Enterprise,0,Mid-Tenure,25.0,1,25531.29144194345,0.0434782608695652,0.0,1,0,0.021534102,194678.59474015346,4192.228723661118,0
CUST_4618,61,Annual,4865.740090358386,2,25.0,0,SMB,0,Loyal,25.0,2,296810.14551186154,0.032258064516129,0.0,0,0,0.04789844,596423.0066941382,28567.732527072796,0
CUST_4619,56,Monthly,3783.228291877388,4,13.0,0,Enterprise,1,Loyal,13.0,4,211860.78434513367,0.0701754385964912,0.0,1,1,0.045765694,474060.56536190555,21695.710881230734,0
CUST_4620,33,Annual,1625.9319823027236,3,23.0,0,SMB,0,Mid-Tenure,23.0,3,53655.75541598988,0.088235294117647,0.0,0,0,0.0178813,287430.90493475087,5139.638326742429,0
CUST_4621,45,Annual,3758.764586336491,5,26.0,10,Enterprise,0,Loyal,26.0,5,169144.4063851421,0.108695652173913,37.58764586336491,1,0,0.21222611,172008.71393560056,36504.73985188378,0
CUST_4622,36,Multi-Year,3087.6145531773773,3,6.0,2,SMB,0,Mid-Tenure,6.0,3,111154.12391438558,0.081081081081081,6.175229106354754,0,0,0.07177351,304264.64903352864,21838.140826283125,0
CUST_4623,20,Multi-Year,991.350483815816,3,10.0,0,SMB,0,Mid-Tenure,10.0,3,19827.00967631632,0.1428571428571428,0.0,0,0,0.018374402,173986.24799579158,3196.8932763703565,0
CUST_4624,18,Monthly,1301.8839205465674,2,14.0,0,SMB,0,Mid-Tenure,14.0,2,23433.91056983821,0.1052631578947368,0.0,0,1,0.3092741,43483.8086417431,13448.416096104262,0
CUST_4625,38,Monthly,685.8866386465917,2,20.0,2,Enterprise,0,Loyal,20.0,2,26063.692268570485,0.0512820512820512,1.3717732772931834,1,1,0.070929244,68061.61672245532,4827.55903047576,0
CUST_4626,67,Monthly,4141.571322536065,4,10.0,0,SMB,0,Loyal,10.0,4,277485.27860991633,0.0588235294117647,0.0,0,1,0.054254368,476707.67440767685,25863.473570748516,0
CUST_4627,23,Monthly,2982.6713866785576,3,6.0,0,SMB,0,Mid-Tenure,6.0,3,68601.44189360683,0.125,0.0,0,1,0.2555909,117124.09269381681,29935.85060922386,0
CUST_4628,16,Annual,1925.3689189259533,1,20.0,0,SMB,0,Mid-Tenure,20.0,1,30805.90270281525,0.0588235294117647,0.0,0,0,0.022453154,318887.7926984706,7160.03656062319,0
CUST_4629,59,Multi-Year,1068.5520591269,4,22.0,0,SMB,0,Loyal,22.0,4,63044.57148848711,0.0666666666666666,0.0,0,0,0.0073058,223757.8803214412,1634.730318347364,0
CUST_4630,69,Monthly,2678.2064418217064,1,19.0,2,SMB,0,Loyal,19.0,1,184796.2444856977,0.0142857142857142,5.356412883643413,0,1,0.028983261,406902.379242027,11793.358036593228,0
CUST_4631,68,Monthly,2863.6760602307245,1,19.0,5,Enterprise,0,Loyal,19.0,1,194729.97209568927,0.0144927536231884,14.318380301153622,1,1,0.019204512,496558.8672050589,9536.170842376492,0
CUST_4632,21,Multi-Year,3658.768254412274,3,25.0,0,SMB,0,Mid-Tenure,25.0,3,76834.13334265775,0.1363636363636363,0.0,0,0,0.02534367,582732.6960561209,14768.584901395778,0
CUST_4633,70,Multi-Year,4864.717447011912,0,3.0,0,SMB,0,Loyal,3.0,0,340530.22129083384,0.0,0.0,0,0,0.018851029,847868.3355715895,15983.190374574488,0
CUST_4634,12,Annual,2457.254886833186,3,26.0,0,SMB,0,New,26.0,3,29487.058641998232,0.2307692307692307,0.0,0,0,0.032027416,359478.0684025108,11513.1536148805,0
CUST_4635,16,Annual,2327.153929674662,2,23.0,0,SMB,0,Mid-Tenure,23.0,2,37234.46287479459,0.1176470588235294,0.0,0,0,0.019600766,401229.0065634457,7864.395781637488,0
CUST_4636,14,Annual,2164.685020655551,2,0.0,2,SMB,0,Mid-Tenure,0.0,2,30305.590289177715,0.1333333333333333,4.329370041311102,0,0,0.02388927,351556.0527057655,8398.417350648662,0
CUST_4637,61,Monthly,4221.157590350875,2,25.0,0,SMB,0,Loyal,25.0,2,257490.61301140336,0.032258064516129,0.0,0,1,0.115753196,305598.26830194454,35373.976302982555,0
CUST_4638,71,Monthly,1203.4274962965706,4,20.0,5,SMB,0,Loyal,20.0,4,85443.3522370565,0.0555555555555555,6.017137481482853,0,1,0.25859538,46796.324457010895,12101.313174852643,0
CUST_4639,46,Monthly,2047.1580663579025,4,27.0,0,SMB,0,Loyal,27.0,4,94169.27105246352,0.0851063829787234,0.0,0,1,0.042460702,265690.12544383405,11281.389336375712,0
CUST_4640,32,Monthly,3762.368621939259,2,25.0,0,SMB,0,Mid-Tenure,25.0,2,120395.79590205628,0.0606060606060606,0.0,0,1,0.21580125,169857.82912804902,36655.532513084436,0
CUST_4641,15,Multi-Year,570.6272090410091,2,1.0,0,SMB,0,Mid-Tenure,1.0,2,8559.408135615136,0.125,0.0,0,0,0.05669241,64180.070953118804,3638.52291301829,0
CUST_4642,44,Annual,1802.213256225626,7,25.0,0,Enterprise,0,Loyal,25.0,7,79297.38327392755,0.1555555555555555,0.0,1,0,0.067547485,183981.4742124542,12427.485912392323,0
CUST_4643,17,Monthly,3386.512232396194,2,3.0,0,SMB,0,Mid-Tenure,3.0,2,57570.7079507353,0.1111111111111111,0.0,0,1,0.23634507,141920.19282692784,33542.13757036307,0
CUST_4644,41,Monthly,1336.7844410036212,3,4.0,0,SMB,0,Loyal,4.0,3,54808.16208114847,0.0714285714285714,0.0,0,1,0.05362248,154806.3036332303,8301.097995042252,0
CUST_4645,54,Monthly,1862.1975610592203,2,23.0,0,SMB,0,Loyal,23.0,2,100558.6682971979,0.0363636363636363,0.0,0,1,0.07393116,180312.77771325747,13330.732384421726,0
CUST_4646,44,Annual,2687.202835174531,2,1.0,10,SMB,0,Loyal,1.0,2,118236.92474767935,0.0444444444444444,26.872028351745318,0,0,0.17894344,140848.9118406351,25203.988849825084,0
CUST_4647,5,Multi-Year,2399.1060468635924,2,1.0,0,SMB,0,New,1.0,2,11995.53023431796,0.3333333333333333,0.0,0,0,0.015634246,438631.8466541096,6857.678268820472,0
CUST_4648,27,Monthly,977.1223547992048,1,17.0,0,SMB,0,Mid-Tenure,17.0,1,26382.30357957853,0.0357142857142857,0.0,0,1,0.26354164,37396.84417912756,9855.625602828957,0
CUST_4649,43,Monthly,4722.058950150346,5,29.0,0,SMB,0,Loyal,29.0,5,203048.5348564649,0.1136363636363636,0.0,0,1,0.23203687,200912.40998933432,46619.08750110309,0
CUST_4650,31,Annual,699.3172426194175,2,23.0,0,Enterprise,0,Mid-Tenure,23.0,2,21678.83452120194,0.0625,0.0,1,0,0.010936333,137714.34332484088,1506.089899098738,0
CUST_4651,17,Annual,3873.842403902681,2,27.0,0,SMB,0,Mid-Tenure,27.0,2,65855.32086634557,0.1111111111111111,0.0,0,0,0.022436524,641749.5584859038,14398.629249044598,0
CUST_4652,54,Monthly,821.4024699102085,3,13.0,0,Enterprise,1,Loyal,13.0,3,44355.73337515126,0.0545454545454545,0.0,1,1,0.1882169,41377.54279696102,7787.95262238914,0
CUST_4653,62,Annual,2602.831113612857,3,2.0,0,Enterprise,0,Loyal,2.0,3,161375.5290439971,0.0476190476190476,0.0,1,0,0.006794294,549949.1514001127,3736.516151874691,0
CUST_4654,32,Annual,1289.3508124493496,3,20.0,0,SMB,0,Mid-Tenure,20.0,3,41259.22599837919,0.0909090909090909,0.0,0,0,0.017946165,227712.77182752604,4086.570988356658,0
CUST_4655,40,Monthly,1134.9400839301638,2,17.0,0,SMB,0,Loyal,17.0,2,45397.60335720655,0.048780487804878,0.0,0,1,0.10989288,85177.52898935208,9360.404176921134,0
CUST_4656,13,Monthly,1066.5408944377627,1,21.0,0,SMB,1,Mid-Tenure,21.0,1,13865.031627690916,0.0714285714285714,0.0,0,1,0.40913644,27875.135069327775,11404.73364748926,0
CUST_4657,35,Monthly,2537.5398651290407,2,9.0,2,SMB,0,Mid-Tenure,9.0,2,88813.89527951642,0.0555555555555555,5.075079730258081,0,1,0.12755077,171502.94307724462,21875.331738804856,0
CUST_4658,5,Multi-Year,2819.6820922428155,1,5.0,5,Enterprise,0,New,5.0,1,14098.410461214078,0.1666666666666666,14.098410461214078,1,0,0.052671615,329557.34503695916,17358.31760952647,0
CUST_4659,29,Multi-Year,1100.2302209427794,3,1.0,2,SMB,0,Mid-Tenure,1.0,3,31906.6764073406,0.1,2.200460441885559,0,0,0.030631706,163741.58224909956,5015.684026846316,0
CUST_4660,70,Multi-Year,4907.280786198077,3,19.0,0,SMB,0,Loyal,19.0,3,343509.6550338654,0.0422535211267605,0.0,0,0,0.064862385,512677.5903287111,33253.49144583966,0
CUST_4661,25,Annual,1659.946490880004,2,10.0,10,SMB,0,Mid-Tenure,10.0,2,41498.662272000096,0.0769230769230769,16.59946490880004,0,0,0.19151989,82475.02284471036,15795.60699411925,0
CUST_4662,22,Annual,2564.7860282125243,1,17.0,10,SMB,0,Mid-Tenure,17.0,1,56425.29262067554,0.0434782608695652,25.647860282125244,0,0,0.13371713,167526.19675720084,22401.122999957224,0
CUST_4663,66,Annual,1473.213009208586,2,13.0,2,SMB,0,Loyal,13.0,2,97232.05860776668,0.0298507462686567,2.946426018417172,0,0,0.008241658,303537.9957245111,2501.656380815835,0
CUST_4664,45,Multi-Year,2722.651904522955,0,25.0,0,SMB,0,Loyal,25.0,0,122519.33570353298,0.0,0.0,0,0,0.003958826,605495.4382315791,2397.0510554788193,0
CUST_4665,69,Monthly,3902.074621093319,2,19.0,0,SMB,0,Loyal,19.0,2,269243.148855439,0.0285714285714285,0.0,0,1,0.06541065,405724.19551844883,26538.68386346889,0
CUST_4666,1,Annual,2844.9590643252286,2,12.0,2,SMB,0,New,12.0,2,2844.9590643252286,1.0,5.689918128650457,0,0,0.017525503,505579.458552999,8860.534525851615,0
CUST_4667,44,Annual,1785.4199182312484,2,28.0,5,Enterprise,0,Loyal,28.0,2,78558.47640217493,0.0444444444444444,8.927099591156242,1,0,0.0137252305,336209.66113297135,4614.555085391402,0
CUST_4668,39,Annual,1617.7847393027214,2,26.0,0,SMB,0,Loyal,26.0,2,63093.60483280614,0.05,0.0,0,0,0.006303104,344801.87977535726,2173.322144284713,0
CUST_4669,54,Monthly,3915.204828021741,0,6.0,0,SMB,0,Loyal,6.0,0,211421.060713174,0.0,0.0,0,1,0.18251139,202065.19211336202,36879.19893279399,0
CUST_4670,29,Annual,1032.0717907681849,1,20.0,0,SMB,0,Mid-Tenure,20.0,1,29930.08193227736,0.0333333333333333,0.0,0,0,0.02251483,170790.73541583263,3845.3242730550387,0
CUST_4671,54,Annual,2164.849224826413,1,25.0,0,Enterprise,0,Loyal,25.0,1,116901.8581406263,0.0181818181818181,0.0,1,0,0.0049144453,473066.6193010111,2324.860041270734,0
CUST_4672,16,Monthly,1181.672224942484,3,19.0,2,Enterprise,1,Mid-Tenure,19.0,3,18906.755599079745,0.1764705882352941,2.363344449884968,1,1,0.28650007,42139.861497388374,12073.073122094096,0
CUST_4673,20,Annual,1660.8912318251687,1,9.0,0,SMB,0,Mid-Tenure,9.0,1,33217.82463650337,0.0476190476190476,0.0,0,0,0.040490966,220250.65522980422,8918.161856312288,0
CUST_4674,46,Monthly,1187.0745461822848,2,25.0,0,SMB,0,Loyal,25.0,2,54605.429124385104,0.0425531914893617,0.0,0,1,0.09844206,95962.65760302068,9446.76196002739,0
CUST_4675,67,Multi-Year,4490.47628844092,3,18.0,2,Enterprise,0,Loyal,18.0,3,300861.9113255417,0.0441176470588235,8.98095257688184,1,0,0.0078535965,931415.1096321716,7314.958418276208,0
CUST_4676,65,Annual,3793.5688955586434,2,28.0,0,SMB,0,Loyal,28.0,2,246581.97821131183,0.0303030303030303,0.0,0,0,0.0049229637,828848.6833186754,4080.3919632295624,0
CUST_4677,58,Annual,3024.172607199176,5,28.0,0,SMB,0,Loyal,28.0,5,175402.0112175522,0.0847457627118644,0.0,0,0,0.025282487,482051.9889481408,12187.47327560995,0
CUST_4678,53,Monthly,1509.9135012298989,2,12.0,2,SMB,0,Loyal,12.0,2,80025.41556518464,0.037037037037037,3.019827002459798,0,1,0.07020224,150737.30334052673,10582.09617388419,0
CUST_4679,1,Monthly,2796.020722396377,1,21.0,0,Enterprise,0,New,21.0,1,2796.020722396377,0.5,0.0,1,1,0.29737106,96589.06977034268,28722.79402880795,0
CUST_4680,66,Annual,2843.749429014076,4,1.0,0,SMB,0,Loyal,1.0,4,187687.46231492903,0.0597014925373134,0.0,0,0,0.0057398556,612218.8830012308,3514.047971795494,0
CUST_4681,29,Monthly,3156.816765442578,3,19.0,2,SMB,0,Mid-Tenure,19.0,3,91547.68619783476,0.1,6.313633530885156,0,1,0.28489563,113115.24126179774,32226.037773782293,0
CUST_4682,70,Annual,770.3832075022915,2,11.0,2,SMB,0,Loyal,11.0,2,53926.8245251604,0.028169014084507,1.540766415004583,0,0,0.008108965,159090.7393385433,1290.061256403699,0
CUST_4683,8,Monthly,4878.058870385178,2,7.0,5,SMB,0,New,7.0,2,39024.47096308143,0.2222222222222222,24.39029435192589,0,1,0.13388889,318326.5115382858,42620.38181639477,0
CUST_4684,29,Multi-Year,2594.475367701454,1,17.0,0,SMB,0,Mid-Tenure,17.0,1,75239.78566334218,0.0333333333333333,0.0,0,0,0.020084605,444230.31141746126,8922.190165453885,0
CUST_4685,51,Annual,4669.392983445965,5,24.0,0,Enterprise,0,Loyal,24.0,5,238139.04215574425,0.0961538461538461,0.0,1,0,0.064105675,491059.86577131215,31479.723976258418,0
CUST_4686,33,Monthly,544.1365162128936,5,1.0,2,Enterprise,0,Mid-Tenure,1.0,5,17956.50503502549,0.1470588235294117,1.0882730324257872,1,1,0.18472861,27817.820529074575,5138.74725100456,0
CUST_4687,3,Annual,1614.01278035889,0,15.0,0,SMB,0,New,15.0,0,4842.03834107667,0.0,0.0,0,0,0.25117296,64309.06881631411,16152.699156867133,0
CUST_4688,60,Multi-Year,967.9800664100104,1,7.0,0,SMB,0,Loyal,7.0,1,58078.80398460062,0.0163934426229508,0.0,0,0,0.0070552183,203588.04672582995,1436.3581193375685,0
CUST_4689,35,Annual,3963.272798096472,0,15.0,0,Enterprise,0,Mid-Tenure,15.0,0,138714.5479333765,0.0,0.0,1,0,0.025677254,628448.727980489,16136.8378804794,0
CUST_4690,69,Monthly,1940.5627231762005,1,7.0,0,SMB,0,Loyal,7.0,1,133898.82789915783,0.0142857142857142,0.0,0,1,0.034396615,275920.4561204499,9490.72966651515,0
CUST_4691,20,Annual,4282.216287870861,4,22.0,0,SMB,0,Mid-Tenure,22.0,4,85644.32575741723,0.1904761904761904,0.0,0,0,0.06778646,436269.0955114425,29573.13872860337,0
CUST_4692,39,Monthly,4245.734145721357,3,29.0,0,Enterprise,0,Loyal,29.0,3,165583.63168313293,0.075,0.0,1,1,0.01810871,748051.3357881989,13546.245188613051,0
CUST_4693,4,Monthly,3505.076567629564,6,12.0,0,Enterprise,0,New,12.0,6,14020.306270518256,1.2,0.0,1,1,0.38673884,96306.79509752998,37245.57790861181,0
CUST_4694,19,Monthly,3496.018115947897,4,25.0,15,SMB,0,Mid-Tenure,25.0,4,66424.34420301004,0.2,52.44027173921846,0,1,0.27984813,127186.4602012386,35592.89286513208,0
CUST_4695,45,Annual,3650.7186143291074,0,5.0,0,SMB,0,Loyal,5.0,0,164282.33764480983,0.0,0.0,0,0,0.008392369,750245.702984709,6296.339061178754,0
CUST_4696,43,Monthly,3531.937255833985,2,0.0,0,SMB,0,Loyal,0.0,2,151873.30200086135,0.0454545454545454,0.0,0,1,0.059323106,387687.9128941409,22998.85113645077,0
CUST_4697,13,Multi-Year,2241.0876095795707,4,1.0,0,Enterprise,0,Mid-Tenure,1.0,4,29134.138924534414,0.2857142857142857,0.0,1,0,0.01737923,399129.6992499301,6936.5667985205455,0
CUST_4698,13,Monthly,3572.7244005584566,2,6.0,0,Enterprise,0,Mid-Tenure,6.0,2,46445.41720725994,0.1428571428571428,0.0,1,1,0.22401188,156462.89781948406,35049.54838202305,0
CUST_4699,60,Monthly,4538.331361365614,1,12.0,5,SMB,0,Loyal,12.0,1,272299.8816819368,0.0163934426229508,22.691656806828068,0,1,0.14724156,276108.0192228172,40654.576198112525,0
CUST_4700,57,Monthly,1996.5807134448064,4,26.0,2,Enterprise,0,Loyal,26.0,4,113805.10066635396,0.0689655172413793,3.9931614268896127,1,1,0.033314705,287571.91720907146,9580.373557915203,0
CUST_4701,52,Monthly,4752.000617967291,0,3.0,2,Enterprise,0,Loyal,3.0,0,247104.03213429917,0.0,9.504001235934584,1,1,0.21877809,212160.18138259646,46415.99897876428,0
CUST_4702,53,Annual,561.1171455444638,5,8.0,5,SMB,0,Loyal,8.0,5,29739.208713856584,0.0925925925925925,2.805585727722319,0,0,0.12353684,38801.01688505096,4793.35501791706,0
CUST_4703,43,Monthly,2070.871422193567,3,18.0,5,SMB,0,Loyal,18.0,3,89047.47115432339,0.0681818181818181,10.354357110967834,0,1,0.040933363,273282.04947724903,11186.353370794393,0
CUST_4704,42,Monthly,1094.442807779331,2,19.0,0,SMB,0,Loyal,19.0,2,45966.5979267319,0.0465116279069767,0.0,0,1,0.12305038,75893.00967987803,9338.663435536862,0
CUST_4705,26,Monthly,1069.7892307026063,1,2.0,0,Enterprise,0,Mid-Tenure,2.0,1,27814.51999826777,0.037037037037037,0.0,1,1,0.1971576,51940.42419299144,10240.44971357623,0
CUST_4706,23,Monthly,4169.432723052058,2,22.0,0,SMB,1,Mid-Tenure,22.0,2,95896.95263019732,0.0833333333333333,0.0,0,1,0.30936193,139227.85412421913,43071.798310688384,0
CUST_4707,43,Monthly,4632.657416375553,2,1.0,0,SMB,0,Loyal,1.0,2,199204.2689041488,0.0454545454545454,0.0,0,1,0.0803045,426630.61367788556,34260.35958407067,0
CUST_4708,28,Annual,3999.912144048435,2,15.0,0,SMB,1,Mid-Tenure,15.0,2,111997.54003335618,0.0689655172413793,0.0,0,0,0.04565385,501798.3834865225,22909.02804973082,0
CUST_4709,9,Annual,4894.770735466519,3,9.0,0,SMB,0,New,9.0,3,44052.93661919867,0.3,0.0,0,0,0.012557804,938927.636830322,11790.868907860044,0
CUST_4710,20,Annual,1473.4803657482184,1,27.0,0,SMB,1,Mid-Tenure,27.0,1,29469.60731496437,0.0476190476190476,0.0,0,0,0.05584751,167049.41637879732,9329.29406788481,0
CUST_4711,56,Annual,1133.5996049436071,3,11.0,0,SMB,0,Loyal,11.0,3,63481.577876842,0.0526315789473684,0.0,0,0,0.010057167,226504.11178268166,2277.9897123788805,0
CUST_4712,39,Annual,2843.167019178261,0,17.0,0,SMB,0,Loyal,17.0,0,110883.51374795218,0.0,0.0,0,0,0.007835979,589909.663376752,4622.519522992202,0
CUST_4713,51,Multi-Year,4230.669266341781,5,1.0,0,SMB,0,Loyal,1.0,5,215764.1325834308,0.0961538461538461,0.0,0,0,0.0361483,589309.7324296964,21302.54413554658,0
CUST_4714,12,Monthly,679.2759087712686,1,13.0,2,SMB,0,New,13.0,1,8151.310905255224,0.0769230769230769,1.3585518175425373,0,1,0.19535331,33222.74666706729,6490.17367091336,0
CUST_4715,55,Monthly,4980.045474499469,2,11.0,0,SMB,0,Loyal,11.0,2,273902.50109747075,0.0357142857142857,0.0,0,1,0.1889082,250140.20167483576,47253.53635572773,0
CUST_4716,11,Monthly,3210.1066814239525,2,19.0,10,SMB,1,New,19.0,2,35311.173495663475,0.1666666666666666,32.10106681423952,0,1,0.569425,62188.77225521672,35411.84082297866,1
CUST_4717,26,Monthly,4905.238154816198,1,23.0,2,SMB,0,Mid-Tenure,23.0,1,127536.19202522116,0.037037037037037,9.810476309632396,0,1,0.22664146,212776.70463882675,48224.02325997704,0
CUST_4718,42,Monthly,2142.867349551996,3,23.0,0,SMB,1,Loyal,23.0,3,90000.42868118384,0.0697674418604651,0.0,0,1,0.04105189,282414.8711928986,11593.664424563549,0
CUST_4719,27,Annual,2561.107192401152,2,23.0,0,SMB,0,Mid-Tenure,23.0,2,69149.89419483111,0.0714285714285714,0.0,0,0,0.014544536,476156.28108745185,6925.472343132253,0
CUST_4720,11,Monthly,3885.6264907882646,5,7.0,0,SMB,0,New,7.0,5,42741.89139867091,0.4166666666666667,0.0,0,1,0.32511616,124301.54092662409,40412.43936133813,0
CUST_4721,38,Multi-Year,4067.152027525934,3,22.0,2,SMB,0,Loyal,22.0,3,154551.77704598548,0.0769230769230769,8.134304055051867,0,0,0.008072451,840429.8952070095,6784.328943791671,0
CUST_4722,43,Monthly,1548.6487400760811,1,21.0,0,SMB,0,Loyal,21.0,1,66591.8958232715,0.0227272727272727,0.0,0,1,0.113140695,113912.62244410375,12888.15324947868,0
CUST_4723,19,Monthly,4684.1048883847525,3,27.0,0,SMB,1,Mid-Tenure,27.0,3,88997.9928793103,0.15,0.0,0,1,0.22303966,205864.80678054795,45916.01586748989,0
CUST_4724,64,Multi-Year,4403.404048256279,2,6.0,0,SMB,0,Loyal,6.0,2,281817.85908840183,0.0307692307692307,0.0,0,0,0.0068443837,929570.2643933647,6362.3355325530665,0
CUST_4725,6,Multi-Year,581.9238639643936,2,12.0,0,SMB,0,New,12.0,2,3491.5431837863616,0.2857142857142857,0.0,0,0,0.02803244,89489.52818794848,2508.609891500405,0
CUST_4726,46,Monthly,1078.556476348324,3,14.0,10,SMB,1,Loyal,14.0,3,49613.5979120229,0.0638297872340425,10.785564763483238,0,1,0.63730574,18831.03370680264,12001.12580635634,1
CUST_4727,42,Annual,2732.436978831803,3,13.0,0,SMB,0,Loyal,13.0,3,114762.35311093571,0.0697674418604651,0.0,0,0,0.0061756433,583691.4465099706,3604.6701701915613,0
CUST_4728,65,Multi-Year,2574.299813509322,3,4.0,0,SMB,0,Loyal,4.0,3,167329.48787810595,0.0454545454545454,0.0,0,0,0.003938509,572718.8031003973,2255.658247155138,0
CUST_4729,59,Monthly,3687.758847656759,4,7.0,0,Enterprise,0,Loyal,7.0,4,217577.7720117488,0.0666666666666666,0.0,1,1,0.045765694,462097.6873090035,21148.22146214133,0
CUST_4730,52,Monthly,903.7011922386532,4,17.0,2,SMB,0,Loyal,17.0,4,46992.46199640997,0.0754716981132075,1.8074023844773064,0,1,0.057222664,101139.2010578394,5787.454555390177,0
CUST_4731,47,Multi-Year,3401.848880137069,4,4.0,2,SMB,0,Loyal,4.0,4,159886.89736644225,0.0833333333333333,6.803697760274138,0,0,0.012169356,656628.7281506023,7990.749053355025,0
CUST_4732,7,Annual,3273.6646901056206,3,22.0,0,Enterprise,0,New,22.0,3,22915.652830739346,0.375,0.0,1,0,0.057089824,366832.0149986997,20942.37525802131,0
CUST_4733,11,Monthly,1551.2881931511995,2,8.0,0,SMB,0,New,8.0,2,17064.170124663193,0.1666666666666666,0.0,0,1,0.29263854,54329.72500874029,15898.971419716589,0
CUST_4734,61,Annual,2940.772839207797,1,9.0,0,SMB,0,Loyal,9.0,1,179387.14319167563,0.0161290322580645,0.0,0,0,0.00718716,617083.8458617337,4435.080455587417,0
CUST_4735,68,Monthly,1499.932431481919,2,16.0,0,SMB,0,Loyal,16.0,2,101995.40534077048,0.0289855072463768,0.0,0,1,0.05818945,166367.3250181859,9680.823422687,0
CUST_4736,25,Multi-Year,1161.1536219527284,3,26.0,10,SMB,0,Mid-Tenure,26.0,3,29028.84054881821,0.1153846153846153,11.611536219527284,0,0,0.2751675,42851.27869893433,11791.279017658975,0
CUST_4737,12,Monthly,3079.107205943317,2,24.0,0,SMB,0,New,24.0,2,36949.2864713198,0.1538461538461538,0.0,0,1,0.24937803,123420.16396963605,30778.276801554992,0
CUST_4738,26,Multi-Year,4898.634252352566,5,2.0,0,SMB,0,Mid-Tenure,2.0,5,127364.49056116672,0.1851851851851851,0.0,0,0,0.113808475,358855.72628642904,40840.82310969924,0
CUST_4739,12,Annual,1566.2000712728527,1,0.0,0,SMB,0,New,0.0,1,18794.40085527423,0.0769230769230769,0.0,0,0,0.017821016,277117.64434197365,4938.517915534977,0
CUST_4740,43,Monthly,2099.0126720981834,2,6.0,0,SMB,0,Loyal,6.0,2,90257.54490022188,0.0454545454545454,0.0,0,1,0.04738056,258656.87288797967,12255.30726449289,0
CUST_4741,51,Monthly,1654.5795169552102,4,14.0,0,SMB,0,Loyal,14.0,4,84383.55536471572,0.0769230769230769,0.0,0,1,0.050773963,197024.64936498363,10003.722322392554,0
CUST_4742,37,Annual,1699.0691974092265,4,18.0,0,Enterprise,0,Loyal,18.0,4,62865.56030414138,0.1052631578947368,0.0,1,0,0.01166001,330665.37367327017,3855.5614388823087,0
CUST_4743,46,Multi-Year,2318.864603840063,1,7.0,0,SMB,0,Loyal,7.0,1,106667.7717766429,0.0212765957446808,0.0,0,0,0.006449988,492938.55902760464,3179.447845602294,0
CUST_4744,53,Monthly,3658.3497979277904,5,10.0,5,SMB,0,Loyal,10.0,5,193892.5392901729,0.0925925925925925,18.291748989638958,0,1,0.30533746,123545.08372004316,37722.94191635916,0
CUST_4745,13,Monthly,674.6203581392531,2,1.0,0,Enterprise,0,Mid-Tenure,1.0,2,8770.06465581029,0.1428571428571428,0.0,1,1,0.16889955,36982.46236526512,6246.3212896241075,0
CUST_4746,54,Annual,4807.058880585021,4,19.0,0,Enterprise,0,Loyal,19.0,4,259581.17955159117,0.0727272727272727,0.0,1,0,0.02028868,820682.7352817148,16650.569191478233,0
CUST_4747,57,Annual,708.2594577016138,1,27.0,0,Enterprise,0,Loyal,27.0,1,40370.78908899199,0.0172413793103448,0.0,1,0,0.0076078423,147533.96122225033,1122.4151152829174,0
CUST_4748,4,Monthly,4465.639318750518,6,1.0,0,SMB,1,New,1.0,6,17862.557275002073,1.2,0.0,0,1,0.5429925,90368.21413327903,49069.2600410692,1
CUST_4749,49,Annual,4524.701444428995,0,10.0,0,Enterprise,0,Loyal,10.0,0,221710.37077702075,0.0,0.0,1,0,0.007570249,943133.2750000305,7139.753758818678,0
CUST_4750,7,Annual,2860.201344161854,6,19.0,0,SMB,0,New,19.0,6,20021.40940913298,0.75,0.0,0,0,0.2066167,133749.7309264609,27634.92798919816,0
CUST_4751,11,Monthly,1116.4857287853536,2,27.0,0,SMB,1,New,27.0,2,12281.34301663889,0.1666666666666666,0.0,0,1,0.3583671,32808.29633791485,11757.413537423128,0
CUST_4752,54,Monthly,3043.156867506247,0,16.0,0,Enterprise,0,Loyal,16.0,0,164330.47084533735,0.0,0.0,1,1,0.061143063,328566.443578957,20089.558762320652,0
CUST_4753,45,Monthly,3328.844719562824,4,28.0,0,SMB,0,Loyal,28.0,4,149798.0123803271,0.0869565217391304,0.0,0,1,0.031139001,492317.35030559625,15330.270586694112,0
CUST_4754,23,Annual,4359.915310132001,4,9.0,0,SMB,0,Mid-Tenure,9.0,4,100278.05213303602,0.1666666666666666,0.0,0,0,0.06502354,454854.5838303143,29576.25588564059,0
CUST_4755,28,Annual,2979.029190963064,5,4.0,5,Enterprise,0,Mid-Tenure,4.0,5,83412.81734696579,0.1724137931034483,14.89514595481532,1,0,0.27390975,110365.15338212784,30230.091306795224,0
CUST_4756,57,Annual,2348.192281565022,4,2.0,0,SMB,0,Loyal,2.0,4,133846.96004920625,0.0689655172413793,0.0,0,0,0.0065265144,498497.15771965525,3253.4488892573486,0
CUST_4757,26,Monthly,4272.310372343512,3,8.0,0,SMB,1,Mid-Tenure,8.0,3,111080.06968093132,0.1111111111111111,0.0,0,1,0.56228554,83731.72304808878,47081.13731755779,1
CUST_4758,25,Monthly,4914.283088086785,1,19.0,0,SMB,0,Mid-Tenure,19.0,1,122857.07720216965,0.0384615384615384,0.0,0,1,0.21160518,225421.37184069978,47700.32913681448,0
CUST_4759,54,Multi-Year,3402.9644232107,3,21.0,0,SMB,0,Loyal,21.0,3,183760.07885337775,0.0545454545454545,0.0,0,0,0.009075988,691238.0797659802,6273.6685752168805,0
CUST_4760,29,Monthly,4434.741667862643,1,24.0,2,SMB,1,Mid-Tenure,24.0,1,128607.50836801666,0.0333333333333333,8.869483335725286,0,1,0.39864808,118616.12830167582,47286.09218525349,0
CUST_4761,36,Annual,3194.308007730789,3,1.0,0,SMB,0,Mid-Tenure,1.0,3,114995.0882783084,0.081081081081081,0.0,0,0,0.027701205,493321.7807933139,13665.607604433822,0
CUST_4762,14,Annual,3604.045961346376,2,22.0,0,SMB,0,Mid-Tenure,22.0,2,50456.64345884926,0.1333333333333333,0.0,0,0,0.03431067,512966.55249253905,17600.225440289018,0
CUST_4763,35,Monthly,3596.7520289701347,2,18.0,0,SMB,0,Mid-Tenure,18.0,2,125886.32101395472,0.0555555555555555,0.0,0,1,0.2554165,141318.56300501272,36095.09451274243,0
CUST_4764,30,Monthly,3671.541440781194,0,16.0,0,SMB,0,Mid-Tenure,16.0,0,110146.24322343584,0.0,0.0,0,1,0.33672768,113926.40958810045,38362.17545186067,0
CUST_4765,17,Monthly,1944.560497678852,4,24.0,0,SMB,0,Mid-Tenure,24.0,4,33057.528460540474,0.2222222222222222,0.0,0,1,0.29715788,67216.46337372424,19973.902002177325,0
CUST_4766,67,Monthly,3090.476283222705,4,24.0,0,Enterprise,0,Loyal,24.0,4,207061.9109759213,0.0588235294117647,0.0,1,1,0.052422408,362085.95216423884,18981.41752068546,0
CUST_4767,30,Annual,3173.61012788208,2,11.0,0,SMB,0,Mid-Tenure,11.0,2,95208.3038364624,0.064516129032258,0.0,0,0,0.028488293,485210.2317965571,13822.81139079628,0
CUST_4768,45,Monthly,1917.822320209544,3,26.0,0,Enterprise,0,Loyal,26.0,3,86302.00440942947,0.0652173913043478,0.0,1,1,0.026986536,298933.66975018784,8067.184132282194,0
CUST_4769,51,Monthly,2074.3356546664863,1,19.0,10,Enterprise,0,Loyal,19.0,1,105791.1183879908,0.0192307692307692,20.743356546664867,1,1,0.49567655,45616.819699072905,22611.18768673649,0
CUST_4770,47,Annual,3930.110442575216,2,8.0,0,SMB,0,Loyal,8.0,2,184715.19080103515,0.0416666666666666,0.0,0,0,0.0059073293,843562.4474277531,4983.201132568811,0
CUST_4771,53,Monthly,3122.257282777621,4,22.0,0,SMB,0,Loyal,22.0,4,165479.63598721393,0.074074074074074,0.0,0,1,0.1016382,247082.1247472374,25112.9818923317,0
CUST_4772,64,Annual,1171.4501658342588,3,3.0,0,Enterprise,0,Loyal,3.0,3,74972.81061339256,0.0461538461538461,0.0,1,0,0.007544298,244288.35460275528,1842.984191619964,0
CUST_4773,38,Monthly,4269.366449072925,2,27.0,2,SMB,0,Loyal,27.0,2,162235.92506477117,0.0512820512820512,8.53873289814585,0,1,0.12003774,301300.14343687997,36167.38887011451,0
CUST_4774,64,Monthly,4474.014291834439,0,17.0,0,SMB,0,Loyal,17.0,0,286336.9146774041,0.0,0.0,0,1,0.108116925,339547.28498868056,36710.808264509,0
CUST_4775,7,Monthly,2597.6351658101635,3,15.0,2,SMB,0,New,15.0,3,18183.446160671145,0.375,5.195270331620327,0,1,0.19171618,128959.60241699897,24723.64225320158,0
CUST_4776,22,Monthly,1440.0834441031711,5,28.0,0,SMB,0,Mid-Tenure,28.0,5,31681.835770269765,0.217391304347826,0.0,0,1,0.38134828,40062.755710003694,15277.863066152602,0
CUST_4777,41,Multi-Year,4764.2292293220735,0,20.0,0,SMB,0,Loyal,20.0,0,195333.398402205,0.0,0.0,0,0,0.008857865,971335.7788018353,8603.96108807156,0
CUST_4778,10,Annual,4470.213040338093,4,23.0,2,SMB,0,New,23.0,4,44702.130403380936,0.3636363636363636,8.940426080676186,0,0,0.030614728,665418.7889456743,20371.615301558686,0
CUST_4779,57,Monthly,1599.7178585382733,2,9.0,5,SMB,0,Loyal,9.0,2,91183.91793668158,0.0344827586206896,7.998589292691366,0,1,0.06707532,163968.0646355656,10998.21033768663,0
CUST_4780,7,Monthly,930.1718133621384,2,25.0,0,SMB,0,New,25.0,2,6511.2026935349695,0.25,0.0,0,1,0.2663479,35284.13453775511,9397.854612838244,0
CUST_4781,50,Monthly,2482.9412339709806,2,21.0,0,Enterprise,0,Loyal,21.0,2,124147.06169854903,0.0392156862745098,0.0,1,1,0.06668935,255338.58694051488,17028.36431917359,0
CUST_4782,52,Monthly,3543.786439221828,2,11.0,0,SMB,0,Loyal,11.0,2,184276.89483953503,0.0377358490566037,0.0,0,1,0.09416617,294975.1443991958,27776.67873206049,0
CUST_4783,33,Monthly,1289.2486334897485,2,29.0,0,SMB,0,Mid-Tenure,29.0,2,42545.2049051617,0.0588235294117647,0.0,0,1,0.124931686,88440.14251112018,11048.976080962726,0
CUST_4784,1,Annual,2809.456962942866,3,27.0,5,SMB,0,New,27.0,3,2809.456962942866,1.5,14.047284814714333,0,0,0.014370991,523737.22480148217,7526.622900562244,0
CUST_4785,53,Multi-Year,2414.369724226325,2,10.0,0,SMB,0,Loyal,10.0,2,127961.59538399524,0.037037037037037,0.0,0,0,0.005426012,522722.73011327523,2836.2997955933556,0
CUST_4786,60,Monthly,4507.480169462595,4,4.0,0,SMB,0,Loyal,4.0,4,270448.8101677557,0.0655737704918032,0.0,0,1,0.073201075,439036.4552891582,32137.940577523823,0
CUST_4787,34,Annual,2433.0498476320786,0,19.0,0,Enterprise,0,Mid-Tenure,19.0,0,82723.69481949067,0.0,0.0,1,0,0.013604842,459031.02882558573,6245.0446782770505,0
CUST_4788,4,Multi-Year,2901.9937718076694,0,10.0,0,Enterprise,1,New,10.0,0,11607.975087230678,0.0,0.0,1,0,0.15644993,168679.76634025728,26389.93744738405,0
CUST_4789,17,Monthly,4798.7878820082005,1,15.0,0,SMB,0,Mid-Tenure,15.0,1,81579.3939941394,0.0555555555555555,0.0,0,1,0.19989039,230442.85641397344,46063.31245017297,0
CUST_4790,4,Multi-Year,1848.6129464355408,1,14.0,0,SMB,0,New,14.0,1,7394.451785742163,0.2,0.0,0,0,0.110636264,138096.81079823012,15278.515228875553,0
CUST_4791,43,Annual,1800.459193738736,0,5.0,0,SMB,0,Loyal,5.0,0,77419.74533076565,0.0,0.0,0,0,0.008654947,368349.3152374953,3188.0439454964094,0
CUST_4792,4,Monthly,4098.177859739192,2,12.0,2,SMB,0,New,12.0,2,16392.71143895677,0.4,8.196355719478385,0,1,0.22901052,176259.05933133067,40365.179249132045,0
CUST_4793,1,Multi-Year,1748.9254376478589,3,15.0,0,SMB,0,New,15.0,3,1748.9254376478589,1.5,0.0,0,0,0.006509504,371390.70491270156,2417.569210604772,0
CUST_4794,71,Monthly,4243.396415329422,2,26.0,0,SMB,0,Loyal,26.0,2,301281.1454883889,0.0277777777777777,0.0,0,1,0.030399041,633350.2805562752,19253.241304549745,0
CUST_4795,50,Monthly,929.9102421274024,2,2.0,0,SMB,1,Loyal,2.0,2,46495.51210637012,0.0392156862745098,0.0,0,1,0.091043405,79116.93945045362,7203.075579325867,0
CUST_4796,61,Annual,1000.675612892608,2,17.0,0,SMB,0,Loyal,17.0,2,61041.212386449086,0.032258064516129,0.0,0,0,0.0055963853,215987.19632697877,1208.747578593108,0
CUST_4797,35,Monthly,4555.9551837324725,2,0.0,0,SMB,0,Mid-Tenure,0.0,2,159458.43143063653,0.0555555555555555,0.0,0,1,0.16182302,258099.72463158597,41766.47674240749,0
CUST_4798,8,Monthly,2933.6552711709587,1,24.0,15,Enterprise,1,New,24.0,1,23469.24216936767,0.1111111111111111,44.00482906756438,1,1,0.7336596,44922.38925303288,32957.74325588325,1
CUST_4799,24,Monthly,3734.6642001240734,2,16.0,2,Enterprise,0,Mid-Tenure,16.0,2,89631.94080297777,0.08,7.469328400248147,1,1,0.24872486,150024.24106433938,37314.758795379,0
CUST_4800,36,Annual,1513.8000133814494,2,26.0,2,Enterprise,0,Mid-Tenure,26.0,2,54496.80048173218,0.054054054054054,3.027600026762898,1,0,0.039355032,203296.88004692167,8000.755249423436,0
CUST_4801,50,Annual,1248.2346577194874,3,19.0,0,SMB,0,Loyal,19.0,3,62411.732885974365,0.0588235294117647,0.0,0,0,0.008522477,255949.79005575564,2181.3261991486106,0
CUST_4802,43,Annual,4257.294180046881,5,5.0,2,SMB,0,Loyal,5.0,5,183063.64974201587,0.1136363636363636,8.51458836009376,0,0,0.04925505,514709.6040923473,25352.047655013972,0
CUST_4803,27,Multi-Year,2113.80533160462,1,8.0,0,SMB,0,Mid-Tenure,8.0,1,57072.74395332474,0.0357142857142857,0.0,0,0,0.020126445,361713.24960669223,7280.0019031668835,0
CUST_4804,32,Monthly,2547.6467860489747,3,3.0,0,SMB,0,Mid-Tenure,3.0,3,81524.69715356719,0.0909090909090909,0.0,0,1,0.12943317,170379.65693303864,22052.779093706715,0
CUST_4805,18,Monthly,625.8735377391154,4,6.0,0,SMB,0,Mid-Tenure,6.0,4,11265.723679304076,0.2105263157894736,0.0,0,1,0.3902151,17060.93741212604,6657.43537888086,0
CUST_4806,28,Annual,2236.4633038683487,4,22.0,0,SMB,0,Mid-Tenure,22.0,4,62620.97250831376,0.1379310344827586,0.0,0,0,0.019210218,387768.7578687294,7449.12218634907,0
CUST_4807,29,Annual,3966.970136562403,2,28.0,0,SMB,0,Mid-Tenure,28.0,2,115042.13396030969,0.0666666666666666,0.0,0,0,0.020320274,676954.6810353665,13755.90456075726,0
CUST_4808,16,Monthly,4195.738297787762,3,29.0,0,Enterprise,0,Mid-Tenure,29.0,3,67131.8127646042,0.1764705882352941,0.0,1,1,0.13308714,274999.4318824203,36598.88879889431,0
CUST_4809,47,Monthly,3644.396549971438,1,21.0,0,SMB,0,Loyal,21.0,1,171286.63784865758,0.0208333333333333,0.0,0,1,0.10667942,279122.54293127405,29776.630205318557,0
CUST_4810,59,Multi-Year,3614.80880094684,3,24.0,0,SMB,0,Loyal,24.0,3,213273.7192558636,0.05,0.0,0,0,0.011852138,701312.9484397138,8312.057666857527,0
CUST_4811,31,Multi-Year,2778.0766996872107,3,10.0,0,SMB,0,Mid-Tenure,10.0,3,86120.37769030353,0.09375,0.0,0,0,0.013156679,527844.7312330779,6944.683932911372,0
CUST_4812,4,Annual,2922.4819816692034,4,25.0,10,SMB,0,New,25.0,4,11689.927926676814,0.8,29.224819816692037,0,0,0.55618787,57852.99398886321,32177.13339092585,1
CUST_4813,37,Monthly,3841.8428606591456,2,22.0,2,SMB,0,Loyal,22.0,2,142148.18584438838,0.0526315789473684,7.683685721318291,0,1,0.08447518,342829.89701720624,28960.617944480364,0
CUST_4814,17,Multi-Year,1612.8580947247528,2,2.0,0,Enterprise,0,Mid-Tenure,2.0,2,27418.5876103208,0.1111111111111111,0.0,1,0,0.023791427,262283.8084849536,6240.106028491027,0
CUST_4815,39,Multi-Year,1541.826807107252,4,15.0,0,SMB,0,Loyal,15.0,4,60131.245477182834,0.1,0.0,0,0,0.006033923,330191.4321043624,1992.3496802997468,0
CUST_4816,48,Annual,4774.661707613246,3,5.0,0,Enterprise,0,Loyal,5.0,3,229183.7619654358,0.0612244897959183,0.0,1,0,0.008730066,975581.0705955235,8516.887143298918,0
CUST_4817,46,Multi-Year,624.6044904144892,2,6.0,0,SMB,0,Loyal,6.0,2,28731.806559066503,0.0425531914893617,0.0,0,0,0.010987139,122898.92203704028,1350.3075770964838,0
CUST_4818,48,Multi-Year,1127.594586493317,3,11.0,10,SMB,0,Loyal,11.0,3,54124.54015167921,0.0612244897959183,11.275945864933169,0,0,0.1324779,74152.1886884928,9823.525824485907,0
CUST_4819,39,Multi-Year,3066.495917905616,0,6.0,0,Enterprise,0,Loyal,6.0,0,119593.34079831904,0.0,0.0,1,0,0.010429301,608942.1909103955,6350.841582771933,0
CUST_4820,4,Multi-Year,3820.256774142568,6,28.0,2,Enterprise,1,New,28.0,6,15281.027096570271,1.2,7.640513548285136,1,0,0.22798987,164909.18255961043,37597.62265319795,0
CUST_4821,30,Annual,2920.509873432553,4,21.0,2,Enterprise,0,Mid-Tenure,21.0,4,87615.29620297659,0.1290322580645161,5.841019746865106,1,0,0.026002921,461115.38718630024,11990.347060529208,0
CUST_4822,30,Annual,2097.787982741979,4,18.0,0,SMB,0,Mid-Tenure,18.0,4,62933.639482259365,0.1290322580645161,0.0,0,0,0.018220864,368999.3438976874,6723.486948463768,0
CUST_4823,22,Monthly,4900.892537088354,3,21.0,10,SMB,0,Mid-Tenure,21.0,3,107819.6358159438,0.1304347826086956,49.008925370883546,0,1,0.57046276,94785.23578343762,54071.447525960306,1
CUST_4824,66,Annual,3667.337083097806,0,15.0,0,SMB,0,Loyal,15.0,0,242044.2474844552,0.0,0.0,0,0,0.005819736,788395.8075325723,4588.255501646033,0
CUST_4825,12,Annual,4241.258784801856,3,17.0,0,SMB,0,New,17.0,3,50895.10541762227,0.2307692307692307,0.0,0,0,0.046432108,527781.754555568,24506.01926275607,0
CUST_4826,36,Multi-Year,681.1109338469182,1,9.0,5,SMB,0,Mid-Tenure,9.0,1,24519.99361848905,0.027027027027027,3.4055546692345917,0,0,0.08457961,60732.31283021009,5136.715293157919,0
CUST_4827,18,Monthly,1561.6404971302263,3,28.0,0,SMB,0,Mid-Tenure,28.0,3,28109.528948344072,0.1578947368421052,0.0,0,1,0.1583384,89948.30735377735,14242.270865940693,0
CUST_4828,53,Annual,2183.76992116211,1,0.0,0,Enterprise,0,Loyal,0.0,1,115739.80582159184,0.0185185185185185,0.0,1,0,0.0058241882,469424.4354716857,2734.016274834216,0
CUST_4829,71,Monthly,1321.7062913702512,3,7.0,0,SMB,0,Loyal,7.0,3,93841.14668728784,0.0416666666666666,0.0,0,1,0.1254502,90398.73604540061,11340.538963582212,0
CUST_4830,1,Annual,828.0467271911624,2,2.0,2,SMB,0,New,2.0,2,828.0467271911624,1.0,1.656093454382325,0,0,0.01372922,155918.44464122772,2140.6386684850036,0
CUST_4831,58,Annual,1512.912490676061,2,29.0,0,SMB,0,Loyal,29.0,2,87748.92445921154,0.0338983050847457,0.0,0,0,0.014755251,280362.57922849373,4136.820195585649,0
CUST_4832,6,Monthly,2901.360340566692,4,15.0,5,SMB,1,New,15.0,4,17408.162043400152,0.5714285714285714,14.506801702833458,0,1,0.3604962,84815.21547572337,30575.56230193798,0
CUST_4833,70,Annual,3630.853617605173,4,23.0,0,Enterprise,0,Loyal,23.0,4,254159.7532323621,0.056338028169014,0.0,1,0,0.007627419,756067.9057231909,5766.846857644935,0
CUST_4834,44,Monthly,3983.094153342865,5,2.0,0,SMB,0,Loyal,2.0,5,175256.1427470861,0.1111111111111111,0.0,0,1,0.24818431,160293.91544023342,39782.4345458158,0
CUST_4835,24,Monthly,693.2126969047268,2,1.0,0,Enterprise,0,Mid-Tenure,1.0,2,16637.104725713445,0.08,0.0,1,1,0.18293566,35711.80403921703,6532.962267325341,0
CUST_4836,19,Annual,2425.93777495666,4,11.0,0,Enterprise,0,Mid-Tenure,11.0,4,46092.817724176544,0.2,0.0,1,0,0.04767477,298042.7049960387,14209.117827618866,0
CUST_4837,18,Monthly,1049.9521261341529,1,7.0,0,Enterprise,0,Mid-Tenure,7.0,1,18899.13827041475,0.0526315789473684,0.0,1,1,0.22229397,46271.405953754074,10285.854664323986,0
CUST_4838,30,Monthly,2440.401739001023,1,18.0,5,Enterprise,1,Mid-Tenure,18.0,1,73212.05217003069,0.032258064516129,12.202008695005116,1,1,0.36738855,70162.01158251805,25776.719452490015,0
CUST_4839,42,Monthly,2452.891321041328,1,23.0,0,SMB,0,Loyal,23.0,1,103021.43548373575,0.0232558139534883,0.0,0,1,0.083065726,221204.18066140945,18374.485830565714,0
CUST_4840,33,Monthly,2741.952590205097,4,17.0,2,SMB,0,Mid-Tenure,17.0,4,90484.4354767682,0.1176470588235294,5.4839051804101935,0,1,0.28320658,98747.83895608157,27966.03795749111,0
CUST_4841,12,Annual,4517.737818184578,2,19.0,0,SMB,0,New,19.0,2,54212.853818214935,0.1538461538461538,0.0,0,0,0.025673846,716401.4381613502,18392.780041985094,0
CUST_4842,27,Monthly,4122.929761808402,2,24.0,0,SMB,0,Mid-Tenure,24.0,2,111319.10356882686,0.0714285714285714,0.0,0,1,0.32044068,133557.56602597222,42797.27724827196,0
CUST_4843,39,Multi-Year,3365.243803113763,0,14.0,0,Enterprise,0,Loyal,14.0,0,131244.50832143676,0.0,0.0,1,0,0.009697979,676453.8239983595,6560.235193443244,0
CUST_4844,9,Monthly,4484.332953200888,0,16.0,0,SMB,0,New,16.0,0,40358.99657880799,0.0,0.0,0,1,0.12938356,299982.86985657614,38812.85283960047,0
CUST_4845,21,Monthly,3553.108774270805,3,17.0,0,SMB,0,Mid-Tenure,17.0,3,74615.2842596869,0.1363636363636363,0.0,0,1,0.2697334,133352.67386686595,35969.670008218614,0
CUST_4846,29,Monthly,4184.847323433838,2,17.0,0,SMB,1,Mid-Tenure,17.0,2,121360.57237958132,0.0666666666666666,0.0,0,1,0.26298314,160450.06588615096,42195.66267418467,0
CUST_4847,33,Annual,3037.00235442857,1,8.0,2,SMB,0,Mid-Tenure,8.0,1,100221.0776961428,0.0294117647058823,6.07400470885714,0,0,0.03741899,416889.15580285585,15599.571705426548,0
CUST_4848,62,Annual,2863.482132339053,6,25.0,0,SMB,0,Loyal,25.0,6,177535.8922050213,0.0952380952380952,0.0,0,0,0.08627037,252158.8850487819,21753.84020839148,0
CUST_4849,15,Multi-Year,3758.437592475731,5,4.0,0,SMB,1,Mid-Tenure,4.0,5,56376.56388713596,0.3125,0.0,0,0,0.439259,92182.77167374117,40492.11142711744,0
CUST_4850,2,Annual,588.6019038908798,4,10.0,5,SMB,0,New,10.0,4,1177.2038077817597,1.3333333333333333,2.943009519454399,0,0,0.013353389,111489.2652509987,1488.759501074648,0
CUST_4851,52,Monthly,3606.6990723414056,4,28.0,10,SMB,0,Loyal,28.0,4,187548.3517617531,0.0754716981132075,36.06699072341406,0,1,0.42185286,91724.33131240352,38694.17120903746,0
CUST_4852,44,Annual,4705.331982819641,2,3.0,5,SMB,0,Loyal,3.0,2,207034.6072440642,0.0444444444444444,23.526659914098204,0,0,0.015987363,855678.7365818644,13680.046327212136,0
CUST_4853,54,Multi-Year,3712.7393592203935,1,25.0,2,SMB,0,Loyal,25.0,1,200487.92539790124,0.0181818181818181,7.425478718440787,0,0,0.011602534,723231.1763751857,8391.31430015926,0
CUST_4854,18,Monthly,665.5717593374833,1,9.0,0,SMB,0,Mid-Tenure,9.0,1,11980.291668074698,0.0526315789473684,0.0,0,1,0.25455493,26224.69736065787,6675.625931394151,0
CUST_4855,3,Monthly,2200.485383477257,6,3.0,5,SMB,1,New,3.0,6,6601.456150431772,1.5,11.002426917386284,0,1,0.736374,33579.21740862443,24726.8633310004,1
CUST_4856,7,Annual,4143.115860220787,4,22.0,2,Enterprise,0,New,22.0,4,29001.81102154551,0.5,8.286231720441574,1,0,0.036092162,577490.340727232,20842.87500734317,0
CUST_4857,43,Monthly,4813.73847519989,6,2.0,10,SMB,1,Loyal,2.0,6,206990.75443359528,0.1363636363636363,48.1373847519989,0,1,0.76798457,70618.52147900932,54233.93478660983,1
CUST_4858,38,Multi-Year,2165.7351003636977,0,24.0,0,SMB,0,Loyal,24.0,0,82297.9338138205,0.0,0.0,0,0,0.0054530953,468663.1274619734,2555.6647003227376,0
CUST_4859,37,Monthly,4285.373251446086,0,15.0,5,Enterprise,1,Loyal,15.0,0,158558.8103035052,0.0,21.42686625723043,1,1,0.26760617,161912.71489305474,43328.841342550324,0
CUST_4860,58,Monthly,4387.144438856809,0,20.0,0,SMB,0,Loyal,20.0,0,254454.3774536949,0.0,0.0,0,1,0.24888405,176140.98446373525,43838.68194333078,0
CUST_4861,33,Multi-Year,1054.7887969672252,2,10.0,0,SMB,0,Mid-Tenure,10.0,2,34808.03029991843,0.0588235294117647,0.0,0,0,0.017081643,188687.46493720709,3223.0918247054406,0
CUST_4862,59,Multi-Year,4306.048100234093,3,8.0,0,SMB,0,Loyal,8.0,3,254056.8379138115,0.05,0.0,0,0,0.006761961,910338.1190632301,6155.670995302077,0
CUST_4863,11,Monthly,1959.124530373768,4,0.0,5,SMB,1,New,0.0,4,21550.369834111447,0.3333333333333333,9.79562265186884,0,1,0.2924627,68648.33190709003,20077.076950778825,0
CUST_4864,68,Multi-Year,3169.569747044378,3,9.0,0,SMB,0,Loyal,9.0,3,215530.7427990177,0.0434782608695652,0.0,0,0,0.005823622,681339.4428349839,3967.863363325692,0
CUST_4865,68,Monthly,2925.3295371038944,0,11.0,15,SMB,0,Loyal,11.0,0,198922.4085230648,0.0,43.87994305655842,0,1,0.24609192,118557.62607643867,29176.073494754055,0
CUST_4866,22,Monthly,3483.742386812543,5,29.0,0,SMB,1,Mid-Tenure,29.0,5,76642.33250987594,0.217391304347826,0.0,0,1,0.6893705,56541.21612212031,38977.84716162068,1
CUST_4867,66,Multi-Year,3832.090929251286,3,23.0,0,SMB,0,Loyal,23.0,3,252918.00133058487,0.044776119402985,0.0,0,0,0.006683775,811256.6800741717,5422.2572984151775,0
CUST_4868,44,Annual,2483.9649392836104,1,1.0,0,SMB,0,Loyal,1.0,1,109294.45732847886,0.0222222222222222,0.0,0,0,0.004542449,546502.4061313927,2482.459321112709,0
CUST_4869,6,Monthly,4497.398699671096,1,14.0,0,SMB,0,New,14.0,1,26984.39219802658,0.1428571428571428,0.0,0,1,0.13259004,295573.54338751856,39190.10810755504,0
CUST_4870,42,Monthly,4142.742897027026,1,29.0,0,SMB,0,Loyal,29.0,1,173995.2016751351,0.0232558139534883,0.0,0,1,0.05728916,463354.4742806973,26545.188978933526,0
CUST_4871,25,Annual,4034.394916915369,4,23.0,0,SMB,0,Mid-Tenure,23.0,4,100859.87292288424,0.1538461538461538,0.0,0,0,0.07830967,377311.7029546413,29547.154979728857,0
CUST_4872,57,Monthly,2562.110788704313,3,19.0,0,SMB,0,Loyal,19.0,3,146040.31495614586,0.0517241379310344,0.0,0,1,0.05818258,284198.52502477076,16535.40300146882,0
CUST_4873,55,Annual,669.0779863007457,2,15.0,0,SMB,0,Loyal,15.0,2,36799.28924654101,0.0357142857142857,0.0,0,0,0.003997587,148690.640088414,594.4037896445636,0
CUST_4874,16,Annual,2715.15382870525,4,1.0,0,SMB,0,Mid-Tenure,1.0,4,43442.461259284,0.2352941176470588,0.0,0,0,0.01130565,531465.634381788,6008.564324366789,0
CUST_4875,14,Monthly,4543.004903648824,3,12.0,5,SMB,0,Mid-Tenure,12.0,3,63602.06865108354,0.2,22.71502451824412,0,1,0.41927603,116170.55656991304,48707.52963042929,0
CUST_4876,39,Annual,1357.0257002338349,3,17.0,0,SMB,0,Loyal,17.0,3,52924.00230911956,0.075,0.0,0,0,0.0060656522,290450.7068236215,1761.7729804739527,0
CUST_4877,28,Multi-Year,4921.666124047645,0,28.0,0,SMB,0,Mid-Tenure,28.0,0,137806.65147333406,0.0,0.0,0,0,0.025690185,780285.9978089198,20045.69156337145,0
CUST_4878,51,Monthly,4134.607790059272,1,21.0,0,Enterprise,0,Loyal,21.0,1,210864.99729302287,0.0192307692307692,0.0,1,1,0.06868813,418030.77385022206,28713.752919456976,0
CUST_4879,49,Monthly,3694.234065269292,4,18.0,2,SMB,0,Loyal,18.0,4,181017.4691981953,0.08,7.388468130538584,0,1,0.0608181,400032.1933042443,24329.19732973603,0
CUST_4880,9,Monthly,3547.2198106504434,2,10.0,0,SMB,0,New,10.0,2,31924.97829585399,0.2,0.0,0,1,0.20075275,169755.4193406786,34078.86726668196,0
CUST_4881,58,Annual,3141.616468701932,2,13.0,0,SMB,0,Loyal,13.0,2,182213.75518471203,0.0338983050847457,0.0,0,0,0.009166197,637177.9784003238,5840.498823090643,0
CUST_4882,45,Multi-Year,3743.016454621094,0,29.0,0,SMB,0,Loyal,29.0,0,168435.74045794923,0.0,0.0,0,0,0.0040724734,830666.5998212328,3382.8676191151976,0
CUST_4883,22,Monthly,2398.5750029869423,2,25.0,10,SMB,0,Mid-Tenure,25.0,2,52768.65006571273,0.0869565217391304,23.985750029869426,0,1,0.26376122,91735.04209841698,24196.14683735554,0
CUST_4884,32,Monthly,4303.796486090583,3,2.0,0,Enterprise,0,Mid-Tenure,2.0,3,137721.48755489866,0.0909090909090909,0.0,1,1,0.18102875,223546.02062572123,40468.25746802,0
CUST_4885,69,Monthly,3633.556802428764,1,8.0,0,SMB,0,Loyal,8.0,1,250715.41936758472,0.0142857142857142,0.0,0,1,0.11286302,267726.10912923067,30216.376970569614,0
CUST_4886,69,Annual,3970.63900570797,4,4.0,0,Enterprise,0,Loyal,4.0,4,273974.0913938499,0.0571428571428571,0.0,1,0,0.0061386162,848750.3151414,5210.152469517703,0
CUST_4887,42,Monthly,4066.193399746908,3,13.0,10,SMB,0,Loyal,13.0,3,170780.12278937016,0.0697674418604651,40.661933997469085,0,1,0.79589045,57683.97087562167,45910.12156553529,1
CUST_4888,53,Multi-Year,914.3152056900616,4,6.0,0,SMB,0,Loyal,6.0,4,48458.70590157327,0.074074074074074,0.0,0,0,0.0046826093,200644.82529921964,939.5413341252952,0
CUST_4889,59,Monthly,750.3834770948207,2,11.0,0,Enterprise,0,Loyal,11.0,2,44272.62514859442,0.0333333333333333,0.0,1,1,0.18393414,38492.038599678766,7079.999909869126,0
CUST_4890,39,Annual,4104.436408181311,0,20.0,0,SMB,0,Loyal,20.0,0,160073.0199190711,0.0,0.0,0,0,0.006021672,879181.8481395568,5294.14465495827,0
CUST_4891,15,Annual,1667.228094672108,2,17.0,10,SMB,0,Mid-Tenure,17.0,2,25008.42142008162,0.125,16.67228094672108,0,0,0.3190776,54207.396751340035,17296.36665229577,0
CUST_4892,71,Annual,3118.8641338031643,1,10.0,2,SMB,0,Loyal,10.0,1,221439.35350002468,0.0138888888888888,6.237728267606329,0,0,0.008562718,639081.8369048683,5472.277284241487,0
CUST_4893,29,Monthly,2496.6988484854382,5,26.0,0,Enterprise,0,Mid-Tenure,26.0,5,72404.26660607771,0.1666666666666666,0.0,1,1,0.18737017,126217.9954617681,23649.486784895795,0
CUST_4894,3,Annual,599.176416504354,1,23.0,0,SMB,0,New,23.0,1,1797.529249513062,0.25,0.0,0,0,0.029146694,90845.44483965787,2647.8443499585696,0
CUST_4895,10,Monthly,681.2656617482216,4,8.0,0,SMB,1,New,8.0,4,6812.6566174822165,0.3636363636363636,0.0,0,1,0.33384222,21298.30254560453,7110.272559802882,0
CUST_4896,29,Monthly,4222.06359025458,1,10.0,0,SMB,0,Mid-Tenure,10.0,1,122439.84411738282,0.0333333333333333,0.0,0,1,0.308714,141239.9880252415,43602.76199808102,0
CUST_4897,35,Annual,3234.5490266992574,1,17.0,0,SMB,0,Mid-Tenure,17.0,1,113209.215934474,0.0277777777777777,0.0,0,0,0.038827427,436966.2366139171,16966.27453630394,0
CUST_4898,6,Annual,2857.293854315802,3,1.0,5,SMB,0,New,1.0,3,17143.763125894813,0.4285714285714285,14.28646927157901,0,0,0.030370738,426617.0329492625,12956.674286472042,0
CUST_4899,12,Monthly,4749.584375622876,1,19.0,0,SMB,0,New,19.0,1,56995.01250747452,0.0769230769230769,0.0,0,1,0.25109944,189289.66034903156,47530.52723351434,0
CUST_4900,38,Monthly,1279.017616679802,0,12.0,0,SMB,0,Loyal,12.0,0,48602.66943383248,0.0,0.0,0,1,0.15626524,74410.07186968537,11627.70802843265,0
CUST_4901,19,Multi-Year,1660.868778464593,1,14.0,10,Enterprise,1,Mid-Tenure,14.0,1,31556.50679082727,0.05,16.60868778464593,1,0,0.61002797,30196.3339755443,18420.608282829548,1
CUST_4902,67,Multi-Year,3905.325852060322,2,7.0,0,SMB,0,Loyal,7.0,2,261656.8320880416,0.0294117647058823,0.0,0,0,0.0042700507,863531.708534223,3687.324154631451,0
CUST_4903,8,Monthly,3988.5585258106826,6,4.0,2,Enterprise,1,New,4.0,6,31908.46820648546,0.6666666666666666,7.977117051621365,1,1,0.5972079,73952.5910337926,44165.07187645498,1
CUST_4904,8,Annual,2322.03738397624,2,4.0,0,SMB,0,New,4.0,2,18576.29907180992,0.2222222222222222,0.0,0,0,0.02762299,358971.5739066061,9915.86830765659,0
CUST_4905,47,Monthly,4779.40295589692,0,6.0,5,SMB,0,Loyal,6.0,0,224631.9389271552,0.0,23.8970147794846,0,1,0.07628401,454157.5118285487,34644.95784909331,0
CUST_4906,4,Annual,4722.145599718268,3,11.0,2,Enterprise,0,New,11.0,3,18888.582398873077,0.6,9.444291199436536,1,0,0.014333804,880808.2798761099,12625.333366877056,0
CUST_4907,51,Multi-Year,555.843717770718,4,19.0,2,SMB,0,Loyal,19.0,4,28348.029606306616,0.0769230769230769,1.111687435541436,0,0,0.027228042,86369.20807734714,2351.6644667815567,0
CUST_4908,67,Monthly,1275.4755605332623,3,11.0,0,SMB,1,Loyal,11.0,3,85456.86255572857,0.0441176470588235,0.0,0,1,0.18741049,64469.3795996551,12082.237938550117,0
CUST_4909,45,Annual,4190.98748757742,2,8.0,0,SMB,0,Loyal,8.0,2,188594.43694098396,0.0434782608695652,0.0,0,0,0.0046255034,920666.1069849636,4258.544244449721,0
CUST_4910,8,Monthly,2008.4750817170373,0,3.0,10,SMB,1,New,3.0,0,16067.800653736298,0.0,20.084750817170374,0,1,0.79909074,28385.306092523944,22682.435337599036,1
CUST_4911,16,Annual,929.5820541492278,3,7.0,0,Enterprise,0,Mid-Tenure,7.0,3,14873.312866387643,0.1764705882352941,0.0,1,0,0.048813194,112889.63073199934,5510.503449628084,0
CUST_4912,67,Annual,4032.496284906126,3,18.0,2,SMB,0,Loyal,18.0,3,270177.25108871044,0.0441176470588235,8.064992569812253,0,0,0.0069247894,850068.2268040342,5886.54344532162,0
CUST_4913,9,Multi-Year,2545.6257750884424,8,21.0,0,Enterprise,0,New,21.0,8,22910.631975795983,0.8,0.0,1,0,0.13029371,169431.92008067723,22075.91380197392,0
CUST_4914,60,Monthly,2715.848540219173,2,0.0,0,Enterprise,0,Loyal,0.0,2,162950.9124131504,0.0327868852459016,0.0,1,1,0.03239868,395518.24570780096,12814.268429135689,0
CUST_4915,71,Monthly,1338.6622496727707,4,22.0,0,SMB,0,Loyal,22.0,4,95045.01972676672,0.0555555555555555,0.0,0,1,0.08997335,114764.31875080317,10325.730545496608,0
CUST_4916,15,Monthly,3474.027742725175,4,10.0,0,SMB,1,Mid-Tenure,10.0,4,52110.41614087763,0.25,0.0,0,1,0.4854959,77849.96053666991,37795.83627793437,0
CUST_4917,71,Multi-Year,2980.58593155178,1,22.0,15,SMB,0,Loyal,22.0,1,211621.6011401764,0.0138888888888888,44.7087889732767,0,0,0.15822536,171770.77813376024,27178.492783850157,0
CUST_4918,41,Annual,1430.0282200508411,3,12.0,5,SMB,0,Loyal,12.0,3,58631.15702208449,0.0714285714285714,7.1501411002542055,0,0,0.008112421,295295.54265280336,2395.561837988413,0
CUST_4919,22,Annual,2031.4917879764305,2,17.0,0,Enterprise,0,Mid-Tenure,17.0,2,44692.81933548147,0.0869565217391304,0.0,1,0,0.022815375,334790.58433107915,7638.372613320841,0
CUST_4920,24,Monthly,3185.956793012774,3,20.0,2,SMB,0,Mid-Tenure,20.0,3,76462.96303230658,0.12,6.371913586025548,0,1,0.3093082,106403.02707644759,32911.32889390798,0
CUST_4921,44,Multi-Year,4661.925149450345,0,19.0,0,SMB,0,Loyal,19.0,0,205124.7065758152,0.0,0.0,0,0,0.005665799,1004981.5742461396,5694.023736270586,0
CUST_4922,1,Multi-Year,4641.6935764467125,1,9.0,2,SMB,0,New,9.0,1,4641.6935764467125,0.5,9.283387152893424,0,0,0.0324015,675962.4944989191,21902.19768878329,0
CUST_4923,10,Annual,1795.5765697886734,4,12.0,2,SMB,0,New,12.0,4,17955.765697886734,0.3636363636363636,3.591153139577347,0,0,0.13401859,117090.99478385822,15692.369447229526,0
CUST_4924,56,Monthly,3810.294399919482,3,24.0,0,SMB,0,Loyal,24.0,3,213376.486395491,0.0526315789473684,0.0,0,1,0.11347011,279705.7785247757,31738.24470638317,0
CUST_4925,50,Monthly,3989.835862357143,3,11.0,0,SMB,1,Loyal,11.0,3,199491.7931178572,0.0588235294117647,0.0,0,1,0.14139475,250153.3154538609,35370.36532110764,0
CUST_4926,12,Annual,4139.703949922577,2,12.0,0,SMB,0,New,12.0,2,49676.44739907092,0.1538461538461538,0.0,0,0,0.05199678,487039.371938212,25324.47843928771,0
CUST_4927,60,Annual,3068.4302813816603,3,1.0,10,Enterprise,0,Loyal,1.0,3,184105.8168828996,0.0491803278688524,30.684302813816604,1,0,0.27352712,113811.6721791281,31130.578410882656,0
CUST_4928,26,Monthly,547.2859914481451,4,2.0,0,SMB,1,Mid-Tenure,2.0,4,14229.435777651772,0.1481481481481481,0.0,0,1,0.39907146,14624.469335317033,5836.20825627463,0
CUST_4929,41,Annual,3927.543284508119,7,28.0,5,SMB,0,Loyal,28.0,7,161029.2746648329,0.1666666666666666,19.6377164225406,0,0,0.05901523,432329.69362161146,25514.036021459742,0
CUST_4930,36,Monthly,979.6885242320752,2,16.0,2,SMB,0,Mid-Tenure,16.0,2,35268.78687235471,0.054054054054054,1.9593770484641504,0,1,0.10686858,74943.3858287895,8009.093222694122,0
CUST_4931,23,Annual,1025.921237991808,4,25.0,0,SMB,0,Mid-Tenure,25.0,4,23596.188473811584,0.1666666666666666,0.0,0,0,0.039199695,138016.7865871122,5410.215937868163,0
CUST_4932,43,Annual,3225.311611907687,5,20.0,5,SMB,0,Loyal,20.0,5,138688.39931203055,0.1136363636363636,16.126558059538436,0,0,0.061878502,345944.3910525245,21406.520821260645,0
CUST_4933,6,Monthly,4925.842344613858,1,18.0,0,Enterprise,0,New,18.0,1,29555.054067683144,0.1428571428571428,0.0,1,1,0.15812834,284007.983234616,44909.70982004523,0
CUST_4934,69,Annual,1591.4276296960993,2,11.0,0,SMB,0,Loyal,11.0,2,109808.50644903086,0.0285714285714285,0.0,0,0,0.003888124,354384.79431496747,1377.8919891257692,0
CUST_4935,43,Monthly,3406.148960230434,1,15.0,2,SMB,0,Loyal,15.0,1,146464.40528990867,0.0227272727272727,6.8122979204608685,0,1,0.10487448,263915.58606912504,27678.0090058387,0
CUST_4936,25,Monthly,1866.4414058192049,3,19.0,0,SMB,0,Mid-Tenure,19.0,3,46661.03514548012,0.1153846153846153,0.0,0,1,0.2862091,66617.1607083913,19066.438040272453,0
CUST_4937,18,Multi-Year,4544.267511247384,3,19.0,0,SMB,0,Mid-Tenure,19.0,3,81796.81520245291,0.1578947368421052,0.0,0,0,0.03567122,636517.2869284268,22705.34768551661,0
CUST_4938,62,Monthly,3170.826014512388,3,21.0,0,SMB,1,Loyal,21.0,3,196591.21289976808,0.0476190476190476,0.0,0,1,0.16656913,175694.0748573514,29265.208954890237,0
CUST_4939,13,Monthly,1433.6479744541189,3,9.0,0,SMB,0,Mid-Tenure,9.0,3,18637.423667903546,0.2142857142857142,0.0,0,1,0.305663,48371.001816572345,14785.22502599353,0
CUST_4940,43,Monthly,1679.5897270044272,1,22.0,10,SMB,0,Loyal,22.0,1,72222.35826119037,0.0227272727272727,16.79589727004427,0,1,0.38499957,46333.5538975873,17838.39847683476,0
CUST_4941,28,Monthly,2446.163286881544,3,22.0,10,Enterprise,0,Mid-Tenure,22.0,3,68492.57203268324,0.1034482758620689,24.46163286881544,1,1,0.22435077,106994.26963240962,24004.246279825817,0
CUST_4942,18,Monthly,1049.196029134157,2,14.0,0,SMB,0,Mid-Tenure,14.0,2,18885.528524414825,0.1052631578947368,0.0,0,1,0.2838226,37715.69704420132,10704.567047793673,0
CUST_4943,59,Monthly,854.3001571856674,4,29.0,0,SMB,0,Loyal,29.0,4,50403.70927395438,0.0666666666666666,0.0,0,1,0.12501638,58575.10178797367,7322.846971396732,0
CUST_4944,60,Annual,3560.2762808658026,1,26.0,2,Enterprise,0,Loyal,26.0,1,213616.57685194816,0.0163934426229508,7.120552561731605,1,0,0.010638138,704561.8049980599,7495.225907895815,0
CUST_4945,63,Monthly,2332.2427794010414,1,7.0,0,SMB,1,Loyal,7.0,1,146931.2951022656,0.015625,0.0,0,1,0.06411709,245247.35383688292,15724.54639186242,0
CUST_4946,57,Annual,3768.016063416247,2,18.0,0,SMB,0,Loyal,18.0,2,214776.91561472608,0.0344827586206896,0.0,0,0,0.008106055,778166.5944370085,6307.861009917016,0
CUST_4947,51,Monthly,995.2619019692968,2,4.0,2,SMB,0,Loyal,4.0,2,50758.35700043414,0.0384615384615384,1.9905238039385933,0,1,0.098109126,80637.45549758778,7911.270289070517,0
CUST_4948,56,Monthly,3244.394965554931,2,11.0,2,SMB,0,Loyal,11.0,2,181686.1180710761,0.0350877192982456,6.488789931109862,0,1,0.14513351,199518.47396681333,28956.816482929888,0
CUST_4949,27,Monthly,2494.880570163832,1,9.0,0,Enterprise,0,Mid-Tenure,9.0,1,67361.77539442347,0.0357142857142857,0.0,1,1,0.22085243,110534.6000105853,24411.835523761605,0
CUST_4950,32,Multi-Year,760.9939450566285,1,21.0,2,SMB,0,Mid-Tenure,21.0,1,24351.80624181211,0.0303030303030303,1.521987890113257,0,0,0.06259149,81106.72776916133,5076.59119393836,0
CUST_4951,9,Annual,2951.608902241896,0,13.0,0,SMB,0,New,13.0,0,26564.480120177064,0.0,0.0,0,0,0.022820717,486390.5350564969,11099.780617661687,0
CUST_4952,68,Annual,872.6192362154559,3,27.0,0,SMB,0,Loyal,27.0,3,59338.108062651,0.0434782608695652,0.0,0,0,0.0057458156,187842.44742832848,1079.3080608026494,0
CUST_4953,46,Monthly,4224.738865059537,0,21.0,0,SMB,0,Loyal,21.0,0,194337.98779273868,0.0,0.0,0,1,0.059017822,465032.8429651823,27445.225618361197,0
CUST_4954,67,Multi-Year,3343.8085942551297,0,11.0,0,SMB,0,Loyal,11.0,0,224035.17581509368,0.0,0.0,0,0,0.007405962,698981.4412408273,5176.629897261236,0
CUST_4955,26,Monthly,3006.353901922018,2,23.0,0,SMB,0,Mid-Tenure,23.0,2,78165.20144997246,0.074074074074074,0.0,0,1,0.21676348,135236.82860768063,29314.40579571734,0
CUST_4956,8,Monthly,1100.6105201134656,2,12.0,2,SMB,0,New,12.0,2,8804.884160907724,0.2222222222222222,2.201221040226931,0,1,0.28658745,39238.91367351419,11245.380089921573,0
CUST_4957,6,Annual,1793.5570107683734,2,20.0,5,Enterprise,0,New,20.0,2,10761.34206461024,0.2857142857142857,8.967785053841867,1,0,0.035290863,252344.543038799,8905.456789269196,0
CUST_4958,24,Monthly,2717.941537108847,2,20.0,0,SMB,0,Mid-Tenure,20.0,2,65230.59689061233,0.08,0.0,0,1,0.20440525,128202.1387225765,26205.189980888754,0
CUST_4959,48,Multi-Year,3349.775811378596,0,16.0,5,SMB,0,Loyal,16.0,0,160789.23894617258,0.0,16.74887905689298,0,0,0.013917665,628892.0079291315,8752.708285824187,0
CUST_4960,45,Monthly,1324.5382343397,1,0.0,0,SMB,0,Loyal,0.0,1,59604.2205452865,0.0217391304347826,0.0,0,1,0.090378694,113225.57452462029,10233.179579687625,0
CUST_4961,13,Multi-Year,539.8982516013052,1,21.0,0,SMB,0,Mid-Tenure,21.0,1,7018.677270816968,0.0714285714285714,0.0,0,0,0.054867618,61780.54655785564,3389.7514151423156,0
CUST_4962,69,Annual,2051.42084271183,3,9.0,0,SMB,0,Loyal,9.0,3,141548.03814711628,0.0428571428571428,0.0,0,0,0.006396135,436502.4387352547,2791.928460346428,0
CUST_4963,25,Annual,2672.921545503096,2,25.0,0,Enterprise,0,Mid-Tenure,25.0,2,66823.0386375774,0.0769230769230769,0.0,1,0,0.0152940275,491240.31490153034,7513.0428924612725,0
CUST_4964,20,Monthly,1329.9507751856136,1,4.0,0,Enterprise,0,Mid-Tenure,4.0,1,26599.01550371227,0.0476190476190476,0.0,1,1,0.30690947,44715.5652409908,13723.630507126747,0
CUST_4965,66,Monthly,2714.744776348426,2,10.0,5,Enterprise,0,Loyal,10.0,2,179173.1552389961,0.0298507462686567,13.573723881742133,1,1,0.02336139,444061.07367538597,10373.884128688738,0
CUST_4966,45,Multi-Year,2023.1863635617087,1,9.0,0,SMB,0,Loyal,9.0,1,91043.3863602769,0.0217391304347826,0.0,0,0,0.006827375,427227.84352218773,2916.8446640954426,0
CUST_4967,47,Monthly,2547.9034974788347,0,5.0,0,SMB,0,Loyal,5.0,0,119751.46438150524,0.0,0.0,0,1,0.04521484,321114.23771302484,14519.12864860227,0
CUST_4968,63,Annual,2063.559877603673,0,14.0,2,Enterprise,0,Loyal,14.0,0,130004.2722890314,0.0,4.127119755207346,1,0,0.009364959,417126.84888697136,3906.375776111788,0
CUST_4969,55,Multi-Year,3328.105324040601,2,8.0,0,Enterprise,0,Loyal,8.0,2,183045.79282223305,0.0357142857142857,0.0,1,0,0.009220859,674378.3405436177,6218.347614982857,0
CUST_4970,19,Monthly,693.0365494710726,5,7.0,0,SMB,0,Mid-Tenure,7.0,5,13167.69443995038,0.25,0.0,0,1,0.5231043,14511.212487910982,7590.877796270189,1
CUST_4971,35,Annual,1269.073804749231,4,22.0,0,Enterprise,0,Mid-Tenure,22.0,4,44417.583166223085,0.1111111111111111,0.0,1,0,0.022085492,211261.4503745821,4665.812980859619,0
CUST_4972,53,Annual,2447.378910999498,3,22.0,0,Enterprise,0,Loyal,22.0,3,129711.0822829734,0.0555555555555555,0.0,1,0,0.005873844,525622.4455562788,3087.4242625607976,0
CUST_4973,26,Monthly,2103.335219983356,3,5.0,2,SMB,0,Mid-Tenure,5.0,3,54686.71571956725,0.1111111111111111,4.206670439966712,0,1,0.25336897,83199.0870308566,21080.06729644704,0
CUST_4974,14,Monthly,2262.3438017921767,2,5.0,0,SMB,0,Mid-Tenure,5.0,2,31672.813225090475,0.1333333333333333,0.0,0,1,0.19551788,110574.94326673575,21619.378787708345,0
CUST_4975,45,Monthly,4116.923126962159,5,16.0,0,SMB,0,Loyal,16.0,5,185261.54071329717,0.108695652173913,0.0,0,1,0.15408163,242075.0892440947,37299.323782781146,0
CUST_4976,44,Monthly,4488.492462113146,0,11.0,0,Enterprise,0,Loyal,11.0,0,197493.6683329784,0.0,0.0,1,1,0.04027984,596610.6008315838,24031.379059269024,0
CUST_4977,65,Annual,1619.009525739065,3,6.0,0,SMB,0,Loyal,6.0,3,105235.61917303925,0.0454545454545454,0.0,0,0,0.008368447,332853.0210866046,2785.463006543724,0
CUST_4978,51,Monthly,4263.759771288374,3,4.0,0,SMB,0,Loyal,4.0,3,217451.7483357071,0.0576923076923076,0.0,0,1,0.10313793,334111.31294395035,34459.55011466902,0
CUST_4979,43,Multi-Year,2564.5543938066103,6,15.0,0,SMB,0,Loyal,15.0,6,110275.83893368424,0.1363636363636363,0.0,0,0,0.045645036,321759.00221929647,14686.701176339671,0
CUST_4980,23,Monthly,1732.1927867879936,1,22.0,0,SMB,1,Mid-Tenure,22.0,1,39840.43409612385,0.0416666666666666,0.0,0,1,0.33782357,53597.34276749906,18106.445664150855,0
CUST_4981,56,Annual,4934.552319521053,1,5.0,0,SMB,0,Loyal,5.0,1,276334.9298931789,0.0175438596491228,0.0,0,0,0.0513997,583972.3887056326,30016.005788410992,0
CUST_4982,19,Annual,4211.608061453753,1,7.0,0,SMB,0,Mid-Tenure,7.0,1,80020.55316762131,0.05,0.0,0,0,0.034494102,598139.9567904648,20632.300680517783,0
CUST_4983,55,Monthly,4974.139935889412,4,2.0,10,Enterprise,1,Loyal,2.0,4,273577.6964739177,0.0714285714285714,49.74139935889412,1,1,0.8616433,65474.816202599206,56415.937640022355,1
CUST_4984,60,Monthly,1256.8585299271458,2,7.0,10,SMB,0,Loyal,7.0,2,75411.51179562874,0.0327868852459016,12.568585299271458,0,1,0.32613918,40097.66227184798,13077.418767531968,0
CUST_4985,59,Annual,1147.292032765364,4,28.0,0,Enterprise,0,Loyal,28.0,4,67690.22993315647,0.0666666666666666,0.0,1,0,0.0033638137,257993.25640580207,867.8412605368377,0
CUST_4986,33,Multi-Year,2765.2007882490766,3,6.0,0,SMB,0,Mid-Tenure,6.0,3,91251.62601221952,0.088235294117647,0.0,0,0,0.013892793,519345.0781036219,7215.153715832205,0
CUST_4987,19,Monthly,3373.896920155493,2,16.0,0,SMB,1,Mid-Tenure,16.0,2,64104.041482954366,0.1,0.0,0,1,0.28335625,121451.93520482647,34414.164833804694,0
CUST_4988,28,Monthly,1269.7704164000825,2,18.0,0,Enterprise,0,Mid-Tenure,18.0,2,35553.57165920231,0.0689655172413793,0.0,1,1,0.16759628,70025.30174340392,11735.980118322455,0
CUST_4989,52,Monthly,4371.938006398442,2,25.0,0,SMB,0,Loyal,25.0,2,227340.77633271896,0.0377358490566037,0.0,0,1,0.09654757,357994.7165385996,34563.51864949022,0
CUST_4990,49,Monthly,2894.060653985135,4,19.0,0,SMB,0,Loyal,19.0,4,141808.97204527163,0.08,0.0,0,1,0.06162961,311106.7870981189,19173.38942008615,0
CUST_4991,37,Annual,2349.2382494929134,0,13.0,2,SMB,0,Loyal,13.0,0,86921.8152312378,0.0,4.698476498985827,0,0,0.026427133,368859.30815810524,9747.8939982421,0
CUST_4992,26,Multi-Year,3209.241528171703,7,24.0,0,SMB,0,Mid-Tenure,24.0,7,83440.27973246427,0.2592592592592592,0.0,0,0,0.15562947,187282.9741735768,29146.75018752835,0
CUST_4993,40,Monthly,3357.2917083753014,4,27.0,10,SMB,1,Loyal,27.0,4,134291.66833501204,0.0975609756097561,33.57291708375301,0,1,0.67302,55721.14124789028,37501.44277386134,1
CUST_4994,38,Multi-Year,692.5247644270736,2,5.0,0,SMB,0,Loyal,5.0,2,26315.9410482288,0.0512820512820512,0.0,0,0,0.0093889665,139929.98735695673,1313.7979616609953,0
CUST_4995,54,Monthly,4999.517000172722,3,6.0,0,SMB,0,Loyal,6.0,3,269973.91800932697,0.0545454545454545,0.0,0,1,0.17586978,265614.1311970704,46713.49823381095,0
CUST_4996,22,Annual,2137.63809562014,2,29.0,5,SMB,0,Mid-Tenure,29.0,2,47028.038103643084,0.0869565217391304,10.6881904781007,0,0,0.055441145,243279.3858767797,13487.68767234543,0
CUST_4997,16,Monthly,776.9419110945329,2,4.0,0,Enterprise,1,Mid-Tenure,4.0,2,12431.070577512526,0.1176470588235294,0.0,1,1,0.30323803,26393.824318308063,8003.611402580088,0
CUST_4998,28,Monthly,4335.4542864898185,2,18.0,10,SMB,1,Mid-Tenure,18.0,2,121392.72002171492,0.0689655172413793,43.354542864898185,0,1,0.84017974,58443.75952700254,49103.2627648238,1
CUST_4999,35,Monthly,4968.5840564554055,1,20.0,0,SMB,0,Mid-Tenure,20.0,1,173900.4419759392,0.0277777777777777,0.0,0,1,0.12392245,342813.75923678285,42482.32173729034,0
CUST_5000,60,Monthly,4173.613291472406,1,27.0,10,SMB,1,Loyal,27.0,1,250416.79748834437,0.0163934426229508,41.73613291472406,0,1,0.613865,75442.08121922404,46311.254537367975,1
