Customer_ID,Tenure_Months,Contract_Type,Monthly_Charges,Total_Support_Tickets,Login_Frequency_Days,Payment_Delay_Days,Segment,Churn,Tenure_Cohort,Recency_Score,Frequency_Score,Monetary_Value,Support_Ticket_Ratio,Risk_Payment_Interaction,Is_Enterprise,Is_Monthly_Contract
CUST_0001,52,Multi-Year,3720.032722995046,3,8.0,0,Enterprise,0,Loyal,8.0,3,193441.70159574237,0.05660377358490566,0.0,1,0
CUST_0002,15,Monthly,3747.094367382621,2,23.0,5,SMB,1,Mid-Tenure,23.0,2,56206.415510739316,0.125,18.735471836913103,0,1
CUST_0003,61,Annual,1770.7869954762216,3,5.0,0,Enterprise,0,Loyal,5.0,3,108018.00672404951,0.04838709677419355,0.0,1,0
CUST_0004,21,Annual,4258.879073863026,2,5.0,0,SMB,0,Mid-Tenure,5.0,2,89436.46055112354,0.09090909090909091,0.0,0,0
CUST_0005,24,Monthly,1925.802246426485,3,27.0,0,SMB,0,Mid-Tenure,27.0,3,46219.25391423564,0.12,0.0,0,1
CUST_0006,3,Monthly,3762.91905793944,4,15.0,0,SMB,1,New,15.0,4,11288.75717381832,1.0,0.0,0,1
CUST_0007,22,Monthly,1044.498953804299,1,1.0,2,SMB,0,Mid-Tenure,1.0,1,22978.976983694578,0.043478260869565216,2.088997907608598,0,1
CUST_0008,53,Monthly,1259.1573926168555,2,28.0,0,SMB,0,Loyal,28.0,2,66735.34180869334,0.037037037037037035,0.0,0,1
CUST_0009,2,Monthly,1921.0804002871305,4,15.0,0,SMB,0,New,15.0,4,3842.160800574261,1.3333333333333333,0.0,0,1
CUST_0010,30,Annual,3172.431954505377,3,2.0,0,Enterprise,0,Mid-Tenure,2.0,3,95172.95863516131,0.0967741935483871,0.0,1,0
CUST_0011,38,Annual,3404.801684654147,0,21.0,0,SMB,0,Loyal,21.0,0,129382.46401685759,0.0,0.0,0,0
CUST_0012,2,Annual,2283.602773853637,4,29.0,0,Enterprise,0,New,29.0,4,4567.205547707274,1.3333333333333333,0.0,1,0
CUST_0013,64,Multi-Year,850.2761889973132,3,15.0,0,SMB,0,Loyal,15.0,3,54417.67609582804,0.046153846153846156,0.0,0,0
CUST_0014,60,Monthly,2181.355934417259,0,11.0,0,SMB,0,Loyal,11.0,0,130881.35606503554,0.0,0.0,0,1
CUST_0015,21,Monthly,3599.453821816182,2,2.0,0,SMB,1,Mid-Tenure,2.0,2,75588.53025813983,0.09090909090909091,0.0,0,1
CUST_0016,33,Annual,2757.103924579053,3,10.0,0,Enterprise,0,Mid-Tenure,10.0,3,90984.42951110876,0.08823529411764706,0.0,1,0
CUST_0017,58,Monthly,1220.8838594244924,3,10.0,2,Enterprise,0,Loyal,10.0,3,70811.26384662055,0.05084745762711865,2.441767718848985,1,1
CUST_0018,22,Monthly,535.0278662103522,3,22.0,0,SMB,0,Mid-Tenure,22.0,3,11770.613056627748,0.13043478260869565,0.0,0,1
CUST_0019,49,Monthly,3888.4172778325255,3,29.0,0,SMB,0,Loyal,29.0,3,190532.44661379376,0.06,0.0,0,1
CUST_0020,59,Monthly,978.6567487335968,4,15.0,0,SMB,0,Loyal,15.0,4,57740.74817528221,0.06666666666666667,0.0,0,1
CUST_0021,42,Multi-Year,870.5711478392848,4,4.0,0,SMB,0,Loyal,4.0,4,36563.98820924996,0.09302325581395349,0.0,0,0
CUST_0022,60,Monthly,512.1554757537356,3,19.0,0,SMB,0,Loyal,19.0,3,30729.328545224133,0.04918032786885246,0.0,0,1
CUST_0023,15,Monthly,2446.705966806173,3,7.0,0,SMB,0,Mid-Tenure,7.0,3,36700.5895020926,0.1875,0.0,0,1
CUST_0024,62,Monthly,2764.687554053665,6,10.0,0,SMB,1,Loyal,10.0,6,171410.6283513272,0.09523809523809523,0.0,0,1
CUST_0025,62,Annual,3369.4882076686577,1,10.0,0,SMB,0,Loyal,10.0,1,208908.26887545676,0.015873015873015872,0.0,0,0
CUST_0026,47,Monthly,1832.2872832066364,4,17.0,2,SMB,0,Loyal,17.0,4,86117.5023107119,0.08333333333333333,3.6645745664132727,0,1
CUST_0027,62,Annual,3696.9112237405097,1,18.0,2,SMB,0,Loyal,18.0,1,229208.4958719116,0.015873015873015872,7.3938224474810195,0,0
CUST_0028,51,Monthly,1261.993358331237,2,9.0,0,SMB,1,Loyal,9.0,2,64361.661274893086,0.038461538461538464,0.0,0,1
CUST_0029,55,Monthly,4243.955238996563,4,27.0,0,SMB,0,Loyal,27.0,4,233417.53814481097,0.07142857142857142,0.0,0,1
CUST_0030,64,Annual,3073.317480007005,1,3.0,0,SMB,0,Loyal,3.0,1,196692.31872044833,0.015384615384615385,0.0,0,0
CUST_0031,3,Monthly,3127.504205174218,1,27.0,2,Enterprise,0,New,27.0,1,9382.512615522654,0.25,6.255008410348436,1,1
CUST_0032,51,Monthly,1443.9893620059863,1,9.0,10,SMB,1,Loyal,9.0,1,73643.4574623053,0.019230769230769232,14.439893620059864,0,1
CUST_0033,7,Monthly,833.4893718517471,1,13.0,0,Enterprise,0,New,13.0,1,5834.42560296223,0.125,0.0,1,1
CUST_0034,21,Multi-Year,2591.261613863021,3,5.0,0,SMB,0,Mid-Tenure,5.0,3,54416.49389112344,0.13636363636363635,0.0,0,0
CUST_0035,39,Monthly,3270.253783650616,2,4.0,2,Enterprise,0,Loyal,4.0,2,127539.89756237401,0.05,6.540507567301232,1,1
CUST_0036,18,Annual,927.7090639775852,6,14.0,2,SMB,1,Mid-Tenure,14.0,6,16698.763151596533,0.3157894736842105,1.8554181279551702,0,0
CUST_0037,4,Monthly,4777.40513537675,1,4.0,0,Enterprise,0,New,4.0,1,19109.620541507,0.2,0.0,1,1
CUST_0038,60,Monthly,4911.864621047631,1,22.0,0,SMB,1,Loyal,22.0,1,294711.87726285786,0.01639344262295082,0.0,0,1
CUST_0039,14,Monthly,2954.555129266214,2,23.0,0,SMB,0,Mid-Tenure,23.0,2,41363.771809727,0.13333333333333333,0.0,0,1
CUST_0040,9,Multi-Year,4775.311198730328,2,5.0,0,SMB,0,New,5.0,2,42977.80078857295,0.2,0.0,0,0
CUST_0041,53,Monthly,1307.5035691138387,3,29.0,0,SMB,0,Loyal,29.0,3,69297.68916303346,0.05555555555555555,0.0,0,1
CUST_0042,2,Monthly,614.3930833078621,0,18.0,0,SMB,0,New,18.0,0,1228.7861666157241,0.0,0.0,0,1
CUST_0043,60,Monthly,677.3429088067546,3,15.0,2,Enterprise,0,Loyal,15.0,3,40640.574528405275,0.04918032786885246,1.3546858176135093,1,1
CUST_0044,71,Monthly,3143.8061574205058,0,29.0,2,SMB,0,Loyal,29.0,0,223210.2371768559,0.0,6.287612314841011,0,1
CUST_0045,44,Monthly,777.3884754657058,1,16.0,2,SMB,0,Loyal,16.0,1,34205.09292049106,0.022222222222222223,1.5547769509314115,0,1
CUST_0046,8,Annual,4813.455230708392,4,13.0,0,Enterprise,0,New,13.0,4,38507.64184566714,0.4444444444444444,0.0,1,0
CUST_0047,47,Monthly,1138.6994484172938,2,10.0,0,SMB,0,Loyal,10.0,2,53518.87407561281,0.041666666666666664,0.0,0,1
CUST_0048,35,Monthly,1871.252627238404,1,13.0,0,SMB,1,Mid-Tenure,13.0,1,65493.84195334414,0.027777777777777776,0.0,0,1
CUST_0049,36,Annual,4201.330108992568,2,4.0,0,Enterprise,0,Mid-Tenure,4.0,2,151247.88392373244,0.05405405405405406,0.0,1,0
CUST_0050,50,Monthly,1484.3314539684188,3,12.0,0,SMB,0,Loyal,12.0,3,74216.57269842095,0.058823529411764705,0.0,0,1
CUST_0051,4,Monthly,1593.3580630455676,2,11.0,0,SMB,1,New,11.0,2,6373.4322521822705,0.4,0.0,0,1
CUST_0052,2,Monthly,3390.390301059582,2,25.0,0,Enterprise,0,New,25.0,2,6780.780602119164,0.6666666666666666,0.0,1,1
CUST_0053,6,Annual,1742.3873982016803,4,23.0,0,SMB,0,New,23.0,4,10454.324389210082,0.5714285714285714,0.0,0,0
CUST_0054,54,Monthly,1478.514353034651,3,18.0,0,SMB,0,Loyal,18.0,3,79839.77506387116,0.05454545454545454,0.0,0,1
CUST_0055,4,Monthly,1643.7997143754587,2,9.0,0,SMB,0,New,9.0,2,6575.198857501835,0.4,0.0,0,1
CUST_0056,54,Monthly,2707.9137470332707,2,12.0,0,SMB,0,Loyal,12.0,2,146227.34233979663,0.03636363636363636,0.0,0,1
CUST_0057,63,Annual,4847.44942729167,0,14.0,2,SMB,0,Loyal,14.0,0,305389.3139193752,0.0,9.69489885458334,0,0
CUST_0058,18,Monthly,4245.070737025528,3,19.0,0,Enterprise,0,Mid-Tenure,19.0,3,76411.2732664595,0.15789473684210525,0.0,1,1
CUST_0059,44,Annual,1780.746190520797,3,12.0,0,Enterprise,0,Loyal,12.0,3,78352.83238291506,0.06666666666666667,0.0,1,0
CUST_0060,34,Multi-Year,2135.17943824144,1,3.0,0,SMB,0,Mid-Tenure,3.0,1,72596.10090020896,0.02857142857142857,0.0,0,0
CUST_0061,62,Annual,2590.3051272683483,4,21.0,2,SMB,0,Loyal,21.0,4,160598.9178906376,0.06349206349206349,5.180610254536696,0,0
CUST_0062,14,Monthly,4905.183411576457,1,8.0,0,SMB,0,Mid-Tenure,8.0,1,68672.5677620704,0.06666666666666667,0.0,0,1
CUST_0063,48,Monthly,1275.7571075107207,1,25.0,2,SMB,0,Loyal,25.0,1,61236.341160514596,0.02040816326530612,2.5515142150214416,0,1
CUST_0064,15,Monthly,2108.673965713473,2,18.0,0,Enterprise,0,Mid-Tenure,18.0,2,31630.109485702094,0.125,0.0,1,1
CUST_0065,62,Monthly,3782.417422922217,1,19.0,0,Enterprise,0,Loyal,19.0,1,234509.88022117747,0.015873015873015872,0.0,1,1
CUST_0066,40,Monthly,4837.746804210245,4,21.0,10,Enterprise,1,Loyal,21.0,4,193509.87216840978,0.0975609756097561,48.37746804210244,1,1
CUST_0067,53,Annual,1200.5384574390696,0,21.0,0,SMB,0,Loyal,21.0,0,63628.53824427069,0.0,0.0,0,0
CUST_0068,24,Monthly,1523.209793874556,3,6.0,0,SMB,1,Mid-Tenure,6.0,3,36557.03505298935,0.12,0.0,0,1
CUST_0069,26,Monthly,1515.626034756936,4,14.0,0,SMB,0,Mid-Tenure,14.0,4,39406.27690368034,0.14814814814814814,0.0,0,1
CUST_0070,60,Annual,594.1941327143309,1,16.0,0,SMB,0,Loyal,16.0,1,35651.64796285985,0.01639344262295082,0.0,0,0
CUST_0071,41,Annual,3218.5203124142727,3,13.0,0,SMB,0,Loyal,13.0,3,131959.33280898517,0.07142857142857142,0.0,0,0
CUST_0072,29,Monthly,3518.163833656522,3,13.0,0,Enterprise,1,Mid-Tenure,13.0,3,102026.75117603914,0.1,0.0,1,1
CUST_0073,15,Multi-Year,3211.36650556364,3,8.0,0,SMB,0,Mid-Tenure,8.0,3,48170.497583454606,0.1875,0.0,0,0
CUST_0074,45,Monthly,820.9534523576646,5,15.0,5,SMB,0,Loyal,15.0,5,36942.9053560949,0.10869565217391304,4.104767261788322,0,1
CUST_0075,65,Annual,811.5355658553426,0,1.0,0,SMB,0,Loyal,1.0,0,52749.81178059727,0.0,0.0,0,0
CUST_0076,71,Annual,1446.7394952235582,5,13.0,0,Enterprise,0,Loyal,13.0,5,102718.50416087263,0.06944444444444445,0.0,1,0
CUST_0077,9,Annual,1806.325320645116,3,3.0,0,Enterprise,0,New,3.0,3,16256.927885806044,0.3,0.0,1,0
CUST_0078,1,Annual,4039.446451595213,1,2.0,0,SMB,0,New,2.0,1,4039.446451595213,0.5,0.0,0,0
CUST_0079,8,Monthly,1217.256195870145,1,2.0,0,Enterprise,0,New,2.0,1,9738.04956696116,0.1111111111111111,0.0,1,1
CUST_0080,63,Monthly,698.4149737888946,3,10.0,0,SMB,0,Loyal,10.0,3,44000.14334870036,0.046875,0.0,0,1
CUST_0081,11,Annual,2272.9437847087484,2,4.0,5,SMB,0,New,4.0,2,25002.381631796234,0.16666666666666666,11.364718923543741,0,0
CUST_0082,8,Monthly,2373.7647656386416,1,15.0,0,SMB,1,New,15.0,1,18990.118125109133,0.1111111111111111,0.0,0,1
CUST_0083,35,Multi-Year,2529.0830218502942,3,22.0,0,SMB,0,Mid-Tenure,22.0,3,88517.9057647603,0.08333333333333333,0.0,0,0
CUST_0084,35,Monthly,4221.065948121359,7,28.0,0,SMB,0,Mid-Tenure,28.0,7,147737.30818424755,0.19444444444444445,0.0,0,1
CUST_0085,33,Monthly,941.0243669192378,2,27.0,0,SMB,0,Mid-Tenure,27.0,2,31053.804108334847,0.058823529411764705,0.0,0,1
CUST_0086,5,Monthly,3667.739370898829,3,22.0,2,SMB,0,New,22.0,3,18338.696854494145,0.5,7.335478741797657,0,1
CUST_0087,41,Monthly,2020.7550697038084,2,29.0,0,SMB,0,Loyal,29.0,2,82850.95785785615,0.047619047619047616,0.0,0,1
CUST_0088,28,Annual,1894.9106139596147,4,29.0,0,SMB,0,Mid-Tenure,29.0,4,53057.49719086921,0.13793103448275862,0.0,0,0
CUST_0089,7,Annual,4696.444067386909,2,22.0,2,Enterprise,0,New,22.0,2,32875.108471708365,0.25,9.392888134773818,1,0
CUST_0090,12,Annual,1618.1083598753391,6,18.0,5,SMB,1,New,18.0,6,19417.30031850407,0.46153846153846156,8.090541799376696,0,0
CUST_0091,34,Multi-Year,3391.3932590271484,6,8.0,0,SMB,0,Mid-Tenure,8.0,6,115307.37080692305,0.17142857142857143,0.0,0,0
CUST_0092,33,Multi-Year,1738.0749081924143,5,21.0,2,SMB,0,Mid-Tenure,21.0,5,57356.471970349674,0.14705882352941177,3.4761498163848286,0,0
CUST_0093,48,Multi-Year,2782.147471881733,3,10.0,0,SMB,0,Loyal,10.0,3,133543.07865032318,0.061224489795918366,0.0,0,0
CUST_0094,23,Monthly,4038.3180166832494,3,11.0,0,SMB,1,Mid-Tenure,11.0,3,92881.31438371474,0.125,0.0,0,1
CUST_0095,62,Annual,4467.751355823173,2,26.0,0,SMB,0,Loyal,26.0,2,277000.5840610367,0.031746031746031744,0.0,0,0
CUST_0096,37,Monthly,4274.137581327726,3,25.0,0,SMB,0,Loyal,25.0,3,158143.09050912588,0.07894736842105263,0.0,0,1
CUST_0097,44,Monthly,3119.813312650879,0,26.0,0,Enterprise,0,Loyal,26.0,0,137271.78575663868,0.0,0.0,1,1
CUST_0098,35,Annual,1619.6734190219995,1,7.0,0,SMB,0,Mid-Tenure,7.0,1,56688.56966576998,0.027777777777777776,0.0,0,0
CUST_0099,65,Monthly,3475.550224678396,2,13.0,0,Enterprise,0,Loyal,13.0,2,225910.76460409572,0.030303030303030304,0.0,1,1
CUST_0100,47,Monthly,3694.572706008236,1,29.0,0,SMB,1,Loyal,29.0,1,173644.9171823871,0.020833333333333332,0.0,0,1
CUST_0101,3,Monthly,548.1139555107563,4,16.0,0,SMB,0,New,16.0,4,1644.341866532269,1.0,0.0,0,1
CUST_0102,1,Monthly,2476.447299193436,3,19.0,2,SMB,0,New,19.0,3,2476.447299193436,1.5,4.952894598386871,0,1
CUST_0103,5,Multi-Year,4294.67919269794,3,14.0,0,SMB,0,New,14.0,3,21473.395963489704,0.5,0.0,0,0
CUST_0104,14,Monthly,2703.1441830937133,4,14.0,0,SMB,0,Mid-Tenure,14.0,4,37844.01856331198,0.26666666666666666,0.0,0,1
CUST_0105,27,Monthly,1901.189489734945,2,22.0,0,SMB,1,Mid-Tenure,22.0,2,51332.11622284351,0.07142857142857142,0.0,0,1
CUST_0106,9,Monthly,4423.089969610983,7,11.0,0,SMB,0,New,11.0,7,39807.80972649885,0.7,0.0,0,1
CUST_0107,15,Monthly,1201.4631388841258,2,8.0,0,SMB,0,Mid-Tenure,8.0,2,18021.947083261886,0.125,0.0,0,1
CUST_0108,42,Multi-Year,1429.0035458729017,2,11.0,15,SMB,0,Loyal,11.0,2,60018.148926661874,0.046511627906976744,21.435053188093523,0,0
CUST_0109,51,Monthly,3593.1756512126,1,18.0,0,SMB,0,Loyal,18.0,1,183251.9582118426,0.019230769230769232,0.0,0,1
CUST_0110,63,Annual,2085.961736869587,4,11.0,2,SMB,0,Loyal,11.0,4,131415.589422784,0.0625,4.171923473739175,0,0
CUST_0111,52,Annual,3708.575760802005,2,10.0,0,SMB,0,Loyal,10.0,2,192845.93956170426,0.03773584905660377,0.0,0,0
CUST_0112,4,Multi-Year,1209.6662956677137,2,27.0,5,Enterprise,0,New,27.0,2,4838.665182670855,0.4,6.048331478338569,1,0
CUST_0113,23,Annual,1635.2109032038068,1,5.0,0,SMB,0,Mid-Tenure,5.0,1,37609.850773687554,0.041666666666666664,0.0,0,0
CUST_0114,15,Multi-Year,1204.913202636351,1,7.0,5,SMB,0,Mid-Tenure,7.0,1,18073.698039545263,0.0625,6.024566013181755,0,0
CUST_0115,43,Monthly,4788.096411035794,4,10.0,0,SMB,0,Loyal,10.0,4,205888.14567453912,0.09090909090909091,0.0,0,1
CUST_0116,29,Monthly,2324.3178238291584,2,2.0,0,SMB,1,Mid-Tenure,2.0,2,67405.2168910456,0.06666666666666667,0.0,0,1
CUST_0117,36,Monthly,2017.489594596017,3,15.0,0,SMB,0,Mid-Tenure,15.0,3,72629.62540545661,0.08108108108108109,0.0,0,1
CUST_0118,13,Multi-Year,563.9097027684412,0,5.0,0,SMB,0,Mid-Tenure,5.0,0,7330.826135989736,0.0,0.0,0,0
CUST_0119,32,Monthly,1190.379107348993,3,8.0,0,Enterprise,0,Mid-Tenure,8.0,3,38092.13143516778,0.09090909090909091,0.0,1,1
CUST_0120,71,Monthly,2395.111353091248,0,8.0,0,SMB,0,Loyal,8.0,0,170052.9060694786,0.0,0.0,0,1
CUST_0121,59,Monthly,808.2625665735234,2,5.0,2,SMB,0,Loyal,5.0,2,47687.49142783788,0.03333333333333333,1.6165251331470467,0,1
CUST_0122,28,Monthly,2798.3269827779764,2,4.0,0,SMB,0,Mid-Tenure,4.0,2,78353.15551778334,0.06896551724137931,0.0,0,1
CUST_0123,66,Monthly,2547.569473090015,2,0.0,0,SMB,0,Loyal,0.0,2,168139.585223941,0.029850746268656716,0.0,0,1
CUST_0124,42,Multi-Year,3952.256631549584,2,2.0,0,SMB,0,Loyal,2.0,2,165994.77852508254,0.046511627906976744,0.0,0,0
CUST_0125,45,Monthly,3469.112156301425,2,2.0,0,SMB,1,Loyal,2.0,2,156110.04703356413,0.043478260869565216,0.0,0,1
CUST_0126,62,Annual,2506.762873942582,2,11.0,0,SMB,0,Loyal,11.0,2,155419.29818444006,0.031746031746031744,0.0,0,0
CUST_0127,57,Annual,1510.9731504728215,1,3.0,0,SMB,0,Loyal,3.0,1,86125.46957695083,0.017241379310344827,0.0,0,0
CUST_0128,6,Monthly,3770.886047080128,1,20.0,0,SMB,0,New,20.0,1,22625.316282480766,0.14285714285714285,0.0,0,1
CUST_0129,28,Monthly,3685.379465543919,2,15.0,0,SMB,0,Mid-Tenure,15.0,2,103190.62503522974,0.06896551724137931,0.0,0,1
CUST_0130,28,Monthly,1189.8327223192432,1,10.0,0,SMB,0,Mid-Tenure,10.0,1,33315.31622493881,0.034482758620689655,0.0,0,1
CUST_0131,44,Monthly,4616.383241414313,4,7.0,5,Enterprise,0,Loyal,7.0,4,203120.86262222976,0.08888888888888889,23.08191620707156,1,1
CUST_0132,30,Annual,789.8230220676943,2,28.0,0,SMB,0,Mid-Tenure,28.0,2,23694.69066203083,0.06451612903225806,0.0,0,0
CUST_0133,62,Monthly,747.6696900172228,4,26.0,0,SMB,1,Loyal,26.0,4,46355.52078106781,0.06349206349206349,0.0,0,1
CUST_0134,62,Monthly,1343.0768794809214,2,8.0,0,SMB,1,Loyal,8.0,2,83270.76652781713,0.031746031746031744,0.0,0,1
CUST_0135,1,Annual,4592.573591219471,1,27.0,0,Enterprise,1,New,27.0,1,4592.573591219471,0.5,0.0,1,0
CUST_0136,27,Multi-Year,2839.991558166148,2,29.0,0,SMB,0,Mid-Tenure,29.0,2,76679.772070486,0.07142857142857142,0.0,0,0
CUST_0137,62,Multi-Year,4045.7341430280494,7,13.0,15,SMB,1,Loyal,13.0,7,250835.51686773906,0.1111111111111111,60.68601214542074,0,0
CUST_0138,3,Multi-Year,1525.2943463442527,1,22.0,15,SMB,1,New,22.0,1,4575.8830390327585,0.25,22.87941519516379,0,0
CUST_0139,70,Annual,2705.9988859418336,7,28.0,0,SMB,0,Loyal,28.0,7,189419.92201592834,0.09859154929577464,0.0,0,0
CUST_0140,27,Monthly,2112.30258630747,1,25.0,0,SMB,0,Mid-Tenure,25.0,1,57032.16983030169,0.03571428571428571,0.0,0,1
CUST_0141,9,Annual,4225.228731797867,4,21.0,5,SMB,0,New,21.0,4,38027.05858618081,0.4,21.126143658989335,0,0
CUST_0142,62,Monthly,601.7199771165198,2,14.0,0,SMB,0,Loyal,14.0,2,37306.63858122422,0.031746031746031744,0.0,0,1
CUST_0143,37,Annual,1597.292284847474,2,18.0,0,Enterprise,0,Loyal,18.0,2,59099.81453935654,0.05263157894736842,0.0,1,0
CUST_0144,51,Annual,1186.5840093607044,3,8.0,0,Enterprise,0,Loyal,8.0,3,60515.78447739592,0.057692307692307696,0.0,1,0
CUST_0145,44,Monthly,4366.350674247062,5,25.0,0,SMB,0,Loyal,25.0,5,192119.4296668707,0.1111111111111111,0.0,0,1
CUST_0146,24,Annual,2603.947323621945,5,16.0,15,SMB,1,Mid-Tenure,16.0,5,62494.73576692668,0.2,39.05920985432918,0,0
CUST_0147,59,Multi-Year,2318.990197519473,1,8.0,2,Enterprise,0,Loyal,8.0,1,136820.4216536489,0.016666666666666666,4.637980395038946,1,0
CUST_0148,32,Monthly,2522.6724294548594,3,2.0,0,Enterprise,0,Mid-Tenure,2.0,3,80725.5177425555,0.09090909090909091,0.0,1,1
CUST_0149,52,Multi-Year,4873.660478160508,2,24.0,2,Enterprise,0,Loyal,24.0,2,253430.34486434644,0.03773584905660377,9.747320956321017,1,0
CUST_0150,62,Monthly,4326.2032745116585,4,15.0,0,SMB,0,Loyal,15.0,4,268224.60301972285,0.06349206349206349,0.0,0,1
CUST_0151,58,Annual,3678.659473326384,3,12.0,5,SMB,0,Loyal,12.0,3,213362.2494529303,0.05084745762711865,18.39329736663192,0,0
CUST_0152,52,Monthly,1807.1553165046455,0,25.0,0,SMB,0,Loyal,25.0,0,93972.07645824157,0.0,0.0,0,1
CUST_0153,12,Annual,1243.278497833015,2,16.0,0,Enterprise,0,New,16.0,2,14919.341973996181,0.15384615384615385,0.0,1,0
CUST_0154,39,Multi-Year,4646.45133061004,3,23.0,0,SMB,0,Loyal,23.0,3,181211.60189379155,0.075,0.0,0,0
CUST_0155,2,Multi-Year,2403.839852584173,3,21.0,0,SMB,0,New,21.0,3,4807.679705168346,1.0,0.0,0,0
CUST_0156,3,Annual,1754.4010976088312,5,29.0,0,SMB,1,New,29.0,5,5263.203292826493,1.25,0.0,0,0
CUST_0157,56,Monthly,2619.1437188793598,0,24.0,0,SMB,0,Loyal,24.0,0,146672.04825724414,0.0,0.0,0,1
CUST_0158,59,Multi-Year,4630.313402691585,6,3.0,15,Enterprise,1,Loyal,3.0,6,273188.4907588035,0.1,69.45470104037378,1,0
CUST_0159,2,Monthly,2241.8029102608198,2,27.0,5,SMB,1,New,27.0,2,4483.6058205216395,0.6666666666666666,11.209014551304099,0,1
CUST_0160,2,Multi-Year,3031.884487616448,2,20.0,0,SMB,0,New,20.0,2,6063.768975232896,0.6666666666666666,0.0,0,0
CUST_0161,54,Monthly,4113.34835498855,3,21.0,5,Enterprise,1,Loyal,21.0,3,222120.81116938172,0.05454545454545454,20.566741774942752,1,1
CUST_0162,1,Monthly,2422.0963897177608,4,27.0,10,SMB,1,New,27.0,4,2422.0963897177608,2.0,24.220963897177608,0,1
CUST_0163,19,Annual,1550.9381086686574,0,8.0,0,Enterprise,0,Mid-Tenure,8.0,0,29467.82406470449,0.0,0.0,1,0
CUST_0164,2,Monthly,4975.365867723651,4,21.0,0,SMB,0,New,21.0,4,9950.731735447302,1.3333333333333333,0.0,0,1
CUST_0165,53,Monthly,4804.568858534718,2,8.0,5,SMB,0,Loyal,8.0,2,254642.14950234006,0.037037037037037035,24.02284429267359,0,1
CUST_0166,44,Monthly,4295.6562610648125,4,17.0,0,SMB,0,Loyal,17.0,4,189008.87548685176,0.08888888888888889,0.0,0,1
CUST_0167,32,Monthly,3597.6824572366518,1,13.0,0,SMB,0,Mid-Tenure,13.0,1,115125.83863157286,0.030303030303030304,0.0,0,1
CUST_0168,70,Monthly,1826.8953263136364,2,19.0,0,SMB,0,Loyal,19.0,2,127882.67284195454,0.028169014084507043,0.0,0,1
CUST_0169,32,Monthly,4610.3582217381445,2,2.0,0,Enterprise,0,Mid-Tenure,2.0,2,147531.46309562062,0.06060606060606061,0.0,1,1
CUST_0170,68,Monthly,1740.0050155455294,0,3.0,10,SMB,0,Loyal,3.0,0,118320.341057096,0.0,17.400050155455293,0,1
CUST_0171,55,Monthly,4103.642726045746,1,0.0,0,SMB,0,Loyal,0.0,1,225700.34993251602,0.017857142857142856,0.0,0,1
CUST_0172,56,Annual,4632.161755735879,3,17.0,5,Enterprise,0,Loyal,17.0,3,259401.05832120922,0.05263157894736842,23.160808778679392,1,0
CUST_0173,17,Monthly,3213.5172819346017,3,3.0,2,SMB,0,Mid-Tenure,3.0,3,54629.79379288823,0.16666666666666666,6.427034563869204,0,1
CUST_0174,38,Multi-Year,4113.752980510305,1,9.0,0,SMB,0,Loyal,9.0,1,156322.6132593916,0.02564102564102564,0.0,0,0
CUST_0175,24,Multi-Year,4062.62794640786,2,3.0,2,SMB,0,Mid-Tenure,3.0,2,97503.07071378863,0.08,8.12525589281572,0,0
CUST_0176,69,Monthly,1369.2098800444096,1,20.0,0,SMB,0,Loyal,20.0,1,94475.48172306427,0.014285714285714285,0.0,0,1
CUST_0177,70,Annual,3505.660131182381,3,24.0,0,SMB,0,Loyal,24.0,3,245396.20918276667,0.04225352112676056,0.0,0,0
CUST_0178,11,Multi-Year,920.605716069996,3,16.0,2,Enterprise,1,New,16.0,3,10126.662876769957,0.25,1.841211432139992,1,0
CUST_0179,16,Multi-Year,2785.325644118666,1,7.0,0,SMB,0,Mid-Tenure,7.0,1,44565.210305898654,0.058823529411764705,0.0,0,0
CUST_0180,59,Annual,1230.0599666325988,3,18.0,2,SMB,0,Loyal,18.0,3,72573.53803132333,0.05,2.4601199332651977,0,0
CUST_0181,70,Monthly,2373.5727445839425,0,8.0,0,SMB,0,Loyal,8.0,0,166150.09212087598,0.0,0.0,0,1
CUST_0182,3,Annual,4248.41933614297,2,15.0,2,SMB,0,New,15.0,2,12745.25800842891,0.5,8.49683867228594,0,0
CUST_0183,20,Annual,4942.25527833592,4,26.0,0,SMB,0,Mid-Tenure,26.0,4,98845.1055667184,0.19047619047619047,0.0,0,0
CUST_0184,59,Annual,1930.81924246828,2,23.0,0,SMB,0,Loyal,23.0,2,113918.33530562851,0.03333333333333333,0.0,0,0
CUST_0185,36,Monthly,2893.800644524295,3,23.0,0,Enterprise,1,Mid-Tenure,23.0,3,104176.82320287461,0.08108108108108109,0.0,1,1
CUST_0186,19,Multi-Year,2800.8411096671985,3,24.0,0,SMB,0,Mid-Tenure,24.0,3,53215.98108367677,0.15,0.0,0,0
CUST_0187,67,Multi-Year,4794.806794239797,2,14.0,0,SMB,0,Loyal,14.0,2,321252.05521406635,0.029411764705882353,0.0,0,0
CUST_0188,19,Monthly,2653.626795947481,3,19.0,0,Enterprise,1,Mid-Tenure,19.0,3,50418.90912300214,0.15,0.0,1,1
CUST_0189,20,Monthly,3645.97792429864,1,15.0,0,SMB,0,Mid-Tenure,15.0,1,72919.5584859728,0.047619047619047616,0.0,0,1
CUST_0190,71,Monthly,4648.051548988367,1,27.0,0,SMB,0,Loyal,27.0,1,330011.6599781741,0.013888888888888888,0.0,0,1
CUST_0191,52,Multi-Year,2180.20351791578,2,20.0,0,Enterprise,0,Loyal,20.0,2,113370.58293162056,0.03773584905660377,0.0,1,0
CUST_0192,33,Annual,4559.5500721042445,4,11.0,0,SMB,0,Mid-Tenure,11.0,4,150465.15237944006,0.11764705882352941,0.0,0,0
CUST_0193,40,Annual,4628.552998509561,5,22.0,10,SMB,0,Loyal,22.0,5,185142.11994038243,0.12195121951219512,46.28552998509561,0,0
CUST_0194,39,Monthly,4687.981267852088,4,17.0,10,SMB,1,Loyal,17.0,4,182831.26944623145,0.1,46.879812678520885,0,1
CUST_0195,1,Annual,1717.0078346214189,2,6.0,0,Enterprise,0,New,6.0,2,1717.0078346214189,1.0,0.0,1,0
CUST_0196,11,Monthly,2301.6001742148133,2,15.0,0,SMB,0,New,15.0,2,25317.601916362946,0.16666666666666666,0.0,0,1
CUST_0197,57,Monthly,4416.781587015659,0,27.0,0,Enterprise,0,Loyal,27.0,0,251756.55045989258,0.0,0.0,1,1
CUST_0198,50,Annual,2116.2282092618843,1,18.0,0,SMB,0,Loyal,18.0,1,105811.41046309422,0.0196078431372549,0.0,0,0
CUST_0199,23,Multi-Year,3201.138648200773,4,5.0,0,Enterprise,0,Mid-Tenure,5.0,4,73626.18890861777,0.16666666666666666,0.0,1,0
CUST_0200,31,Multi-Year,1031.2452826702338,2,28.0,0,SMB,0,Mid-Tenure,28.0,2,31968.603762777246,0.0625,0.0,0,0
CUST_0201,42,Multi-Year,753.2374465005835,4,5.0,0,SMB,0,Loyal,5.0,4,31635.972753024507,0.09302325581395349,0.0,0,0
CUST_0202,7,Monthly,2353.9729527147765,1,5.0,0,SMB,0,New,5.0,1,16477.810669003436,0.125,0.0,0,1
CUST_0203,16,Monthly,3105.1243966672287,4,25.0,0,SMB,1,Mid-Tenure,25.0,4,49681.99034667566,0.23529411764705882,0.0,0,1
CUST_0204,60,Annual,2267.146010115236,5,14.0,0,SMB,0,Loyal,14.0,5,136028.76060691418,0.08196721311475409,0.0,0,0
CUST_0205,2,Multi-Year,3099.8109657237887,3,1.0,5,SMB,0,New,1.0,3,6199.6219314475775,1.0,15.499054828618943,0,0
CUST_0206,1,Monthly,2817.8796927730327,1,8.0,5,Enterprise,0,New,8.0,1,2817.8796927730327,0.5,14.089398463865164,1,1
CUST_0207,48,Monthly,3585.6825317873413,2,7.0,5,SMB,0,Loyal,7.0,2,172112.7615257924,0.04081632653061224,17.928412658936708,0,1
CUST_0208,12,Monthly,3422.895939794254,1,6.0,0,Enterprise,0,New,6.0,1,41074.751277531046,0.07692307692307693,0.0,1,1
CUST_0209,69,Annual,2409.1056644296104,2,26.0,0,SMB,0,Loyal,26.0,2,166228.29084564312,0.02857142857142857,0.0,0,0
CUST_0210,37,Monthly,2412.4785818893847,2,29.0,0,SMB,0,Loyal,29.0,2,89261.70752990723,0.05263157894736842,0.0,0,1
CUST_0211,32,Monthly,1133.502530055044,5,27.0,0,Enterprise,0,Mid-Tenure,27.0,5,36272.08096176141,0.15151515151515152,0.0,1,1
CUST_0212,9,Monthly,2809.5735744340664,1,27.0,0,Enterprise,0,New,27.0,1,25286.162169906598,0.1,0.0,1,1
CUST_0213,19,Monthly,3142.306076610635,0,15.0,5,SMB,1,Mid-Tenure,15.0,0,59703.81545560207,0.0,15.711530383053177,0,1
CUST_0214,48,Multi-Year,2644.202288092218,2,14.0,15,SMB,0,Loyal,14.0,2,126921.70982842648,0.04081632653061224,39.66303432138327,0,0
CUST_0215,3,Monthly,1965.6830078914957,3,8.0,2,SMB,1,New,8.0,3,5897.049023674487,0.75,3.9313660157829915,0,1
CUST_0216,20,Annual,3747.418449132812,2,19.0,2,SMB,0,Mid-Tenure,19.0,2,74948.36898265623,0.09523809523809523,7.494836898265624,0,0
CUST_0217,24,Annual,835.9774009035083,3,14.0,0,SMB,0,Mid-Tenure,14.0,3,20063.4576216842,0.12,0.0,0,0
CUST_0218,54,Multi-Year,4614.9816638932125,1,1.0,2,SMB,0,Loyal,1.0,1,249209.00985023347,0.01818181818181818,9.229963327786425,0,0
CUST_0219,33,Monthly,592.8954779560697,3,19.0,10,SMB,1,Mid-Tenure,19.0,3,19565.5507725503,0.08823529411764706,5.928954779560698,0,1
CUST_0220,24,Multi-Year,4830.575600472251,4,13.0,0,SMB,0,Mid-Tenure,13.0,4,115933.81441133402,0.16,0.0,0,0
CUST_0221,36,Annual,2580.600204205981,0,27.0,0,SMB,0,Mid-Tenure,27.0,0,92901.60735141531,0.0,0.0,0,0
CUST_0222,38,Multi-Year,2357.0147480159358,3,25.0,0,SMB,0,Loyal,25.0,3,89566.56042460556,0.07692307692307693,0.0,0,0
CUST_0223,25,Multi-Year,1653.9980785843466,9,10.0,0,Enterprise,0,Mid-Tenure,10.0,9,41349.95196460866,0.34615384615384615,0.0,1,0
CUST_0224,18,Monthly,545.3201067452743,3,29.0,0,SMB,0,Mid-Tenure,29.0,3,9815.761921414938,0.15789473684210525,0.0,0,1
CUST_0225,66,Monthly,1736.5561898980989,3,2.0,5,SMB,0,Loyal,2.0,3,114612.70853327452,0.04477611940298507,8.682780949490494,0,1
CUST_0226,54,Monthly,992.2996645715028,2,1.0,0,Enterprise,1,Loyal,1.0,2,53584.18188686115,0.03636363636363636,0.0,1,1
CUST_0227,35,Annual,3469.193792120276,5,17.0,0,SMB,0,Mid-Tenure,17.0,5,121421.78272420967,0.1388888888888889,0.0,0,0
CUST_0228,61,Monthly,1935.837375443268,1,13.0,0,SMB,0,Loyal,13.0,1,118086.07990203935,0.016129032258064516,0.0,0,1
CUST_0229,41,Monthly,3952.306977816477,4,23.0,0,SMB,0,Loyal,23.0,4,162044.58609047555,0.09523809523809523,0.0,0,1
CUST_0230,33,Monthly,1431.122843057526,0,28.0,0,SMB,1,Mid-Tenure,28.0,0,47227.05382089836,0.0,0.0,0,1
CUST_0231,68,Monthly,4551.056858444493,6,4.0,2,SMB,1,Loyal,4.0,6,309471.86637422553,0.08695652173913043,9.102113716888985,0,1
CUST_0232,33,Monthly,2853.4168179762464,2,11.0,0,Enterprise,1,Mid-Tenure,11.0,2,94162.75499321613,0.058823529411764705,0.0,1,1
CUST_0233,14,Monthly,1015.2778841104164,1,13.0,10,Enterprise,1,Mid-Tenure,13.0,1,14213.89037754583,0.06666666666666667,10.152778841104164,1,1
CUST_0234,21,Monthly,2303.803560440655,2,5.0,0,SMB,0,Mid-Tenure,5.0,2,48379.87476925376,0.09090909090909091,0.0,0,1
CUST_0235,48,Monthly,1430.4223583139274,2,7.0,0,SMB,0,Loyal,7.0,2,68660.27319906851,0.04081632653061224,0.0,0,1
CUST_0236,20,Monthly,1398.5844177568065,4,6.0,5,SMB,0,Mid-Tenure,6.0,4,27971.68835513613,0.19047619047619047,6.992922088784033,0,1
CUST_0237,8,Monthly,2778.6638194349403,4,6.0,15,SMB,1,New,6.0,4,22229.310555479522,0.4444444444444444,41.6799572915241,0,1
CUST_0238,7,Multi-Year,3523.5140703636766,1,11.0,0,Enterprise,0,New,11.0,1,24664.598492545738,0.125,0.0,1,0
CUST_0239,67,Annual,4602.281924765427,4,28.0,2,SMB,0,Loyal,28.0,4,308352.8889592836,0.058823529411764705,9.204563849530855,0,0
CUST_0240,17,Monthly,2759.7290484364403,3,6.0,0,SMB,0,Mid-Tenure,6.0,3,46915.39382341949,0.16666666666666666,0.0,0,1
CUST_0241,33,Monthly,4846.2744877624855,2,11.0,0,SMB,0,Mid-Tenure,11.0,2,159927.058096162,0.058823529411764705,0.0,0,1
CUST_0242,48,Multi-Year,4737.35683433016,2,26.0,0,SMB,0,Loyal,26.0,2,227393.1280478477,0.04081632653061224,0.0,0,0
CUST_0243,59,Multi-Year,4392.781384929622,2,15.0,0,Enterprise,0,Loyal,15.0,2,259174.1017108477,0.03333333333333333,0.0,1,0
CUST_0244,22,Multi-Year,2749.897692330884,1,26.0,0,SMB,0,Mid-Tenure,26.0,1,60497.74923127945,0.043478260869565216,0.0,0,0
CUST_0245,30,Annual,1134.067746595926,2,6.0,0,SMB,0,Mid-Tenure,6.0,2,34022.03239787778,0.06451612903225806,0.0,0,0
CUST_0246,38,Monthly,1480.570114169232,2,7.0,0,SMB,0,Loyal,7.0,2,56261.66433843082,0.05128205128205128,0.0,0,1
CUST_0247,51,Monthly,3414.5150122038904,2,0.0,0,SMB,0,Loyal,0.0,2,174140.2656223984,0.038461538461538464,0.0,0,1
CUST_0248,54,Monthly,2397.897411278883,2,12.0,0,SMB,0,Loyal,12.0,2,129486.46020905967,0.03636363636363636,0.0,0,1
CUST_0249,8,Multi-Year,1160.607342892984,2,18.0,2,Enterprise,0,New,18.0,2,9284.858743143872,0.2222222222222222,2.321214685785968,1,0
CUST_0250,27,Annual,2655.472701376897,4,0.0,0,SMB,0,Mid-Tenure,0.0,4,71697.76293717622,0.14285714285714285,0.0,0,0
CUST_0251,27,Annual,578.4374547592066,2,23.0,0,SMB,0,Mid-Tenure,23.0,2,15617.811278498579,0.07142857142857142,0.0,0,0
CUST_0252,21,Monthly,3802.5291690481695,1,17.0,15,Enterprise,1,Mid-Tenure,17.0,1,79853.11255001156,0.045454545454545456,57.03793753572254,1,1
CUST_0253,30,Multi-Year,831.1158252036089,1,6.0,0,SMB,0,Mid-Tenure,6.0,1,24933.474756108266,0.03225806451612903,0.0,0,0
CUST_0254,28,Monthly,3331.011289604536,1,21.0,0,SMB,1,Mid-Tenure,21.0,1,93268.31610892701,0.034482758620689655,0.0,0,1
CUST_0255,64,Monthly,4068.546384315197,3,26.0,0,SMB,0,Loyal,26.0,3,260386.9685961726,0.046153846153846156,0.0,0,1
CUST_0256,69,Monthly,1096.8974350428448,0,16.0,0,SMB,0,Loyal,16.0,0,75685.92301795629,0.0,0.0,0,1
CUST_0257,61,Annual,2833.8741079970564,2,27.0,0,SMB,0,Loyal,27.0,2,172866.32058782043,0.03225806451612903,0.0,0,0
CUST_0258,48,Monthly,4005.803814617613,3,14.0,2,SMB,0,Loyal,14.0,3,192278.58310164543,0.061224489795918366,8.011607629235227,0,1
CUST_0259,19,Multi-Year,1672.8505464065065,4,21.0,0,SMB,0,Mid-Tenure,21.0,4,31784.160381723625,0.2,0.0,0,0
CUST_0260,4,Monthly,1233.124668507286,4,24.0,0,SMB,1,New,24.0,4,4932.498674029144,0.8,0.0,0,1
CUST_0261,35,Annual,2015.685999353556,2,18.0,0,SMB,0,Mid-Tenure,18.0,2,70549.00997737446,0.05555555555555555,0.0,0,0
CUST_0262,64,Annual,2996.146294624921,4,27.0,0,SMB,0,Loyal,27.0,4,191753.36285599496,0.06153846153846154,0.0,0,0
CUST_0263,49,Monthly,3088.758176846375,3,22.0,2,SMB,0,Loyal,22.0,3,151349.15066547238,0.06,6.17751635369275,0,1
CUST_0264,17,Multi-Year,1088.9435005595917,7,3.0,5,Enterprise,0,Mid-Tenure,3.0,7,18512.03950951306,0.3888888888888889,5.444717502797959,1,0
CUST_0265,44,Annual,2559.0598145328727,3,16.0,0,Enterprise,0,Loyal,16.0,3,112598.6318394464,0.06666666666666667,0.0,1,0
CUST_0266,30,Annual,1707.2698799276952,1,6.0,2,SMB,1,Mid-Tenure,6.0,1,51218.09639783086,0.03225806451612903,3.4145397598553906,0,0
CUST_0267,46,Multi-Year,4289.108981292278,1,15.0,2,Enterprise,0,Loyal,15.0,1,197299.0131394448,0.02127659574468085,8.578217962584556,1,0
CUST_0268,6,Annual,1911.0880942881383,3,16.0,0,SMB,0,New,16.0,3,11466.52856572883,0.42857142857142855,0.0,0,0
CUST_0269,37,Monthly,4274.170360402368,1,26.0,10,Enterprise,0,Loyal,26.0,1,158144.3033348876,0.02631578947368421,42.74170360402368,1,1
CUST_0270,24,Annual,2428.5407567080647,3,19.0,5,SMB,0,Mid-Tenure,19.0,3,58284.97816099355,0.12,12.142703783540325,0,0
CUST_0271,46,Monthly,3769.63594621904,2,28.0,0,SMB,0,Loyal,28.0,2,173403.25352607583,0.0425531914893617,0.0,0,1
CUST_0272,53,Monthly,2795.2710284486466,1,14.0,0,Enterprise,0,Loyal,14.0,1,148149.36450777826,0.018518518518518517,0.0,1,1
CUST_0273,60,Monthly,3298.8318085893943,0,8.0,2,Enterprise,0,Loyal,8.0,0,197929.90851536367,0.0,6.597663617178789,1,1
CUST_0274,63,Annual,2279.104298876224,1,20.0,0,SMB,0,Loyal,20.0,1,143583.57082920213,0.015625,0.0,0,0
CUST_0275,32,Annual,3956.930455133708,1,22.0,5,Enterprise,0,Mid-Tenure,22.0,1,126621.77456427866,0.030303030303030304,19.78465227566854,1,0
CUST_0276,33,Monthly,2413.3522260814625,0,12.0,0,SMB,0,Mid-Tenure,12.0,0,79640.62346068826,0.0,0.0,0,1
CUST_0277,67,Annual,2558.5774096361984,1,6.0,0,SMB,0,Loyal,6.0,1,171424.6864456253,0.014705882352941176,0.0,0,0
CUST_0278,18,Multi-Year,2829.554007039308,3,27.0,0,SMB,0,Mid-Tenure,27.0,3,50931.972126707544,0.15789473684210525,0.0,0,0
CUST_0279,25,Monthly,4243.208532736926,1,18.0,0,SMB,0,Mid-Tenure,18.0,1,106080.21331842315,0.038461538461538464,0.0,0,1
CUST_0280,54,Monthly,3467.205178706592,1,28.0,0,Enterprise,0,Loyal,28.0,1,187229.07965015597,0.01818181818181818,0.0,1,1
CUST_0281,58,Annual,2071.221739545874,3,10.0,2,Enterprise,0,Loyal,10.0,3,120130.86089366068,0.05084745762711865,4.142443479091748,1,0
CUST_0282,67,Monthly,3516.4383529169427,1,7.0,0,SMB,0,Loyal,7.0,1,235601.36964543516,0.014705882352941176,0.0,0,1
CUST_0283,46,Annual,3390.9195785385978,3,16.0,0,SMB,0,Loyal,16.0,3,155982.3006127755,0.06382978723404255,0.0,0,0
CUST_0284,24,Monthly,4689.586741458669,7,3.0,0,SMB,0,Mid-Tenure,3.0,7,112550.08179500807,0.28,0.0,0,1
CUST_0285,32,Monthly,4286.373962114075,3,25.0,0,SMB,0,Mid-Tenure,25.0,3,137163.9667876504,0.09090909090909091,0.0,0,1
CUST_0286,47,Annual,3413.5111568806165,3,3.0,2,SMB,0,Loyal,3.0,3,160435.02437338897,0.0625,6.8270223137612325,0,0
CUST_0287,23,Annual,2036.781998078196,2,17.0,2,SMB,0,Mid-Tenure,17.0,2,46845.98595579851,0.08333333333333333,4.073563996156392,0,0
CUST_0288,66,Multi-Year,4008.094019875713,1,21.0,0,SMB,0,Loyal,21.0,1,264534.20531179704,0.014925373134328358,0.0,0,0
CUST_0289,27,Multi-Year,3088.4373187826045,8,16.0,0,Enterprise,0,Mid-Tenure,16.0,8,83387.80760713032,0.2857142857142857,0.0,1,0
CUST_0290,2,Annual,4933.714946454057,4,2.0,0,SMB,0,New,2.0,4,9867.429892908114,1.3333333333333333,0.0,0,0
CUST_0291,17,Annual,1613.777578564118,2,8.0,0,SMB,0,Mid-Tenure,8.0,2,27434.218835590003,0.1111111111111111,0.0,0,0
CUST_0292,33,Monthly,858.4512841889913,3,27.0,2,Enterprise,1,Mid-Tenure,27.0,3,28328.892378236713,0.08823529411764706,1.7169025683779826,1,1
CUST_0293,9,Annual,814.5131534957645,1,25.0,0,SMB,0,New,25.0,1,7330.618381461881,0.1,0.0,0,0
CUST_0294,43,Monthly,3380.1367475825614,1,5.0,0,SMB,0,Loyal,5.0,1,145345.88014605013,0.022727272727272728,0.0,0,1
CUST_0295,48,Multi-Year,4726.6710301018575,1,1.0,0,SMB,0,Loyal,1.0,1,226880.20944488916,0.02040816326530612,0.0,0,0
CUST_0296,39,Monthly,508.6936143117733,1,27.0,10,SMB,0,Loyal,27.0,1,19839.050958159158,0.025,5.086936143117733,0,1
CUST_0297,42,Annual,3765.9697113099983,4,11.0,15,Enterprise,0,Loyal,11.0,4,158170.72787501992,0.09302325581395349,56.48954566964998,1,0
CUST_0298,26,Monthly,3456.793321398254,3,14.0,10,SMB,1,Mid-Tenure,14.0,3,89876.62635635461,0.1111111111111111,34.56793321398254,0,1
CUST_0299,50,Annual,3795.368864987596,2,8.0,2,Enterprise,0,Loyal,8.0,2,189768.4432493798,0.0392156862745098,7.590737729975192,1,0
CUST_0300,25,Multi-Year,2099.32433043051,2,28.0,2,SMB,0,Mid-Tenure,28.0,2,52483.108260762754,0.07692307692307693,4.1986486608610205,0,0
CUST_0301,24,Monthly,4192.234000960349,4,1.0,2,SMB,0,Mid-Tenure,1.0,4,100613.61602304837,0.16,8.384468001920697,0,1
CUST_0302,13,Multi-Year,701.1811913848787,3,11.0,5,SMB,0,Mid-Tenure,11.0,3,9115.355488003424,0.21428571428571427,3.5059059569243938,0,0
CUST_0303,60,Monthly,3899.439952799124,2,15.0,10,Enterprise,1,Loyal,15.0,2,233966.39716794743,0.03278688524590164,38.99439952799124,1,1
CUST_0304,7,Annual,1701.8237360708947,4,6.0,0,SMB,1,New,6.0,4,11912.766152496262,0.5,0.0,0,0
CUST_0305,57,Multi-Year,2645.769986861322,3,0.0,0,SMB,0,Loyal,0.0,3,150808.88925109536,0.05172413793103448,0.0,0,0
CUST_0306,36,Monthly,4201.863222007492,3,20.0,0,SMB,0,Mid-Tenure,20.0,3,151267.07599226973,0.08108108108108109,0.0,0,1
CUST_0307,45,Multi-Year,1721.1156583601166,5,6.0,0,SMB,0,Loyal,6.0,5,77450.20462620525,0.10869565217391304,0.0,0,0
CUST_0308,20,Monthly,1333.4338023975206,1,2.0,2,SMB,0,Mid-Tenure,2.0,1,26668.676047950412,0.047619047619047616,2.666867604795041,0,1
CUST_0309,65,Monthly,3565.909334065479,2,19.0,5,SMB,0,Loyal,19.0,2,231784.10671425614,0.030303030303030304,17.829546670327396,0,1
CUST_0310,8,Multi-Year,2900.2770117806203,4,4.0,0,Enterprise,0,New,4.0,4,23202.216094244963,0.4444444444444444,0.0,1,0
CUST_0311,16,Monthly,2814.81740935783,5,2.0,0,Enterprise,1,Mid-Tenure,2.0,5,45037.07854972528,0.29411764705882354,0.0,1,1
CUST_0312,14,Multi-Year,1655.4628199206093,1,14.0,15,SMB,0,Mid-Tenure,14.0,1,23176.47947888853,0.06666666666666667,24.83194229880914,0,0
CUST_0313,15,Multi-Year,656.9613761901245,5,5.0,0,SMB,1,Mid-Tenure,5.0,5,9854.420642851868,0.3125,0.0,0,0
CUST_0314,66,Monthly,2346.2111224927257,3,14.0,0,SMB,0,Loyal,14.0,3,154849.9340845199,0.04477611940298507,0.0,0,1
CUST_0315,32,Annual,979.517662104956,3,2.0,2,SMB,0,Mid-Tenure,2.0,3,31344.565187358592,0.09090909090909091,1.959035324209912,0,0
CUST_0316,63,Monthly,4576.95117792141,1,23.0,0,SMB,0,Loyal,23.0,1,288347.9242090488,0.015625,0.0,0,1
CUST_0317,51,Monthly,685.6264556227874,3,22.0,0,SMB,0,Loyal,22.0,3,34966.94923676216,0.057692307692307696,0.0,0,1
CUST_0318,25,Monthly,2442.428843829716,4,0.0,0,Enterprise,0,Mid-Tenure,0.0,4,61060.7210957429,0.15384615384615385,0.0,1,1
CUST_0319,58,Monthly,735.1051266537254,1,1.0,0,SMB,1,Loyal,1.0,1,42636.097345916074,0.01694915254237288,0.0,0,1
CUST_0320,63,Monthly,929.9474355414484,3,3.0,0,SMB,0,Loyal,3.0,3,58586.68843911125,0.046875,0.0,0,1
CUST_0321,62,Monthly,3464.900001149099,5,20.0,0,Enterprise,0,Loyal,20.0,5,214823.80007124413,0.07936507936507936,0.0,1,1
CUST_0322,22,Multi-Year,3412.0006743834256,0,13.0,0,Enterprise,0,Mid-Tenure,13.0,0,75064.01483643537,0.0,0.0,1,0
CUST_0323,58,Multi-Year,648.734876957479,1,13.0,0,SMB,0,Loyal,13.0,1,37626.622863533776,0.01694915254237288,0.0,0,0
CUST_0324,58,Annual,505.0916380439159,1,26.0,2,SMB,1,Loyal,26.0,1,29295.315006547124,0.01694915254237288,1.0101832760878318,0,0
CUST_0325,49,Annual,854.681347592528,2,29.0,0,SMB,0,Loyal,29.0,2,41879.38603203387,0.04,0.0,0,0
CUST_0326,52,Multi-Year,3933.49503970374,3,9.0,0,SMB,0,Loyal,9.0,3,204541.7420645945,0.05660377358490566,0.0,0,0
CUST_0327,42,Monthly,3130.594127381782,2,10.0,0,Enterprise,1,Loyal,10.0,2,131484.95335003483,0.046511627906976744,0.0,1,1
CUST_0328,70,Annual,671.5321033482122,0,3.0,0,Enterprise,0,Loyal,3.0,0,47007.24723437485,0.0,0.0,1,0
CUST_0329,15,Multi-Year,2696.436571427723,2,14.0,0,Enterprise,0,Mid-Tenure,14.0,2,40446.54857141584,0.125,0.0,1,0
CUST_0330,54,Monthly,3704.1321067450313,5,19.0,0,SMB,0,Loyal,19.0,5,200023.1337642317,0.09090909090909091,0.0,0,1
CUST_0331,60,Annual,4410.281275703628,5,29.0,10,SMB,0,Loyal,29.0,5,264616.8765422177,0.08196721311475409,44.10281275703628,0,0
CUST_0332,8,Multi-Year,4703.164207965548,3,24.0,5,SMB,0,New,24.0,3,37625.31366372438,0.3333333333333333,23.51582103982774,0,0
CUST_0333,53,Multi-Year,1973.4825332933,4,3.0,0,SMB,0,Loyal,3.0,4,104594.5742645449,0.07407407407407407,0.0,0,0
CUST_0334,60,Annual,1111.2459278596957,3,19.0,0,SMB,0,Loyal,19.0,3,66674.75567158175,0.04918032786885246,0.0,0,0
CUST_0335,5,Monthly,1566.1666432915135,2,19.0,0,SMB,1,New,19.0,2,7830.833216457568,0.3333333333333333,0.0,0,1
CUST_0336,68,Monthly,3992.771714181007,2,15.0,0,SMB,0,Loyal,15.0,2,271508.4765643085,0.028985507246376812,0.0,0,1
CUST_0337,6,Monthly,4871.678967690398,2,1.0,2,SMB,0,New,1.0,2,29230.07380614239,0.2857142857142857,9.743357935380796,0,1
CUST_0338,47,Annual,2598.7712781217124,2,12.0,0,SMB,0,Loyal,12.0,2,122142.25007172048,0.041666666666666664,0.0,0,0
CUST_0339,55,Monthly,1874.089460965054,4,7.0,2,SMB,0,Loyal,7.0,4,103074.92035307798,0.07142857142857142,3.748178921930108,0,1
CUST_0340,40,Multi-Year,2431.357618820155,1,12.0,10,SMB,1,Loyal,12.0,1,97254.3047528062,0.024390243902439025,24.31357618820155,0,0
CUST_0341,52,Monthly,1871.659150903096,3,29.0,0,SMB,0,Loyal,29.0,3,97326.27584696098,0.05660377358490566,0.0,0,1
CUST_0342,16,Monthly,1654.1938544321945,0,19.0,0,SMB,0,Mid-Tenure,19.0,0,26467.10167091511,0.0,0.0,0,1
CUST_0343,13,Monthly,3171.878385832308,4,20.0,0,Enterprise,1,Mid-Tenure,20.0,4,41234.41901582001,0.2857142857142857,0.0,1,1
CUST_0344,30,Annual,570.8119116809498,5,7.0,0,SMB,1,Mid-Tenure,7.0,5,17124.357350428494,0.16129032258064516,0.0,0,0
CUST_0345,19,Monthly,1667.9851189924468,4,29.0,5,Enterprise,1,Mid-Tenure,29.0,4,31691.71726085649,0.2,8.339925594962235,1,1
CUST_0346,17,Monthly,3476.2193503024505,4,3.0,0,Enterprise,0,Mid-Tenure,3.0,4,59095.72895514166,0.2222222222222222,0.0,1,1
CUST_0347,63,Monthly,644.2821333806226,2,4.0,0,SMB,0,Loyal,4.0,2,40589.77440297922,0.03125,0.0,0,1
CUST_0348,19,Monthly,874.4081742902074,2,20.0,2,SMB,0,Mid-Tenure,20.0,2,16613.75531151394,0.1,1.748816348580415,0,1
CUST_0349,58,Monthly,1820.282651536032,3,5.0,0,SMB,0,Loyal,5.0,3,105576.39378908987,0.05084745762711865,0.0,0,1
CUST_0350,55,Multi-Year,4450.121593740432,3,22.0,0,SMB,0,Loyal,22.0,3,244756.68765572377,0.05357142857142857,0.0,0,0
CUST_0351,62,Annual,3941.987720743833,2,18.0,0,SMB,0,Loyal,18.0,2,244403.23868611763,0.031746031746031744,0.0,0,0
CUST_0352,23,Monthly,599.7048323730959,2,29.0,0,Enterprise,1,Mid-Tenure,29.0,2,13793.211144581206,0.08333333333333333,0.0,1,1
CUST_0353,9,Multi-Year,2757.7076750982133,1,9.0,0,SMB,0,New,9.0,1,24819.36907588392,0.1,0.0,0,0
CUST_0354,12,Multi-Year,1736.0937229433755,2,26.0,0,Enterprise,0,New,26.0,2,20833.124675320505,0.15384615384615385,0.0,1,0
CUST_0355,1,Annual,3418.905465779283,3,2.0,0,Enterprise,0,New,2.0,3,3418.905465779283,1.5,0.0,1,0
CUST_0356,58,Annual,3746.992471670576,2,12.0,0,SMB,0,Loyal,12.0,2,217325.5633568934,0.03389830508474576,0.0,0,0
CUST_0357,1,Multi-Year,4382.881597081771,2,8.0,0,SMB,0,New,8.0,2,4382.881597081771,1.0,0.0,0,0
CUST_0358,34,Multi-Year,2639.373066968064,3,16.0,10,SMB,1,Mid-Tenure,16.0,3,89738.68427691418,0.08571428571428572,26.39373066968064,0,0
CUST_0359,48,Annual,4975.02539845513,3,9.0,0,SMB,0,Loyal,9.0,3,238801.21912584623,0.061224489795918366,0.0,0,0
CUST_0360,1,Monthly,4909.937482791992,3,11.0,0,SMB,0,New,11.0,3,4909.937482791992,1.5,0.0,0,1
CUST_0361,16,Annual,4469.750260119649,4,12.0,10,Enterprise,0,Mid-Tenure,12.0,4,71516.00416191439,0.23529411764705882,44.6975026011965,1,0
CUST_0362,61,Annual,3086.9127282113186,1,23.0,15,SMB,1,Loyal,23.0,1,188301.67642089044,0.016129032258064516,46.30369092316978,0,0
CUST_0363,64,Monthly,2291.0289687671675,2,9.0,2,SMB,0,Loyal,9.0,2,146625.85400109872,0.03076923076923077,4.582057937534335,0,1
CUST_0364,63,Monthly,2139.7383956290323,2,18.0,0,Enterprise,1,Loyal,18.0,2,134803.51892462902,0.03125,0.0,1,1
CUST_0365,69,Multi-Year,554.5613753948518,3,20.0,0,SMB,0,Loyal,20.0,3,38264.734902244774,0.04285714285714286,0.0,0,0
CUST_0366,22,Annual,1621.285237590649,4,18.0,0,SMB,0,Mid-Tenure,18.0,4,35668.27522699428,0.17391304347826086,0.0,0,0
CUST_0367,67,Monthly,3734.637057271241,2,25.0,2,SMB,0,Loyal,25.0,2,250220.68283717314,0.029411764705882353,7.469274114542482,0,1
CUST_0368,26,Annual,3216.3444495188,1,16.0,0,SMB,0,Mid-Tenure,16.0,1,83624.95568748881,0.037037037037037035,0.0,0,0
CUST_0369,16,Monthly,4623.899851253901,3,25.0,0,Enterprise,0,Mid-Tenure,25.0,3,73982.39762006242,0.17647058823529413,0.0,1,1
CUST_0370,51,Monthly,725.1002011245104,5,29.0,0,Enterprise,1,Loyal,29.0,5,36980.11025735003,0.09615384615384616,0.0,1,1
CUST_0371,57,Annual,1198.7447142979877,6,4.0,0,SMB,0,Loyal,4.0,6,68328.4487149853,0.10344827586206896,0.0,0,0
CUST_0372,29,Monthly,4051.597052084586,1,7.0,0,SMB,0,Mid-Tenure,7.0,1,117496.31451045298,0.03333333333333333,0.0,0,1
CUST_0373,69,Monthly,2113.284340379002,1,4.0,2,SMB,0,Loyal,4.0,1,145816.61948615115,0.014285714285714285,4.226568680758004,0,1
CUST_0374,47,Multi-Year,1032.5540017304506,3,14.0,2,SMB,0,Loyal,14.0,3,48530.03808133118,0.0625,2.0651080034609013,0,0
CUST_0375,62,Monthly,4984.027272950401,3,3.0,0,SMB,0,Loyal,3.0,3,309009.6909229249,0.047619047619047616,0.0,0,1
CUST_0376,69,Monthly,4042.626362012133,1,24.0,5,SMB,0,Loyal,24.0,1,278941.2189788372,0.014285714285714285,20.213131810060666,0,1
CUST_0377,16,Multi-Year,2339.334665411551,3,12.0,0,SMB,1,Mid-Tenure,12.0,3,37429.35464658482,0.17647058823529413,0.0,0,0
CUST_0378,48,Annual,4205.063646257631,2,16.0,0,Enterprise,0,Loyal,16.0,2,201843.0550203663,0.04081632653061224,0.0,1,0
CUST_0379,39,Annual,3562.71741553619,5,4.0,0,SMB,0,Loyal,4.0,5,138945.9792059114,0.125,0.0,0,0
CUST_0380,33,Multi-Year,4054.88641806425,4,0.0,0,SMB,0,Mid-Tenure,0.0,4,133811.25179612025,0.11764705882352941,0.0,0,0
CUST_0381,23,Monthly,4168.428699045424,3,21.0,0,Enterprise,0,Mid-Tenure,21.0,3,95873.86007804475,0.125,0.0,1,1
CUST_0382,10,Annual,881.2790748064306,0,14.0,0,SMB,1,New,14.0,0,8812.790748064306,0.0,0.0,0,0
CUST_0383,69,Annual,3303.3779945964307,3,9.0,10,SMB,0,Loyal,9.0,3,227933.0816271537,0.04285714285714286,33.033779945964305,0,0
CUST_0384,34,Multi-Year,530.5349883957242,5,24.0,5,SMB,0,Mid-Tenure,24.0,5,18038.189605454623,0.14285714285714285,2.652674941978621,0,0
CUST_0385,52,Annual,695.5531083552678,3,10.0,0,Enterprise,0,Loyal,10.0,3,36168.76163447392,0.05660377358490566,0.0,1,0
CUST_0386,10,Annual,4567.910040751283,1,29.0,0,SMB,0,New,29.0,1,45679.10040751283,0.09090909090909091,0.0,0,0
CUST_0387,19,Monthly,2874.036746105625,2,17.0,0,SMB,0,Mid-Tenure,17.0,2,54606.698176006874,0.1,0.0,0,1
CUST_0388,58,Monthly,3811.5589364083617,4,28.0,0,SMB,0,Loyal,28.0,4,221070.41831168497,0.06779661016949153,0.0,0,1
CUST_0389,1,Annual,4273.2544569941565,2,12.0,0,Enterprise,0,New,12.0,2,4273.2544569941565,1.0,0.0,1,0
CUST_0390,69,Annual,4773.140454040633,4,19.0,0,SMB,0,Loyal,19.0,4,329346.69132880366,0.05714285714285714,0.0,0,0
CUST_0391,4,Annual,4412.087815652581,2,23.0,0,SMB,0,New,23.0,2,17648.351262610326,0.4,0.0,0,0
CUST_0392,16,Monthly,2674.9015191378226,2,29.0,0,SMB,1,Mid-Tenure,29.0,2,42798.42430620516,0.11764705882352941,0.0,0,1
CUST_0393,24,Annual,2011.8663832123016,2,15.0,0,SMB,0,Mid-Tenure,15.0,2,48284.793197095234,0.08,0.0,0,0
CUST_0394,2,Annual,1195.219562927172,0,18.0,2,Enterprise,0,New,18.0,0,2390.439125854344,0.0,2.390439125854344,1,0
CUST_0395,32,Multi-Year,2301.44667119276,3,29.0,2,SMB,0,Mid-Tenure,29.0,3,73646.29347816831,0.09090909090909091,4.60289334238552,0,0
CUST_0396,24,Annual,2149.2211062252354,2,22.0,0,SMB,0,Mid-Tenure,22.0,2,51581.30654940565,0.08,0.0,0,0
CUST_0397,12,Multi-Year,3018.08678880143,1,11.0,0,Enterprise,0,New,11.0,1,36217.04146561716,0.07692307692307693,0.0,1,0
CUST_0398,50,Multi-Year,3494.7923394074605,4,22.0,5,Enterprise,0,Loyal,22.0,4,174739.61697037303,0.0784313725490196,17.473961697037304,1,0
CUST_0399,35,Annual,4902.464644002714,2,13.0,0,SMB,0,Mid-Tenure,13.0,2,171586.26254009496,0.05555555555555555,0.0,0,0
CUST_0400,33,Annual,3777.737837453296,3,1.0,0,SMB,0,Mid-Tenure,1.0,3,124665.34863595877,0.08823529411764706,0.0,0,0
CUST_0401,33,Multi-Year,3396.868395993155,0,27.0,0,SMB,0,Mid-Tenure,27.0,0,112096.65706777411,0.0,0.0,0,0
CUST_0402,61,Annual,2007.9159542075413,3,9.0,0,Enterprise,0,Loyal,9.0,3,122482.87320666002,0.04838709677419355,0.0,1,0
CUST_0403,51,Multi-Year,655.2674442424669,3,3.0,0,Enterprise,0,Loyal,3.0,3,33418.63965636581,0.057692307692307696,0.0,1,0
CUST_0404,43,Annual,1796.563079846113,4,0.0,0,SMB,0,Loyal,0.0,4,77252.21243338285,0.09090909090909091,0.0,0,0
CUST_0405,12,Annual,3958.01555206828,2,23.0,0,Enterprise,0,New,23.0,2,47496.18662481936,0.15384615384615385,0.0,1,0
CUST_0406,67,Monthly,1423.723733617108,2,25.0,2,Enterprise,0,Loyal,25.0,2,95389.49015234625,0.029411764705882353,2.847447467234216,1,1
CUST_0407,65,Monthly,3704.8468715335152,1,25.0,0,Enterprise,0,Loyal,25.0,1,240815.0466496785,0.015151515151515152,0.0,1,1
CUST_0408,33,Multi-Year,3109.009291562372,5,24.0,0,SMB,0,Mid-Tenure,24.0,5,102597.30662155827,0.14705882352941177,0.0,0,0
CUST_0409,40,Annual,1273.355913877092,1,16.0,0,Enterprise,0,Loyal,16.0,1,50934.236555083684,0.024390243902439025,0.0,1,0
CUST_0410,43,Annual,1677.311628313235,1,10.0,0,Enterprise,0,Loyal,10.0,1,72124.4000174691,0.022727272727272728,0.0,1,0
CUST_0411,44,Multi-Year,2733.366215689144,4,6.0,0,SMB,0,Loyal,6.0,4,120268.11349032234,0.08888888888888889,0.0,0,0
CUST_0412,29,Annual,2382.686172985313,0,16.0,0,Enterprise,0,Mid-Tenure,16.0,0,69097.89901657408,0.0,0.0,1,0
CUST_0413,13,Annual,4003.537313960418,2,27.0,0,SMB,0,Mid-Tenure,27.0,2,52045.985081485436,0.14285714285714285,0.0,0,0
CUST_0414,12,Annual,3804.8208914446113,2,16.0,0,SMB,0,New,16.0,2,45657.850697335336,0.15384615384615385,0.0,0,0
CUST_0415,46,Annual,3085.585265628577,2,8.0,2,Enterprise,0,Loyal,8.0,2,141936.92221891455,0.0425531914893617,6.171170531257154,1,0
CUST_0416,2,Monthly,4200.236201628163,0,9.0,2,SMB,1,New,9.0,0,8400.472403256326,0.0,8.400472403256327,0,1
CUST_0417,35,Monthly,3032.012933079389,1,25.0,0,Enterprise,0,Mid-Tenure,25.0,1,106120.45265777862,0.027777777777777776,0.0,1,1
CUST_0418,8,Monthly,4839.75165495767,2,5.0,0,SMB,0,New,5.0,2,38718.01323966136,0.2222222222222222,0.0,0,1
CUST_0419,26,Monthly,1477.5084461798665,2,16.0,10,SMB,1,Mid-Tenure,16.0,2,38415.21960067653,0.07407407407407407,14.775084461798667,0,1
CUST_0420,34,Annual,3713.593971209688,3,15.0,0,SMB,0,Mid-Tenure,15.0,3,126262.19502112939,0.08571428571428572,0.0,0,0
CUST_0421,7,Monthly,2164.748594245106,1,6.0,5,SMB,1,New,6.0,1,15153.24015971574,0.125,10.82374297122553,0,1
CUST_0422,68,Monthly,1755.3478748908724,2,18.0,0,SMB,0,Loyal,18.0,2,119363.65549257932,0.028985507246376812,0.0,0,1
CUST_0423,58,Monthly,1311.743641854708,1,25.0,0,SMB,0,Loyal,25.0,1,76081.13122757306,0.01694915254237288,0.0,0,1
CUST_0424,29,Monthly,2986.2656431769474,5,3.0,0,SMB,0,Mid-Tenure,3.0,5,86601.70365213147,0.16666666666666666,0.0,0,1
CUST_0425,36,Annual,1469.6124473714508,1,29.0,2,SMB,0,Mid-Tenure,29.0,1,52906.04810537223,0.02702702702702703,2.9392248947429014,0,0
CUST_0426,21,Multi-Year,1401.5788315178263,1,19.0,0,Enterprise,0,Mid-Tenure,19.0,1,29433.155461874354,0.045454545454545456,0.0,1,0
CUST_0427,36,Annual,4957.39357287718,1,23.0,2,SMB,0,Mid-Tenure,23.0,1,178466.1686235785,0.02702702702702703,9.91478714575436,0,0
CUST_0428,10,Monthly,4107.863375805924,2,16.0,2,SMB,0,New,16.0,2,41078.63375805924,0.18181818181818182,8.215726751611848,0,1
CUST_0429,24,Monthly,3867.245691144689,1,23.0,0,SMB,0,Mid-Tenure,23.0,1,92813.89658747253,0.04,0.0,0,1
CUST_0430,64,Monthly,4073.272816472397,1,8.0,0,SMB,0,Loyal,8.0,1,260689.46025423342,0.015384615384615385,0.0,0,1
CUST_0431,49,Annual,4860.152931734341,1,10.0,0,Enterprise,0,Loyal,10.0,1,238147.4936549827,0.02,0.0,1,0
CUST_0432,36,Monthly,3079.745099389416,1,22.0,0,SMB,1,Mid-Tenure,22.0,1,110870.82357801897,0.02702702702702703,0.0,0,1
CUST_0433,24,Annual,1491.0974483128723,4,0.0,5,SMB,0,Mid-Tenure,0.0,4,35786.33875950894,0.16,7.455487241564361,0,0
CUST_0434,23,Monthly,4379.943383389576,2,6.0,0,SMB,1,Mid-Tenure,6.0,2,100738.69781796026,0.08333333333333333,0.0,0,1
CUST_0435,62,Multi-Year,3842.288282543406,2,21.0,0,SMB,0,Loyal,21.0,2,238221.87351769116,0.031746031746031744,0.0,0,0
CUST_0436,37,Monthly,2364.3874055037786,2,4.0,0,SMB,0,Loyal,4.0,2,87482.33400363981,0.05263157894736842,0.0,0,1
CUST_0437,12,Monthly,2631.0627435859087,0,4.0,5,Enterprise,0,New,4.0,0,31572.752923030905,0.0,13.155313717929545,1,1
CUST_0438,55,Multi-Year,2350.635793154911,3,0.0,0,SMB,0,Loyal,0.0,3,129284.96862352011,0.05357142857142857,0.0,0,0
CUST_0439,13,Monthly,4684.739721030519,0,5.0,15,SMB,1,Mid-Tenure,5.0,0,60901.61637339675,0.0,70.27109581545778,0,1
CUST_0440,23,Monthly,2045.892251742324,3,12.0,2,SMB,0,Mid-Tenure,12.0,3,47055.52179007346,0.125,4.091784503484648,0,1
CUST_0441,30,Annual,4835.679253952776,4,14.0,5,Enterprise,0,Mid-Tenure,14.0,4,145070.37761858327,0.12903225806451613,24.178396269763876,1,0
CUST_0442,17,Annual,4596.222970642774,3,3.0,0,Enterprise,0,Mid-Tenure,3.0,3,78135.79050092716,0.16666666666666666,0.0,1,0
CUST_0443,62,Annual,3337.34514011678,3,29.0,0,SMB,0,Loyal,29.0,3,206915.39868724035,0.047619047619047616,0.0,0,0
CUST_0444,13,Monthly,3109.197978950336,6,29.0,0,SMB,0,Mid-Tenure,29.0,6,40419.57372635437,0.42857142857142855,0.0,0,1
CUST_0445,59,Monthly,2165.401760314869,3,16.0,0,SMB,0,Loyal,16.0,3,127758.70385857728,0.05,0.0,0,1
CUST_0446,19,Monthly,582.5227505479245,0,27.0,2,SMB,1,Mid-Tenure,27.0,0,11067.932260410566,0.0,1.165045501095849,0,1
CUST_0447,49,Monthly,1074.3043380698896,5,23.0,0,SMB,1,Loyal,23.0,5,52640.91256542459,0.1,0.0,0,1
CUST_0448,12,Multi-Year,3894.040955072969,2,23.0,0,Enterprise,1,New,23.0,2,46728.49146087563,0.15384615384615385,0.0,1,0
CUST_0449,61,Annual,2621.930569646744,2,27.0,0,Enterprise,0,Loyal,27.0,2,159937.7647484514,0.03225806451612903,0.0,1,0
CUST_0450,19,Monthly,1174.2716038458566,2,12.0,0,Enterprise,1,Mid-Tenure,12.0,2,22311.160473071275,0.1,0.0,1,1
CUST_0451,9,Annual,1687.8238435934195,1,10.0,0,SMB,0,New,10.0,1,15190.414592340776,0.1,0.0,0,0
CUST_0452,71,Monthly,4765.266049311499,3,3.0,0,Enterprise,0,Loyal,3.0,3,338333.8895011164,0.041666666666666664,0.0,1,1
CUST_0453,28,Multi-Year,2152.0977588961928,1,28.0,0,SMB,0,Mid-Tenure,28.0,1,60258.7372490934,0.034482758620689655,0.0,0,0
CUST_0454,52,Monthly,4584.56875348619,1,6.0,0,SMB,0,Loyal,6.0,1,238397.5751812819,0.018867924528301886,0.0,0,1
CUST_0455,16,Monthly,1870.861245321095,6,18.0,0,SMB,0,Mid-Tenure,18.0,6,29933.77992513752,0.35294117647058826,0.0,0,1
CUST_0456,69,Annual,2944.490424652224,0,23.0,0,SMB,0,Loyal,23.0,0,203169.83930100346,0.0,0.0,0,0
CUST_0457,12,Annual,592.1468751298905,2,6.0,0,Enterprise,0,New,6.0,2,7105.762501558686,0.15384615384615385,0.0,1,0
CUST_0458,25,Annual,2848.437996681096,1,13.0,2,SMB,0,Mid-Tenure,13.0,1,71210.9499170274,0.038461538461538464,5.696875993362192,0,0
CUST_0459,52,Monthly,3366.239047747836,2,20.0,2,SMB,0,Loyal,20.0,2,175044.4304828875,0.03773584905660377,6.732478095495672,0,1
CUST_0460,53,Monthly,1554.3729470173007,5,15.0,0,SMB,0,Loyal,15.0,5,82381.76619191693,0.09259259259259259,0.0,0,1
CUST_0461,23,Monthly,3105.2172929241065,1,20.0,0,Enterprise,0,Mid-Tenure,20.0,1,71419.99773725445,0.041666666666666664,0.0,1,1
CUST_0462,16,Monthly,3412.254974229435,2,8.0,0,Enterprise,0,Mid-Tenure,8.0,2,54596.07958767096,0.11764705882352941,0.0,1,1
CUST_0463,57,Multi-Year,3590.9873527179043,5,21.0,5,SMB,0,Loyal,21.0,5,204686.27910492054,0.08620689655172414,17.954936763589522,0,0
CUST_0464,39,Monthly,3993.814949099464,4,21.0,2,SMB,0,Loyal,21.0,4,155758.7830148791,0.1,7.987629898198928,0,1
CUST_0465,53,Monthly,1901.0265931823744,1,1.0,0,Enterprise,0,Loyal,1.0,1,100754.40943866584,0.018518518518518517,0.0,1,1
CUST_0466,42,Annual,3054.996303943452,4,26.0,5,SMB,0,Loyal,26.0,4,128309.84476562498,0.09302325581395349,15.27498151971726,0,0
CUST_0467,58,Monthly,4917.105633940675,3,15.0,0,Enterprise,1,Loyal,15.0,3,285192.12676855916,0.05084745762711865,0.0,1,1
CUST_0468,39,Annual,4541.648767993207,3,4.0,0,Enterprise,0,Loyal,4.0,3,177124.30195173508,0.075,0.0,1,0
CUST_0469,14,Multi-Year,4786.9944264426495,1,11.0,10,SMB,0,Mid-Tenure,11.0,1,67017.92197019709,0.06666666666666667,47.86994426442649,0,0
CUST_0470,5,Monthly,2237.6137933785712,6,19.0,0,Enterprise,0,New,19.0,6,11188.068966892857,1.0,0.0,1,1
CUST_0471,35,Multi-Year,4041.1764765349776,3,25.0,0,SMB,0,Mid-Tenure,25.0,3,141441.1766787242,0.08333333333333333,0.0,0,0
CUST_0472,18,Annual,3289.540782921565,3,14.0,2,Enterprise,0,Mid-Tenure,14.0,3,59211.73409258817,0.15789473684210525,6.57908156584313,1,0
CUST_0473,9,Monthly,872.307873780085,2,2.0,0,SMB,0,New,2.0,2,7850.770864020765,0.2,0.0,0,1
CUST_0474,58,Monthly,4207.911751206794,5,8.0,5,Enterprise,1,Loyal,8.0,5,244058.88156999406,0.0847457627118644,21.03955875603397,1,1
CUST_0475,17,Monthly,3546.955743608141,0,26.0,0,Enterprise,0,Mid-Tenure,26.0,0,60298.24764133839,0.0,0.0,1,1
CUST_0476,7,Annual,1395.1281178187005,3,27.0,0,SMB,1,New,27.0,3,9765.896824730904,0.375,0.0,0,0
CUST_0477,46,Annual,858.8235084325761,2,6.0,0,SMB,0,Loyal,6.0,2,39505.8813878985,0.0425531914893617,0.0,0,0
CUST_0478,13,Multi-Year,4266.599587917488,2,3.0,0,SMB,0,Mid-Tenure,3.0,2,55465.79464292734,0.14285714285714285,0.0,0,0
CUST_0479,40,Multi-Year,855.0582327104048,3,24.0,5,Enterprise,0,Loyal,24.0,3,34202.32930841619,0.07317073170731707,4.275291163552024,1,0
CUST_0480,42,Annual,911.0923941489648,2,8.0,2,Enterprise,0,Loyal,8.0,2,38265.880554256524,0.046511627906976744,1.8221847882979296,1,0
CUST_0481,9,Annual,2423.3372955694185,2,27.0,0,Enterprise,0,New,27.0,2,21810.035660124766,0.2,0.0,1,0
CUST_0482,50,Monthly,1106.590227887647,2,14.0,0,SMB,1,Loyal,14.0,2,55329.511394382345,0.0392156862745098,0.0,0,1
CUST_0483,27,Annual,4611.5131884922375,2,22.0,2,SMB,0,Mid-Tenure,22.0,2,124510.8560892904,0.07142857142857142,9.223026376984475,0,0
CUST_0484,66,Monthly,2616.277713184565,3,20.0,2,SMB,0,Loyal,20.0,3,172674.3290701813,0.04477611940298507,5.23255542636913,0,1
CUST_0485,5,Annual,3061.179412945572,1,28.0,2,SMB,0,New,28.0,1,15305.89706472786,0.16666666666666666,6.122358825891144,0,0
CUST_0486,29,Monthly,4676.477402651393,3,24.0,0,SMB,0,Mid-Tenure,24.0,3,135617.8446768904,0.1,0.0,0,1
CUST_0487,37,Monthly,2886.1845153725685,2,29.0,0,Enterprise,0,Loyal,29.0,2,106788.82706878503,0.05263157894736842,0.0,1,1
CUST_0488,38,Monthly,2091.160156807933,3,28.0,5,SMB,0,Loyal,28.0,3,79464.08595870146,0.07692307692307693,10.455800784039665,0,1
CUST_0489,8,Monthly,4087.197976171243,1,6.0,2,Enterprise,0,New,6.0,1,32697.583809369946,0.1111111111111111,8.174395952342486,1,1
CUST_0490,65,Annual,2492.8258886384483,4,24.0,0,SMB,0,Loyal,24.0,4,162033.68276149913,0.06060606060606061,0.0,0,0
CUST_0491,17,Monthly,1933.1124152103744,1,10.0,0,SMB,0,Mid-Tenure,10.0,1,32862.91105857636,0.05555555555555555,0.0,0,1
CUST_0492,71,Annual,3754.5325637249057,3,18.0,0,SMB,0,Loyal,18.0,3,266571.8120244683,0.041666666666666664,0.0,0,0
CUST_0493,45,Monthly,4107.225544758694,3,10.0,2,SMB,0,Loyal,10.0,3,184825.14951414123,0.06521739130434782,8.214451089517388,0,1
CUST_0494,4,Annual,4062.722754129221,3,24.0,2,Enterprise,0,New,24.0,3,16250.891016516884,0.6,8.125445508258442,1,0
CUST_0495,36,Monthly,4899.534863579184,3,0.0,5,SMB,0,Mid-Tenure,0.0,3,176383.25508885062,0.08108108108108109,24.49767431789592,0,1
CUST_0496,70,Monthly,4040.001269937332,1,20.0,0,SMB,0,Loyal,20.0,1,282800.0888956132,0.014084507042253521,0.0,0,1
CUST_0497,31,Annual,3964.700461769088,4,12.0,0,Enterprise,0,Mid-Tenure,12.0,4,122905.71431484174,0.125,0.0,1,0
CUST_0498,19,Monthly,4358.683641812992,3,12.0,5,Enterprise,0,Mid-Tenure,12.0,3,82814.98919444685,0.15,21.793418209064964,1,1
CUST_0499,61,Monthly,500.83337882949263,5,1.0,0,SMB,1,Loyal,1.0,5,30550.83610859905,0.08064516129032258,0.0,0,1
CUST_0500,54,Monthly,2130.941350344968,1,16.0,0,SMB,0,Loyal,16.0,1,115070.83291862828,0.01818181818181818,0.0,0,1
CUST_0501,39,Monthly,3819.2139321548993,3,29.0,0,SMB,0,Loyal,29.0,3,148949.34335404108,0.075,0.0,0,1
CUST_0502,19,Annual,3198.735549996248,2,18.0,5,SMB,0,Mid-Tenure,18.0,2,60775.975449928716,0.1,15.993677749981241,0,0
CUST_0503,39,Monthly,1299.0740118422796,1,22.0,0,SMB,0,Loyal,22.0,1,50663.8864618489,0.025,0.0,0,1
CUST_0504,67,Annual,1866.798900898454,3,14.0,0,Enterprise,0,Loyal,14.0,3,125075.52636019641,0.04411764705882353,0.0,1,0
CUST_0505,45,Multi-Year,2015.5667498694809,2,18.0,0,SMB,0,Loyal,18.0,2,90700.50374412663,0.043478260869565216,0.0,0,0
CUST_0506,13,Monthly,3055.226500275422,1,9.0,0,SMB,1,Mid-Tenure,9.0,1,39717.94450358049,0.07142857142857142,0.0,0,1
CUST_0507,58,Multi-Year,4242.192333984844,5,9.0,0,SMB,0,Loyal,9.0,5,246047.15537112093,0.0847457627118644,0.0,0,0
CUST_0508,20,Annual,4696.213008999559,3,26.0,0,Enterprise,0,Mid-Tenure,26.0,3,93924.26017999118,0.14285714285714285,0.0,1,0
CUST_0509,61,Annual,3875.415857841376,5,8.0,5,SMB,0,Loyal,8.0,5,236400.36732832392,0.08064516129032258,19.37707928920688,0,0
CUST_0510,39,Annual,4293.276755795645,2,18.0,0,SMB,0,Loyal,18.0,2,167437.79347603014,0.05,0.0,0,0
CUST_0511,1,Annual,2615.4318130318225,5,10.0,0,SMB,0,New,10.0,5,2615.4318130318225,2.5,0.0,0,0
CUST_0512,3,Annual,2253.9889383002933,4,5.0,5,SMB,0,New,5.0,4,6761.966814900879,1.0,11.269944691501466,0,0
CUST_0513,62,Monthly,2267.188394648976,3,1.0,0,SMB,0,Loyal,1.0,3,140565.6804682365,0.047619047619047616,0.0,0,1
CUST_0514,63,Monthly,3272.173377529807,3,23.0,0,SMB,1,Loyal,23.0,3,206146.92278437785,0.046875,0.0,0,1
CUST_0515,25,Monthly,1059.0651750011407,0,9.0,0,SMB,0,Mid-Tenure,9.0,0,26476.62937502852,0.0,0.0,0,1
CUST_0516,56,Monthly,3107.7238225561755,2,14.0,2,SMB,0,Loyal,14.0,2,174032.53406314584,0.03508771929824561,6.215447645112351,0,1
CUST_0517,33,Monthly,3493.097870826765,4,4.0,2,SMB,1,Mid-Tenure,4.0,4,115272.22973728324,0.11764705882352941,6.98619574165353,0,1
CUST_0518,38,Monthly,2475.0893309280746,3,17.0,0,Enterprise,0,Loyal,17.0,3,94053.39457526684,0.07692307692307693,0.0,1,1
CUST_0519,6,Monthly,4789.252295470254,5,29.0,0,SMB,0,New,29.0,5,28735.51377282152,0.7142857142857143,0.0,0,1
CUST_0520,58,Annual,3236.9597257080886,1,29.0,2,Enterprise,0,Loyal,29.0,1,187743.66409106913,0.01694915254237288,6.473919451416177,1,0
CUST_0521,44,Multi-Year,1489.9976250648133,6,6.0,0,SMB,0,Loyal,6.0,6,65559.89550285178,0.13333333333333333,0.0,0,0
CUST_0522,45,Multi-Year,2656.473158450823,6,2.0,2,Enterprise,0,Loyal,2.0,6,119541.29213028704,0.13043478260869565,5.312946316901646,1,0
CUST_0523,32,Monthly,3539.3199671088228,5,29.0,0,SMB,1,Mid-Tenure,29.0,5,113258.23894748233,0.15151515151515152,0.0,0,1
CUST_0524,45,Annual,1956.3310606121556,3,20.0,0,SMB,0,Loyal,20.0,3,88034.89772754701,0.06521739130434782,0.0,0,0
CUST_0525,61,Multi-Year,858.3872283006042,2,26.0,0,Enterprise,0,Loyal,26.0,2,52361.62092633686,0.03225806451612903,0.0,1,0
CUST_0526,47,Monthly,3125.4603561989825,2,24.0,0,Enterprise,0,Loyal,24.0,2,146896.63674135218,0.041666666666666664,0.0,1,1
CUST_0527,21,Monthly,4765.41575878856,1,15.0,0,Enterprise,1,Mid-Tenure,15.0,1,100073.73093455976,0.045454545454545456,0.0,1,1
CUST_0528,36,Multi-Year,2682.823935034282,4,16.0,0,Enterprise,0,Mid-Tenure,16.0,4,96581.66166123415,0.10810810810810811,0.0,1,0
CUST_0529,19,Annual,4577.490862911671,3,1.0,0,SMB,0,Mid-Tenure,1.0,3,86972.32639532174,0.15,0.0,0,0
CUST_0530,20,Monthly,4257.606147672623,1,15.0,0,SMB,0,Mid-Tenure,15.0,1,85152.12295345246,0.047619047619047616,0.0,0,1
CUST_0531,57,Monthly,1163.357526352925,3,20.0,0,SMB,0,Loyal,20.0,3,66311.37900211674,0.05172413793103448,0.0,0,1
CUST_0532,18,Monthly,3686.764648260069,5,29.0,0,SMB,1,Mid-Tenure,29.0,5,66361.76366868125,0.2631578947368421,0.0,0,1
CUST_0533,47,Multi-Year,2459.594862823903,0,19.0,2,Enterprise,0,Loyal,19.0,0,115600.95855272344,0.0,4.919189725647806,1,0
CUST_0534,49,Annual,1626.108463683216,3,0.0,5,SMB,0,Loyal,0.0,3,79679.31472047759,0.06,8.130542318416081,0,0
CUST_0535,14,Monthly,3591.2226005001635,4,13.0,0,Enterprise,1,Mid-Tenure,13.0,4,50277.116407002286,0.26666666666666666,0.0,1,1
CUST_0536,15,Monthly,3841.973233953896,1,15.0,0,SMB,0,Mid-Tenure,15.0,1,57629.59850930844,0.0625,0.0,0,1
CUST_0537,31,Annual,1309.5334343067746,2,22.0,0,SMB,0,Mid-Tenure,22.0,2,40595.53646351001,0.0625,0.0,0,0
CUST_0538,1,Annual,4615.001069252938,3,8.0,0,SMB,0,New,8.0,3,4615.001069252938,1.5,0.0,0,0
CUST_0539,54,Monthly,3880.162597781484,0,16.0,0,SMB,1,Loyal,16.0,0,209528.78028020012,0.0,0.0,0,1
CUST_0540,3,Multi-Year,4700.189746138859,4,7.0,0,Enterprise,0,New,7.0,4,14100.569238416578,1.0,0.0,1,0
CUST_0541,16,Monthly,1926.8294844366092,3,8.0,2,Enterprise,0,Mid-Tenure,8.0,3,30829.271750985747,0.17647058823529413,3.8536589688732183,1,1
CUST_0542,57,Monthly,4727.007570843441,1,1.0,0,SMB,1,Loyal,1.0,1,269439.43153807614,0.017241379310344827,0.0,0,1
CUST_0543,12,Annual,2158.3294602727137,1,12.0,0,Enterprise,0,New,12.0,1,25899.953523272565,0.07692307692307693,0.0,1,0
CUST_0544,16,Monthly,742.8639264232628,5,0.0,5,SMB,1,Mid-Tenure,0.0,5,11885.822822772205,0.29411764705882354,3.714319632116314,0,1
CUST_0545,24,Multi-Year,3933.362249190605,1,21.0,0,Enterprise,0,Mid-Tenure,21.0,1,94400.69398057452,0.04,0.0,1,0
CUST_0546,28,Annual,3665.7866483975336,3,29.0,0,SMB,0,Mid-Tenure,29.0,3,102642.02615513094,0.10344827586206896,0.0,0,0
CUST_0547,8,Annual,3190.599465184996,1,6.0,0,SMB,0,New,6.0,1,25524.795721479968,0.1111111111111111,0.0,0,0
CUST_0548,36,Monthly,2704.521849728783,3,17.0,15,SMB,0,Mid-Tenure,17.0,3,97362.78659023618,0.08108108108108109,40.56782774593174,0,1
CUST_0549,8,Monthly,644.7437164518412,1,20.0,0,SMB,0,New,20.0,1,5157.94973161473,0.1111111111111111,0.0,0,1
CUST_0550,58,Monthly,3310.6876318406944,1,4.0,0,SMB,0,Loyal,4.0,1,192019.88264676026,0.01694915254237288,0.0,0,1
CUST_0551,60,Annual,2375.7557685025718,3,6.0,2,SMB,0,Loyal,6.0,3,142545.3461101543,0.04918032786885246,4.751511537005143,0,0
CUST_0552,50,Annual,3020.9423123342526,2,11.0,0,SMB,0,Loyal,11.0,2,151047.11561671263,0.0392156862745098,0.0,0,0
CUST_0553,28,Multi-Year,2431.946038854363,2,26.0,2,SMB,0,Mid-Tenure,26.0,2,68094.48908792216,0.06896551724137931,4.863892077708726,0,0
CUST_0554,41,Annual,4847.252597443396,2,16.0,0,SMB,0,Loyal,16.0,2,198737.35649517924,0.047619047619047616,0.0,0,0
CUST_0555,64,Multi-Year,3218.4900551788123,4,25.0,10,SMB,0,Loyal,25.0,4,205983.363531444,0.06153846153846154,32.184900551788125,0,0
CUST_0556,27,Annual,3871.5634877111024,3,23.0,2,Enterprise,0,Mid-Tenure,23.0,3,104532.21416819976,0.10714285714285714,7.7431269754222045,1,0
CUST_0557,63,Monthly,4713.561263619875,2,4.0,0,SMB,0,Loyal,4.0,2,296954.3596080521,0.03125,0.0,0,1
CUST_0558,17,Monthly,3162.1969531253285,1,11.0,0,SMB,0,Mid-Tenure,11.0,1,53757.34820313058,0.05555555555555555,0.0,0,1
CUST_0559,33,Annual,554.2813302008034,2,18.0,5,SMB,0,Mid-Tenure,18.0,2,18291.28389662651,0.058823529411764705,2.771406651004017,0,0
CUST_0560,29,Monthly,654.3125523974406,5,12.0,0,SMB,0,Mid-Tenure,12.0,5,18975.06401952578,0.16666666666666666,0.0,0,1
CUST_0561,13,Monthly,3660.522953458378,3,15.0,0,SMB,0,Mid-Tenure,15.0,3,47586.79839495892,0.21428571428571427,0.0,0,1
CUST_0562,46,Annual,1755.8831126807756,2,28.0,2,SMB,0,Loyal,28.0,2,80770.62318331568,0.0425531914893617,3.5117662253615514,0,0
CUST_0563,35,Multi-Year,3107.208773065769,5,24.0,0,SMB,1,Mid-Tenure,24.0,5,108752.30705730192,0.1388888888888889,0.0,0,0
CUST_0564,6,Monthly,1410.24731490801,5,26.0,0,SMB,1,New,26.0,5,8461.48388944806,0.7142857142857143,0.0,0,1
CUST_0565,69,Annual,1716.1199377777136,1,18.0,0,SMB,0,Loyal,18.0,1,118412.27570666224,0.014285714285714285,0.0,0,0
CUST_0566,47,Multi-Year,2770.884751766339,3,22.0,0,Enterprise,0,Loyal,22.0,3,130231.58333301793,0.0625,0.0,1,0
CUST_0567,25,Monthly,4890.06258510237,0,9.0,0,Enterprise,0,Mid-Tenure,9.0,0,122251.56462755924,0.0,0.0,1,1
CUST_0568,66,Monthly,3273.2172014413622,1,11.0,0,SMB,1,Loyal,11.0,1,216032.33529512992,0.014925373134328358,0.0,0,1
CUST_0569,10,Monthly,4712.666470308604,3,6.0,2,SMB,0,New,6.0,3,47126.66470308605,0.2727272727272727,9.425332940617208,0,1
CUST_0570,56,Annual,4817.209344741264,2,13.0,0,Enterprise,0,Loyal,13.0,2,269763.7233055108,0.03508771929824561,0.0,1,0
CUST_0571,30,Annual,1436.4949838922837,3,9.0,0,Enterprise,0,Mid-Tenure,9.0,3,43094.84951676851,0.0967741935483871,0.0,1,0
CUST_0572,5,Multi-Year,1900.37121111025,2,27.0,2,Enterprise,1,New,27.0,2,9501.85605555125,0.3333333333333333,3.8007424222205,1,0
CUST_0573,33,Annual,3964.965265484168,4,7.0,0,SMB,0,Mid-Tenure,7.0,4,130843.85376097754,0.11764705882352941,0.0,0,0
CUST_0574,65,Monthly,4400.438010311047,4,14.0,0,SMB,0,Loyal,14.0,4,286028.47067021806,0.06060606060606061,0.0,0,1
CUST_0575,18,Monthly,2836.520348852875,2,25.0,2,SMB,0,Mid-Tenure,25.0,2,51057.36627935175,0.10526315789473684,5.67304069770575,0,1
CUST_0576,49,Annual,4969.517302762471,5,15.0,0,Enterprise,1,Loyal,15.0,5,243506.3478353611,0.1,0.0,1,0
CUST_0577,11,Monthly,552.0748943987162,2,7.0,0,Enterprise,0,New,7.0,2,6072.823838385878,0.16666666666666666,0.0,1,1
CUST_0578,26,Monthly,1848.1669501334704,2,3.0,0,SMB,0,Mid-Tenure,3.0,2,48052.34070347023,0.07407407407407407,0.0,0,1
CUST_0579,63,Monthly,3304.227891850609,2,29.0,0,SMB,0,Loyal,29.0,2,208166.35718658837,0.03125,0.0,0,1
CUST_0580,59,Monthly,2611.8045992186726,5,16.0,2,SMB,0,Loyal,16.0,5,154096.4713539017,0.08333333333333333,5.223609198437345,0,1
CUST_0581,27,Monthly,1024.7133489296034,2,3.0,0,Enterprise,0,Mid-Tenure,3.0,2,27667.26042109929,0.07142857142857142,0.0,1,1
CUST_0582,49,Monthly,2155.041884662536,3,21.0,0,SMB,0,Loyal,21.0,3,105597.05234846428,0.06,0.0,0,1
CUST_0583,33,Monthly,614.5121448276757,0,25.0,5,SMB,1,Mid-Tenure,25.0,0,20278.9007793133,0.0,3.0725607241383788,0,1
CUST_0584,1,Monthly,3392.357207338757,4,10.0,0,SMB,1,New,10.0,4,3392.357207338757,2.0,0.0,0,1
CUST_0585,21,Annual,4517.341443483599,2,12.0,0,SMB,0,Mid-Tenure,12.0,2,94864.17031315557,0.09090909090909091,0.0,0,0
CUST_0586,55,Multi-Year,4481.933557025564,3,5.0,0,SMB,0,Loyal,5.0,3,246506.34563640604,0.05357142857142857,0.0,0,0
CUST_0587,6,Monthly,3647.950131944959,2,21.0,0,Enterprise,1,New,21.0,2,21887.700791669755,0.2857142857142857,0.0,1,1
CUST_0588,69,Annual,2595.9658797406737,1,13.0,0,SMB,0,Loyal,13.0,1,179121.64570210647,0.014285714285714285,0.0,0,0
CUST_0589,5,Monthly,2804.142284111704,2,27.0,0,SMB,0,New,27.0,2,14020.71142055852,0.3333333333333333,0.0,0,1
CUST_0590,3,Annual,1116.1347079804832,6,6.0,0,SMB,0,New,6.0,6,3348.4041239414496,1.5,0.0,0,0
CUST_0591,53,Multi-Year,2034.5769190364133,4,11.0,0,SMB,0,Loyal,11.0,4,107832.5767089299,0.07407407407407407,0.0,0,0
CUST_0592,23,Annual,1344.7763397422314,3,26.0,0,SMB,0,Mid-Tenure,26.0,3,30929.85581407132,0.125,0.0,0,0
CUST_0593,53,Multi-Year,4195.400915074795,2,0.0,10,SMB,0,Loyal,0.0,2,222356.24849896415,0.037037037037037035,41.95400915074795,0,0
CUST_0594,37,Monthly,4616.392556020819,5,9.0,0,Enterprise,0,Loyal,9.0,5,170806.52457277031,0.13157894736842105,0.0,1,1
CUST_0595,17,Monthly,2916.1546763905267,1,0.0,0,Enterprise,0,Mid-Tenure,0.0,1,49574.629498638955,0.05555555555555555,0.0,1,1
CUST_0596,1,Multi-Year,3774.938182308249,3,15.0,0,SMB,0,New,15.0,3,3774.938182308249,1.5,0.0,0,0
CUST_0597,51,Monthly,1046.5914690820737,0,6.0,0,SMB,1,Loyal,6.0,0,53376.16492318576,0.0,0.0,0,1
CUST_0598,45,Monthly,3238.405894747573,1,27.0,0,SMB,1,Loyal,27.0,1,145728.2652636408,0.021739130434782608,0.0,0,1
CUST_0599,4,Annual,3662.559596200307,3,19.0,15,Enterprise,1,New,19.0,3,14650.238384801229,0.6,54.938393943004606,1,0
CUST_0600,62,Multi-Year,2537.456582801304,0,5.0,2,Enterprise,0,Loyal,5.0,0,157322.30813368087,0.0,5.0749131656026085,1,0
CUST_0601,65,Multi-Year,1594.7288801181437,1,21.0,0,SMB,0,Loyal,21.0,1,103657.37720767934,0.015151515151515152,0.0,0,0
CUST_0602,32,Monthly,4448.185342436262,2,24.0,0,SMB,0,Mid-Tenure,24.0,2,142341.93095796037,0.06060606060606061,0.0,0,1
CUST_0603,34,Multi-Year,3843.089239791751,4,17.0,0,SMB,1,Mid-Tenure,17.0,4,130665.03415291953,0.11428571428571428,0.0,0,0
CUST_0604,39,Monthly,4549.357768321377,1,19.0,0,SMB,0,Loyal,19.0,1,177424.9529645337,0.025,0.0,0,1
CUST_0605,26,Monthly,4182.8119137402055,2,3.0,0,SMB,1,Mid-Tenure,3.0,2,108753.10975724534,0.07407407407407407,0.0,0,1
CUST_0606,34,Annual,4956.684933104882,3,22.0,0,SMB,0,Mid-Tenure,22.0,3,168527.28772556598,0.08571428571428572,0.0,0,0
CUST_0607,54,Monthly,1364.7772994650204,2,15.0,0,SMB,0,Loyal,15.0,2,73697.9741711111,0.03636363636363636,0.0,0,1
CUST_0608,3,Monthly,890.3649551178834,4,0.0,0,SMB,1,New,0.0,4,2671.09486535365,1.0,0.0,0,1
CUST_0609,50,Annual,2016.5125610176635,5,20.0,0,Enterprise,0,Loyal,20.0,5,100825.62805088317,0.09803921568627451,0.0,1,0
CUST_0610,12,Monthly,1080.518787604665,3,29.0,5,SMB,0,New,29.0,3,12966.225451255981,0.23076923076923078,5.402593938023325,0,1
CUST_0611,65,Monthly,2854.0855080780098,0,26.0,5,Enterprise,0,Loyal,26.0,0,185515.55802507064,0.0,14.270427540390049,1,1
CUST_0612,54,Monthly,3348.630074334841,1,19.0,0,SMB,0,Loyal,19.0,1,180826.02401408143,0.01818181818181818,0.0,0,1
CUST_0613,5,Monthly,3102.2987682803164,2,1.0,0,SMB,1,New,1.0,2,15511.493841401581,0.3333333333333333,0.0,0,1
CUST_0614,57,Monthly,1666.5806092562157,1,15.0,0,SMB,0,Loyal,15.0,1,94995.09472760429,0.017241379310344827,0.0,0,1
CUST_0615,17,Annual,4589.708139359585,3,20.0,2,SMB,0,Mid-Tenure,20.0,3,78025.03836911295,0.16666666666666666,9.17941627871917,0,0
CUST_0616,47,Annual,595.275636809203,2,8.0,10,SMB,1,Loyal,8.0,2,27977.95493003254,0.041666666666666664,5.952756368092031,0,0
CUST_0617,23,Monthly,2066.0600919357184,3,14.0,5,SMB,1,Mid-Tenure,14.0,3,47519.382114521526,0.125,10.330300459678591,0,1
CUST_0618,14,Multi-Year,3735.4661392912735,2,23.0,0,SMB,0,Mid-Tenure,23.0,2,52296.52595007783,0.13333333333333333,0.0,0,0
CUST_0619,66,Monthly,3951.1801685712176,1,15.0,0,Enterprise,0,Loyal,15.0,1,260777.89112570035,0.014925373134328358,0.0,1,1
CUST_0620,51,Monthly,2372.5334499433693,2,8.0,0,SMB,0,Loyal,8.0,2,120999.20594711184,0.038461538461538464,0.0,0,1
CUST_0621,38,Multi-Year,576.0941596536519,3,6.0,0,SMB,0,Loyal,6.0,3,21891.57806683877,0.07692307692307693,0.0,0,0
CUST_0622,64,Monthly,3281.1965560568183,1,9.0,0,Enterprise,0,Loyal,9.0,1,209996.57958763637,0.015384615384615385,0.0,1,1
CUST_0623,38,Multi-Year,783.9260653244708,3,6.0,0,Enterprise,0,Loyal,6.0,3,29789.19048232989,0.07692307692307693,0.0,1,0
CUST_0624,50,Monthly,985.3509926908152,4,29.0,2,SMB,0,Loyal,29.0,4,49267.54963454076,0.0784313725490196,1.9707019853816305,0,1
CUST_0625,30,Annual,3426.128238407855,4,29.0,2,SMB,0,Mid-Tenure,29.0,4,102783.84715223566,0.12903225806451613,6.85225647681571,0,0
CUST_0626,51,Monthly,1906.1974676428467,1,12.0,0,SMB,0,Loyal,12.0,1,97216.07084978519,0.019230769230769232,0.0,0,1
CUST_0627,63,Monthly,2066.135687187138,6,1.0,5,SMB,1,Loyal,1.0,6,130166.5482927897,0.09375,10.33067843593569,0,1
CUST_0628,52,Monthly,2690.631846424596,3,11.0,0,SMB,0,Loyal,11.0,3,139912.856014079,0.05660377358490566,0.0,0,1
CUST_0629,38,Annual,4903.602776867183,6,12.0,5,SMB,0,Loyal,12.0,6,186336.90552095295,0.15384615384615385,24.518013884335918,0,0
CUST_0630,30,Annual,4844.489993324197,6,2.0,5,Enterprise,0,Mid-Tenure,2.0,6,145334.6997997259,0.1935483870967742,24.222449966620985,1,0
CUST_0631,51,Multi-Year,2373.174497120338,4,10.0,0,SMB,0,Loyal,10.0,4,121031.89935313724,0.07692307692307693,0.0,0,0
CUST_0632,5,Monthly,1694.7464774822697,4,25.0,0,SMB,1,New,25.0,4,8473.732387411348,0.6666666666666666,0.0,0,1
CUST_0633,29,Monthly,1861.664686988521,4,7.0,0,SMB,0,Mid-Tenure,7.0,4,53988.27592266711,0.13333333333333333,0.0,0,1
CUST_0634,4,Monthly,1709.5158417272185,2,10.0,2,SMB,0,New,10.0,2,6838.063366908874,0.4,3.419031683454437,0,1
CUST_0635,10,Annual,2895.106132138013,1,17.0,0,SMB,0,New,17.0,1,28951.06132138013,0.09090909090909091,0.0,0,0
CUST_0636,56,Multi-Year,3230.8691351041784,1,6.0,5,SMB,0,Loyal,6.0,1,180928.671565834,0.017543859649122806,16.15434567552089,0,0
CUST_0637,17,Monthly,2699.507247033497,0,11.0,0,SMB,0,Mid-Tenure,11.0,0,45891.623199569454,0.0,0.0,0,1
CUST_0638,17,Annual,2335.9746301166856,2,5.0,0,Enterprise,0,Mid-Tenure,5.0,2,39711.56871198366,0.1111111111111111,0.0,1,0
CUST_0639,69,Monthly,1450.7826690647198,2,27.0,15,SMB,1,Loyal,27.0,2,100104.00416546567,0.02857142857142857,21.761740035970796,0,1
CUST_0640,34,Annual,2671.27516121951,3,9.0,0,SMB,0,Mid-Tenure,9.0,3,90823.35548146335,0.08571428571428572,0.0,0,0
CUST_0641,6,Multi-Year,2034.9622121110613,2,19.0,0,Enterprise,0,New,19.0,2,12209.773272666367,0.2857142857142857,0.0,1,0
CUST_0642,53,Monthly,2937.1795825925437,5,26.0,0,Enterprise,0,Loyal,26.0,5,155670.5178774048,0.09259259259259259,0.0,1,1
CUST_0643,66,Monthly,3538.352369802308,2,14.0,0,SMB,0,Loyal,14.0,2,233531.25640695234,0.029850746268656716,0.0,0,1
CUST_0644,43,Multi-Year,3349.904784964748,2,19.0,0,Enterprise,0,Loyal,19.0,2,144045.90575348417,0.045454545454545456,0.0,1,0
CUST_0645,23,Multi-Year,2581.20594682517,4,14.0,0,SMB,0,Mid-Tenure,14.0,4,59367.73677697891,0.16666666666666666,0.0,0,0
CUST_0646,55,Annual,3002.235909259824,5,18.0,0,SMB,0,Loyal,18.0,5,165122.97500929033,0.08928571428571429,0.0,0,0
CUST_0647,16,Annual,1781.852589323419,2,29.0,2,SMB,1,Mid-Tenure,29.0,2,28509.641429174702,0.11764705882352941,3.563705178646838,0,0
CUST_0648,8,Monthly,609.0811656007536,3,5.0,0,SMB,1,New,5.0,3,4872.649324806029,0.3333333333333333,0.0,0,1
CUST_0649,4,Annual,3312.5875437564687,2,18.0,2,SMB,0,New,18.0,2,13250.350175025875,0.4,6.625175087512937,0,0
CUST_0650,4,Multi-Year,1636.558516119591,0,14.0,0,SMB,0,New,14.0,0,6546.234064478364,0.0,0.0,0,0
CUST_0651,56,Annual,3510.2916953072354,2,24.0,0,Enterprise,0,Loyal,24.0,2,196576.3349372052,0.03508771929824561,0.0,1,0
CUST_0652,25,Monthly,3861.538248186317,4,19.0,0,SMB,1,Mid-Tenure,19.0,4,96538.45620465792,0.15384615384615385,0.0,0,1
CUST_0653,67,Monthly,4621.674857467016,2,19.0,0,SMB,0,Loyal,19.0,2,309652.2154502901,0.029411764705882353,0.0,0,1
CUST_0654,67,Monthly,4811.552579658259,2,17.0,0,SMB,0,Loyal,17.0,2,322374.02283710334,0.029411764705882353,0.0,0,1
CUST_0655,27,Monthly,547.3672083936565,4,1.0,0,Enterprise,0,Mid-Tenure,1.0,4,14778.914626628724,0.14285714285714285,0.0,1,1
CUST_0656,32,Monthly,4956.683942095869,3,6.0,15,Enterprise,1,Mid-Tenure,6.0,3,158613.8861470678,0.09090909090909091,74.35025913143802,1,1
CUST_0657,50,Monthly,3573.5824332237244,3,4.0,0,SMB,1,Loyal,4.0,3,178679.12166118622,0.058823529411764705,0.0,0,1
CUST_0658,61,Monthly,3395.8587216838514,1,2.0,0,Enterprise,0,Loyal,2.0,1,207147.38202271494,0.016129032258064516,0.0,1,1
CUST_0659,51,Monthly,568.4589283790993,3,5.0,0,Enterprise,0,Loyal,5.0,3,28991.40534733407,0.057692307692307696,0.0,1,1
CUST_0660,19,Annual,4375.550353490318,3,5.0,5,Enterprise,0,Mid-Tenure,5.0,3,83135.45671631605,0.15,21.877751767451592,1,0
CUST_0661,21,Monthly,1154.711512615219,2,0.0,0,SMB,0,Mid-Tenure,0.0,2,24248.941764919597,0.09090909090909091,0.0,0,1
CUST_0662,5,Monthly,4267.985692698685,2,18.0,2,SMB,1,New,18.0,2,21339.928463493423,0.3333333333333333,8.535971385397369,0,1
CUST_0663,42,Monthly,570.031458164222,4,11.0,0,SMB,0,Loyal,11.0,4,23941.321242897327,0.09302325581395349,0.0,0,1
CUST_0664,61,Monthly,3406.839181246226,1,4.0,0,Enterprise,0,Loyal,4.0,1,207817.19005601978,0.016129032258064516,0.0,1,1
CUST_0665,22,Annual,2456.606901964225,2,26.0,0,Enterprise,0,Mid-Tenure,26.0,2,54045.35184321295,0.08695652173913043,0.0,1,0
CUST_0666,21,Monthly,1403.450280767008,0,28.0,5,Enterprise,1,Mid-Tenure,28.0,0,29472.45589610717,0.0,7.01725140383504,1,1
CUST_0667,70,Annual,984.0262629669536,3,26.0,0,SMB,0,Loyal,26.0,3,68881.83840768675,0.04225352112676056,0.0,0,0
CUST_0668,1,Multi-Year,2480.574634458469,4,6.0,0,SMB,0,New,6.0,4,2480.574634458469,2.0,0.0,0,0
CUST_0669,5,Annual,1054.8761239464116,3,19.0,0,SMB,0,New,19.0,3,5274.380619732057,0.5,0.0,0,0
CUST_0670,12,Annual,2689.009752609714,5,27.0,0,SMB,0,New,27.0,5,32268.117031316564,0.38461538461538464,0.0,0,0
CUST_0671,46,Multi-Year,3313.476763937835,3,7.0,0,SMB,0,Loyal,7.0,3,152419.9311411404,0.06382978723404255,0.0,0,0
CUST_0672,34,Annual,4223.228871233112,4,18.0,0,SMB,0,Mid-Tenure,18.0,4,143589.7816219258,0.11428571428571428,0.0,0,0
CUST_0673,49,Monthly,3553.9224673229,2,5.0,0,Enterprise,0,Loyal,5.0,2,174142.2008988221,0.04,0.0,1,1
CUST_0674,45,Monthly,793.3989501776771,5,14.0,15,SMB,1,Loyal,14.0,5,35702.95275799547,0.10869565217391304,11.900984252665156,0,1
CUST_0675,27,Multi-Year,1883.4463964652675,1,5.0,0,Enterprise,0,Mid-Tenure,5.0,1,50853.05270456222,0.03571428571428571,0.0,1,0
CUST_0676,26,Monthly,1795.903735696252,1,8.0,0,SMB,0,Mid-Tenure,8.0,1,46693.49712810255,0.037037037037037035,0.0,0,1
CUST_0677,47,Monthly,4617.645905619879,1,3.0,0,SMB,0,Loyal,3.0,1,217029.35756413432,0.020833333333333332,0.0,0,1
CUST_0678,56,Annual,4405.019199767436,1,15.0,2,SMB,0,Loyal,15.0,1,246681.0751869764,0.017543859649122806,8.810038399534871,0,0
CUST_0679,63,Multi-Year,2165.6656325768763,1,22.0,0,Enterprise,0,Loyal,22.0,1,136436.9348523432,0.015625,0.0,1,0
CUST_0680,48,Monthly,820.198651471615,3,9.0,0,Enterprise,0,Loyal,9.0,3,39369.53527063752,0.061224489795918366,0.0,1,1
CUST_0681,61,Annual,4523.4829301213,4,0.0,0,SMB,0,Loyal,0.0,4,275932.4587373993,0.06451612903225806,0.0,0,0
CUST_0682,26,Monthly,4496.854788338842,2,10.0,0,SMB,0,Mid-Tenure,10.0,2,116918.22449680988,0.07407407407407407,0.0,0,1
CUST_0683,36,Annual,4346.357594138262,2,16.0,0,SMB,0,Mid-Tenure,16.0,2,156468.87338897743,0.05405405405405406,0.0,0,0
CUST_0684,1,Monthly,4302.867369809757,5,17.0,0,SMB,1,New,17.0,5,4302.867369809757,2.5,0.0,0,1
CUST_0685,8,Monthly,2661.143004887696,1,19.0,0,SMB,0,New,19.0,1,21289.144039101568,0.1111111111111111,0.0,0,1
CUST_0686,52,Multi-Year,1298.442435123192,1,27.0,2,SMB,0,Loyal,27.0,1,67519.00662640599,0.018867924528301886,2.5968848702463836,0,0
CUST_0687,47,Monthly,2648.6962270809245,3,21.0,5,SMB,1,Loyal,21.0,3,124488.72267280344,0.0625,13.243481135404622,0,1
CUST_0688,56,Annual,2725.689968012592,3,19.0,0,SMB,0,Loyal,19.0,3,152638.63820870515,0.05263157894736842,0.0,0,0
CUST_0689,14,Monthly,2704.692889601873,6,14.0,0,Enterprise,0,Mid-Tenure,14.0,6,37865.70045442622,0.4,0.0,1,1
CUST_0690,28,Monthly,2924.4766375180225,4,5.0,10,SMB,1,Mid-Tenure,5.0,4,81885.34585050463,0.13793103448275862,29.244766375180223,0,1
CUST_0691,2,Annual,1659.456603460198,5,15.0,2,Enterprise,0,New,15.0,5,3318.913206920396,1.6666666666666667,3.318913206920396,1,0
CUST_0692,26,Monthly,2148.085315101268,3,1.0,0,SMB,0,Mid-Tenure,1.0,3,55850.218192632965,0.1111111111111111,0.0,0,1
CUST_0693,14,Monthly,2453.839663835613,2,24.0,0,SMB,1,Mid-Tenure,24.0,2,34353.75529369858,0.13333333333333333,0.0,0,1
CUST_0694,59,Monthly,1090.0454428242492,4,26.0,5,SMB,0,Loyal,26.0,4,64312.681126630705,0.06666666666666667,5.450227214121246,0,1
CUST_0695,56,Annual,2549.138605526752,2,2.0,0,SMB,0,Loyal,2.0,2,142751.76190949813,0.03508771929824561,0.0,0,0
CUST_0696,7,Multi-Year,4147.113276813168,1,22.0,2,Enterprise,0,New,22.0,1,29029.79293769218,0.125,8.294226553626336,1,0
CUST_0697,3,Multi-Year,4226.267942297944,1,16.0,0,Enterprise,0,New,16.0,1,12678.80382689383,0.25,0.0,1,0
CUST_0698,23,Monthly,2352.0369735546365,0,7.0,0,Enterprise,0,Mid-Tenure,7.0,0,54096.85039175664,0.0,0.0,1,1
CUST_0699,18,Monthly,2834.637404379591,4,19.0,0,SMB,0,Mid-Tenure,19.0,4,51023.47327883264,0.21052631578947367,0.0,0,1
CUST_0700,38,Monthly,651.4264946077549,6,29.0,0,Enterprise,1,Loyal,29.0,6,24754.206795094684,0.15384615384615385,0.0,1,1
CUST_0701,15,Multi-Year,3534.946504108686,1,26.0,0,SMB,0,Mid-Tenure,26.0,1,53024.19756163029,0.0625,0.0,0,0
CUST_0702,64,Monthly,2320.726473260884,1,27.0,5,SMB,0,Loyal,27.0,1,148526.4942886966,0.015384615384615385,11.60363236630442,0,1
CUST_0703,28,Multi-Year,2504.6495738750564,3,14.0,0,SMB,0,Mid-Tenure,14.0,3,70130.18806850158,0.10344827586206896,0.0,0,0
CUST_0704,39,Monthly,4431.527272308942,2,12.0,2,SMB,0,Loyal,12.0,2,172829.56362004875,0.05,8.863054544617883,0,1
CUST_0705,57,Multi-Year,2578.2549555227374,2,20.0,0,SMB,0,Loyal,20.0,2,146960.53246479604,0.034482758620689655,0.0,0,0
CUST_0706,17,Multi-Year,595.3651080253375,3,22.0,0,SMB,0,Mid-Tenure,22.0,3,10121.206836430736,0.16666666666666666,0.0,0,0
CUST_0707,44,Multi-Year,1523.7090089107803,7,18.0,0,SMB,0,Loyal,18.0,7,67043.19639207433,0.15555555555555556,0.0,0,0
CUST_0708,25,Monthly,2640.2927643871653,3,24.0,5,SMB,0,Mid-Tenure,24.0,3,66007.31910967913,0.11538461538461539,13.201463821935828,0,1
CUST_0709,17,Monthly,2409.7833173684107,0,24.0,0,SMB,0,Mid-Tenure,24.0,0,40966.316395262984,0.0,0.0,0,1
CUST_0710,13,Monthly,4371.665617762163,4,23.0,0,SMB,1,Mid-Tenure,23.0,4,56831.65303090811,0.2857142857142857,0.0,0,1
CUST_0711,25,Monthly,2939.61879187775,2,0.0,15,SMB,0,Mid-Tenure,0.0,2,73490.46979694375,0.07692307692307693,44.09428187816625,0,1
CUST_0712,68,Monthly,3603.360838618045,3,27.0,0,SMB,0,Loyal,27.0,3,245028.53702602704,0.043478260869565216,0.0,0,1
CUST_0713,10,Annual,2611.9548366956155,1,28.0,5,Enterprise,0,New,28.0,1,26119.548366956154,0.09090909090909091,13.059774183478078,1,0
CUST_0714,67,Monthly,2478.450803266242,1,11.0,5,SMB,0,Loyal,11.0,1,166056.20381883823,0.014705882352941176,12.39225401633121,0,1
CUST_0715,18,Annual,2508.2900081345806,3,17.0,0,SMB,0,Mid-Tenure,17.0,3,45149.22014642245,0.15789473684210525,0.0,0,0
CUST_0716,34,Annual,2349.147063622275,2,17.0,0,Enterprise,0,Mid-Tenure,17.0,2,79871.00016315734,0.05714285714285714,0.0,1,0
CUST_0717,8,Monthly,2923.6252363439157,3,2.0,10,SMB,1,New,2.0,3,23389.001890751326,0.3333333333333333,29.236252363439156,0,1
CUST_0718,40,Multi-Year,1626.9953078912165,1,17.0,0,Enterprise,0,Loyal,17.0,1,65079.81231564866,0.024390243902439025,0.0,1,0
CUST_0719,42,Monthly,4509.748372288193,3,16.0,0,SMB,0,Loyal,16.0,3,189409.43163610413,0.06976744186046512,0.0,0,1
CUST_0720,41,Monthly,1998.884966422428,0,10.0,0,SMB,0,Loyal,10.0,0,81954.28362331956,0.0,0.0,0,1
CUST_0721,6,Monthly,1163.8572537980608,1,4.0,0,SMB,0,New,4.0,1,6983.143522788365,0.14285714285714285,0.0,0,1
CUST_0722,52,Multi-Year,934.4771536898533,3,21.0,2,SMB,0,Loyal,21.0,3,48592.81199187237,0.05660377358490566,1.8689543073797066,0,0
CUST_0723,26,Monthly,560.4031180405742,3,28.0,10,SMB,0,Mid-Tenure,28.0,3,14570.48106905493,0.1111111111111111,5.604031180405742,0,1
CUST_0724,64,Monthly,2402.8523535508766,0,6.0,5,SMB,0,Loyal,6.0,0,153782.5506272561,0.0,12.014261767754382,0,1
CUST_0725,59,Annual,1344.249448454411,0,25.0,10,SMB,1,Loyal,25.0,0,79310.71745881025,0.0,13.442494484544111,0,0
CUST_0726,56,Monthly,597.4155616426156,4,22.0,0,SMB,0,Loyal,22.0,4,33455.27145198647,0.07017543859649122,0.0,0,1
CUST_0727,59,Annual,2840.087958302857,1,17.0,2,Enterprise,0,Loyal,17.0,1,167565.18953986856,0.016666666666666666,5.680175916605713,1,0
CUST_0728,70,Multi-Year,3559.9034689284267,4,28.0,0,Enterprise,0,Loyal,28.0,4,249193.24282498987,0.056338028169014086,0.0,1,0
CUST_0729,33,Multi-Year,885.8797290999696,5,6.0,0,SMB,1,Mid-Tenure,6.0,5,29234.031060298996,0.14705882352941177,0.0,0,0
CUST_0730,53,Monthly,2574.1434781384683,1,17.0,2,SMB,0,Loyal,17.0,1,136429.60434133883,0.018518518518518517,5.148286956276936,0,1
CUST_0731,22,Monthly,3846.32905370336,3,1.0,0,SMB,0,Mid-Tenure,1.0,3,84619.23918147392,0.13043478260869565,0.0,0,1
CUST_0732,21,Monthly,4936.130694537913,5,27.0,5,SMB,1,Mid-Tenure,27.0,5,103658.74458529617,0.22727272727272727,24.680653472689563,0,1
CUST_0733,70,Monthly,3502.356550891524,4,5.0,0,Enterprise,0,Loyal,5.0,4,245164.95856240668,0.056338028169014086,0.0,1,1
CUST_0734,70,Monthly,1601.7779786428423,1,21.0,2,SMB,0,Loyal,21.0,1,112124.45850499895,0.014084507042253521,3.2035559572856847,0,1
CUST_0735,4,Monthly,3724.491379005498,3,7.0,0,Enterprise,0,New,7.0,3,14897.965516021992,0.6,0.0,1,1
CUST_0736,62,Multi-Year,3190.6824206892347,1,20.0,0,Enterprise,0,Loyal,20.0,1,197822.31008273255,0.015873015873015872,0.0,1,0
CUST_0737,62,Multi-Year,1453.0967986169649,2,20.0,0,Enterprise,0,Loyal,20.0,2,90092.00151425182,0.031746031746031744,0.0,1,0
CUST_0738,24,Monthly,4329.998716313996,4,25.0,0,SMB,1,Mid-Tenure,25.0,4,103919.9691915359,0.16,0.0,0,1
CUST_0739,55,Monthly,2423.319922524204,0,16.0,0,Enterprise,0,Loyal,16.0,0,133282.5957388312,0.0,0.0,1,1
CUST_0740,9,Monthly,4828.899446303566,2,3.0,10,Enterprise,1,New,3.0,2,43460.09501673209,0.2,48.288994463035664,1,1
CUST_0741,3,Monthly,3753.054533515001,2,16.0,0,Enterprise,0,New,16.0,2,11259.163600545002,0.5,0.0,1,1
CUST_0742,31,Annual,3400.5341958431995,1,25.0,0,SMB,0,Mid-Tenure,25.0,1,105416.56007113919,0.03125,0.0,0,0
CUST_0743,40,Annual,3777.587768644528,3,15.0,0,SMB,0,Loyal,15.0,3,151103.51074578112,0.07317073170731707,0.0,0,0
CUST_0744,36,Multi-Year,2651.436584681997,0,20.0,0,SMB,0,Mid-Tenure,20.0,0,95451.71704855189,0.0,0.0,0,0
CUST_0745,24,Annual,2773.519150107533,0,14.0,0,Enterprise,0,Mid-Tenure,14.0,0,66564.45960258078,0.0,0.0,1,0
CUST_0746,6,Annual,4330.433234501348,0,14.0,0,Enterprise,0,New,14.0,0,25982.59940700809,0.0,0.0,1,0
CUST_0747,66,Annual,3564.1784148957627,5,7.0,0,SMB,0,Loyal,7.0,5,235235.77538312034,0.07462686567164178,0.0,0,0
CUST_0748,4,Monthly,4537.594963362388,2,16.0,2,Enterprise,0,New,16.0,2,18150.37985344955,0.4,9.075189926724775,1,1
CUST_0749,6,Annual,4508.720391084209,5,29.0,0,Enterprise,0,New,29.0,5,27052.322346505254,0.7142857142857143,0.0,1,0
CUST_0750,51,Monthly,4894.205153199121,2,18.0,0,SMB,0,Loyal,18.0,2,249604.46281315517,0.038461538461538464,0.0,0,1
CUST_0751,62,Monthly,3650.965964804004,3,0.0,0,SMB,0,Loyal,0.0,3,226359.88981784825,0.047619047619047616,0.0,0,1
CUST_0752,57,Monthly,2760.3577294778397,4,12.0,0,SMB,0,Loyal,12.0,4,157340.39058023685,0.06896551724137931,0.0,0,1
CUST_0753,66,Monthly,1248.402650940871,1,5.0,2,Enterprise,0,Loyal,5.0,1,82394.57496209748,0.014925373134328358,2.496805301881742,1,1
CUST_0754,8,Multi-Year,3674.212518413378,1,9.0,0,SMB,1,New,9.0,1,29393.700147307023,0.1111111111111111,0.0,0,0
CUST_0755,26,Monthly,1812.099725419688,2,0.0,0,SMB,0,Mid-Tenure,0.0,2,47114.592860911886,0.07407407407407407,0.0,0,1
CUST_0756,51,Monthly,1773.2640561679905,0,25.0,0,SMB,0,Loyal,25.0,0,90436.46686456751,0.0,0.0,0,1
CUST_0757,45,Monthly,1572.2949940163064,0,11.0,5,SMB,0,Loyal,11.0,0,70753.27473073378,0.0,7.861474970081532,0,1
CUST_0758,44,Annual,4438.049258081526,1,18.0,0,SMB,0,Loyal,18.0,1,195274.16735558715,0.022222222222222223,0.0,0,0
CUST_0759,5,Monthly,4405.840010069713,0,14.0,0,SMB,0,New,14.0,0,22029.20005034856,0.0,0.0,0,1
CUST_0760,70,Multi-Year,3339.367001915262,3,20.0,0,SMB,0,Loyal,20.0,3,233755.69013406834,0.04225352112676056,0.0,0,0
CUST_0761,26,Multi-Year,2628.414416168311,1,4.0,0,SMB,0,Mid-Tenure,4.0,1,68338.77482037609,0.037037037037037035,0.0,0,0
CUST_0762,68,Annual,3524.5150704445955,1,1.0,0,SMB,0,Loyal,1.0,1,239667.0247902325,0.014492753623188406,0.0,0,0
CUST_0763,19,Annual,3232.532526342758,2,18.0,15,SMB,0,Mid-Tenure,18.0,2,61418.118000512404,0.1,48.48798789514137,0,0
CUST_0764,20,Monthly,2370.804117455243,4,13.0,0,SMB,0,Mid-Tenure,13.0,4,47416.082349104865,0.19047619047619047,0.0,0,1
CUST_0765,12,Monthly,2208.3389036853546,3,28.0,5,SMB,0,New,28.0,3,26500.066844224253,0.23076923076923078,11.041694518426773,0,1
CUST_0766,47,Annual,2222.574386654076,0,8.0,0,SMB,0,Loyal,8.0,0,104460.99617274158,0.0,0.0,0,0
CUST_0767,1,Monthly,3151.1003142021723,1,28.0,0,SMB,0,New,28.0,1,3151.1003142021723,0.5,0.0,0,1
CUST_0768,14,Monthly,3414.5121025437165,2,0.0,10,Enterprise,1,Mid-Tenure,0.0,2,47803.16943561203,0.13333333333333333,34.14512102543717,1,1
CUST_0769,64,Annual,2532.837890819489,1,12.0,0,SMB,0,Loyal,12.0,1,162101.6250124473,0.015384615384615385,0.0,0,0
CUST_0770,38,Monthly,4859.111525958694,3,16.0,0,SMB,0,Loyal,16.0,3,184646.23798643038,0.07692307692307693,0.0,0,1
CUST_0771,37,Multi-Year,877.3057310201647,2,27.0,5,Enterprise,0,Loyal,27.0,2,32460.312047746094,0.05263157894736842,4.386528655100823,1,0
CUST_0772,11,Monthly,2061.7116167919967,1,1.0,10,SMB,1,New,1.0,1,22678.827784711964,0.08333333333333333,20.617116167919963,0,1
CUST_0773,3,Annual,2385.836074064484,0,23.0,2,SMB,1,New,23.0,0,7157.508222193452,0.0,4.7716721481289675,0,0
CUST_0774,33,Annual,576.146045592244,3,21.0,5,SMB,0,Mid-Tenure,21.0,3,19012.81950454405,0.08823529411764706,2.8807302279612204,0,0
CUST_0775,6,Annual,2142.307344507013,2,13.0,0,Enterprise,0,New,13.0,2,12853.844067042079,0.2857142857142857,0.0,1,0
CUST_0776,50,Monthly,1731.6946272777914,1,19.0,0,Enterprise,1,Loyal,19.0,1,86584.73136388957,0.0196078431372549,0.0,1,1
CUST_0777,10,Annual,2777.163216023664,1,22.0,2,SMB,0,New,22.0,1,27771.63216023664,0.09090909090909091,5.554326432047328,0,0
CUST_0778,5,Multi-Year,2013.847462324712,1,5.0,10,SMB,1,New,5.0,1,10069.237311623561,0.16666666666666666,20.138474623247124,0,0
CUST_0779,23,Monthly,3767.8196072590754,3,24.0,0,SMB,0,Mid-Tenure,24.0,3,86659.85096695874,0.125,0.0,0,1
CUST_0780,10,Monthly,2794.696229334418,4,5.0,0,SMB,0,New,5.0,4,27946.962293344182,0.36363636363636365,0.0,0,1
CUST_0781,44,Annual,1083.9300507331895,4,17.0,0,Enterprise,0,Loyal,17.0,4,47692.92223226034,0.08888888888888889,0.0,1,0
CUST_0782,2,Annual,3875.275958649562,3,18.0,0,SMB,0,New,18.0,3,7750.551917299124,1.0,0.0,0,0
CUST_0783,13,Monthly,946.5300323720446,2,8.0,0,SMB,0,Mid-Tenure,8.0,2,12304.89042083658,0.14285714285714285,0.0,0,1
CUST_0784,40,Multi-Year,4275.721256357108,0,14.0,2,Enterprise,0,Loyal,14.0,0,171028.85025428433,0.0,8.551442512714218,1,0
CUST_0785,2,Monthly,4691.399873387987,2,6.0,0,SMB,0,New,6.0,2,9382.799746775974,0.6666666666666666,0.0,0,1
CUST_0786,65,Monthly,1951.0038058318423,2,5.0,0,SMB,1,Loyal,5.0,2,126815.24737906975,0.030303030303030304,0.0,0,1
CUST_0787,63,Annual,4667.641849683189,0,28.0,0,SMB,0,Loyal,28.0,0,294061.4365300409,0.0,0.0,0,0
CUST_0788,17,Annual,4068.5367160514224,0,4.0,0,SMB,0,Mid-Tenure,4.0,0,69165.12417287419,0.0,0.0,0,0
CUST_0789,9,Multi-Year,4650.960249516965,2,18.0,0,Enterprise,0,New,18.0,2,41858.642245652685,0.2,0.0,1,0
CUST_0790,15,Multi-Year,3498.2156161438147,2,19.0,0,SMB,0,Mid-Tenure,19.0,2,52473.23424215722,0.125,0.0,0,0
CUST_0791,24,Monthly,1560.3981773963983,3,0.0,0,SMB,0,Mid-Tenure,0.0,3,37449.556257513555,0.12,0.0,0,1
CUST_0792,38,Monthly,4525.354566099377,4,20.0,0,SMB,0,Loyal,20.0,4,171963.4735117763,0.10256410256410256,0.0,0,1
CUST_0793,35,Monthly,1329.1928427683467,2,6.0,0,SMB,0,Mid-Tenure,6.0,2,46521.74949689214,0.05555555555555555,0.0,0,1
CUST_0794,49,Annual,1458.77247957891,1,17.0,0,SMB,0,Loyal,17.0,1,71479.85149936659,0.02,0.0,0,0
CUST_0795,69,Multi-Year,1719.7834556316368,0,26.0,10,SMB,0,Loyal,26.0,0,118665.05843858294,0.0,17.19783455631637,0,0
CUST_0796,62,Monthly,1869.108401689631,2,27.0,2,Enterprise,0,Loyal,27.0,2,115884.72090475712,0.031746031746031744,3.7382168033792618,1,1
CUST_0797,60,Monthly,2815.158389589638,3,7.0,5,Enterprise,0,Loyal,7.0,3,168909.50337537826,0.04918032786885246,14.07579194794819,1,1
CUST_0798,50,Monthly,3710.558121953198,1,11.0,0,SMB,0,Loyal,11.0,1,185527.9060976599,0.0196078431372549,0.0,0,1
CUST_0799,9,Multi-Year,4667.936784803077,2,9.0,0,SMB,0,New,9.0,2,42011.43106322769,0.2,0.0,0,0
CUST_0800,34,Monthly,897.969143009761,0,5.0,0,SMB,0,Mid-Tenure,5.0,0,30530.950862331872,0.0,0.0,0,1
CUST_0801,35,Monthly,4794.662130027062,7,25.0,2,SMB,1,Mid-Tenure,25.0,7,167813.17455094715,0.19444444444444445,9.589324260054124,0,1
CUST_0802,1,Annual,4645.95335193566,0,15.0,0,Enterprise,0,New,15.0,0,4645.95335193566,0.0,0.0,1,0
CUST_0803,40,Multi-Year,742.9968148146752,1,29.0,2,Enterprise,0,Loyal,29.0,1,29719.87259258701,0.024390243902439025,1.4859936296293503,1,0
CUST_0804,64,Annual,2121.445119612032,3,18.0,0,Enterprise,0,Loyal,18.0,3,135772.48765517006,0.046153846153846156,0.0,1,0
CUST_0805,22,Annual,4159.145256347014,1,17.0,0,Enterprise,0,Mid-Tenure,17.0,1,91501.1956396343,0.043478260869565216,0.0,1,0
CUST_0806,60,Monthly,3252.094454657305,2,23.0,0,SMB,1,Loyal,23.0,2,195125.6672794383,0.03278688524590164,0.0,0,1
CUST_0807,64,Annual,4005.922745217967,3,12.0,2,SMB,0,Loyal,12.0,3,256379.0556939499,0.046153846153846156,8.011845490435935,0,0
CUST_0808,11,Annual,3735.650024554494,1,19.0,0,Enterprise,0,New,19.0,1,41092.15027009943,0.08333333333333333,0.0,1,0
CUST_0809,14,Multi-Year,2735.4655090722363,3,6.0,0,Enterprise,0,Mid-Tenure,6.0,3,38296.517127011306,0.2,0.0,1,0
CUST_0810,60,Monthly,685.4812067826479,2,6.0,5,Enterprise,0,Loyal,6.0,2,41128.87240695887,0.03278688524590164,3.4274060339132393,1,1
CUST_0811,30,Monthly,3129.2069092902548,5,15.0,0,SMB,1,Mid-Tenure,15.0,5,93876.20727870765,0.16129032258064516,0.0,0,1
CUST_0812,35,Monthly,718.5499387668319,1,29.0,0,SMB,1,Mid-Tenure,29.0,1,25149.247856839116,0.027777777777777776,0.0,0,1
CUST_0813,37,Monthly,3216.770228908089,2,25.0,0,SMB,0,Loyal,25.0,2,119020.49846959929,0.05263157894736842,0.0,0,1
CUST_0814,5,Multi-Year,4101.848881221552,4,24.0,0,SMB,0,New,24.0,4,20509.24440610776,0.6666666666666666,0.0,0,0
CUST_0815,26,Monthly,3132.4628691586336,1,9.0,0,SMB,0,Mid-Tenure,9.0,1,81444.03459812448,0.037037037037037035,0.0,0,1
CUST_0816,62,Monthly,4986.598120527637,4,14.0,2,Enterprise,0,Loyal,14.0,4,309169.0834727135,0.06349206349206349,9.973196241055273,1,1
CUST_0817,4,Monthly,2551.3992508119486,1,13.0,0,Enterprise,0,New,13.0,1,10205.597003247794,0.2,0.0,1,1
CUST_0818,42,Monthly,3869.723586217944,3,23.0,5,Enterprise,0,Loyal,23.0,3,162528.39062115364,0.06976744186046512,19.34861793108972,1,1
CUST_0819,18,Monthly,3502.459812838584,3,11.0,0,SMB,0,Mid-Tenure,11.0,3,63044.276631094515,0.15789473684210525,0.0,0,1
CUST_0820,40,Monthly,4961.442612011396,2,28.0,0,SMB,0,Loyal,28.0,2,198457.70448045584,0.04878048780487805,0.0,0,1
CUST_0821,39,Monthly,3709.485522846973,1,14.0,10,SMB,1,Loyal,14.0,1,144669.93539103193,0.025,37.094855228469726,0,1
CUST_0822,14,Annual,1238.1382915672525,2,7.0,0,SMB,0,Mid-Tenure,7.0,2,17333.936081941534,0.13333333333333333,0.0,0,0
CUST_0823,32,Annual,4799.829678877584,4,6.0,5,SMB,0,Mid-Tenure,6.0,4,153594.5497240827,0.12121212121212122,23.99914839438792,0,0
CUST_0824,51,Monthly,3504.997519005926,0,25.0,2,Enterprise,0,Loyal,25.0,0,178754.87346930223,0.0,7.009995038011851,1,1
CUST_0825,38,Multi-Year,767.0220386287544,4,20.0,0,SMB,0,Loyal,20.0,4,29146.83746789267,0.10256410256410256,0.0,0,0
CUST_0826,23,Annual,3459.057376030756,4,8.0,0,SMB,1,Mid-Tenure,8.0,4,79558.31964870739,0.16666666666666666,0.0,0,0
CUST_0827,63,Annual,4474.037330036488,2,13.0,0,SMB,0,Loyal,13.0,2,281864.3517922987,0.03125,0.0,0,0
CUST_0828,15,Monthly,3096.6883789551125,1,27.0,10,Enterprise,0,Mid-Tenure,27.0,1,46450.325684326686,0.0625,30.966883789551126,1,1
CUST_0829,25,Monthly,2093.08837114405,1,26.0,0,Enterprise,0,Mid-Tenure,26.0,1,52327.20927860125,0.038461538461538464,0.0,1,1
CUST_0830,17,Monthly,4194.093353317772,5,6.0,0,Enterprise,0,Mid-Tenure,6.0,5,71299.58700640213,0.2777777777777778,0.0,1,1
CUST_0831,66,Monthly,4021.3040369262326,2,11.0,0,Enterprise,0,Loyal,11.0,2,265406.0664371314,0.029850746268656716,0.0,1,1
CUST_0832,53,Monthly,2948.8196940408534,2,13.0,0,SMB,0,Loyal,13.0,2,156287.44378416523,0.037037037037037035,0.0,0,1
CUST_0833,51,Multi-Year,1194.6279645315517,2,10.0,0,Enterprise,0,Loyal,10.0,2,60926.02619110914,0.038461538461538464,0.0,1,0
CUST_0834,39,Monthly,1629.4391848543162,0,18.0,0,SMB,0,Loyal,18.0,0,63548.12820931833,0.0,0.0,0,1
CUST_0835,51,Monthly,3823.177874837476,3,27.0,15,SMB,1,Loyal,27.0,3,194982.07161671127,0.057692307692307696,57.34766812256213,0,1
CUST_0836,70,Annual,4127.369744277174,3,5.0,0,SMB,0,Loyal,5.0,3,288915.88209940214,0.04225352112676056,0.0,0,0
CUST_0837,6,Monthly,1756.693751184454,3,2.0,0,Enterprise,0,New,2.0,3,10540.162507106725,0.42857142857142855,0.0,1,1
CUST_0838,67,Annual,2155.93284734054,3,5.0,0,Enterprise,0,Loyal,5.0,3,144447.50077181618,0.04411764705882353,0.0,1,0
CUST_0839,7,Annual,849.3434836240781,4,28.0,2,SMB,0,New,28.0,4,5945.404385368547,0.5,1.6986869672481562,0,0
CUST_0840,51,Annual,3710.578767649249,3,23.0,0,SMB,0,Loyal,23.0,3,189239.5171501117,0.057692307692307696,0.0,0,0
CUST_0841,42,Multi-Year,516.098950700141,0,8.0,0,Enterprise,0,Loyal,8.0,0,21676.155929405923,0.0,0.0,1,0
CUST_0842,64,Monthly,709.4368454858063,0,1.0,0,SMB,0,Loyal,1.0,0,45403.958111091604,0.0,0.0,0,1
CUST_0843,15,Annual,519.5483050284046,1,5.0,0,Enterprise,0,Mid-Tenure,5.0,1,7793.224575426068,0.0625,0.0,1,0
CUST_0844,29,Multi-Year,3403.9381250192755,2,13.0,0,SMB,0,Mid-Tenure,13.0,2,98714.20562555899,0.06666666666666667,0.0,0,0
CUST_0845,33,Annual,2378.2420746524595,2,18.0,0,SMB,0,Mid-Tenure,18.0,2,78481.98846353116,0.058823529411764705,0.0,0,0
CUST_0846,27,Monthly,1838.9604260449864,2,29.0,0,SMB,0,Mid-Tenure,29.0,2,49651.93150321463,0.07142857142857142,0.0,0,1
CUST_0847,36,Multi-Year,4607.1545466069965,1,29.0,0,SMB,0,Mid-Tenure,29.0,1,165857.56367785187,0.02702702702702703,0.0,0,0
CUST_0848,29,Monthly,1367.6125760447298,1,22.0,2,Enterprise,0,Mid-Tenure,22.0,1,39660.764705297166,0.03333333333333333,2.7352251520894595,1,1
CUST_0849,38,Multi-Year,2252.1560467163026,0,26.0,0,Enterprise,0,Loyal,26.0,0,85581.9297752195,0.0,0.0,1,0
CUST_0850,57,Monthly,4731.403104174882,2,3.0,5,SMB,0,Loyal,3.0,2,269689.9769379683,0.034482758620689655,23.65701552087441,0,1
CUST_0851,27,Annual,2421.9795327666907,2,13.0,0,Enterprise,0,Mid-Tenure,13.0,2,65393.447384700645,0.07142857142857142,0.0,1,0
CUST_0852,55,Multi-Year,2996.12158541176,3,20.0,2,SMB,0,Loyal,20.0,3,164786.6871976468,0.05357142857142857,5.99224317082352,0,0
CUST_0853,33,Monthly,861.5158995626941,1,9.0,0,SMB,1,Mid-Tenure,9.0,1,28430.024685568907,0.029411764705882353,0.0,0,1
CUST_0854,68,Monthly,4055.748741020581,1,5.0,0,SMB,0,Loyal,5.0,1,275790.9143893995,0.014492753623188406,0.0,0,1
CUST_0855,66,Monthly,2402.414496897072,1,10.0,2,SMB,0,Loyal,10.0,1,158559.35679520672,0.014925373134328358,4.8048289937941435,0,1
CUST_0856,10,Multi-Year,4102.318060693175,3,12.0,0,SMB,0,New,12.0,3,41023.180606931746,0.2727272727272727,0.0,0,0
CUST_0857,5,Multi-Year,1642.0893915019649,3,23.0,0,SMB,0,New,23.0,3,8210.446957509825,0.5,0.0,0,0
CUST_0858,38,Annual,2401.1543775263453,2,17.0,2,Enterprise,0,Loyal,17.0,2,91243.86634600113,0.05128205128205128,4.802308755052691,1,0
CUST_0859,13,Annual,4039.4702136425462,3,19.0,2,SMB,0,Mid-Tenure,19.0,3,52513.112777353104,0.21428571428571427,8.078940427285092,0,0
CUST_0860,31,Multi-Year,4882.449951696379,1,13.0,0,SMB,0,Mid-Tenure,13.0,1,151355.94850258774,0.03125,0.0,0,0
CUST_0861,47,Monthly,768.3148597427099,3,26.0,0,SMB,0,Loyal,26.0,3,36110.798407907365,0.0625,0.0,0,1
CUST_0862,52,Monthly,4156.05279838507,2,19.0,0,SMB,0,Loyal,19.0,2,216114.74551602363,0.03773584905660377,0.0,0,1
CUST_0863,56,Annual,1853.100804321996,4,21.0,5,SMB,0,Loyal,21.0,4,103773.64504203179,0.07017543859649122,9.265504021609981,0,0
CUST_0864,15,Monthly,2978.3447640098248,1,19.0,0,SMB,1,Mid-Tenure,19.0,1,44675.17146014737,0.0625,0.0,0,1
CUST_0865,29,Monthly,1805.4151922783656,5,10.0,2,SMB,0,Mid-Tenure,10.0,5,52357.0405760726,0.16666666666666666,3.6108303845567313,0,1
CUST_0866,8,Monthly,3260.504626555956,7,20.0,0,SMB,1,New,20.0,7,26084.037012447647,0.7777777777777778,0.0,0,1
CUST_0867,5,Monthly,2092.11273789789,4,4.0,0,SMB,1,New,4.0,4,10460.563689489449,0.6666666666666666,0.0,0,1
CUST_0868,29,Multi-Year,2001.2670093995664,1,7.0,0,SMB,0,Mid-Tenure,7.0,1,58036.743272587424,0.03333333333333333,0.0,0,0
CUST_0869,47,Monthly,670.7224082117099,0,3.0,0,SMB,0,Loyal,3.0,0,31523.953185950366,0.0,0.0,0,1
CUST_0870,68,Annual,1161.321826567152,5,11.0,0,SMB,0,Loyal,11.0,5,78969.88420656633,0.07246376811594203,0.0,0,0
CUST_0871,45,Monthly,4626.851894894655,4,5.0,0,SMB,0,Loyal,5.0,4,208208.33527025947,0.08695652173913043,0.0,0,1
CUST_0872,2,Monthly,4992.248429929608,1,22.0,0,SMB,0,New,22.0,1,9984.496859859217,0.3333333333333333,0.0,0,1
CUST_0873,27,Monthly,4012.342591413229,5,23.0,0,SMB,1,Mid-Tenure,23.0,5,108333.24996815718,0.17857142857142858,0.0,0,1
CUST_0874,36,Annual,1790.6568114806903,1,24.0,0,SMB,0,Mid-Tenure,24.0,1,64463.64521330485,0.02702702702702703,0.0,0,0
CUST_0875,36,Annual,2311.0031229961664,2,25.0,0,SMB,0,Mid-Tenure,25.0,2,83196.112427862,0.05405405405405406,0.0,0,0
CUST_0876,26,Multi-Year,3827.765547077372,1,7.0,2,Enterprise,0,Mid-Tenure,7.0,1,99521.90422401167,0.037037037037037035,7.655531094154744,1,0
CUST_0877,43,Annual,4858.311005974391,4,29.0,0,SMB,0,Loyal,29.0,4,208907.37325689883,0.09090909090909091,0.0,0,0
CUST_0878,27,Annual,2549.620268282154,3,3.0,0,SMB,0,Mid-Tenure,3.0,3,68839.74724361816,0.10714285714285714,0.0,0,0
CUST_0879,69,Annual,4232.850868797686,2,19.0,10,SMB,0,Loyal,19.0,2,292066.70994704036,0.02857142857142857,42.328508687976864,0,0
CUST_0880,20,Multi-Year,4887.810151694226,1,9.0,0,Enterprise,1,Mid-Tenure,9.0,1,97756.20303388452,0.047619047619047616,0.0,1,0
CUST_0881,11,Annual,4430.629269752019,1,10.0,5,Enterprise,0,New,10.0,1,48736.92196727221,0.08333333333333333,22.153146348760096,1,0
CUST_0882,38,Monthly,1522.1738604709712,0,14.0,0,SMB,0,Loyal,14.0,0,57842.60669789691,0.0,0.0,0,1
CUST_0883,6,Annual,536.1433874403032,4,4.0,0,SMB,0,New,4.0,4,3216.860324641819,0.5714285714285714,0.0,0,0
CUST_0884,23,Annual,2714.367674247868,5,2.0,0,SMB,0,Mid-Tenure,2.0,5,62430.45650770096,0.20833333333333334,0.0,0,0
CUST_0885,47,Annual,2891.1237426287007,3,14.0,0,SMB,0,Loyal,14.0,3,135882.81590354894,0.0625,0.0,0,0
CUST_0886,46,Monthly,1405.6266404802632,2,1.0,0,SMB,0,Loyal,1.0,2,64658.82546209211,0.0425531914893617,0.0,0,1
CUST_0887,12,Multi-Year,1781.0347637606794,1,1.0,0,SMB,0,New,1.0,1,21372.417165128154,0.07692307692307693,0.0,0,0
CUST_0888,13,Multi-Year,3943.189223818461,3,24.0,2,SMB,1,Mid-Tenure,24.0,3,51261.45990963999,0.21428571428571427,7.886378447636922,0,0
CUST_0889,62,Monthly,2616.562664209102,1,7.0,0,SMB,0,Loyal,7.0,1,162226.8851809643,0.015873015873015872,0.0,0,1
CUST_0890,60,Multi-Year,1928.0933762011548,1,21.0,0,SMB,0,Loyal,21.0,1,115685.60257206929,0.01639344262295082,0.0,0,0
CUST_0891,43,Monthly,3301.8171231286374,3,13.0,0,Enterprise,0,Loyal,13.0,3,141978.1362945314,0.06818181818181818,0.0,1,1
CUST_0892,68,Monthly,3437.418901892564,6,29.0,2,SMB,0,Loyal,29.0,6,233744.48532869434,0.08695652173913043,6.874837803785128,0,1
CUST_0893,5,Monthly,3962.28099578361,5,29.0,0,SMB,1,New,29.0,5,19811.40497891805,0.8333333333333334,0.0,0,1
CUST_0894,37,Monthly,1205.191830933136,2,8.0,0,SMB,0,Loyal,8.0,2,44592.097744526036,0.05263157894736842,0.0,0,1
CUST_0895,31,Multi-Year,3836.827635471456,1,4.0,2,SMB,0,Mid-Tenure,4.0,1,118941.65669961512,0.03125,7.673655270942912,0,0
CUST_0896,9,Monthly,3197.427764496884,2,29.0,10,Enterprise,1,New,29.0,2,28776.849880471953,0.2,31.97427764496884,1,1
CUST_0897,51,Monthly,759.0733938625871,1,11.0,0,SMB,0,Loyal,11.0,1,38712.74308699194,0.019230769230769232,0.0,0,1
CUST_0898,29,Monthly,3998.50532714035,3,9.0,10,SMB,1,Mid-Tenure,9.0,3,115956.65448707015,0.1,39.9850532714035,0,1
CUST_0899,40,Monthly,2223.8612659993328,1,0.0,0,SMB,0,Loyal,0.0,1,88954.4506399733,0.024390243902439025,0.0,0,1
CUST_0900,41,Monthly,1986.714204483369,1,23.0,10,SMB,0,Loyal,23.0,1,81455.28238381814,0.023809523809523808,19.86714204483369,0,1
CUST_0901,11,Annual,2516.3381821173543,6,18.0,0,SMB,1,New,18.0,6,27679.7200032909,0.5,0.0,0,0
CUST_0902,23,Monthly,2057.787847877581,2,29.0,5,SMB,0,Mid-Tenure,29.0,2,47329.12050118436,0.08333333333333333,10.288939239387906,0,1
CUST_0903,1,Multi-Year,2022.2851649445909,4,24.0,2,SMB,0,New,24.0,4,2022.2851649445909,2.0,4.044570329889182,0,0
CUST_0904,46,Multi-Year,4136.349504652815,1,10.0,0,SMB,0,Loyal,10.0,1,190272.0772140295,0.02127659574468085,0.0,0,0
CUST_0905,21,Monthly,1060.2736446456151,0,16.0,0,SMB,1,Mid-Tenure,16.0,0,22265.74653755792,0.0,0.0,0,1
CUST_0906,36,Multi-Year,4867.700305358563,1,2.0,0,SMB,1,Mid-Tenure,2.0,1,175237.21099290828,0.02702702702702703,0.0,0,0
CUST_0907,54,Monthly,2997.192399684545,4,0.0,0,Enterprise,0,Loyal,0.0,4,161848.38958296544,0.07272727272727272,0.0,1,1
CUST_0908,57,Monthly,1323.157992895908,4,16.0,0,SMB,0,Loyal,16.0,4,75420.00559506674,0.06896551724137931,0.0,0,1
CUST_0909,1,Monthly,1090.4696731925892,6,5.0,10,SMB,1,New,5.0,6,1090.4696731925892,3.0,10.904696731925892,0,1
CUST_0910,63,Monthly,3161.7928946074217,1,12.0,0,Enterprise,0,Loyal,12.0,1,199192.95236026758,0.015625,0.0,1,1
CUST_0911,54,Annual,3348.497497311176,4,19.0,0,SMB,0,Loyal,19.0,4,180818.8648548035,0.07272727272727272,0.0,0,0
CUST_0912,55,Annual,738.6159696341484,2,25.0,0,SMB,0,Loyal,25.0,2,40623.878329878164,0.03571428571428571,0.0,0,0
CUST_0913,40,Monthly,1593.508613579536,3,3.0,0,SMB,0,Loyal,3.0,3,63740.34454318143,0.07317073170731707,0.0,0,1
CUST_0914,15,Annual,4079.578645496603,4,4.0,0,SMB,0,Mid-Tenure,4.0,4,61193.679682449045,0.25,0.0,0,0
CUST_0915,21,Monthly,723.3108248458648,0,14.0,0,SMB,0,Mid-Tenure,14.0,0,15189.52732176316,0.0,0.0,0,1
CUST_0916,47,Annual,4347.898987577162,3,13.0,5,SMB,0,Loyal,13.0,3,204351.25241612663,0.0625,21.739494937885812,0,0
CUST_0917,53,Monthly,3461.7311443685007,5,18.0,2,SMB,1,Loyal,18.0,5,183471.75065153054,0.09259259259259259,6.923462288737001,0,1
CUST_0918,9,Monthly,2454.9046671344213,4,14.0,2,SMB,0,New,14.0,4,22094.142004209793,0.4,4.909809334268843,0,1
CUST_0919,52,Monthly,2058.947820369121,1,11.0,2,SMB,0,Loyal,11.0,1,107065.28665919429,0.018867924528301886,4.117895640738242,0,1
CUST_0920,57,Monthly,586.6203373200228,3,17.0,0,SMB,1,Loyal,17.0,3,33437.3592272413,0.05172413793103448,0.0,0,1
CUST_0921,26,Annual,4213.467255883294,1,13.0,2,Enterprise,0,Mid-Tenure,13.0,1,109550.14865296564,0.037037037037037035,8.426934511766587,1,0
CUST_0922,41,Multi-Year,1142.2483428584214,0,9.0,0,SMB,0,Loyal,9.0,0,46832.18205719528,0.0,0.0,0,0
CUST_0923,35,Monthly,1892.9389633793965,3,7.0,0,SMB,0,Mid-Tenure,7.0,3,66252.86371827888,0.08333333333333333,0.0,0,1
CUST_0924,63,Annual,3060.981411632617,2,26.0,0,SMB,0,Loyal,26.0,2,192841.82893285487,0.03125,0.0,0,0
CUST_0925,25,Annual,1606.966700320644,0,22.0,0,SMB,0,Mid-Tenure,22.0,0,40174.1675080161,0.0,0.0,0,0
CUST_0926,38,Multi-Year,2737.132086884906,1,25.0,0,SMB,0,Loyal,25.0,1,104011.01930162644,0.02564102564102564,0.0,0,0
CUST_0927,2,Monthly,4142.042729324161,0,28.0,0,Enterprise,0,New,28.0,0,8284.085458648322,0.0,0.0,1,1
CUST_0928,7,Monthly,2617.420706556237,3,3.0,0,SMB,0,New,3.0,3,18321.944945893658,0.375,0.0,0,1
CUST_0929,34,Multi-Year,4770.398048538182,3,17.0,0,SMB,0,Mid-Tenure,17.0,3,162193.53365029817,0.08571428571428572,0.0,0,0
CUST_0930,17,Annual,4313.752791693538,1,27.0,2,SMB,0,Mid-Tenure,27.0,1,73333.79745879014,0.05555555555555555,8.627505583387075,0,0
CUST_0931,43,Monthly,1998.676559135274,2,24.0,0,SMB,0,Loyal,24.0,2,85943.09204281677,0.045454545454545456,0.0,0,1
CUST_0932,59,Monthly,2299.82956062772,3,7.0,5,SMB,0,Loyal,7.0,3,135689.9440770355,0.05,11.499147803138602,0,1
CUST_0933,51,Monthly,2404.970271601372,3,3.0,0,SMB,0,Loyal,3.0,3,122653.48385166998,0.057692307692307696,0.0,0,1
CUST_0934,54,Annual,3317.807538160316,5,10.0,0,SMB,0,Loyal,10.0,5,179161.6070606571,0.09090909090909091,0.0,0,0
CUST_0935,24,Annual,1790.5807813484291,4,4.0,0,SMB,0,Mid-Tenure,4.0,4,42973.9387523623,0.16,0.0,0,0
CUST_0936,25,Monthly,4861.621124701289,2,29.0,10,SMB,1,Mid-Tenure,29.0,2,121540.52811753222,0.07692307692307693,48.61621124701289,0,1
CUST_0937,71,Annual,3239.0789927157543,4,9.0,0,SMB,0,Loyal,9.0,4,229974.60848281856,0.05555555555555555,0.0,0,0
CUST_0938,52,Annual,2297.307464335101,1,5.0,0,SMB,0,Loyal,5.0,1,119459.98814542525,0.018867924528301886,0.0,0,0
CUST_0939,70,Annual,3402.544169712053,0,28.0,0,SMB,0,Loyal,28.0,0,238178.09187984373,0.0,0.0,0,0
CUST_0940,33,Annual,2279.3225473836847,7,3.0,0,SMB,0,Mid-Tenure,3.0,7,75217.64406366159,0.20588235294117646,0.0,0,0
CUST_0941,49,Multi-Year,4180.080564407385,1,17.0,0,SMB,0,Loyal,17.0,1,204823.94765596188,0.02,0.0,0,0
CUST_0942,29,Monthly,3055.2843224827457,3,20.0,2,SMB,1,Mid-Tenure,20.0,3,88603.24535199962,0.1,6.1105686449654915,0,1
CUST_0943,63,Multi-Year,688.8672653273015,2,26.0,0,SMB,0,Loyal,26.0,2,43398.637715619996,0.03125,0.0,0,0
CUST_0944,22,Monthly,1295.405903405573,2,16.0,0,SMB,0,Mid-Tenure,16.0,2,28498.929874922607,0.08695652173913043,0.0,0,1
CUST_0945,26,Monthly,4392.472878632906,3,6.0,0,SMB,1,Mid-Tenure,6.0,3,114204.29484445555,0.1111111111111111,0.0,0,1
CUST_0946,28,Monthly,3033.049218605555,3,8.0,0,SMB,0,Mid-Tenure,8.0,3,84925.37812095553,0.10344827586206896,0.0,0,1
CUST_0947,49,Monthly,4776.545644312573,2,2.0,5,SMB,0,Loyal,2.0,2,234050.73657131608,0.04,23.882728221562864,0,1
CUST_0948,71,Monthly,825.9004078730816,1,21.0,5,SMB,0,Loyal,21.0,1,58638.92895898879,0.013888888888888888,4.129502039365407,0,1
CUST_0949,49,Monthly,1828.6728353868823,3,8.0,0,SMB,0,Loyal,8.0,3,89604.96893395724,0.06,0.0,0,1
CUST_0950,20,Multi-Year,1370.9451795780767,1,26.0,0,SMB,0,Mid-Tenure,26.0,1,27418.903591561535,0.047619047619047616,0.0,0,0
CUST_0951,63,Monthly,2992.2813150293127,0,3.0,5,SMB,0,Loyal,3.0,0,188513.7228468467,0.0,14.961406575146563,0,1
CUST_0952,61,Annual,2222.567739859592,3,21.0,0,SMB,0,Loyal,21.0,3,135576.63213143512,0.04838709677419355,0.0,0,0
CUST_0953,49,Monthly,1207.7309033437696,6,29.0,0,SMB,0,Loyal,29.0,6,59178.81426384471,0.12,0.0,0,1
CUST_0954,71,Multi-Year,3392.383612817961,0,18.0,5,SMB,0,Loyal,18.0,0,240859.23651007522,0.0,16.961918064089804,0,0
CUST_0955,1,Annual,2913.3426460873397,5,8.0,0,SMB,1,New,8.0,5,2913.3426460873397,2.5,0.0,0,0
CUST_0956,13,Monthly,1736.3131308333543,3,22.0,0,SMB,1,Mid-Tenure,22.0,3,22572.070700833607,0.21428571428571427,0.0,0,1
CUST_0957,51,Annual,2658.9711100207,2,22.0,0,SMB,0,Loyal,22.0,2,135607.5266110557,0.038461538461538464,0.0,0,0
CUST_0958,56,Annual,3855.822417685353,1,19.0,5,Enterprise,0,Loyal,19.0,1,215926.05539037974,0.017543859649122806,19.279112088426764,1,0
CUST_0959,62,Annual,1423.7225354779634,7,5.0,0,SMB,0,Loyal,5.0,7,88270.79719963373,0.1111111111111111,0.0,0,0
CUST_0960,32,Annual,1818.0758601577809,2,26.0,0,Enterprise,0,Mid-Tenure,26.0,2,58178.42752504899,0.06060606060606061,0.0,1,0
CUST_0961,30,Annual,2057.499441923518,1,10.0,2,Enterprise,0,Mid-Tenure,10.0,1,61724.98325770554,0.03225806451612903,4.114998883847036,1,0
CUST_0962,29,Annual,3860.2689674046414,2,23.0,2,Enterprise,0,Mid-Tenure,23.0,2,111947.8000547346,0.06666666666666667,7.720537934809283,1,0
CUST_0963,49,Monthly,4311.151697979081,3,14.0,0,Enterprise,0,Loyal,14.0,3,211246.43320097498,0.06,0.0,1,1
CUST_0964,45,Monthly,2193.748233987249,4,21.0,0,SMB,0,Loyal,21.0,4,98718.6705294262,0.08695652173913043,0.0,0,1
CUST_0965,30,Multi-Year,1834.793878252632,4,5.0,0,SMB,0,Mid-Tenure,5.0,4,55043.81634757896,0.12903225806451613,0.0,0,0
CUST_0966,16,Monthly,4502.510412582547,3,19.0,0,SMB,0,Mid-Tenure,19.0,3,72040.16660132076,0.17647058823529413,0.0,0,1
CUST_0967,40,Monthly,4997.142194867054,1,23.0,0,SMB,0,Loyal,23.0,1,199885.68779468216,0.024390243902439025,0.0,0,1
CUST_0968,19,Monthly,3516.591378478096,3,29.0,2,SMB,0,Mid-Tenure,29.0,3,66815.23619108382,0.15,7.033182756956192,0,1
CUST_0969,18,Monthly,4954.912767451314,2,9.0,0,Enterprise,1,Mid-Tenure,9.0,2,89188.42981412365,0.10526315789473684,0.0,1,1
CUST_0970,1,Multi-Year,3469.848250108595,1,23.0,0,SMB,0,New,23.0,1,3469.848250108595,0.5,0.0,0,0
CUST_0971,47,Monthly,3800.571224035212,2,24.0,0,SMB,0,Loyal,24.0,2,178626.84752965494,0.041666666666666664,0.0,0,1
CUST_0972,66,Monthly,2248.9520069458117,3,21.0,0,SMB,0,Loyal,21.0,3,148430.83245842357,0.04477611940298507,0.0,0,1
CUST_0973,38,Annual,2448.353961495741,4,17.0,2,SMB,0,Loyal,17.0,4,93037.45053683815,0.10256410256410256,4.896707922991482,0,0
CUST_0974,51,Multi-Year,1148.6104879522782,3,15.0,2,SMB,0,Loyal,15.0,3,58579.134885566185,0.057692307692307696,2.2972209759045565,0,0
CUST_0975,63,Monthly,4202.375066443055,3,3.0,0,SMB,0,Loyal,3.0,3,264749.6291859125,0.046875,0.0,0,1
CUST_0976,4,Monthly,4689.7656389924,4,19.0,0,Enterprise,1,New,19.0,4,18759.0625559696,0.8,0.0,1,1
CUST_0977,1,Multi-Year,3305.4716016235043,3,12.0,0,SMB,0,New,12.0,3,3305.4716016235043,1.5,0.0,0,0
CUST_0978,8,Annual,2046.412888004293,2,23.0,0,SMB,0,New,23.0,2,16371.303104034345,0.2222222222222222,0.0,0,0
CUST_0979,29,Monthly,1193.0734641846482,2,4.0,0,SMB,0,Mid-Tenure,4.0,2,34599.1304613548,0.06666666666666667,0.0,0,1
CUST_0980,55,Monthly,1693.2030336739172,5,19.0,0,Enterprise,0,Loyal,19.0,5,93126.16685206545,0.08928571428571429,0.0,1,1
CUST_0981,3,Monthly,1649.3468938332949,0,23.0,0,SMB,0,New,23.0,0,4948.040681499884,0.0,0.0,0,1
CUST_0982,32,Monthly,3260.875478736079,4,28.0,0,SMB,1,Mid-Tenure,28.0,4,104348.01531955453,0.12121212121212122,0.0,0,1
CUST_0983,10,Monthly,4752.66859413622,4,18.0,0,Enterprise,0,New,18.0,4,47526.6859413622,0.36363636363636365,0.0,1,1
CUST_0984,34,Multi-Year,717.2234913109165,1,17.0,0,SMB,0,Mid-Tenure,17.0,1,24385.598704571163,0.02857142857142857,0.0,0,0
CUST_0985,55,Monthly,504.600348175016,2,19.0,0,SMB,0,Loyal,19.0,2,27753.01914962588,0.03571428571428571,0.0,0,1
CUST_0986,32,Annual,3200.818749414465,5,26.0,2,SMB,1,Mid-Tenure,26.0,5,102426.19998126288,0.15151515151515152,6.40163749882893,0,0
CUST_0987,50,Monthly,1778.2720793587189,3,16.0,0,SMB,0,Loyal,16.0,3,88913.60396793594,0.058823529411764705,0.0,0,1
CUST_0988,7,Annual,4462.4675405253065,1,15.0,5,Enterprise,0,New,15.0,1,31237.272783677145,0.125,22.312337702626532,1,0
CUST_0989,8,Annual,1972.6263855761763,0,0.0,0,SMB,0,New,0.0,0,15781.01108460941,0.0,0.0,0,0
CUST_0990,65,Monthly,1803.8192023800016,0,20.0,0,Enterprise,0,Loyal,20.0,0,117248.24815470011,0.0,0.0,1,1
CUST_0991,57,Annual,1712.7977954823375,2,28.0,0,SMB,0,Loyal,28.0,2,97629.47434249324,0.034482758620689655,0.0,0,0
CUST_0992,67,Monthly,1151.8377227070985,3,26.0,0,SMB,0,Loyal,26.0,3,77173.1274213756,0.04411764705882353,0.0,0,1
CUST_0993,59,Multi-Year,3116.887134246997,2,0.0,5,SMB,0,Loyal,0.0,2,183896.3409205728,0.03333333333333333,15.584435671234985,0,0
CUST_0994,54,Multi-Year,1256.961210503945,3,29.0,0,SMB,0,Loyal,29.0,3,67875.90536721304,0.05454545454545454,0.0,0,0
CUST_0995,67,Monthly,2410.840219056309,1,19.0,0,SMB,0,Loyal,19.0,1,161526.2946767727,0.014705882352941176,0.0,0,1
CUST_0996,51,Monthly,2574.37423515042,3,23.0,0,SMB,0,Loyal,23.0,3,131293.08599267143,0.057692307692307696,0.0,0,1
CUST_0997,8,Monthly,592.2142109508851,5,13.0,0,SMB,0,New,13.0,5,4737.713687607081,0.5555555555555556,0.0,0,1
CUST_0998,34,Annual,575.6327591951413,2,23.0,0,Enterprise,0,Mid-Tenure,23.0,2,19571.513812634803,0.05714285714285714,0.0,1,0
CUST_0999,35,Monthly,2840.957099405732,4,1.0,0,SMB,1,Mid-Tenure,1.0,4,99433.49847920063,0.1111111111111111,0.0,0,1
CUST_1000,32,Monthly,3632.156295031095,2,14.0,0,SMB,1,Mid-Tenure,14.0,2,116229.00144099504,0.06060606060606061,0.0,0,1
CUST_1001,46,Monthly,4739.641170261821,1,28.0,2,SMB,0,Loyal,28.0,1,218023.49383204375,0.02127659574468085,9.47928234052364,0,1
CUST_1002,16,Monthly,1306.0367787062978,2,2.0,0,SMB,0,Mid-Tenure,2.0,2,20896.588459300765,0.11764705882352941,0.0,0,1
CUST_1003,68,Annual,964.6646424623716,2,29.0,0,SMB,0,Loyal,29.0,2,65597.19568744127,0.028985507246376812,0.0,0,0
CUST_1004,37,Monthly,734.3955811721792,0,12.0,0,SMB,0,Loyal,12.0,0,27172.636503370628,0.0,0.0,0,1
CUST_1005,54,Annual,2462.187123108276,3,18.0,2,Enterprise,0,Loyal,18.0,3,132958.1046478469,0.05454545454545454,4.924374246216552,1,0
CUST_1006,14,Monthly,3304.163153011806,2,0.0,2,Enterprise,0,Mid-Tenure,0.0,2,46258.284142165285,0.13333333333333333,6.608326306023613,1,1
CUST_1007,55,Monthly,4282.490105380689,1,12.0,0,SMB,1,Loyal,12.0,1,235536.9557959379,0.017857142857142856,0.0,0,1
CUST_1008,48,Annual,3571.901970319091,3,14.0,0,Enterprise,0,Loyal,14.0,3,171451.29457531637,0.061224489795918366,0.0,1,0
CUST_1009,7,Multi-Year,1437.6235508368582,0,15.0,0,SMB,0,New,15.0,0,10063.364855858006,0.0,0.0,0,0
CUST_1010,7,Annual,2577.966648783256,4,29.0,0,Enterprise,0,New,29.0,4,18045.766541482793,0.5,0.0,1,0
CUST_1011,33,Monthly,4596.558558388949,2,10.0,0,SMB,0,Mid-Tenure,10.0,2,151686.43242683532,0.058823529411764705,0.0,0,1
CUST_1012,23,Monthly,1970.3347811481704,5,2.0,0,SMB,0,Mid-Tenure,2.0,5,45317.69996640792,0.20833333333333334,0.0,0,1
CUST_1013,19,Multi-Year,2744.286642913692,6,7.0,2,Enterprise,0,Mid-Tenure,7.0,6,52141.44621536015,0.3,5.488573285827384,1,0
CUST_1014,19,Monthly,4813.544005896635,2,5.0,0,SMB,0,Mid-Tenure,5.0,2,91457.33611203606,0.1,0.0,0,1
CUST_1015,36,Monthly,3806.18602508164,0,4.0,0,SMB,0,Mid-Tenure,4.0,0,137022.69690293903,0.0,0.0,0,1
CUST_1016,29,Multi-Year,3864.831735387614,1,25.0,0,SMB,0,Mid-Tenure,25.0,1,112080.12032624081,0.03333333333333333,0.0,0,0
CUST_1017,60,Multi-Year,1635.5030198595243,0,27.0,2,SMB,0,Loyal,27.0,0,98130.18119157146,0.0,3.271006039719049,0,0
CUST_1018,2,Multi-Year,2366.1415323730766,2,14.0,0,SMB,0,New,14.0,2,4732.283064746153,0.6666666666666666,0.0,0,0
CUST_1019,1,Multi-Year,870.5397339352477,2,8.0,0,SMB,0,New,8.0,2,870.5397339352477,1.0,0.0,0,0
CUST_1020,47,Multi-Year,3229.366401727402,1,29.0,0,Enterprise,0,Loyal,29.0,1,151780.22088118788,0.020833333333333332,0.0,1,0
CUST_1021,69,Monthly,966.7857404412238,2,22.0,0,SMB,0,Loyal,22.0,2,66708.21609044445,0.02857142857142857,0.0,0,1
CUST_1022,20,Monthly,4261.593119926796,1,21.0,0,Enterprise,0,Mid-Tenure,21.0,1,85231.86239853592,0.047619047619047616,0.0,1,1
CUST_1023,11,Annual,4165.492041589985,3,4.0,0,SMB,0,New,4.0,3,45820.41245748984,0.25,0.0,0,0
CUST_1024,2,Annual,2901.222955050393,0,20.0,0,SMB,0,New,20.0,0,5802.445910100786,0.0,0.0,0,0
CUST_1025,67,Monthly,1135.2471493866335,2,9.0,0,SMB,0,Loyal,9.0,2,76061.55900890444,0.029411764705882353,0.0,0,1
CUST_1026,12,Monthly,615.1054243782567,1,24.0,0,Enterprise,1,New,24.0,1,7381.26509253908,0.07692307692307693,0.0,1,1
CUST_1027,20,Monthly,4085.189003941576,0,28.0,0,SMB,0,Mid-Tenure,28.0,0,81703.78007883152,0.0,0.0,0,1
CUST_1028,5,Annual,3200.6321744604206,1,25.0,0,SMB,0,New,25.0,1,16003.160872302104,0.16666666666666666,0.0,0,0
CUST_1029,37,Monthly,3699.183365365475,3,5.0,0,SMB,0,Loyal,5.0,3,136869.78451852256,0.07894736842105263,0.0,0,1
CUST_1030,38,Monthly,1867.1320658136544,4,27.0,5,Enterprise,0,Loyal,27.0,4,70951.01850091887,0.10256410256410256,9.335660329068272,1,1
CUST_1031,9,Annual,2792.6723202976154,3,10.0,2,SMB,0,New,10.0,3,25134.050882678537,0.3,5.585344640595231,0,0
CUST_1032,53,Annual,3862.283767428427,4,3.0,15,SMB,1,Loyal,3.0,4,204701.03967370663,0.07407407407407407,57.934256511426405,0,0
CUST_1033,44,Monthly,2581.5348874120978,1,19.0,0,Enterprise,0,Loyal,19.0,1,113587.5350461323,0.022222222222222223,0.0,1,1
CUST_1034,24,Annual,3206.2290024592894,4,11.0,0,SMB,0,Mid-Tenure,11.0,4,76949.49605902295,0.16,0.0,0,0
CUST_1035,30,Annual,4053.77717813583,1,19.0,0,Enterprise,0,Mid-Tenure,19.0,1,121613.3153440749,0.03225806451612903,0.0,1,0
CUST_1036,59,Monthly,1468.4929036987048,3,26.0,0,Enterprise,0,Loyal,26.0,3,86641.08131822359,0.05,0.0,1,1
CUST_1037,14,Monthly,796.6800021086704,1,5.0,0,SMB,0,Mid-Tenure,5.0,1,11153.520029521385,0.06666666666666667,0.0,0,1
CUST_1038,9,Monthly,2893.205798648623,5,0.0,0,SMB,0,New,0.0,5,26038.852187837605,0.5,0.0,0,1
CUST_1039,40,Monthly,779.5659682404307,3,24.0,0,SMB,0,Loyal,24.0,3,31182.63872961723,0.07317073170731707,0.0,0,1
CUST_1040,66,Multi-Year,3949.5078246503895,2,29.0,0,Enterprise,0,Loyal,29.0,2,260667.5164269257,0.029850746268656716,0.0,1,0
CUST_1041,25,Monthly,3736.451514352049,4,17.0,10,SMB,0,Mid-Tenure,17.0,4,93411.28785880122,0.15384615384615385,37.36451514352049,0,1
CUST_1042,22,Annual,4467.7070215938365,5,1.0,0,Enterprise,0,Mid-Tenure,1.0,5,98289.5544750644,0.21739130434782608,0.0,1,0
CUST_1043,4,Monthly,3378.0294411528225,5,4.0,0,SMB,1,New,4.0,5,13512.11776461129,1.0,0.0,0,1
CUST_1044,26,Monthly,802.3890683856819,2,15.0,0,SMB,1,Mid-Tenure,15.0,2,20862.115778027728,0.07407407407407407,0.0,0,1
CUST_1045,58,Annual,1639.1845647032785,0,11.0,2,SMB,0,Loyal,11.0,0,95072.70475279016,0.0,3.278369129406557,0,0
CUST_1046,29,Monthly,4135.693300532237,2,11.0,2,SMB,0,Mid-Tenure,11.0,2,119935.10571543488,0.06666666666666667,8.271386601064474,0,1
CUST_1047,37,Monthly,1252.0958779111447,1,10.0,0,SMB,0,Loyal,10.0,1,46327.547482712354,0.02631578947368421,0.0,0,1
CUST_1048,70,Monthly,3643.162105166993,1,19.0,0,SMB,1,Loyal,19.0,1,255021.34736168952,0.014084507042253521,0.0,0,1
CUST_1049,18,Monthly,4011.166989142151,7,18.0,2,SMB,1,Mid-Tenure,18.0,7,72201.00580455872,0.3684210526315789,8.022333978284303,0,1
CUST_1050,42,Annual,1985.5030903485847,3,20.0,0,SMB,0,Loyal,20.0,3,83391.12979464055,0.06976744186046512,0.0,0,0
CUST_1051,41,Monthly,1950.3386303130883,4,6.0,15,SMB,1,Loyal,6.0,4,79963.88384283661,0.09523809523809523,29.25507945469632,0,1
CUST_1052,38,Multi-Year,3010.112065441161,3,25.0,0,SMB,0,Loyal,25.0,3,114384.25848676413,0.07692307692307693,0.0,0,0
CUST_1053,34,Annual,4375.788497396437,4,1.0,0,SMB,0,Mid-Tenure,1.0,4,148776.80891147887,0.11428571428571428,0.0,0,0
CUST_1054,17,Monthly,1507.5779086106625,7,28.0,5,SMB,1,Mid-Tenure,28.0,7,25628.824446381263,0.3888888888888889,7.537889543053312,0,1
CUST_1055,37,Monthly,4735.661882190812,2,28.0,0,Enterprise,0,Loyal,28.0,2,175219.48964106006,0.05263157894736842,0.0,1,1
CUST_1056,25,Monthly,3196.034081690487,2,5.0,0,SMB,0,Mid-Tenure,5.0,2,79900.85204226217,0.07692307692307693,0.0,0,1
CUST_1057,27,Annual,4964.569121085243,5,3.0,0,Enterprise,0,Mid-Tenure,3.0,5,134043.36626930156,0.17857142857142858,0.0,1,0
CUST_1058,57,Monthly,903.261757978952,0,1.0,2,SMB,0,Loyal,1.0,0,51485.92020480026,0.0,1.806523515957904,0,1
CUST_1059,31,Multi-Year,1069.529614280416,4,16.0,0,Enterprise,0,Mid-Tenure,16.0,4,33155.418042692894,0.125,0.0,1,0
CUST_1060,6,Monthly,4219.888116710672,4,7.0,0,SMB,0,New,7.0,4,25319.32870026403,0.5714285714285714,0.0,0,1
CUST_1061,40,Multi-Year,4391.401530217321,2,4.0,0,SMB,0,Loyal,4.0,2,175656.06120869284,0.04878048780487805,0.0,0,0
CUST_1062,12,Monthly,2504.564097669203,3,9.0,2,SMB,0,New,9.0,3,30054.769172030436,0.23076923076923078,5.009128195338406,0,1
CUST_1063,53,Multi-Year,3713.320292640507,5,15.0,0,SMB,0,Loyal,15.0,5,196805.97550994687,0.09259259259259259,0.0,0,0
CUST_1064,71,Monthly,4404.007793504923,1,1.0,0,SMB,0,Loyal,1.0,1,312684.5533388495,0.013888888888888888,0.0,0,1
CUST_1065,10,Monthly,694.075046984729,0,23.0,0,SMB,0,New,23.0,0,6940.75046984729,0.0,0.0,0,1
CUST_1066,45,Monthly,3082.776903469664,0,18.0,2,SMB,0,Loyal,18.0,0,138724.96065613488,0.0,6.165553806939328,0,1
CUST_1067,17,Monthly,4340.662999369203,3,6.0,2,SMB,1,Mid-Tenure,6.0,3,73791.27098927645,0.16666666666666666,8.681325998738407,0,1
CUST_1068,26,Multi-Year,2291.697250631488,2,1.0,0,SMB,0,Mid-Tenure,1.0,2,59584.128516418685,0.07407407407407407,0.0,0,0
CUST_1069,62,Monthly,1860.7262275059209,3,12.0,2,SMB,0,Loyal,12.0,3,115365.0261053671,0.047619047619047616,3.7214524550118417,0,1
CUST_1070,46,Monthly,4080.680082926769,1,22.0,0,SMB,0,Loyal,22.0,1,187711.28381463137,0.02127659574468085,0.0,0,1
CUST_1071,64,Annual,2011.0396257627629,3,3.0,0,SMB,0,Loyal,3.0,3,128706.53604881682,0.046153846153846156,0.0,0,0
CUST_1072,2,Monthly,514.2843418302645,2,15.0,2,SMB,0,New,15.0,2,1028.568683660529,0.6666666666666666,1.028568683660529,0,1
CUST_1073,54,Annual,4818.076644330796,5,9.0,0,SMB,1,Loyal,9.0,5,260176.13879386298,0.09090909090909091,0.0,0,0
CUST_1074,65,Annual,3164.5545635795834,6,16.0,0,SMB,0,Loyal,16.0,6,205696.04663267292,0.09090909090909091,0.0,0,0
CUST_1075,51,Monthly,4187.83063419532,0,20.0,10,SMB,1,Loyal,20.0,0,213579.36234396134,0.0,41.878306341953206,0,1
CUST_1076,53,Multi-Year,4213.857030542215,3,27.0,0,SMB,0,Loyal,27.0,3,223334.42261873742,0.05555555555555555,0.0,0,0
CUST_1077,36,Monthly,798.8468916772977,3,13.0,0,SMB,0,Mid-Tenure,13.0,3,28758.488100382718,0.08108108108108109,0.0,0,1
CUST_1078,26,Monthly,1268.8708972390916,2,11.0,5,Enterprise,0,Mid-Tenure,11.0,2,32990.643328216385,0.07407407407407407,6.344354486195458,1,1
CUST_1079,29,Annual,1900.043063418413,4,12.0,0,Enterprise,0,Mid-Tenure,12.0,4,55101.24883913398,0.13333333333333333,0.0,1,0
CUST_1080,21,Annual,1943.1467826859528,2,29.0,0,SMB,0,Mid-Tenure,29.0,2,40806.082436405006,0.09090909090909091,0.0,0,0
CUST_1081,11,Monthly,3464.537529564108,1,19.0,0,SMB,0,New,19.0,1,38109.91282520519,0.08333333333333333,0.0,0,1
CUST_1082,40,Annual,3304.0981433870816,5,7.0,0,SMB,0,Loyal,7.0,5,132163.92573548327,0.12195121951219512,0.0,0,0
CUST_1083,11,Monthly,2725.6540010441618,2,16.0,0,SMB,0,New,16.0,2,29982.19401148578,0.16666666666666666,0.0,0,1
CUST_1084,36,Monthly,1450.6867953894557,3,17.0,0,SMB,0,Mid-Tenure,17.0,3,52224.72463402041,0.08108108108108109,0.0,0,1
CUST_1085,59,Multi-Year,2218.925613606365,2,20.0,0,SMB,0,Loyal,20.0,2,130916.61120277553,0.03333333333333333,0.0,0,0
CUST_1086,39,Monthly,2946.1728580932627,1,9.0,2,SMB,0,Loyal,9.0,1,114900.74146563724,0.025,5.892345716186525,0,1
CUST_1087,54,Monthly,2605.9341474677385,3,25.0,0,Enterprise,0,Loyal,25.0,3,140720.4439632579,0.05454545454545454,0.0,1,1
CUST_1088,55,Multi-Year,1072.8163989278528,1,27.0,0,Enterprise,0,Loyal,27.0,1,59004.9019410319,0.017857142857142856,0.0,1,0
CUST_1089,24,Multi-Year,3422.797220758657,1,12.0,2,Enterprise,0,Mid-Tenure,12.0,1,82147.13329820777,0.04,6.845594441517314,1,0
CUST_1090,22,Monthly,828.7329956479725,1,1.0,2,SMB,0,Mid-Tenure,1.0,1,18232.125904255394,0.043478260869565216,1.657465991295945,0,1
CUST_1091,69,Annual,2201.8760738648616,2,26.0,0,Enterprise,0,Loyal,26.0,2,151929.44909667544,0.02857142857142857,0.0,1,0
CUST_1092,56,Annual,3695.132064538531,2,16.0,0,SMB,0,Loyal,16.0,2,206927.39561415772,0.03508771929824561,0.0,0,0
CUST_1093,33,Multi-Year,590.1059053386793,1,5.0,0,SMB,0,Mid-Tenure,5.0,1,19473.494876176417,0.029411764705882353,0.0,0,0
CUST_1094,36,Multi-Year,3064.9226857039225,1,11.0,0,Enterprise,0,Mid-Tenure,11.0,1,110337.2166853412,0.02702702702702703,0.0,1,0
CUST_1095,20,Monthly,2005.3443836448375,2,28.0,0,Enterprise,0,Mid-Tenure,28.0,2,40106.88767289675,0.09523809523809523,0.0,1,1
CUST_1096,62,Monthly,539.7432954023051,2,12.0,0,SMB,0,Loyal,12.0,2,33464.08431494291,0.031746031746031744,0.0,0,1
CUST_1097,26,Monthly,1356.7247197743734,0,27.0,0,SMB,0,Mid-Tenure,27.0,0,35274.84271413371,0.0,0.0,0,1
CUST_1098,66,Annual,4734.257869717945,4,25.0,10,SMB,0,Loyal,25.0,4,312461.0194013844,0.05970149253731343,47.34257869717945,0,0
CUST_1099,40,Annual,2845.170074772907,5,3.0,2,SMB,1,Loyal,3.0,5,113806.80299091627,0.12195121951219512,5.690340149545814,0,0
CUST_1100,17,Annual,4987.522420831093,3,14.0,0,Enterprise,0,Mid-Tenure,14.0,3,84787.88115412858,0.16666666666666666,0.0,1,0
CUST_1101,1,Multi-Year,2861.675376641336,4,15.0,0,SMB,0,New,15.0,4,2861.675376641336,2.0,0.0,0,0
CUST_1102,61,Monthly,2947.7138553062077,4,20.0,2,SMB,0,Loyal,20.0,4,179810.54517367866,0.06451612903225806,5.895427710612416,0,1
CUST_1103,43,Monthly,2263.293558197836,2,18.0,2,SMB,0,Loyal,18.0,2,97321.62300250694,0.045454545454545456,4.526587116395672,0,1
CUST_1104,42,Monthly,1895.1818842913644,1,14.0,10,SMB,1,Loyal,14.0,1,79597.63914023731,0.023255813953488372,18.951818842913642,0,1
CUST_1105,25,Monthly,1631.9549890982516,3,25.0,0,Enterprise,0,Mid-Tenure,25.0,3,40798.87472745629,0.11538461538461539,0.0,1,1
CUST_1106,39,Monthly,2045.3927725880324,3,5.0,0,SMB,0,Loyal,5.0,3,79770.31813093326,0.075,0.0,0,1
CUST_1107,35,Monthly,2569.3298640519447,3,19.0,5,SMB,0,Mid-Tenure,19.0,3,89926.54524181806,0.08333333333333333,12.846649320259724,0,1
CUST_1108,3,Annual,1363.9637760385554,2,28.0,0,Enterprise,0,New,28.0,2,4091.891328115666,0.5,0.0,1,0
CUST_1109,44,Multi-Year,1511.9379131256314,0,5.0,2,SMB,0,Loyal,5.0,0,66525.26817752779,0.0,3.023875826251263,0,0
CUST_1110,51,Annual,1721.9514590079762,1,28.0,0,Enterprise,0,Loyal,28.0,1,87819.52440940679,0.019230769230769232,0.0,1,0
CUST_1111,12,Annual,2521.669513688776,3,4.0,2,Enterprise,0,New,4.0,3,30260.034164265315,0.23076923076923078,5.043339027377552,1,0
CUST_1112,19,Monthly,3437.6601506640936,0,26.0,0,SMB,0,Mid-Tenure,26.0,0,65315.54286261778,0.0,0.0,0,1
CUST_1113,44,Annual,4352.657676288292,1,1.0,0,SMB,0,Loyal,1.0,1,191516.93775668487,0.022222222222222223,0.0,0,0
CUST_1114,59,Annual,1792.0932673421448,3,19.0,0,SMB,0,Loyal,19.0,3,105733.50277318654,0.05,0.0,0,0
CUST_1115,49,Annual,1326.777531536468,1,1.0,10,SMB,0,Loyal,1.0,1,65012.09904528693,0.02,13.267775315364679,0,0
CUST_1116,61,Monthly,2204.813591827497,4,4.0,0,SMB,0,Loyal,4.0,4,134493.62910147733,0.06451612903225806,0.0,0,1
CUST_1117,17,Monthly,4524.723843673351,1,2.0,0,SMB,0,Mid-Tenure,2.0,1,76920.30534244697,0.05555555555555555,0.0,0,1
CUST_1118,57,Monthly,544.3732775171276,4,5.0,0,SMB,0,Loyal,5.0,4,31029.27681847627,0.06896551724137931,0.0,0,1
CUST_1119,55,Annual,3550.4087722598542,2,10.0,5,SMB,0,Loyal,10.0,2,195272.482474292,0.03571428571428571,17.752043861299274,0,0
CUST_1120,47,Multi-Year,2647.2202088521167,3,4.0,0,SMB,0,Loyal,4.0,3,124419.34981604948,0.0625,0.0,0,0
CUST_1121,12,Multi-Year,1224.7079673230603,3,17.0,0,SMB,0,New,17.0,3,14696.495607876725,0.23076923076923078,0.0,0,0
CUST_1122,62,Monthly,1944.5968682351,1,13.0,0,SMB,0,Loyal,13.0,1,120565.00583057619,0.015873015873015872,0.0,0,1
CUST_1123,8,Annual,1512.2751974466523,3,9.0,0,SMB,0,New,9.0,3,12098.201579573219,0.3333333333333333,0.0,0,0
CUST_1124,21,Multi-Year,4450.244755505551,1,26.0,0,SMB,0,Mid-Tenure,26.0,1,93455.13986561658,0.045454545454545456,0.0,0,0
CUST_1125,70,Monthly,2668.430227752456,4,23.0,0,Enterprise,0,Loyal,23.0,4,186790.11594267192,0.056338028169014086,0.0,1,1
CUST_1126,25,Monthly,3033.924250426217,3,21.0,2,SMB,0,Mid-Tenure,21.0,3,75848.10626065542,0.11538461538461539,6.067848500852434,0,1
CUST_1127,12,Multi-Year,3171.5942870165927,2,24.0,0,Enterprise,0,New,24.0,2,38059.13144419911,0.15384615384615385,0.0,1,0
CUST_1128,15,Monthly,3378.277060710602,3,2.0,0,SMB,0,Mid-Tenure,2.0,3,50674.155910659036,0.1875,0.0,0,1
CUST_1129,59,Multi-Year,2730.000606691685,0,15.0,2,SMB,0,Loyal,15.0,0,161070.0357948094,0.0,5.46000121338337,0,0
CUST_1130,26,Multi-Year,580.4308887634212,3,29.0,5,Enterprise,0,Mid-Tenure,29.0,3,15091.20310784895,0.1111111111111111,2.902154443817106,1,0
CUST_1131,26,Annual,2006.2520911159336,1,15.0,2,SMB,0,Mid-Tenure,15.0,1,52162.55436901427,0.037037037037037035,4.012504182231867,0,0
CUST_1132,47,Multi-Year,1327.4295832444604,3,10.0,0,SMB,0,Loyal,10.0,3,62389.19041248964,0.0625,0.0,0,0
CUST_1133,32,Annual,3560.642793102546,2,3.0,0,SMB,0,Mid-Tenure,3.0,2,113940.56937928147,0.06060606060606061,0.0,0,0
CUST_1134,10,Annual,755.1709311652099,5,10.0,0,SMB,0,New,10.0,5,7551.709311652099,0.45454545454545453,0.0,0,0
CUST_1135,16,Monthly,3037.1152600023997,2,7.0,0,SMB,0,Mid-Tenure,7.0,2,48593.844160038396,0.11764705882352941,0.0,0,1
CUST_1136,71,Monthly,1447.8427502343543,1,15.0,0,SMB,0,Loyal,15.0,1,102796.83526663916,0.013888888888888888,0.0,0,1
CUST_1137,17,Monthly,4769.806273101775,2,22.0,5,SMB,1,Mid-Tenure,22.0,2,81086.70664273018,0.1111111111111111,23.849031365508875,0,1
CUST_1138,23,Annual,2009.9342398394097,3,7.0,0,Enterprise,0,Mid-Tenure,7.0,3,46228.48751630642,0.125,0.0,1,0
CUST_1139,26,Monthly,1963.495361185854,2,8.0,0,Enterprise,0,Mid-Tenure,8.0,2,51050.879390832204,0.07407407407407407,0.0,1,1
CUST_1140,7,Monthly,4655.231005958257,1,13.0,0,SMB,0,New,13.0,1,32586.6170417078,0.125,0.0,0,1
CUST_1141,14,Monthly,2378.065641368636,2,7.0,0,Enterprise,0,Mid-Tenure,7.0,2,33292.9189791609,0.13333333333333333,0.0,1,1
CUST_1142,7,Annual,4832.88050383584,2,23.0,0,SMB,0,New,23.0,2,33830.163526850876,0.25,0.0,0,0
CUST_1143,9,Multi-Year,608.7665846007657,3,15.0,0,SMB,0,New,15.0,3,5478.899261406891,0.3,0.0,0,0
CUST_1144,48,Multi-Year,1878.5505884096583,1,21.0,0,Enterprise,0,Loyal,21.0,1,90170.4282436636,0.02040816326530612,0.0,1,0
CUST_1145,59,Monthly,3497.86832119894,0,26.0,0,SMB,0,Loyal,26.0,0,206374.23095073746,0.0,0.0,0,1
CUST_1146,39,Multi-Year,4508.856340374374,1,1.0,5,SMB,0,Loyal,1.0,1,175845.39727460057,0.025,22.54428170187187,0,0
CUST_1147,18,Annual,1653.8251685372777,4,27.0,0,SMB,0,Mid-Tenure,27.0,4,29768.853033671,0.21052631578947367,0.0,0,0
CUST_1148,59,Annual,4687.149163836507,0,22.0,2,SMB,0,Loyal,22.0,0,276541.8006663539,0.0,9.374298327673014,0,0
CUST_1149,17,Annual,3173.546599246347,4,19.0,0,SMB,0,Mid-Tenure,19.0,4,53950.29218718789,0.2222222222222222,0.0,0,0
CUST_1150,14,Monthly,4104.537094390622,1,18.0,5,Enterprise,1,Mid-Tenure,18.0,1,57463.5193214687,0.06666666666666667,20.52268547195311,1,1
CUST_1151,31,Multi-Year,2287.4328693810376,1,19.0,0,SMB,0,Mid-Tenure,19.0,1,70910.41895081216,0.03125,0.0,0,0
CUST_1152,24,Monthly,1454.81172155093,3,19.0,5,SMB,1,Mid-Tenure,19.0,3,34915.48131722232,0.12,7.27405860775465,0,1
CUST_1153,60,Monthly,4600.559369514619,0,18.0,0,SMB,1,Loyal,18.0,0,276033.5621708771,0.0,0.0,0,1
CUST_1154,45,Annual,4699.111407827984,1,24.0,0,Enterprise,0,Loyal,24.0,1,211460.0133522593,0.021739130434782608,0.0,1,0
CUST_1155,3,Monthly,2739.0881486936096,4,29.0,0,SMB,0,New,29.0,4,8217.26444608083,1.0,0.0,0,1
CUST_1156,37,Monthly,529.2275719966543,3,18.0,0,SMB,0,Loyal,18.0,3,19581.42016387621,0.07894736842105263,0.0,0,1
CUST_1157,43,Annual,994.02329151682,3,17.0,0,Enterprise,0,Loyal,17.0,3,42743.00153522326,0.06818181818181818,0.0,1,0
CUST_1158,40,Monthly,3078.625821042748,2,12.0,10,SMB,1,Loyal,12.0,2,123145.03284170992,0.04878048780487805,30.78625821042748,0,1
CUST_1159,55,Annual,606.995160358488,1,16.0,0,SMB,0,Loyal,16.0,1,33384.733819716836,0.017857142857142856,0.0,0,0
CUST_1160,39,Annual,2286.103657940129,3,26.0,0,SMB,0,Loyal,26.0,3,89158.04265966502,0.075,0.0,0,0
CUST_1161,15,Annual,1865.1647550740563,3,0.0,0,SMB,0,Mid-Tenure,0.0,3,27977.471326110845,0.1875,0.0,0,0
CUST_1162,4,Annual,3714.567239309921,4,20.0,0,SMB,0,New,20.0,4,14858.268957239685,0.8,0.0,0,0
CUST_1163,25,Annual,750.1040282657087,0,27.0,0,SMB,0,Mid-Tenure,27.0,0,18752.60070664272,0.0,0.0,0,0
CUST_1164,13,Annual,2699.2907103977936,3,27.0,0,SMB,0,Mid-Tenure,27.0,3,35090.779235171314,0.21428571428571427,0.0,0,0
CUST_1165,33,Annual,3106.014214440224,6,4.0,2,Enterprise,1,Mid-Tenure,4.0,6,102498.46907652738,0.17647058823529413,6.212028428880448,1,0
CUST_1166,16,Annual,3277.80984223678,2,27.0,0,SMB,0,Mid-Tenure,27.0,2,52444.95747578848,0.11764705882352941,0.0,0,0
CUST_1167,42,Annual,2323.2095240762337,3,24.0,5,SMB,0,Loyal,24.0,3,97574.80001120182,0.06976744186046512,11.616047620381169,0,0
CUST_1168,66,Multi-Year,1869.6550254329795,5,19.0,0,Enterprise,0,Loyal,19.0,5,123397.23167857665,0.07462686567164178,0.0,1,0
CUST_1169,55,Monthly,3571.2186518171693,4,20.0,5,SMB,0,Loyal,20.0,4,196417.0258499443,0.07142857142857142,17.856093259085846,0,1
CUST_1170,42,Monthly,4314.060716461228,4,12.0,0,SMB,0,Loyal,12.0,4,181190.55009137158,0.09302325581395349,0.0,0,1
CUST_1171,34,Multi-Year,3621.2793700229545,2,5.0,2,SMB,0,Mid-Tenure,5.0,2,123123.49858078045,0.05714285714285714,7.242558740045909,0,0
CUST_1172,30,Monthly,4694.460644557497,1,28.0,0,SMB,0,Mid-Tenure,28.0,1,140833.81933672493,0.03225806451612903,0.0,0,1
CUST_1173,13,Monthly,3727.685864110672,3,9.0,0,SMB,0,Mid-Tenure,9.0,3,48459.91623343874,0.21428571428571427,0.0,0,1
CUST_1174,13,Annual,3940.7843030612826,1,22.0,0,SMB,0,Mid-Tenure,22.0,1,51230.19593979667,0.07142857142857142,0.0,0,0
CUST_1175,18,Monthly,1255.5643847093995,4,8.0,0,Enterprise,1,Mid-Tenure,8.0,4,22600.15892476919,0.21052631578947367,0.0,1,1
CUST_1176,32,Monthly,2387.9284003702032,4,28.0,0,SMB,0,Mid-Tenure,28.0,4,76413.7088118465,0.12121212121212122,0.0,0,1
CUST_1177,39,Multi-Year,2682.7489893018437,3,5.0,0,SMB,0,Loyal,5.0,3,104627.2105827719,0.075,0.0,0,0
CUST_1178,46,Annual,1653.3192303257345,4,0.0,0,SMB,0,Loyal,0.0,4,76052.68459498379,0.0851063829787234,0.0,0,0
CUST_1179,29,Monthly,2878.4293716032957,2,23.0,2,Enterprise,0,Mid-Tenure,23.0,2,83474.45177649558,0.06666666666666667,5.756858743206592,1,1
CUST_1180,62,Multi-Year,1808.5637489983137,4,29.0,15,SMB,1,Loyal,29.0,4,112130.95243789545,0.06349206349206349,27.128456234974706,0,0
CUST_1181,62,Multi-Year,3593.759417619872,5,17.0,0,Enterprise,1,Loyal,17.0,5,222813.08389243204,0.07936507936507936,0.0,1,0
CUST_1182,57,Monthly,2616.298145164292,0,24.0,0,SMB,0,Loyal,24.0,0,149128.99427436464,0.0,0.0,0,1
CUST_1183,16,Monthly,2564.63129421066,2,26.0,0,SMB,1,Mid-Tenure,26.0,2,41034.10070737056,0.11764705882352941,0.0,0,1
CUST_1184,56,Multi-Year,4926.391389647652,5,22.0,2,SMB,0,Loyal,22.0,5,275877.91782026854,0.08771929824561403,9.852782779295305,0,0
CUST_1185,10,Annual,2266.0018184415667,2,6.0,10,SMB,0,New,6.0,2,22660.01818441567,0.18181818181818182,22.66001818441567,0,0
CUST_1186,30,Annual,2130.3294466530574,4,25.0,10,SMB,1,Mid-Tenure,25.0,4,63909.88339959172,0.12903225806451613,21.303294466530573,0,0
CUST_1187,25,Multi-Year,1933.7196707719447,0,9.0,10,SMB,1,Mid-Tenure,9.0,0,48342.99176929862,0.0,19.337196707719446,0,0
CUST_1188,5,Annual,4526.371494391091,1,11.0,5,Enterprise,0,New,11.0,1,22631.857471955453,0.16666666666666666,22.631857471955453,1,0
CUST_1189,65,Monthly,2735.257217441802,2,20.0,15,SMB,0,Loyal,20.0,2,177791.71913371712,0.030303030303030304,41.02885826162703,0,1
CUST_1190,49,Annual,3200.06514866286,3,23.0,0,SMB,0,Loyal,23.0,3,156803.19228448014,0.06,0.0,0,0
CUST_1191,3,Monthly,1313.6831555107774,6,25.0,10,Enterprise,1,New,25.0,6,3941.049466532332,1.5,13.136831555107774,1,1
CUST_1192,45,Annual,2934.2406200221712,5,14.0,2,SMB,0,Loyal,14.0,5,132040.8279009977,0.10869565217391304,5.868481240044343,0,0
CUST_1193,14,Annual,1735.9168679081972,3,16.0,0,SMB,0,Mid-Tenure,16.0,3,24302.83615071476,0.2,0.0,0,0
CUST_1194,30,Monthly,3787.8661456829486,2,2.0,0,SMB,0,Mid-Tenure,2.0,2,113635.98437048846,0.06451612903225806,0.0,0,1
CUST_1195,68,Annual,4246.37756956572,4,24.0,0,SMB,0,Loyal,24.0,4,288753.67473046895,0.057971014492753624,0.0,0,0
CUST_1196,18,Monthly,3716.648114590749,1,14.0,2,SMB,0,Mid-Tenure,14.0,1,66899.66606263348,0.05263157894736842,7.433296229181498,0,1
CUST_1197,62,Monthly,3786.098748216158,2,0.0,0,SMB,0,Loyal,0.0,2,234738.1223894018,0.031746031746031744,0.0,0,1
CUST_1198,37,Annual,2806.1361685378265,1,10.0,0,Enterprise,0,Loyal,10.0,1,103827.03823589958,0.02631578947368421,0.0,1,0
CUST_1199,25,Monthly,3704.5312535036087,4,23.0,2,SMB,0,Mid-Tenure,23.0,4,92613.28133759022,0.15384615384615385,7.409062507007217,0,1
CUST_1200,48,Annual,2402.0912097867213,1,5.0,0,Enterprise,0,Loyal,5.0,1,115300.37806976262,0.02040816326530612,0.0,1,0
CUST_1201,65,Monthly,3431.7011908832587,2,27.0,2,SMB,0,Loyal,27.0,2,223060.57740741182,0.030303030303030304,6.863402381766518,0,1
CUST_1202,53,Annual,1665.676445542316,1,28.0,2,SMB,0,Loyal,28.0,1,88280.85161374275,0.018518518518518517,3.331352891084632,0,0
CUST_1203,15,Multi-Year,813.9065554040457,3,15.0,10,Enterprise,0,Mid-Tenure,15.0,3,12208.598331060684,0.1875,8.139065554040457,1,0
CUST_1204,49,Annual,2360.629688548858,1,25.0,0,SMB,0,Loyal,25.0,1,115670.85473889405,0.02,0.0,0,0
CUST_1205,68,Monthly,2578.001701012205,4,20.0,5,Enterprise,0,Loyal,20.0,4,175304.11566882994,0.057971014492753624,12.890008505061026,1,1
CUST_1206,12,Multi-Year,1653.8322118491049,1,11.0,0,SMB,0,New,11.0,1,19845.986542189257,0.07692307692307693,0.0,0,0
CUST_1207,59,Monthly,3774.69283283257,2,21.0,0,Enterprise,0,Loyal,21.0,2,222706.87713712163,0.03333333333333333,0.0,1,1
CUST_1208,37,Monthly,830.9771553932565,4,26.0,0,SMB,0,Loyal,26.0,4,30746.15474955049,0.10526315789473684,0.0,0,1
CUST_1209,61,Monthly,1502.3674597063489,2,20.0,0,SMB,0,Loyal,20.0,2,91644.41504208728,0.03225806451612903,0.0,0,1
CUST_1210,43,Monthly,3868.541233041321,3,14.0,15,SMB,0,Loyal,14.0,3,166347.2730207768,0.06818181818181818,58.028118495619815,0,1
CUST_1211,70,Multi-Year,2467.059231830056,2,24.0,0,Enterprise,0,Loyal,24.0,2,172694.14622810393,0.028169014084507043,0.0,1,0
CUST_1212,39,Monthly,3673.776308176906,2,17.0,5,SMB,0,Loyal,17.0,2,143277.2760188993,0.05,18.36888154088453,0,1
CUST_1213,56,Annual,3053.686450026183,5,9.0,0,Enterprise,0,Loyal,9.0,5,171006.44120146625,0.08771929824561403,0.0,1,0
CUST_1214,63,Annual,4778.207374988131,0,21.0,0,SMB,0,Loyal,21.0,0,301027.06462425226,0.0,0.0,0,0
CUST_1215,46,Monthly,3190.0812472527487,3,11.0,0,SMB,0,Loyal,11.0,3,146743.73737362644,0.06382978723404255,0.0,0,1
CUST_1216,11,Annual,566.9103845548386,2,19.0,0,SMB,0,New,19.0,2,6236.014230103225,0.16666666666666666,0.0,0,0
CUST_1217,62,Monthly,2087.9480772695038,4,18.0,10,SMB,0,Loyal,18.0,4,129452.78079070924,0.06349206349206349,20.87948077269504,0,1
CUST_1218,25,Monthly,1143.7730699211847,2,27.0,2,SMB,0,Mid-Tenure,27.0,2,28594.32674802962,0.07692307692307693,2.2875461398423695,0,1
CUST_1219,71,Monthly,4660.851549189664,1,4.0,0,SMB,0,Loyal,4.0,1,330920.45999246615,0.013888888888888888,0.0,0,1
CUST_1220,52,Multi-Year,968.0560442828614,3,17.0,2,Enterprise,0,Loyal,17.0,3,50338.91430270879,0.05660377358490566,1.9361120885657228,1,0
CUST_1221,4,Multi-Year,2244.679984089894,0,18.0,0,SMB,0,New,18.0,0,8978.719936359576,0.0,0.0,0,0
CUST_1222,59,Monthly,1517.4463713201148,3,22.0,0,SMB,0,Loyal,22.0,3,89529.33590788678,0.05,0.0,0,1
CUST_1223,20,Monthly,4310.2489567853,5,11.0,0,SMB,1,Mid-Tenure,11.0,5,86204.979135706,0.23809523809523808,0.0,0,1
CUST_1224,63,Annual,1888.5492391501264,2,0.0,0,Enterprise,0,Loyal,0.0,2,118978.60206645796,0.03125,0.0,1,0
CUST_1225,54,Monthly,4963.520674141902,5,1.0,15,SMB,1,Loyal,1.0,5,268030.1164036627,0.09090909090909091,74.45281011212853,0,1
CUST_1226,57,Multi-Year,673.7747252551289,3,2.0,0,SMB,0,Loyal,2.0,3,38405.15933954235,0.05172413793103448,0.0,0,0
CUST_1227,41,Annual,1077.2454760815465,3,25.0,0,SMB,0,Loyal,25.0,3,44167.0645193434,0.07142857142857142,0.0,0,0
CUST_1228,3,Monthly,1510.874493930991,0,28.0,0,Enterprise,0,New,28.0,0,4532.6234817929735,0.0,0.0,1,1
CUST_1229,6,Multi-Year,4149.977180900718,3,29.0,0,Enterprise,0,New,29.0,3,24899.863085404308,0.42857142857142855,0.0,1,0
CUST_1230,5,Monthly,4453.327440788071,0,11.0,0,Enterprise,0,New,11.0,0,22266.637203940354,0.0,0.0,1,1
CUST_1231,5,Multi-Year,821.5312127424006,3,13.0,0,Enterprise,0,New,13.0,3,4107.656063712003,0.5,0.0,1,0
CUST_1232,54,Multi-Year,646.0706379302438,4,6.0,2,SMB,0,Loyal,6.0,4,34887.81444823317,0.07272727272727272,1.2921412758604878,0,0
CUST_1233,47,Monthly,3850.505856970607,2,3.0,0,SMB,0,Loyal,3.0,2,180973.77527761852,0.041666666666666664,0.0,0,1
CUST_1234,49,Monthly,1100.0840303912605,1,11.0,0,SMB,0,Loyal,11.0,1,53904.11748917177,0.02,0.0,0,1
CUST_1235,9,Multi-Year,1098.4936418358764,0,23.0,0,SMB,0,New,23.0,0,9886.442776522887,0.0,0.0,0,0
CUST_1236,20,Multi-Year,600.6494052249317,3,7.0,0,SMB,0,Mid-Tenure,7.0,3,12012.988104498634,0.14285714285714285,0.0,0,0
CUST_1237,61,Monthly,724.1354491253984,1,0.0,5,SMB,0,Loyal,0.0,1,44172.262396649305,0.016129032258064516,3.620677245626992,0,1
CUST_1238,35,Multi-Year,1686.5395636797011,4,4.0,0,SMB,0,Mid-Tenure,4.0,4,59028.88472878954,0.1111111111111111,0.0,0,0
CUST_1239,50,Monthly,792.5247023486284,3,0.0,0,SMB,0,Loyal,0.0,3,39626.23511743142,0.058823529411764705,0.0,0,1
CUST_1240,62,Monthly,2159.9559124667403,2,14.0,0,SMB,0,Loyal,14.0,2,133917.2665729379,0.031746031746031744,0.0,0,1
CUST_1241,17,Multi-Year,4247.487640523071,4,12.0,10,SMB,1,Mid-Tenure,12.0,4,72207.2898888922,0.2222222222222222,42.47487640523071,0,0
CUST_1242,3,Monthly,1968.4411579471669,1,28.0,5,Enterprise,1,New,28.0,1,5905.3234738415,0.25,9.842205789735834,1,1
CUST_1243,32,Multi-Year,3775.253731607172,6,22.0,0,SMB,0,Mid-Tenure,22.0,6,120808.1194114295,0.18181818181818182,0.0,0,0
CUST_1244,13,Monthly,922.5948417396354,4,12.0,0,Enterprise,0,Mid-Tenure,12.0,4,11993.732942615261,0.2857142857142857,0.0,1,1
CUST_1245,68,Annual,3467.188343387718,1,3.0,0,SMB,0,Loyal,3.0,1,235768.8073503648,0.014492753623188406,0.0,0,0
CUST_1246,14,Monthly,1925.3623246584573,2,14.0,2,SMB,0,Mid-Tenure,14.0,2,26955.0725452184,0.13333333333333333,3.8507246493169145,0,1
CUST_1247,11,Annual,3873.887954136672,3,11.0,0,SMB,0,New,11.0,3,42612.76749550339,0.25,0.0,0,0
CUST_1248,56,Annual,1113.1340632537183,3,7.0,0,SMB,0,Loyal,7.0,3,62335.50754220822,0.05263157894736842,0.0,0,0
CUST_1249,67,Monthly,4540.475199940169,2,15.0,0,Enterprise,0,Loyal,15.0,2,304211.8383959913,0.029411764705882353,0.0,1,1
CUST_1250,29,Annual,1591.5974130407146,2,11.0,0,SMB,0,Mid-Tenure,11.0,2,46156.324978180724,0.06666666666666667,0.0,0,0
CUST_1251,9,Monthly,2089.120069765294,1,23.0,0,Enterprise,0,New,23.0,1,18802.080627887644,0.1,0.0,1,1
CUST_1252,67,Monthly,4775.813198681188,4,24.0,0,SMB,0,Loyal,24.0,4,319979.48431163956,0.058823529411764705,0.0,0,1
CUST_1253,25,Multi-Year,3103.1706187888653,3,26.0,0,SMB,0,Mid-Tenure,26.0,3,77579.26546972163,0.11538461538461539,0.0,0,0
CUST_1254,42,Monthly,2145.971835333599,2,5.0,0,SMB,0,Loyal,5.0,2,90130.81708401116,0.046511627906976744,0.0,0,1
CUST_1255,9,Annual,4773.209661651343,0,22.0,0,SMB,0,New,22.0,0,42958.886954862086,0.0,0.0,0,0
CUST_1256,40,Annual,1980.848376005144,1,14.0,0,SMB,0,Loyal,14.0,1,79233.93504020576,0.024390243902439025,0.0,0,0
CUST_1257,25,Annual,926.918207038309,3,6.0,0,SMB,0,Mid-Tenure,6.0,3,23172.955175957726,0.11538461538461539,0.0,0,0
CUST_1258,5,Monthly,4985.819995367389,2,4.0,5,Enterprise,0,New,4.0,2,24929.099976836947,0.3333333333333333,24.929099976836948,1,1
CUST_1259,11,Monthly,1705.3021425151123,1,22.0,0,SMB,0,New,22.0,1,18758.323567666237,0.08333333333333333,0.0,0,1
CUST_1260,59,Monthly,4330.660319148234,1,14.0,0,SMB,0,Loyal,14.0,1,255508.9588297458,0.016666666666666666,0.0,0,1
CUST_1261,38,Annual,1244.9335767038926,0,24.0,2,Enterprise,0,Loyal,24.0,0,47307.47591474792,0.0,2.4898671534077854,1,0
CUST_1262,5,Multi-Year,3791.092872998201,1,27.0,0,SMB,0,New,27.0,1,18955.464364991007,0.16666666666666666,0.0,0,0
CUST_1263,48,Annual,2860.022275125134,2,29.0,0,SMB,0,Loyal,29.0,2,137281.06920600642,0.04081632653061224,0.0,0,0
CUST_1264,18,Monthly,4914.079512305583,0,11.0,0,SMB,0,Mid-Tenure,11.0,0,88453.4312215005,0.0,0.0,0,1
CUST_1265,70,Monthly,2987.7366024157977,3,10.0,0,Enterprise,0,Loyal,10.0,3,209141.56216910583,0.04225352112676056,0.0,1,1
CUST_1266,37,Monthly,612.5681835088435,1,3.0,0,SMB,0,Loyal,3.0,1,22665.02278982721,0.02631578947368421,0.0,0,1
CUST_1267,60,Monthly,3217.450953308396,0,12.0,0,SMB,0,Loyal,12.0,0,193047.05719850375,0.0,0.0,0,1
CUST_1268,48,Monthly,1153.9240535148172,5,17.0,2,Enterprise,0,Loyal,17.0,5,55388.35456871122,0.10204081632653061,2.3078481070296344,1,1
CUST_1269,28,Monthly,4093.434118769392,1,7.0,2,Enterprise,1,Mid-Tenure,7.0,1,114616.15532554298,0.034482758620689655,8.186868237538784,1,1
CUST_1270,69,Monthly,4354.556884204545,3,6.0,0,SMB,0,Loyal,6.0,3,300464.4250101136,0.04285714285714286,0.0,0,1
CUST_1271,40,Monthly,2669.4208345762145,1,21.0,2,Enterprise,0,Loyal,21.0,1,106776.83338304858,0.024390243902439025,5.338841669152429,1,1
CUST_1272,45,Monthly,4024.496556735344,3,22.0,0,SMB,0,Loyal,22.0,3,181102.34505309048,0.06521739130434782,0.0,0,1
CUST_1273,62,Monthly,1152.998309667223,0,27.0,0,SMB,0,Loyal,27.0,0,71485.89519936783,0.0,0.0,0,1
CUST_1274,58,Monthly,2714.351839410407,4,15.0,0,SMB,0,Loyal,15.0,4,157432.4066858036,0.06779661016949153,0.0,0,1
CUST_1275,67,Monthly,2272.749191107631,3,2.0,0,SMB,1,Loyal,2.0,3,152274.19580421125,0.04411764705882353,0.0,0,1
CUST_1276,56,Annual,3250.9282417388663,1,21.0,0,SMB,0,Loyal,21.0,1,182051.9815373765,0.017543859649122806,0.0,0,0
CUST_1277,40,Monthly,700.1473496142199,1,25.0,0,SMB,1,Loyal,25.0,1,28005.893984568796,0.024390243902439025,0.0,0,1
CUST_1278,40,Monthly,3884.552772118823,1,29.0,0,SMB,0,Loyal,29.0,1,155382.11088475294,0.024390243902439025,0.0,0,1
CUST_1279,33,Monthly,856.0818026360765,0,15.0,2,Enterprise,0,Mid-Tenure,15.0,0,28250.699486990525,0.0,1.7121636052721532,1,1
CUST_1280,6,Monthly,3454.1218288857417,3,15.0,0,SMB,0,New,15.0,3,20724.73097331445,0.42857142857142855,0.0,0,1
CUST_1281,19,Monthly,583.057514929749,3,6.0,0,SMB,1,Mid-Tenure,6.0,3,11078.092783665232,0.15,0.0,0,1
CUST_1282,40,Monthly,4243.496286905283,2,22.0,0,SMB,0,Loyal,22.0,2,169739.85147621133,0.04878048780487805,0.0,0,1
CUST_1283,59,Annual,1286.148336007016,4,12.0,0,SMB,0,Loyal,12.0,4,75882.75182441395,0.06666666666666667,0.0,0,0
CUST_1284,59,Monthly,2819.738641896457,4,12.0,2,Enterprise,0,Loyal,12.0,4,166364.57987189095,0.06666666666666667,5.639477283792914,1,1
CUST_1285,48,Monthly,1676.718066774287,1,20.0,15,SMB,1,Loyal,20.0,1,80482.46720516578,0.02040816326530612,25.150771001614306,0,1
CUST_1286,41,Multi-Year,3751.912409274808,2,18.0,2,SMB,0,Loyal,18.0,2,153828.4087802671,0.047619047619047616,7.5038248185496155,0,0
CUST_1287,13,Monthly,1946.0799508537457,2,17.0,5,Enterprise,0,Mid-Tenure,17.0,2,25299.039361098694,0.14285714285714285,9.730399754268728,1,1
CUST_1288,45,Monthly,3760.7413711474273,1,28.0,0,SMB,0,Loyal,28.0,1,169233.36170163422,0.021739130434782608,0.0,0,1
CUST_1289,53,Multi-Year,1781.9204307596442,3,6.0,0,SMB,0,Loyal,6.0,3,94441.78283026115,0.05555555555555555,0.0,0,0
CUST_1290,42,Multi-Year,3886.12890921092,3,19.0,0,SMB,0,Loyal,19.0,3,163217.41418685863,0.06976744186046512,0.0,0,0
CUST_1291,63,Monthly,637.724733516069,2,17.0,10,SMB,0,Loyal,17.0,2,40176.658211512346,0.03125,6.377247335160691,0,1
CUST_1292,27,Monthly,1774.901009182318,1,28.0,0,SMB,0,Mid-Tenure,28.0,1,47922.327247922585,0.03571428571428571,0.0,0,1
CUST_1293,38,Monthly,2743.850778981255,1,23.0,0,SMB,0,Loyal,23.0,1,104266.3296012877,0.02564102564102564,0.0,0,1
CUST_1294,60,Monthly,702.7681186387647,4,17.0,0,SMB,0,Loyal,17.0,4,42166.08711832588,0.06557377049180328,0.0,0,1
CUST_1295,7,Annual,1337.153276170754,5,21.0,0,Enterprise,1,New,21.0,5,9360.072933195279,0.625,0.0,1,0
CUST_1296,5,Monthly,4705.416417385414,1,3.0,0,SMB,1,New,3.0,1,23527.082086927072,0.16666666666666666,0.0,0,1
CUST_1297,45,Monthly,4895.754193310851,2,8.0,2,SMB,0,Loyal,8.0,2,220308.93869898832,0.043478260869565216,9.791508386621702,0,1
CUST_1298,58,Multi-Year,3828.874763257186,3,20.0,0,SMB,0,Loyal,20.0,3,222074.73626891678,0.05084745762711865,0.0,0,0
CUST_1299,31,Multi-Year,1634.9002277761078,2,15.0,5,SMB,0,Mid-Tenure,15.0,2,50681.90706105934,0.0625,8.17450113888054,0,0
CUST_1300,23,Monthly,1672.3285044618606,2,3.0,10,SMB,1,Mid-Tenure,3.0,2,38463.55560262279,0.08333333333333333,16.723285044618606,0,1
CUST_1301,42,Annual,3406.056610077828,1,7.0,5,Enterprise,0,Loyal,7.0,1,143054.37762326878,0.023255813953488372,17.030283050389137,1,0
CUST_1302,10,Monthly,1029.198274694158,4,2.0,5,SMB,0,New,2.0,4,10291.98274694158,0.36363636363636365,5.14599137347079,0,1
CUST_1303,32,Multi-Year,4767.39221193665,3,29.0,0,SMB,0,Mid-Tenure,29.0,3,152556.5507819728,0.09090909090909091,0.0,0,0
CUST_1304,53,Monthly,1511.6580477958305,2,28.0,10,SMB,1,Loyal,28.0,2,80117.87653317902,0.037037037037037035,15.116580477958305,0,1
CUST_1305,30,Monthly,4998.360314414497,2,8.0,0,SMB,0,Mid-Tenure,8.0,2,149950.8094324349,0.06451612903225806,0.0,0,1
CUST_1306,39,Monthly,2730.802078861072,6,7.0,5,Enterprise,0,Loyal,7.0,6,106501.2810755818,0.15,13.65401039430536,1,1
CUST_1307,31,Monthly,3971.4349504682136,1,29.0,0,Enterprise,0,Mid-Tenure,29.0,1,123114.48346451462,0.03125,0.0,1,1
CUST_1308,2,Monthly,509.82842527500753,3,11.0,0,SMB,1,New,11.0,3,1019.6568505500151,1.0,0.0,0,1
CUST_1309,12,Annual,4499.358821382389,2,13.0,0,Enterprise,0,New,13.0,2,53992.30585658866,0.15384615384615385,0.0,1,0
CUST_1310,39,Annual,1715.009201512612,2,27.0,0,SMB,0,Loyal,27.0,2,66885.35885899187,0.05,0.0,0,0
CUST_1311,66,Monthly,3505.715350466294,2,23.0,10,SMB,0,Loyal,23.0,2,231377.2131307754,0.029850746268656716,35.057153504662935,0,1
CUST_1312,13,Monthly,4128.5987635711535,1,9.0,2,Enterprise,0,Mid-Tenure,9.0,1,53671.78392642499,0.07142857142857142,8.257197527142306,1,1
CUST_1313,46,Monthly,1238.6648325155093,5,20.0,0,SMB,0,Loyal,20.0,5,56978.58229571342,0.10638297872340426,0.0,0,1
CUST_1314,27,Multi-Year,2491.2926659815303,2,16.0,0,SMB,0,Mid-Tenure,16.0,2,67264.90198150132,0.07142857142857142,0.0,0,0
CUST_1315,17,Multi-Year,2722.261732933656,4,10.0,2,SMB,0,Mid-Tenure,10.0,4,46278.44945987215,0.2222222222222222,5.444523465867312,0,0
CUST_1316,60,Multi-Year,1904.5375940264205,2,9.0,0,SMB,0,Loyal,9.0,2,114272.25564158523,0.03278688524590164,0.0,0,0
CUST_1317,64,Multi-Year,2667.9012337804165,3,12.0,2,SMB,0,Loyal,12.0,3,170745.67896194666,0.046153846153846156,5.335802467560833,0,0
CUST_1318,35,Monthly,1928.9554594490207,2,24.0,0,Enterprise,0,Mid-Tenure,24.0,2,67513.44108071573,0.05555555555555555,0.0,1,1
CUST_1319,70,Monthly,2123.364852748441,1,1.0,0,SMB,0,Loyal,1.0,1,148635.53969239088,0.014084507042253521,0.0,0,1
CUST_1320,30,Annual,3511.990304162325,2,0.0,10,SMB,1,Mid-Tenure,0.0,2,105359.70912486975,0.06451612903225806,35.119903041623246,0,0
CUST_1321,71,Multi-Year,3346.6697073724868,2,21.0,0,SMB,0,Loyal,21.0,2,237613.54922344655,0.027777777777777776,0.0,0,0
CUST_1322,63,Monthly,1545.1957660888636,1,0.0,0,SMB,0,Loyal,0.0,1,97347.33326359841,0.015625,0.0,0,1
CUST_1323,28,Monthly,4538.672981579411,7,15.0,5,Enterprise,1,Mid-Tenure,15.0,7,127082.8434842235,0.2413793103448276,22.693364907897053,1,1
CUST_1324,60,Multi-Year,4382.548455521258,2,9.0,5,Enterprise,0,Loyal,9.0,2,262952.90733127546,0.03278688524590164,21.912742277606288,1,0
CUST_1325,37,Monthly,2790.8748801047823,3,25.0,15,Enterprise,1,Loyal,25.0,3,103262.37056387695,0.07894736842105263,41.86312320157173,1,1
CUST_1326,22,Monthly,2449.6283421308767,1,28.0,0,SMB,0,Mid-Tenure,28.0,1,53891.823526879285,0.043478260869565216,0.0,0,1
CUST_1327,68,Annual,2195.851923428489,3,9.0,0,Enterprise,0,Loyal,9.0,3,149317.93079313726,0.043478260869565216,0.0,1,0
CUST_1328,20,Monthly,3682.705633998976,2,6.0,0,SMB,0,Mid-Tenure,6.0,2,73654.11267997952,0.09523809523809523,0.0,0,1
CUST_1329,68,Monthly,3522.497257442617,2,29.0,0,SMB,0,Loyal,29.0,2,239529.81350609794,0.028985507246376812,0.0,0,1
CUST_1330,64,Annual,1382.812731220904,3,6.0,2,Enterprise,0,Loyal,6.0,3,88500.01479813785,0.046153846153846156,2.765625462441808,1,0
CUST_1331,17,Annual,3521.561140851626,2,28.0,0,SMB,0,Mid-Tenure,28.0,2,59866.539394477644,0.1111111111111111,0.0,0,0
CUST_1332,12,Multi-Year,1635.94037345918,2,0.0,0,SMB,0,New,0.0,2,19631.28448151016,0.15384615384615385,0.0,0,0
CUST_1333,22,Monthly,583.512514355865,5,25.0,5,Enterprise,0,Mid-Tenure,25.0,5,12837.27531582903,0.21739130434782608,2.9175625717793254,1,1
CUST_1334,17,Monthly,3646.439048918197,0,12.0,10,Enterprise,1,Mid-Tenure,12.0,0,61989.46383160935,0.0,36.464390489181966,1,1
CUST_1335,10,Annual,3401.571211073373,2,4.0,0,SMB,0,New,4.0,2,34015.71211073373,0.18181818181818182,0.0,0,0
CUST_1336,65,Annual,2348.6416806845364,9,2.0,0,Enterprise,0,Loyal,2.0,9,152661.70924449485,0.13636363636363635,0.0,1,0
CUST_1337,22,Monthly,2865.5872516377776,0,28.0,2,Enterprise,0,Mid-Tenure,28.0,0,63042.919536031106,0.0,5.731174503275556,1,1
CUST_1338,50,Annual,4762.261362675919,4,12.0,0,Enterprise,0,Loyal,12.0,4,238113.06813379598,0.0784313725490196,0.0,1,0
CUST_1339,14,Monthly,3178.400814074469,3,26.0,2,SMB,0,Mid-Tenure,26.0,3,44497.611397042565,0.2,6.356801628148938,0,1
CUST_1340,64,Monthly,3460.477709014392,0,11.0,5,SMB,0,Loyal,11.0,0,221470.5733769211,0.0,17.30238854507196,0,1
CUST_1341,47,Monthly,787.600944271135,1,29.0,0,Enterprise,0,Loyal,29.0,1,37017.244380743345,0.020833333333333332,0.0,1,1
CUST_1342,29,Monthly,1246.9750730380636,1,17.0,0,SMB,0,Mid-Tenure,17.0,1,36162.27711810384,0.03333333333333333,0.0,0,1
CUST_1343,36,Monthly,1854.2852438521468,4,26.0,0,SMB,1,Mid-Tenure,26.0,4,66754.26877867729,0.10810810810810811,0.0,0,1
CUST_1344,52,Annual,2927.206931126644,3,4.0,0,SMB,0,Loyal,4.0,3,152214.7604185855,0.05660377358490566,0.0,0,0
CUST_1345,7,Annual,3994.659031924945,4,4.0,0,SMB,0,New,4.0,4,27962.613223474615,0.5,0.0,0,0
CUST_1346,29,Multi-Year,1945.5839500486416,2,1.0,2,Enterprise,0,Mid-Tenure,1.0,2,56421.9345514106,0.06666666666666667,3.891167900097283,1,0
CUST_1347,11,Monthly,2103.7209371544827,5,5.0,5,SMB,1,New,5.0,5,23140.93030869931,0.4166666666666667,10.518604685772415,0,1
CUST_1348,33,Monthly,1652.6789832818697,2,6.0,0,SMB,0,Mid-Tenure,6.0,2,54538.4064483017,0.058823529411764705,0.0,0,1
CUST_1349,6,Monthly,1645.7419818288763,0,0.0,10,Enterprise,0,New,0.0,0,9874.451890973258,0.0,16.457419818288763,1,1
CUST_1350,32,Monthly,4769.887306526584,2,2.0,0,SMB,0,Mid-Tenure,2.0,2,152636.3938088507,0.06060606060606061,0.0,0,1
CUST_1351,51,Annual,3359.557308285005,2,19.0,5,SMB,0,Loyal,19.0,2,171337.42272253527,0.038461538461538464,16.797786541425026,0,0
CUST_1352,58,Annual,1201.5555959297608,4,1.0,0,SMB,0,Loyal,1.0,4,69690.22456392612,0.06779661016949153,0.0,0,0
CUST_1353,26,Annual,3750.1186013791694,4,9.0,0,SMB,0,Mid-Tenure,9.0,4,97503.0836358584,0.14814814814814814,0.0,0,0
CUST_1354,46,Monthly,3749.0951451201295,1,10.0,0,Enterprise,0,Loyal,10.0,1,172458.37667552594,0.02127659574468085,0.0,1,1
CUST_1355,29,Monthly,3499.115882241673,5,20.0,0,SMB,1,Mid-Tenure,20.0,5,101474.36058500852,0.16666666666666666,0.0,0,1
CUST_1356,4,Monthly,1106.2420029079865,3,12.0,0,SMB,0,New,12.0,3,4424.968011631946,0.6,0.0,0,1
CUST_1357,13,Monthly,2335.961675613141,0,15.0,5,Enterprise,0,Mid-Tenure,15.0,0,30367.50178297083,0.0,11.679808378065703,1,1
CUST_1358,39,Annual,980.4034872248592,6,19.0,0,SMB,0,Loyal,19.0,6,38235.73600176951,0.15,0.0,0,0
CUST_1359,15,Multi-Year,4174.792268414614,2,10.0,10,SMB,0,Mid-Tenure,10.0,2,62621.88402621921,0.125,41.74792268414614,0,0
CUST_1360,29,Monthly,3448.2746443006367,5,17.0,0,SMB,1,Mid-Tenure,17.0,5,99999.96468471846,0.16666666666666666,0.0,0,1
CUST_1361,29,Annual,2782.4177154551826,2,10.0,0,Enterprise,0,Mid-Tenure,10.0,2,80690.1137482003,0.06666666666666667,0.0,1,0
CUST_1362,32,Annual,2043.5696442526848,4,0.0,0,SMB,0,Mid-Tenure,0.0,4,65394.228616085915,0.12121212121212122,0.0,0,0
CUST_1363,2,Monthly,1329.1226352249505,6,23.0,15,SMB,1,New,23.0,6,2658.245270449901,2.0,19.936839528374257,0,1
CUST_1364,47,Annual,979.0141497489856,4,17.0,0,SMB,0,Loyal,17.0,4,46013.66503820232,0.08333333333333333,0.0,0,0
CUST_1365,22,Monthly,4861.582733916048,1,19.0,0,SMB,1,Mid-Tenure,19.0,1,106954.82014615306,0.043478260869565216,0.0,0,1
CUST_1366,27,Monthly,1398.4188888021038,1,27.0,10,Enterprise,0,Mid-Tenure,27.0,1,37757.309997656805,0.03571428571428571,13.984188888021038,1,1
CUST_1367,67,Annual,769.4358202462355,0,25.0,0,SMB,0,Loyal,25.0,0,51552.19995649778,0.0,0.0,0,0
CUST_1368,56,Multi-Year,4827.500474821234,2,4.0,0,Enterprise,0,Loyal,4.0,2,270340.0265899891,0.03508771929824561,0.0,1,0
CUST_1369,21,Monthly,2970.282836110222,1,1.0,0,SMB,0,Mid-Tenure,1.0,1,62375.93955831466,0.045454545454545456,0.0,0,1
CUST_1370,47,Monthly,4084.955307460143,3,25.0,0,Enterprise,0,Loyal,25.0,3,191992.89945062672,0.0625,0.0,1,1
CUST_1371,59,Multi-Year,696.9463123924335,4,24.0,0,Enterprise,0,Loyal,24.0,4,41119.832431153576,0.06666666666666667,0.0,1,0
CUST_1372,6,Multi-Year,3051.256358658446,3,17.0,5,SMB,0,New,17.0,3,18307.538151950677,0.42857142857142855,15.25628179329223,0,0
CUST_1373,19,Annual,2291.944838530978,3,21.0,5,SMB,0,Mid-Tenure,21.0,3,43546.95193208858,0.15,11.459724192654889,0,0
CUST_1374,57,Monthly,3973.839954574476,3,6.0,0,Enterprise,0,Loyal,6.0,3,226508.87741074513,0.05172413793103448,0.0,1,1
CUST_1375,69,Multi-Year,672.9154053757636,4,21.0,0,Enterprise,0,Loyal,21.0,4,46431.16297092769,0.05714285714285714,0.0,1,0
CUST_1376,3,Monthly,2307.6075585272647,4,10.0,0,SMB,0,New,10.0,4,6922.822675581794,1.0,0.0,0,1
CUST_1377,1,Annual,4095.830387687882,4,10.0,0,SMB,0,New,10.0,4,4095.830387687882,2.0,0.0,0,0
CUST_1378,58,Monthly,2852.1376908726647,3,27.0,0,Enterprise,0,Loyal,27.0,3,165423.98607061454,0.05084745762711865,0.0,1,1
CUST_1379,38,Annual,2975.1743344937177,1,12.0,0,SMB,0,Loyal,12.0,1,113056.62471076127,0.02564102564102564,0.0,0,0
CUST_1380,15,Monthly,937.2410688468448,2,3.0,0,SMB,0,Mid-Tenure,3.0,2,14058.616032702672,0.125,0.0,0,1
CUST_1381,34,Monthly,1095.4875025404112,4,0.0,0,Enterprise,0,Mid-Tenure,0.0,4,37246.57508637398,0.11428571428571428,0.0,1,1
CUST_1382,61,Monthly,3546.498224146036,3,17.0,2,Enterprise,0,Loyal,17.0,3,216336.3916729082,0.04838709677419355,7.092996448292072,1,1
CUST_1383,35,Monthly,3537.7098003046394,0,11.0,5,Enterprise,0,Mid-Tenure,11.0,0,123819.84301066239,0.0,17.6885490015232,1,1
CUST_1384,64,Annual,4905.96527413523,3,25.0,0,SMB,1,Loyal,25.0,3,313981.77754465473,0.046153846153846156,0.0,0,0
CUST_1385,25,Multi-Year,3703.788446294977,1,27.0,2,Enterprise,0,Mid-Tenure,27.0,1,92594.71115737442,0.038461538461538464,7.407576892589954,1,0
CUST_1386,24,Multi-Year,2719.5957317005127,6,9.0,0,SMB,0,Mid-Tenure,9.0,6,65270.29756081231,0.24,0.0,0,0
CUST_1387,12,Monthly,4357.975205900988,6,27.0,0,SMB,1,New,27.0,6,52295.702470811855,0.46153846153846156,0.0,0,1
CUST_1388,18,Annual,970.128436171713,1,29.0,2,SMB,0,Mid-Tenure,29.0,1,17462.311851090835,0.05263157894736842,1.9402568723434261,0,0
CUST_1389,15,Annual,2521.831194033145,5,21.0,2,Enterprise,1,Mid-Tenure,21.0,5,37827.46791049717,0.3125,5.04366238806629,1,0
CUST_1390,27,Monthly,1791.9909991740635,2,7.0,0,SMB,0,Mid-Tenure,7.0,2,48383.75697769971,0.07142857142857142,0.0,0,1
CUST_1391,60,Monthly,970.8701311743152,2,29.0,0,Enterprise,0,Loyal,29.0,2,58252.207870458915,0.03278688524590164,0.0,1,1
CUST_1392,46,Annual,3935.759381241649,2,2.0,5,Enterprise,0,Loyal,2.0,2,181044.93153711586,0.0425531914893617,19.678796906208245,1,0
CUST_1393,17,Multi-Year,2798.5641372449777,5,6.0,0,SMB,0,Mid-Tenure,6.0,5,47575.59033316462,0.2777777777777778,0.0,0,0
CUST_1394,53,Annual,3005.459239538708,0,24.0,0,Enterprise,0,Loyal,24.0,0,159289.33969555152,0.0,0.0,1,0
CUST_1395,8,Monthly,2350.648345596481,1,19.0,2,Enterprise,0,New,19.0,1,18805.186764771846,0.1111111111111111,4.701296691192962,1,1
CUST_1396,27,Annual,2571.5175422123084,1,10.0,0,SMB,0,Mid-Tenure,10.0,1,69430.97363973233,0.03571428571428571,0.0,0,0
CUST_1397,46,Monthly,1022.078242053514,2,6.0,0,SMB,0,Loyal,6.0,2,47015.59913446165,0.0425531914893617,0.0,0,1
CUST_1398,50,Annual,3528.130209291394,2,6.0,10,SMB,0,Loyal,6.0,2,176406.5104645697,0.0392156862745098,35.28130209291394,0,0
CUST_1399,71,Annual,2446.013118223462,2,28.0,0,SMB,0,Loyal,28.0,2,173666.9313938658,0.027777777777777776,0.0,0,0
CUST_1400,3,Monthly,4175.454079083125,3,27.0,0,Enterprise,0,New,27.0,3,12526.362237249376,0.75,0.0,1,1
CUST_1401,64,Multi-Year,1383.2924006438425,2,25.0,0,SMB,0,Loyal,25.0,2,88530.71364120592,0.03076923076923077,0.0,0,0
CUST_1402,44,Monthly,1422.747920384761,4,8.0,0,Enterprise,0,Loyal,8.0,4,62600.908496929485,0.08888888888888889,0.0,1,1
CUST_1403,53,Multi-Year,3405.918071888095,2,2.0,0,Enterprise,0,Loyal,2.0,2,180513.65781006904,0.037037037037037035,0.0,1,0
CUST_1404,24,Monthly,4307.015405288286,2,10.0,0,SMB,0,Mid-Tenure,10.0,2,103368.36972691887,0.08,0.0,0,1
CUST_1405,60,Monthly,2624.890273781789,4,16.0,0,SMB,0,Loyal,16.0,4,157493.41642690732,0.06557377049180328,0.0,0,1
CUST_1406,3,Monthly,3771.2924092989497,2,7.0,0,SMB,0,New,7.0,2,11313.87722789685,0.5,0.0,0,1
CUST_1407,20,Monthly,4996.984646718885,4,19.0,0,SMB,1,Mid-Tenure,19.0,4,99939.6929343777,0.19047619047619047,0.0,0,1
CUST_1408,46,Monthly,4956.195378780177,0,1.0,0,SMB,0,Loyal,1.0,0,227984.98742388812,0.0,0.0,0,1
CUST_1409,15,Annual,3849.5157926976494,5,20.0,0,SMB,0,Mid-Tenure,20.0,5,57742.736890464745,0.3125,0.0,0,0
CUST_1410,25,Annual,3828.13920355212,2,19.0,0,SMB,0,Mid-Tenure,19.0,2,95703.480088803,0.07692307692307693,0.0,0,0
CUST_1411,71,Annual,1614.2849923950755,2,0.0,0,SMB,0,Loyal,0.0,2,114614.23446005036,0.027777777777777776,0.0,0,0
CUST_1412,17,Monthly,4250.928341946982,1,15.0,0,Enterprise,0,Mid-Tenure,15.0,1,72265.7818130987,0.05555555555555555,0.0,1,1
CUST_1413,9,Annual,2322.959571712043,3,27.0,2,SMB,0,New,27.0,3,20906.636145408385,0.3,4.645919143424086,0,0
CUST_1414,38,Monthly,4828.972594400702,1,22.0,2,SMB,1,Loyal,22.0,1,183500.9585872267,0.02564102564102564,9.657945188801405,0,1
CUST_1415,48,Annual,866.4245991812097,3,3.0,0,SMB,0,Loyal,3.0,3,41588.38076069807,0.061224489795918366,0.0,0,0
CUST_1416,60,Monthly,2461.281659927268,3,23.0,0,SMB,0,Loyal,23.0,3,147676.89959563606,0.04918032786885246,0.0,0,1
CUST_1417,63,Multi-Year,3001.282194575744,2,8.0,0,SMB,0,Loyal,8.0,2,189080.7782582719,0.03125,0.0,0,0
CUST_1418,2,Annual,2323.202931887742,4,7.0,0,SMB,0,New,7.0,4,4646.405863775484,1.3333333333333333,0.0,0,0
CUST_1419,11,Annual,1447.606357272245,2,0.0,0,SMB,0,New,0.0,2,15923.669929994696,0.16666666666666666,0.0,0,0
CUST_1420,64,Monthly,3168.4481995212946,4,7.0,0,SMB,0,Loyal,7.0,4,202780.68476936285,0.06153846153846154,0.0,0,1
CUST_1421,21,Monthly,3901.630615813119,1,4.0,0,SMB,0,Mid-Tenure,4.0,1,81934.2429320755,0.045454545454545456,0.0,0,1
CUST_1422,18,Monthly,3401.773682090884,3,0.0,10,SMB,1,Mid-Tenure,0.0,3,61231.92627763591,0.15789473684210525,34.01773682090884,0,1
CUST_1423,64,Multi-Year,1555.0198196361778,3,24.0,0,SMB,0,Loyal,24.0,3,99521.26845671538,0.046153846153846156,0.0,0,0
CUST_1424,38,Multi-Year,3792.2357496583577,2,24.0,5,SMB,0,Loyal,24.0,2,144104.9584870176,0.05128205128205128,18.96117874829179,0,0
CUST_1425,32,Monthly,1656.0401272005347,3,6.0,0,SMB,0,Mid-Tenure,6.0,3,52993.28407041711,0.09090909090909091,0.0,0,1
CUST_1426,11,Annual,1288.4106331581802,1,14.0,0,SMB,0,New,14.0,1,14172.516964739982,0.08333333333333333,0.0,0,0
CUST_1427,45,Annual,3608.0060694742497,2,6.0,0,Enterprise,0,Loyal,6.0,2,162360.27312634123,0.043478260869565216,0.0,1,0
CUST_1428,33,Annual,4292.542607512681,2,26.0,10,Enterprise,0,Mid-Tenure,26.0,2,141653.90604791846,0.058823529411764705,42.92542607512681,1,0
CUST_1429,41,Monthly,2666.927514634585,3,0.0,0,Enterprise,0,Loyal,0.0,3,109344.02810001798,0.07142857142857142,0.0,1,1
CUST_1430,8,Monthly,2891.26306912297,1,8.0,0,SMB,1,New,8.0,1,23130.10455298376,0.1111111111111111,0.0,0,1
CUST_1431,11,Monthly,1862.364067120546,3,0.0,0,SMB,0,New,0.0,3,20486.004738326006,0.25,0.0,0,1
CUST_1432,51,Multi-Year,2725.781067995145,6,28.0,2,SMB,0,Loyal,28.0,6,139014.8344677524,0.11538461538461539,5.45156213599029,0,0
CUST_1433,41,Monthly,1093.9234910558323,1,11.0,0,Enterprise,0,Loyal,11.0,1,44850.863133289124,0.023809523809523808,0.0,1,1
CUST_1434,17,Monthly,4801.238733573456,2,6.0,0,Enterprise,0,Mid-Tenure,6.0,2,81621.05847074874,0.1111111111111111,0.0,1,1
CUST_1435,46,Multi-Year,4101.622941454683,2,24.0,15,SMB,1,Loyal,24.0,2,188674.65530691543,0.0425531914893617,61.52434412182025,0,0
CUST_1436,32,Annual,3505.8787736998315,2,8.0,0,SMB,0,Mid-Tenure,8.0,2,112188.12075839461,0.06060606060606061,0.0,0,0
CUST_1437,54,Multi-Year,2921.8746725798133,3,4.0,0,SMB,0,Loyal,4.0,3,157781.23231930993,0.05454545454545454,0.0,0,0
CUST_1438,20,Monthly,4064.76111302584,0,11.0,0,SMB,0,Mid-Tenure,11.0,0,81295.2222605168,0.0,0.0,0,1
CUST_1439,33,Monthly,2726.40757813612,1,28.0,2,Enterprise,0,Mid-Tenure,28.0,1,89971.45007849195,0.029411764705882353,5.45281515627224,1,1
CUST_1440,40,Multi-Year,1849.882586695396,0,21.0,0,SMB,0,Loyal,21.0,0,73995.30346781584,0.0,0.0,0,0
CUST_1441,32,Monthly,1221.6840582500242,6,1.0,0,SMB,0,Mid-Tenure,1.0,6,39093.889864000776,0.18181818181818182,0.0,0,1
CUST_1442,2,Monthly,3414.135149608133,3,17.0,2,Enterprise,0,New,17.0,3,6828.270299216266,1.0,6.828270299216266,1,1
CUST_1443,33,Monthly,4682.415852619313,3,25.0,0,SMB,0,Mid-Tenure,25.0,3,154519.72313643733,0.08823529411764706,0.0,0,1
CUST_1444,30,Monthly,1191.28349076958,3,8.0,5,SMB,0,Mid-Tenure,8.0,3,35738.504723087404,0.0967741935483871,5.9564174538479,0,1
CUST_1445,33,Monthly,1310.0812027286304,3,28.0,0,SMB,0,Mid-Tenure,28.0,3,43232.6796900448,0.08823529411764706,0.0,0,1
CUST_1446,26,Multi-Year,2451.227150342908,1,0.0,0,SMB,0,Mid-Tenure,0.0,1,63731.90590891561,0.037037037037037035,0.0,0,0
CUST_1447,22,Multi-Year,4131.0470656386005,4,9.0,0,SMB,0,Mid-Tenure,9.0,4,90883.03544404921,0.17391304347826086,0.0,0,0
CUST_1448,66,Multi-Year,1822.6522803717708,3,27.0,2,SMB,0,Loyal,27.0,3,120295.05050453686,0.04477611940298507,3.6453045607435417,0,0
CUST_1449,38,Monthly,1642.6081610151266,3,27.0,0,SMB,0,Loyal,27.0,3,62419.11011857481,0.07692307692307693,0.0,0,1
CUST_1450,46,Monthly,3289.848311582753,5,13.0,0,SMB,1,Loyal,13.0,5,151333.02233280663,0.10638297872340426,0.0,0,1
CUST_1451,15,Monthly,2910.2665184344933,4,20.0,0,SMB,0,Mid-Tenure,20.0,4,43653.9977765174,0.25,0.0,0,1
CUST_1452,44,Multi-Year,770.9916400035631,4,13.0,10,Enterprise,0,Loyal,13.0,4,33923.632160156776,0.08888888888888889,7.709916400035631,1,0
CUST_1453,49,Monthly,866.7048978917444,3,6.0,0,SMB,0,Loyal,6.0,3,42468.53999669547,0.06,0.0,0,1
CUST_1454,61,Annual,3393.558410831448,6,11.0,0,SMB,0,Loyal,11.0,6,207007.06306071833,0.0967741935483871,0.0,0,0
CUST_1455,67,Annual,2593.0561961650083,3,25.0,15,SMB,1,Loyal,25.0,3,173734.76514305556,0.04411764705882353,38.89584294247512,0,0
CUST_1456,6,Monthly,4869.397362151161,1,21.0,2,SMB,1,New,21.0,1,29216.384172906968,0.14285714285714285,9.738794724302323,0,1
CUST_1457,9,Monthly,3553.3913482852918,1,21.0,0,SMB,0,New,21.0,1,31980.522134567625,0.1,0.0,0,1
CUST_1458,6,Multi-Year,545.3314789695415,5,5.0,10,Enterprise,1,New,5.0,5,3271.9888738172494,0.7142857142857143,5.4533147896954155,1,0
CUST_1459,32,Multi-Year,2664.5845091020783,1,12.0,0,SMB,0,Mid-Tenure,12.0,1,85266.7042912665,0.030303030303030304,0.0,0,0
CUST_1460,41,Monthly,2365.015707659658,1,7.0,0,SMB,1,Loyal,7.0,1,96965.64401404597,0.023809523809523808,0.0,0,1
CUST_1461,8,Monthly,980.2123699719592,4,22.0,0,SMB,1,New,22.0,4,7841.698959775674,0.4444444444444444,0.0,0,1
CUST_1462,50,Multi-Year,4654.439761424856,5,20.0,0,Enterprise,0,Loyal,20.0,5,232721.9880712428,0.09803921568627451,0.0,1,0
CUST_1463,62,Monthly,4122.550845867756,1,25.0,5,Enterprise,0,Loyal,25.0,1,255598.15244380088,0.015873015873015872,20.61275422933878,1,1
CUST_1464,62,Monthly,1535.3865878900085,2,1.0,2,SMB,0,Loyal,1.0,2,95193.96844918052,0.031746031746031744,3.070773175780017,0,1
CUST_1465,7,Monthly,1651.9134147934874,0,9.0,0,SMB,1,New,9.0,0,11563.393903554412,0.0,0.0,0,1
CUST_1466,4,Annual,644.0812399375293,2,5.0,5,SMB,0,New,5.0,2,2576.324959750117,0.4,3.220406199687646,0,0
CUST_1467,6,Monthly,1835.2285321056845,2,15.0,0,Enterprise,0,New,15.0,2,11011.371192634108,0.2857142857142857,0.0,1,1
CUST_1468,58,Monthly,3130.799040110091,2,9.0,0,SMB,0,Loyal,9.0,2,181586.34432638527,0.03389830508474576,0.0,0,1
CUST_1469,22,Monthly,2393.7952477400067,0,14.0,10,SMB,1,Mid-Tenure,14.0,0,52663.49545028015,0.0,23.937952477400067,0,1
CUST_1470,26,Annual,4861.649586738564,5,20.0,5,SMB,1,Mid-Tenure,20.0,5,126402.88925520267,0.18518518518518517,24.30824793369282,0,0
CUST_1471,3,Multi-Year,752.3607616865189,0,19.0,0,SMB,0,New,19.0,0,2257.082285059557,0.0,0.0,0,0
CUST_1472,41,Multi-Year,3161.435715045548,3,9.0,0,SMB,0,Loyal,9.0,3,129618.86431686748,0.07142857142857142,0.0,0,0
CUST_1473,60,Multi-Year,4362.392482281716,0,10.0,0,SMB,0,Loyal,10.0,0,261743.54893690298,0.0,0.0,0,0
CUST_1474,14,Annual,2663.334105843752,1,20.0,0,Enterprise,0,Mid-Tenure,20.0,1,37286.67748181253,0.06666666666666667,0.0,1,0
CUST_1475,12,Monthly,513.3322425217857,1,24.0,0,SMB,0,New,24.0,1,6159.986910261428,0.07692307692307693,0.0,0,1
CUST_1476,12,Monthly,1592.6067492182383,1,27.0,0,SMB,1,New,27.0,1,19111.28099061886,0.07692307692307693,0.0,0,1
CUST_1477,13,Multi-Year,1956.960390505848,1,28.0,0,SMB,0,Mid-Tenure,28.0,1,25440.485076576024,0.07142857142857142,0.0,0,0
CUST_1478,25,Monthly,4846.975225508581,0,1.0,2,SMB,0,Mid-Tenure,1.0,0,121174.38063771454,0.0,9.693950451017162,0,1
CUST_1479,45,Monthly,4602.979768274147,1,21.0,0,SMB,0,Loyal,21.0,1,207134.08957233664,0.021739130434782608,0.0,0,1
CUST_1480,19,Annual,4771.267272984336,2,26.0,0,Enterprise,0,Mid-Tenure,26.0,2,90654.07818670239,0.1,0.0,1,0
CUST_1481,55,Monthly,4215.913059276358,3,24.0,10,SMB,1,Loyal,24.0,3,231875.21826019968,0.05357142857142857,42.159130592763574,0,1
CUST_1482,45,Monthly,2082.41480351257,5,27.0,0,Enterprise,0,Loyal,27.0,5,93708.66615806565,0.10869565217391304,0.0,1,1
CUST_1483,8,Multi-Year,4576.443899432903,4,9.0,2,SMB,0,New,9.0,4,36611.551195463224,0.4444444444444444,9.152887798865805,0,0
CUST_1484,53,Multi-Year,4917.58027671672,4,28.0,0,SMB,0,Loyal,28.0,4,260631.75466598614,0.07407407407407407,0.0,0,0
CUST_1485,55,Monthly,2075.320905237288,4,20.0,0,SMB,0,Loyal,20.0,4,114142.64978805084,0.07142857142857142,0.0,0,1
CUST_1486,32,Multi-Year,1672.5018469390202,1,11.0,0,Enterprise,0,Mid-Tenure,11.0,1,53520.059102048646,0.030303030303030304,0.0,1,0
CUST_1487,51,Annual,2961.123317519996,0,10.0,0,SMB,1,Loyal,10.0,0,151017.2891935198,0.0,0.0,0,0
CUST_1488,44,Annual,1342.184866695185,1,21.0,0,SMB,0,Loyal,21.0,1,59056.134134588145,0.022222222222222223,0.0,0,0
CUST_1489,70,Monthly,646.8089963287109,1,14.0,0,SMB,0,Loyal,14.0,1,45276.62974300976,0.014084507042253521,0.0,0,1
CUST_1490,18,Monthly,4756.240270021413,2,25.0,0,SMB,1,Mid-Tenure,25.0,2,85612.32486038544,0.10526315789473684,0.0,0,1
CUST_1491,22,Annual,4665.832845986387,2,27.0,0,SMB,0,Mid-Tenure,27.0,2,102648.32261170051,0.08695652173913043,0.0,0,0
CUST_1492,37,Multi-Year,1231.942341929545,4,3.0,0,SMB,0,Loyal,3.0,4,45581.86665139316,0.10526315789473684,0.0,0,0
CUST_1493,56,Annual,2334.831111183737,3,4.0,15,SMB,0,Loyal,4.0,3,130750.54222628927,0.05263157894736842,35.02246666775605,0,0
CUST_1494,59,Monthly,4239.663409727085,2,23.0,5,SMB,0,Loyal,23.0,2,250140.14117389804,0.03333333333333333,21.198317048635428,0,1
CUST_1495,3,Monthly,3474.5013446938383,3,27.0,5,SMB,0,New,27.0,3,10423.504034081514,0.75,17.372506723469193,0,1
CUST_1496,28,Multi-Year,2276.5437912682128,3,0.0,0,Enterprise,0,Mid-Tenure,0.0,3,63743.226155509954,0.10344827586206896,0.0,1,0
CUST_1497,35,Monthly,3848.7694873226856,1,0.0,0,SMB,0,Mid-Tenure,0.0,1,134706.932056294,0.027777777777777776,0.0,0,1
CUST_1498,61,Annual,4536.713246945859,3,9.0,0,SMB,0,Loyal,9.0,3,276739.50806369743,0.04838709677419355,0.0,0,0
CUST_1499,54,Monthly,4667.712487366406,3,3.0,2,Enterprise,0,Loyal,3.0,3,252056.47431778593,0.05454545454545454,9.335424974732812,1,1
CUST_1500,63,Monthly,2204.823253649851,1,12.0,0,SMB,0,Loyal,12.0,1,138903.8649799406,0.015625,0.0,0,1
CUST_1501,7,Annual,1281.023060327685,3,13.0,0,SMB,0,New,13.0,3,8967.161422293795,0.375,0.0,0,0
CUST_1502,49,Annual,4607.774861872888,2,25.0,0,SMB,0,Loyal,25.0,2,225780.96823177152,0.04,0.0,0,0
CUST_1503,31,Monthly,916.4995063746272,5,18.0,0,SMB,0,Mid-Tenure,18.0,5,28411.484697613443,0.15625,0.0,0,1
CUST_1504,58,Monthly,3747.597760526736,2,4.0,0,SMB,0,Loyal,4.0,2,217360.67011055068,0.03389830508474576,0.0,0,1
CUST_1505,61,Multi-Year,1132.2379168736074,4,10.0,15,SMB,0,Loyal,10.0,4,69066.51292929005,0.06451612903225806,16.983568753104112,0,0
CUST_1506,24,Monthly,2252.240846004615,4,25.0,2,SMB,0,Mid-Tenure,25.0,4,54053.780304110755,0.16,4.50448169200923,0,1
CUST_1507,20,Annual,2352.0008594526234,4,7.0,0,SMB,0,Mid-Tenure,7.0,4,47040.017189052465,0.19047619047619047,0.0,0,0
CUST_1508,37,Multi-Year,1214.410618004375,3,0.0,0,Enterprise,0,Loyal,0.0,3,44933.19286616187,0.07894736842105263,0.0,1,0
CUST_1509,4,Monthly,4652.066453029754,0,4.0,0,SMB,0,New,4.0,0,18608.265812119014,0.0,0.0,0,1
CUST_1510,20,Multi-Year,512.0067560417882,3,29.0,0,Enterprise,0,Mid-Tenure,29.0,3,10240.135120835765,0.14285714285714285,0.0,1,0
CUST_1511,60,Monthly,4522.138444474838,4,20.0,5,SMB,0,Loyal,20.0,4,271328.3066684903,0.06557377049180328,22.610692222374194,0,1
CUST_1512,24,Annual,4477.231955639685,2,17.0,0,SMB,1,Mid-Tenure,17.0,2,107453.56693535244,0.08,0.0,0,0
CUST_1513,50,Monthly,1926.3364416410072,1,12.0,2,SMB,0,Loyal,12.0,1,96316.82208205036,0.0196078431372549,3.8526728832820143,0,1
CUST_1514,49,Multi-Year,3669.27921445674,2,4.0,0,SMB,0,Loyal,4.0,2,179794.68150838028,0.04,0.0,0,0
CUST_1515,51,Monthly,1637.6401008424198,1,23.0,0,SMB,0,Loyal,23.0,1,83519.6451429634,0.019230769230769232,0.0,0,1
CUST_1516,36,Monthly,3914.481030142723,0,25.0,0,Enterprise,0,Mid-Tenure,25.0,0,140921.31708513803,0.0,0.0,1,1
CUST_1517,66,Multi-Year,3025.0388380448453,1,6.0,2,SMB,0,Loyal,6.0,1,199652.56331095978,0.014925373134328358,6.050077676089691,0,0
CUST_1518,34,Annual,1851.0145441144623,1,11.0,0,SMB,0,Mid-Tenure,11.0,1,62934.49449989172,0.02857142857142857,0.0,0,0
CUST_1519,36,Annual,2301.056391369446,4,1.0,10,SMB,1,Mid-Tenure,1.0,4,82838.03008930005,0.10810810810810811,23.010563913694458,0,0
CUST_1520,6,Monthly,3604.499295072816,5,12.0,2,SMB,1,New,12.0,5,21626.995770436897,0.7142857142857143,7.208998590145632,0,1
CUST_1521,39,Annual,4577.438523397024,4,13.0,2,SMB,0,Loyal,13.0,4,178520.10241248395,0.1,9.154877046794049,0,0
CUST_1522,42,Monthly,1088.2693245527355,2,5.0,2,SMB,0,Loyal,5.0,2,45707.31163121489,0.046511627906976744,2.176538649105471,0,1
CUST_1523,58,Monthly,3071.137863511208,3,15.0,0,SMB,0,Loyal,15.0,3,178125.99608365004,0.05084745762711865,0.0,0,1
CUST_1524,12,Annual,1641.7813975570286,1,9.0,0,SMB,0,New,9.0,1,19701.376770684343,0.07692307692307693,0.0,0,0
CUST_1525,3,Monthly,4106.175124439566,5,28.0,0,SMB,1,New,28.0,5,12318.525373318698,1.25,0.0,0,1
CUST_1526,18,Multi-Year,816.0678764126649,4,26.0,0,Enterprise,0,Mid-Tenure,26.0,4,14689.221775427968,0.21052631578947367,0.0,1,0
CUST_1527,40,Multi-Year,3600.301055770264,4,10.0,2,SMB,0,Loyal,10.0,4,144012.04223081056,0.0975609756097561,7.200602111540528,0,0
CUST_1528,21,Annual,1287.257061609634,4,0.0,0,SMB,0,Mid-Tenure,0.0,4,27032.398293802315,0.18181818181818182,0.0,0,0
CUST_1529,15,Multi-Year,3183.734382814532,3,14.0,0,SMB,0,Mid-Tenure,14.0,3,47756.015742217984,0.1875,0.0,0,0
CUST_1530,26,Annual,4260.616642367114,1,15.0,5,SMB,0,Mid-Tenure,15.0,1,110776.03270154496,0.037037037037037035,21.303083211835567,0,0
CUST_1531,8,Monthly,3897.862979547558,2,9.0,0,Enterprise,0,New,9.0,2,31182.903836380465,0.2222222222222222,0.0,1,1
CUST_1532,42,Annual,3888.242994576368,2,9.0,0,SMB,0,Loyal,9.0,2,163306.20577220744,0.046511627906976744,0.0,0,0
CUST_1533,44,Monthly,2830.3039048410733,1,2.0,0,SMB,0,Loyal,2.0,1,124533.37181300722,0.022222222222222223,0.0,0,1
CUST_1534,14,Monthly,4508.355163323746,0,10.0,2,SMB,0,Mid-Tenure,10.0,0,63116.972286532444,0.0,9.016710326647491,0,1
CUST_1535,2,Multi-Year,3146.4733920889907,2,10.0,0,SMB,0,New,10.0,2,6292.9467841779815,0.6666666666666666,0.0,0,0
CUST_1536,37,Annual,4628.830858473068,1,15.0,10,SMB,1,Loyal,15.0,1,171266.7417635035,0.02631578947368421,46.28830858473068,0,0
CUST_1537,69,Multi-Year,2959.351060245879,1,5.0,0,Enterprise,0,Loyal,5.0,1,204195.22315696566,0.014285714285714285,0.0,1,0
CUST_1538,38,Monthly,2776.8450335900134,3,29.0,5,SMB,0,Loyal,29.0,3,105520.1112764205,0.07692307692307693,13.884225167950065,0,1
CUST_1539,41,Annual,1500.588586446415,3,8.0,0,SMB,0,Loyal,8.0,3,61524.13204430302,0.07142857142857142,0.0,0,0
CUST_1540,62,Monthly,2951.5399431359224,2,0.0,0,Enterprise,0,Loyal,0.0,2,182995.47647442718,0.031746031746031744,0.0,1,1
CUST_1541,60,Annual,1132.6317406200365,2,27.0,0,SMB,0,Loyal,27.0,2,67957.90443720219,0.03278688524590164,0.0,0,0
CUST_1542,14,Annual,4413.605905667955,2,5.0,0,SMB,0,Mid-Tenure,5.0,2,61790.48267935137,0.13333333333333333,0.0,0,0
CUST_1543,2,Annual,3541.5134991873206,2,17.0,0,Enterprise,1,New,17.0,2,7083.026998374641,0.6666666666666666,0.0,1,0
CUST_1544,70,Monthly,4971.359518218239,4,24.0,0,SMB,0,Loyal,24.0,4,347995.16627527674,0.056338028169014086,0.0,0,1
CUST_1545,17,Monthly,914.438425057354,4,12.0,0,Enterprise,0,Mid-Tenure,12.0,4,15545.45322597502,0.2222222222222222,0.0,1,1
CUST_1546,28,Monthly,1583.0273743037908,3,1.0,5,SMB,0,Mid-Tenure,1.0,3,44324.76648050614,0.10344827586206896,7.915136871518953,0,1
CUST_1547,66,Annual,4447.213719197627,2,27.0,0,SMB,0,Loyal,27.0,2,293516.1054670434,0.029850746268656716,0.0,0,0
CUST_1548,35,Multi-Year,2278.6434489601297,4,18.0,15,SMB,0,Mid-Tenure,18.0,4,79752.52071360454,0.1111111111111111,34.17965173440194,0,0
CUST_1549,5,Monthly,2598.363454918539,1,27.0,5,SMB,0,New,27.0,1,12991.817274592695,0.16666666666666666,12.991817274592695,0,1
CUST_1550,65,Annual,4372.933493244276,4,1.0,0,SMB,0,Loyal,1.0,4,284240.67706087796,0.06060606060606061,0.0,0,0
CUST_1551,40,Multi-Year,2848.204512274785,1,26.0,0,SMB,0,Loyal,26.0,1,113928.18049099139,0.024390243902439025,0.0,0,0
CUST_1552,56,Annual,1370.6413223646566,0,3.0,0,Enterprise,0,Loyal,3.0,0,76755.91405242078,0.0,0.0,1,0
CUST_1553,36,Annual,4514.135519344014,3,3.0,2,Enterprise,0,Mid-Tenure,3.0,3,162508.8786963845,0.08108108108108109,9.028271038688029,1,0
CUST_1554,45,Multi-Year,639.7774539036507,3,9.0,5,SMB,0,Loyal,9.0,3,28789.98542566428,0.06521739130434782,3.1988872695182535,0,0
CUST_1555,23,Monthly,4529.283204395495,1,16.0,0,SMB,0,Mid-Tenure,16.0,1,104173.51370109638,0.041666666666666664,0.0,0,1
CUST_1556,47,Monthly,727.3410200255062,2,23.0,0,SMB,0,Loyal,23.0,2,34185.02794119879,0.041666666666666664,0.0,0,1
CUST_1557,31,Monthly,3496.3221407005767,2,15.0,0,SMB,0,Mid-Tenure,15.0,2,108385.98636171788,0.0625,0.0,0,1
CUST_1558,11,Multi-Year,822.5572085390061,2,20.0,5,Enterprise,0,New,20.0,2,9048.129293929067,0.16666666666666666,4.1127860426950305,1,0
CUST_1559,10,Multi-Year,3677.958436842795,0,27.0,2,SMB,0,New,27.0,0,36779.58436842795,0.0,7.35591687368559,0,0
CUST_1560,67,Annual,652.870945998279,4,7.0,5,SMB,0,Loyal,7.0,4,43742.35338188469,0.058823529411764705,3.2643547299913953,0,0
CUST_1561,14,Monthly,4291.059774698544,3,28.0,0,SMB,0,Mid-Tenure,28.0,3,60074.83684577962,0.2,0.0,0,1
CUST_1562,10,Monthly,2596.7477791849315,5,5.0,0,SMB,0,New,5.0,5,25967.477791849313,0.45454545454545453,0.0,0,1
CUST_1563,1,Monthly,920.5426070099506,2,29.0,10,SMB,0,New,29.0,2,920.5426070099506,1.0,9.205426070099508,0,1
CUST_1564,5,Monthly,3680.687502545648,4,1.0,5,SMB,1,New,1.0,4,18403.43751272824,0.6666666666666666,18.40343751272824,0,1
CUST_1565,20,Annual,2701.8057087669317,2,22.0,0,SMB,0,Mid-Tenure,22.0,2,54036.11417533863,0.09523809523809523,0.0,0,0
CUST_1566,8,Multi-Year,1359.269864939493,4,25.0,0,SMB,0,New,25.0,4,10874.158919515943,0.4444444444444444,0.0,0,0
CUST_1567,43,Multi-Year,570.5256824992659,1,14.0,0,SMB,0,Loyal,14.0,1,24532.604347468434,0.022727272727272728,0.0,0,0
CUST_1568,1,Annual,2380.9921687649176,1,24.0,2,Enterprise,0,New,24.0,1,2380.9921687649176,0.5,4.761984337529835,1,0
CUST_1569,57,Monthly,885.3315382784101,3,22.0,0,SMB,0,Loyal,22.0,3,50463.89768186938,0.05172413793103448,0.0,0,1
CUST_1570,64,Monthly,923.7636421125674,6,10.0,0,SMB,0,Loyal,10.0,6,59120.87309520431,0.09230769230769231,0.0,0,1
CUST_1571,28,Monthly,1702.982967632046,1,20.0,0,SMB,0,Mid-Tenure,20.0,1,47683.52309369729,0.034482758620689655,0.0,0,1
CUST_1572,37,Annual,3337.062337590909,4,15.0,0,SMB,0,Loyal,15.0,4,123471.30649086363,0.10526315789473684,0.0,0,0
CUST_1573,47,Multi-Year,2884.597738524272,1,3.0,0,Enterprise,0,Loyal,3.0,1,135576.09371064077,0.020833333333333332,0.0,1,0
CUST_1574,37,Monthly,810.4428871640628,4,10.0,0,Enterprise,0,Loyal,10.0,4,29986.386825070324,0.10526315789473684,0.0,1,1
CUST_1575,49,Monthly,4857.940741516114,1,13.0,5,Enterprise,0,Loyal,13.0,1,238039.09633428958,0.02,24.28970370758057,1,1
CUST_1576,44,Monthly,4492.259097325659,3,7.0,0,Enterprise,0,Loyal,7.0,3,197659.400282329,0.06666666666666667,0.0,1,1
CUST_1577,56,Monthly,1666.514692153212,2,5.0,0,Enterprise,0,Loyal,5.0,2,93324.82276057987,0.03508771929824561,0.0,1,1
CUST_1578,28,Monthly,1050.5235918296355,1,28.0,0,SMB,0,Mid-Tenure,28.0,1,29414.660571229793,0.034482758620689655,0.0,0,1
CUST_1579,6,Monthly,4740.812891406456,4,20.0,0,SMB,0,New,20.0,4,28444.87734843874,0.5714285714285714,0.0,0,1
CUST_1580,61,Monthly,2575.1380004631496,3,22.0,0,SMB,0,Loyal,22.0,3,157083.41802825214,0.04838709677419355,0.0,0,1
CUST_1581,20,Multi-Year,1900.251341471461,4,26.0,0,Enterprise,0,Mid-Tenure,26.0,4,38005.02682942922,0.19047619047619047,0.0,1,0
CUST_1582,2,Annual,2706.611158243343,1,18.0,0,SMB,0,New,18.0,1,5413.222316486686,0.3333333333333333,0.0,0,0
CUST_1583,37,Monthly,3977.348650458855,1,24.0,5,SMB,0,Loyal,24.0,1,147161.90006697763,0.02631578947368421,19.886743252294277,0,1
CUST_1584,20,Monthly,1257.7338423637452,2,3.0,2,Enterprise,1,Mid-Tenure,3.0,2,25154.676847274903,0.09523809523809523,2.5154676847274904,1,1
CUST_1585,26,Monthly,3953.7312507918814,1,27.0,0,SMB,0,Mid-Tenure,27.0,1,102797.01252058892,0.037037037037037035,0.0,0,1
CUST_1586,29,Monthly,3872.510545702394,1,3.0,5,SMB,1,Mid-Tenure,3.0,1,112302.80582536943,0.03333333333333333,19.36255272851197,0,1
CUST_1587,1,Monthly,2927.066921783959,1,23.0,5,Enterprise,0,New,23.0,1,2927.066921783959,0.5,14.635334608919795,1,1
CUST_1588,35,Annual,4396.290299373118,2,5.0,5,Enterprise,0,Mid-Tenure,5.0,2,153870.16047805912,0.05555555555555555,21.98145149686559,1,0
CUST_1589,70,Annual,1094.6452017643724,0,29.0,0,Enterprise,0,Loyal,29.0,0,76625.16412350607,0.0,0.0,1,0
CUST_1590,59,Annual,3179.655529995529,4,10.0,2,Enterprise,0,Loyal,10.0,4,187599.6762697362,0.06666666666666667,6.359311059991058,1,0
CUST_1591,69,Monthly,2522.043736258197,4,0.0,0,SMB,0,Loyal,0.0,4,174021.0178018156,0.05714285714285714,0.0,0,1
CUST_1592,33,Multi-Year,2400.3145077612426,4,1.0,2,SMB,0,Mid-Tenure,1.0,4,79210.378756121,0.11764705882352941,4.800629015522485,0,0
CUST_1593,51,Monthly,1636.5248207128643,4,8.0,0,SMB,0,Loyal,8.0,4,83462.76585635608,0.07692307692307693,0.0,0,1
CUST_1594,12,Monthly,2175.2584556445863,1,15.0,0,Enterprise,0,New,15.0,1,26103.101467735036,0.07692307692307693,0.0,1,1
CUST_1595,20,Annual,986.678402106496,2,5.0,0,SMB,0,Mid-Tenure,5.0,2,19733.568042129922,0.09523809523809523,0.0,0,0
CUST_1596,53,Annual,1632.1953639417134,2,22.0,2,SMB,0,Loyal,22.0,2,86506.3542889108,0.037037037037037035,3.2643907278834265,0,0
CUST_1597,43,Multi-Year,1723.8429850013715,2,26.0,2,SMB,0,Loyal,26.0,2,74125.24835505898,0.045454545454545456,3.447685970002743,0,0
CUST_1598,50,Annual,3743.005403570628,5,8.0,0,SMB,0,Loyal,8.0,5,187150.2701785314,0.09803921568627451,0.0,0,0
CUST_1599,29,Multi-Year,718.4769224398842,1,18.0,0,SMB,0,Mid-Tenure,18.0,1,20835.830750756642,0.03333333333333333,0.0,0,0
CUST_1600,57,Multi-Year,3430.365386678873,0,4.0,2,Enterprise,0,Loyal,4.0,0,195530.82704069576,0.0,6.860730773357746,1,0
CUST_1601,39,Annual,1496.3445940693543,3,20.0,0,SMB,0,Loyal,20.0,3,58357.43916870482,0.075,0.0,0,0
CUST_1602,56,Annual,868.3767766233227,2,9.0,0,SMB,0,Loyal,9.0,2,48629.09949090607,0.03508771929824561,0.0,0,0
CUST_1603,43,Annual,1853.6277248844533,3,29.0,2,SMB,0,Loyal,29.0,3,79705.99217003149,0.06818181818181818,3.7072554497689065,0,0
CUST_1604,50,Multi-Year,1510.1279124287123,3,6.0,5,SMB,0,Loyal,6.0,3,75506.39562143561,0.058823529411764705,7.550639562143561,0,0
CUST_1605,23,Annual,2984.145691279325,1,28.0,0,SMB,0,Mid-Tenure,28.0,1,68635.35089942448,0.041666666666666664,0.0,0,0
CUST_1606,44,Monthly,2108.1938155158305,4,1.0,0,SMB,0,Loyal,1.0,4,92760.52788269654,0.08888888888888889,0.0,0,1
CUST_1607,38,Annual,4846.971840837467,4,19.0,2,Enterprise,0,Loyal,19.0,4,184184.92995182375,0.10256410256410256,9.693943681674934,1,0
CUST_1608,23,Monthly,4835.973197258828,3,26.0,5,Enterprise,0,Mid-Tenure,26.0,3,111227.38353695304,0.125,24.17986598629414,1,1
CUST_1609,45,Monthly,2496.7187110410778,0,3.0,0,Enterprise,0,Loyal,3.0,0,112352.3419968485,0.0,0.0,1,1
CUST_1610,52,Monthly,4077.893572971168,2,27.0,0,SMB,0,Loyal,27.0,2,212050.46579450072,0.03773584905660377,0.0,0,1
CUST_1611,50,Annual,559.7084338739377,0,7.0,0,Enterprise,0,Loyal,7.0,0,27985.421693696884,0.0,0.0,1,0
CUST_1612,8,Multi-Year,2965.152131261612,4,25.0,10,Enterprise,1,New,25.0,4,23721.217050092895,0.4444444444444444,29.65152131261612,1,0
CUST_1613,1,Monthly,3844.8462753814056,5,2.0,0,Enterprise,1,New,2.0,5,3844.8462753814056,2.5,0.0,1,1
CUST_1614,8,Monthly,1476.2445143330117,2,1.0,0,SMB,0,New,1.0,2,11809.956114664094,0.2222222222222222,0.0,0,1
CUST_1615,29,Monthly,775.2728982467469,3,8.0,0,SMB,0,Mid-Tenure,8.0,3,22482.91404915566,0.1,0.0,0,1
CUST_1616,5,Annual,1201.6352115790514,1,27.0,0,SMB,1,New,27.0,1,6008.176057895257,0.16666666666666666,0.0,0,0
CUST_1617,47,Monthly,2488.316392282357,5,10.0,0,Enterprise,0,Loyal,10.0,5,116950.87043727077,0.10416666666666667,0.0,1,1
CUST_1618,34,Monthly,2778.6713934031786,1,3.0,0,SMB,0,Mid-Tenure,3.0,1,94474.82737570808,0.02857142857142857,0.0,0,1
CUST_1619,65,Monthly,2213.983049489458,1,8.0,0,SMB,1,Loyal,8.0,1,143908.8982168148,0.015151515151515152,0.0,0,1
CUST_1620,55,Monthly,2479.8819516907097,3,5.0,0,SMB,0,Loyal,5.0,3,136393.50734298903,0.05357142857142857,0.0,0,1
CUST_1621,43,Monthly,2616.0573182417656,2,0.0,0,Enterprise,0,Loyal,0.0,2,112490.46468439592,0.045454545454545456,0.0,1,1
CUST_1622,30,Annual,3962.464977204933,2,29.0,2,Enterprise,0,Mid-Tenure,29.0,2,118873.94931614799,0.06451612903225806,7.9249299544098655,1,0
CUST_1623,17,Monthly,973.5885413494356,0,26.0,0,SMB,0,Mid-Tenure,26.0,0,16551.005202940403,0.0,0.0,0,1
CUST_1624,26,Annual,3960.277102217282,2,2.0,5,Enterprise,0,Mid-Tenure,2.0,2,102967.20465764933,0.07407407407407407,19.80138551108641,1,0
CUST_1625,8,Monthly,3598.8228603274915,3,6.0,0,SMB,0,New,6.0,3,28790.582882619932,0.3333333333333333,0.0,0,1
CUST_1626,47,Monthly,3837.473642643432,7,8.0,0,SMB,0,Loyal,8.0,7,180361.2612042413,0.14583333333333334,0.0,0,1
CUST_1627,46,Monthly,3805.107736438953,6,7.0,0,Enterprise,0,Loyal,7.0,6,175034.95587619185,0.1276595744680851,0.0,1,1
CUST_1628,68,Annual,2617.6631711080263,1,27.0,10,Enterprise,0,Loyal,27.0,1,178001.0956353458,0.014492753623188406,26.17663171108026,1,0
CUST_1629,33,Multi-Year,1451.30083052405,4,20.0,0,SMB,0,Mid-Tenure,20.0,4,47892.92740729365,0.11764705882352941,0.0,0,0
CUST_1630,1,Multi-Year,2914.8300693581177,3,27.0,0,SMB,0,New,27.0,3,2914.8300693581177,1.5,0.0,0,0
CUST_1631,19,Annual,4810.919241240948,2,12.0,0,SMB,0,Mid-Tenure,12.0,2,91407.46558357801,0.1,0.0,0,0
CUST_1632,31,Monthly,3148.3655662701367,1,23.0,0,SMB,0,Mid-Tenure,23.0,1,97599.33255437424,0.03125,0.0,0,1
CUST_1633,14,Multi-Year,549.7121534574992,5,17.0,0,SMB,0,Mid-Tenure,17.0,5,7695.970148404989,0.3333333333333333,0.0,0,0
CUST_1634,53,Annual,768.6990719437579,2,18.0,10,SMB,0,Loyal,18.0,2,40741.05081301917,0.037037037037037035,7.6869907194375795,0,0
CUST_1635,48,Monthly,4967.885451215985,2,23.0,0,Enterprise,0,Loyal,23.0,2,238458.50165836728,0.04081632653061224,0.0,1,1
CUST_1636,69,Multi-Year,823.7586165774817,2,8.0,0,SMB,0,Loyal,8.0,2,56839.34454384624,0.02857142857142857,0.0,0,0
CUST_1637,62,Monthly,707.2032202020436,1,25.0,10,SMB,0,Loyal,25.0,1,43846.599652526704,0.015873015873015872,7.072032202020436,0,1
CUST_1638,66,Monthly,2088.609212113949,1,23.0,0,SMB,0,Loyal,23.0,1,137848.20799952064,0.014925373134328358,0.0,0,1
CUST_1639,64,Monthly,4861.927414712015,2,19.0,0,Enterprise,0,Loyal,19.0,2,311163.35454156896,0.03076923076923077,0.0,1,1
CUST_1640,70,Monthly,1934.038191797896,6,28.0,0,SMB,0,Loyal,28.0,6,135382.67342585273,0.08450704225352113,0.0,0,1
CUST_1641,63,Annual,2344.4785889387176,4,5.0,0,SMB,0,Loyal,5.0,4,147702.15110313921,0.0625,0.0,0,0
CUST_1642,33,Monthly,3353.346775438545,3,26.0,0,SMB,1,Mid-Tenure,26.0,3,110660.443589472,0.08823529411764706,0.0,0,1
CUST_1643,41,Monthly,608.5032769687903,0,20.0,0,SMB,1,Loyal,20.0,0,24948.6343557204,0.0,0.0,0,1
CUST_1644,48,Monthly,4539.936098836346,5,11.0,2,SMB,0,Loyal,11.0,5,217916.9327441446,0.10204081632653061,9.079872197672692,0,1
CUST_1645,13,Annual,2837.4935789949445,4,3.0,0,SMB,0,Mid-Tenure,3.0,4,36887.41652693428,0.2857142857142857,0.0,0,0
CUST_1646,31,Annual,2600.649077018261,4,8.0,5,SMB,0,Mid-Tenure,8.0,4,80620.12138756609,0.125,13.003245385091304,0,0
CUST_1647,68,Monthly,4373.269979929837,9,9.0,0,SMB,0,Loyal,9.0,9,297382.35863522894,0.13043478260869565,0.0,0,1
CUST_1648,4,Monthly,4788.844652111096,1,2.0,0,SMB,0,New,2.0,1,19155.378608444385,0.2,0.0,0,1
CUST_1649,19,Monthly,2405.413542410756,2,16.0,0,Enterprise,1,Mid-Tenure,16.0,2,45702.85730580436,0.1,0.0,1,1
CUST_1650,70,Multi-Year,1275.9848568195382,3,28.0,0,Enterprise,0,Loyal,28.0,3,89318.93997736767,0.04225352112676056,0.0,1,0
CUST_1651,13,Monthly,4170.691715009329,2,6.0,0,SMB,0,Mid-Tenure,6.0,2,54218.99229512127,0.14285714285714285,0.0,0,1
CUST_1652,23,Monthly,2314.671895501192,6,25.0,0,SMB,1,Mid-Tenure,25.0,6,53237.45359652742,0.25,0.0,0,1
CUST_1653,1,Monthly,4709.954927802947,3,7.0,2,SMB,0,New,7.0,3,4709.954927802947,1.5,9.419909855605894,0,1
CUST_1654,54,Annual,4774.545427239424,2,10.0,10,SMB,0,Loyal,10.0,2,257825.45307092887,0.03636363636363636,47.745454272394234,0,0
CUST_1655,71,Annual,1016.7306427461627,4,12.0,0,Enterprise,0,Loyal,12.0,4,72187.87563497755,0.05555555555555555,0.0,1,0
CUST_1656,15,Monthly,4804.492852997831,2,2.0,2,SMB,1,Mid-Tenure,2.0,2,72067.39279496745,0.125,9.60898570599566,0,1
CUST_1657,65,Monthly,2157.2164645030443,3,18.0,2,Enterprise,0,Loyal,18.0,3,140219.0701926979,0.045454545454545456,4.314432929006089,1,1
CUST_1658,71,Monthly,3408.136329457357,4,13.0,0,Enterprise,0,Loyal,13.0,4,241977.67939147234,0.05555555555555555,0.0,1,1
CUST_1659,15,Multi-Year,656.3753678032072,1,21.0,0,SMB,0,Mid-Tenure,21.0,1,9845.630517048106,0.0625,0.0,0,0
CUST_1660,21,Multi-Year,4499.979233377248,3,15.0,15,SMB,0,Mid-Tenure,15.0,3,94499.56390092222,0.13636363636363635,67.49968850065872,0,0
CUST_1661,19,Annual,3387.187982051892,2,14.0,0,SMB,0,Mid-Tenure,14.0,2,64356.57165898595,0.1,0.0,0,0
CUST_1662,60,Annual,3395.9951013038863,5,1.0,15,SMB,0,Loyal,1.0,5,203759.70607823317,0.08196721311475409,50.93992651955829,0,0
CUST_1663,33,Monthly,4559.792719898677,5,5.0,0,Enterprise,0,Mid-Tenure,5.0,5,150473.15975665636,0.14705882352941177,0.0,1,1
CUST_1664,49,Annual,2787.5622870830443,3,20.0,0,SMB,0,Loyal,20.0,3,136590.55206706916,0.06,0.0,0,0
CUST_1665,35,Annual,2347.324881631477,2,29.0,0,SMB,0,Mid-Tenure,29.0,2,82156.3708571017,0.05555555555555555,0.0,0,0
CUST_1666,44,Monthly,4397.579385315423,2,6.0,15,Enterprise,1,Loyal,6.0,2,193493.4929538786,0.044444444444444446,65.96369077973135,1,1
CUST_1667,11,Multi-Year,3840.892303421292,2,8.0,0,Enterprise,0,New,8.0,2,42249.815337634216,0.16666666666666666,0.0,1,0
CUST_1668,66,Monthly,4770.390492342055,0,8.0,0,SMB,0,Loyal,8.0,0,314845.77249457565,0.0,0.0,0,1
CUST_1669,46,Monthly,4730.548519897397,1,16.0,0,Enterprise,1,Loyal,16.0,1,217605.23191528025,0.02127659574468085,0.0,1,1
CUST_1670,9,Annual,2220.4677405210814,3,22.0,0,SMB,0,New,22.0,3,19984.209664689733,0.3,0.0,0,0
CUST_1671,3,Annual,2511.4383056363804,2,2.0,0,Enterprise,0,New,2.0,2,7534.314916909141,0.5,0.0,1,0
CUST_1672,26,Annual,1651.932292058503,3,3.0,0,SMB,0,Mid-Tenure,3.0,3,42950.23959352108,0.1111111111111111,0.0,0,0
CUST_1673,48,Monthly,3472.9155011235543,5,1.0,0,Enterprise,0,Loyal,1.0,5,166699.9440539306,0.10204081632653061,0.0,1,1
CUST_1674,66,Multi-Year,2140.438865399989,1,0.0,0,SMB,0,Loyal,0.0,1,141268.96511639928,0.014925373134328358,0.0,0,0
CUST_1675,70,Annual,4037.45290973452,2,9.0,0,SMB,0,Loyal,9.0,2,282621.7036814164,0.028169014084507043,0.0,0,0
CUST_1676,28,Monthly,1046.9784232890977,2,29.0,0,SMB,0,Mid-Tenure,29.0,2,29315.395852094734,0.06896551724137931,0.0,0,1
CUST_1677,26,Multi-Year,1023.8128302458564,0,2.0,0,SMB,0,Mid-Tenure,2.0,0,26619.133586392265,0.0,0.0,0,0
CUST_1678,25,Annual,1420.049216387286,2,9.0,0,SMB,0,Mid-Tenure,9.0,2,35501.230409682146,0.07692307692307693,0.0,0,0
CUST_1679,12,Monthly,879.3148479683607,5,8.0,2,Enterprise,0,New,8.0,5,10551.77817562033,0.38461538461538464,1.7586296959367214,1,1
CUST_1680,5,Annual,3290.1422345520564,5,16.0,0,Enterprise,1,New,16.0,5,16450.711172760282,0.8333333333333334,0.0,1,0
CUST_1681,48,Monthly,1163.0874470753238,4,14.0,0,Enterprise,1,Loyal,14.0,4,55828.19745961554,0.08163265306122448,0.0,1,1
CUST_1682,37,Monthly,1219.833128604444,3,2.0,0,Enterprise,0,Loyal,2.0,3,45133.82575836443,0.07894736842105263,0.0,1,1
CUST_1683,44,Monthly,564.027006781247,1,26.0,0,Enterprise,0,Loyal,26.0,1,24817.18829837487,0.022222222222222223,0.0,1,1
CUST_1684,15,Multi-Year,4019.405065806244,2,20.0,0,Enterprise,0,Mid-Tenure,20.0,2,60291.07598709366,0.125,0.0,1,0
CUST_1685,43,Monthly,4155.332249405665,2,2.0,0,SMB,0,Loyal,2.0,2,178679.28672444358,0.045454545454545456,0.0,0,1
CUST_1686,48,Annual,1229.1008736399783,5,3.0,2,Enterprise,1,Loyal,3.0,5,58996.84193471896,0.10204081632653061,2.4582017472799564,1,0
CUST_1687,70,Monthly,3827.85995420251,2,3.0,2,SMB,0,Loyal,3.0,2,267950.1967941757,0.028169014084507043,7.65571990840502,0,1
CUST_1688,46,Annual,2450.9530542081184,3,16.0,0,Enterprise,0,Loyal,16.0,3,112743.84049357344,0.06382978723404255,0.0,1,0
CUST_1689,43,Annual,1578.176973344261,3,5.0,0,SMB,0,Loyal,5.0,3,67861.60985380322,0.06818181818181818,0.0,0,0
CUST_1690,21,Annual,3296.23073633223,1,10.0,2,SMB,0,Mid-Tenure,10.0,1,69220.84546297684,0.045454545454545456,6.592461472664461,0,0
CUST_1691,23,Monthly,1303.1783345618817,7,11.0,0,SMB,1,Mid-Tenure,11.0,7,29973.10169492328,0.2916666666666667,0.0,0,1
CUST_1692,47,Annual,3905.97623443866,4,22.0,0,SMB,0,Loyal,22.0,4,183580.88301861702,0.08333333333333333,0.0,0,0
CUST_1693,15,Multi-Year,714.2685240674826,1,27.0,0,SMB,0,Mid-Tenure,27.0,1,10714.02786101224,0.0625,0.0,0,0
CUST_1694,25,Annual,4816.089198175615,3,6.0,0,Enterprise,0,Mid-Tenure,6.0,3,120402.22995439038,0.11538461538461539,0.0,1,0
CUST_1695,36,Monthly,823.4386416888101,4,12.0,2,SMB,0,Mid-Tenure,12.0,4,29643.791100797163,0.10810810810810811,1.6468772833776202,0,1
CUST_1696,51,Multi-Year,3107.517886619104,2,5.0,0,SMB,0,Loyal,5.0,2,158483.4122175743,0.038461538461538464,0.0,0,0
CUST_1697,15,Monthly,4559.874305550704,2,22.0,0,SMB,0,Mid-Tenure,22.0,2,68398.11458326055,0.125,0.0,0,1
CUST_1698,68,Annual,553.5701098153265,4,29.0,5,SMB,0,Loyal,29.0,4,37642.7674674422,0.057971014492753624,2.7678505490766327,0,0
CUST_1699,21,Multi-Year,2743.3150744507566,3,2.0,0,SMB,0,Mid-Tenure,2.0,3,57609.61656346589,0.13636363636363635,0.0,0,0
CUST_1700,13,Monthly,2075.03133939806,3,20.0,0,SMB,1,Mid-Tenure,20.0,3,26975.40741217478,0.21428571428571427,0.0,0,1
CUST_1701,19,Monthly,3111.49485616059,1,13.0,0,SMB,0,Mid-Tenure,13.0,1,59118.40226705121,0.05,0.0,0,1
CUST_1702,34,Monthly,1514.5582403194642,2,13.0,0,SMB,0,Mid-Tenure,13.0,2,51494.98017086178,0.05714285714285714,0.0,0,1
CUST_1703,68,Annual,792.0464775427614,0,22.0,0,SMB,0,Loyal,22.0,0,53859.16047290777,0.0,0.0,0,0
CUST_1704,52,Annual,3316.6986658191813,2,9.0,0,Enterprise,0,Loyal,9.0,2,172468.33062259742,0.03773584905660377,0.0,1,0
CUST_1705,27,Monthly,2375.821577720312,2,4.0,15,SMB,1,Mid-Tenure,4.0,2,64147.18259844842,0.07142857142857142,35.63732366580467,0,1
CUST_1706,29,Monthly,3301.1849241780337,2,29.0,5,SMB,0,Mid-Tenure,29.0,2,95734.36280116298,0.06666666666666667,16.505924620890166,0,1
CUST_1707,28,Monthly,1447.426160770293,1,25.0,0,SMB,0,Mid-Tenure,25.0,1,40527.932501568204,0.034482758620689655,0.0,0,1
CUST_1708,35,Monthly,2024.335683290668,3,1.0,5,SMB,1,Mid-Tenure,1.0,3,70851.74891517338,0.08333333333333333,10.12167841645334,0,1
CUST_1709,8,Monthly,3027.566252140746,3,5.0,0,SMB,1,New,5.0,3,24220.53001712597,0.3333333333333333,0.0,0,1
CUST_1710,16,Multi-Year,3169.007502461273,1,22.0,0,SMB,0,Mid-Tenure,22.0,1,50704.12003938037,0.058823529411764705,0.0,0,0
CUST_1711,36,Monthly,2175.416634984193,2,10.0,0,Enterprise,1,Mid-Tenure,10.0,2,78314.99885943095,0.05405405405405406,0.0,1,1
CUST_1712,30,Multi-Year,1760.239425274504,3,17.0,0,SMB,0,Mid-Tenure,17.0,3,52807.18275823512,0.0967741935483871,0.0,0,0
CUST_1713,18,Annual,1731.652832698681,0,25.0,0,SMB,0,Mid-Tenure,25.0,0,31169.75098857626,0.0,0.0,0,0
CUST_1714,2,Monthly,1286.147081394043,3,23.0,0,SMB,0,New,23.0,3,2572.294162788086,1.0,0.0,0,1
CUST_1715,49,Annual,1964.3223304831424,1,20.0,2,SMB,0,Loyal,20.0,1,96251.79419367398,0.02,3.928644660966285,0,0
CUST_1716,4,Annual,1397.4815165594898,1,10.0,0,SMB,0,New,10.0,1,5589.926066237959,0.2,0.0,0,0
CUST_1717,7,Monthly,3352.169328034752,4,23.0,0,SMB,1,New,23.0,4,23465.185296243264,0.5,0.0,0,1
CUST_1718,39,Monthly,3060.8014920894034,1,14.0,0,Enterprise,0,Loyal,14.0,1,119371.25819148673,0.025,0.0,1,1
CUST_1719,13,Monthly,2221.64970651914,3,2.0,0,SMB,0,Mid-Tenure,2.0,3,28881.446184748824,0.21428571428571427,0.0,0,1
CUST_1720,31,Monthly,1966.235089718275,3,1.0,0,SMB,0,Mid-Tenure,1.0,3,60953.287781266525,0.09375,0.0,0,1
CUST_1721,71,Monthly,1569.2639008758913,3,6.0,0,Enterprise,0,Loyal,6.0,3,111417.73696218828,0.041666666666666664,0.0,1,1
CUST_1722,63,Monthly,2909.562390317036,1,4.0,0,SMB,0,Loyal,4.0,1,183302.43058997326,0.015625,0.0,0,1
CUST_1723,56,Monthly,4635.062439555597,2,20.0,0,SMB,0,Loyal,20.0,2,259563.49661511343,0.03508771929824561,0.0,0,1
CUST_1724,42,Monthly,3585.663731250217,3,12.0,0,SMB,0,Loyal,12.0,3,150597.8767125091,0.06976744186046512,0.0,0,1
CUST_1725,61,Monthly,3849.866213160053,2,7.0,15,SMB,1,Loyal,7.0,2,234841.83900276324,0.03225806451612903,57.7479931974008,0,1
CUST_1726,42,Monthly,4254.700386453835,3,28.0,0,Enterprise,0,Loyal,28.0,3,178697.41623106104,0.06976744186046512,0.0,1,1
CUST_1727,56,Monthly,2082.3573800203194,3,8.0,2,SMB,0,Loyal,8.0,3,116612.01328113789,0.05263157894736842,4.1647147600406385,0,1
CUST_1728,36,Multi-Year,782.9410195151943,5,29.0,2,SMB,0,Mid-Tenure,29.0,5,28185.876702546993,0.13513513513513514,1.5658820390303885,0,0
CUST_1729,68,Monthly,3301.514614947399,3,7.0,0,SMB,0,Loyal,7.0,3,224502.99381642314,0.043478260869565216,0.0,0,1
CUST_1730,7,Annual,1349.0253105261468,2,9.0,0,SMB,0,New,9.0,2,9443.177173683027,0.25,0.0,0,0
CUST_1731,54,Monthly,3060.6964249804983,3,1.0,0,SMB,0,Loyal,1.0,3,165277.6069489469,0.05454545454545454,0.0,0,1
CUST_1732,1,Multi-Year,3827.796049206792,3,9.0,0,SMB,0,New,9.0,3,3827.796049206792,1.5,0.0,0,0
CUST_1733,44,Monthly,4026.372359665264,3,10.0,0,Enterprise,0,Loyal,10.0,3,177160.38382527162,0.06666666666666667,0.0,1,1
CUST_1734,45,Multi-Year,1858.27604111382,1,22.0,0,SMB,0,Loyal,22.0,1,83622.4218501219,0.021739130434782608,0.0,0,0
CUST_1735,47,Annual,2805.9495465619184,4,10.0,0,SMB,0,Loyal,10.0,4,131879.62868841016,0.08333333333333333,0.0,0,0
CUST_1736,13,Monthly,3294.3429332473656,3,4.0,0,SMB,0,Mid-Tenure,4.0,3,42826.458132215754,0.21428571428571427,0.0,0,1
CUST_1737,22,Multi-Year,4187.663247652798,5,13.0,0,SMB,0,Mid-Tenure,13.0,5,92128.59144836156,0.21739130434782608,0.0,0,0
CUST_1738,21,Annual,3926.2489929722633,2,22.0,5,Enterprise,0,Mid-Tenure,22.0,2,82451.22885241752,0.09090909090909091,19.631244964861317,1,0
CUST_1739,9,Monthly,4945.888944398166,5,2.0,0,SMB,0,New,2.0,5,44513.0004995835,0.5,0.0,0,1
CUST_1740,26,Annual,536.381044385049,3,19.0,0,Enterprise,0,Mid-Tenure,19.0,3,13945.907154011275,0.1111111111111111,0.0,1,0
CUST_1741,9,Multi-Year,2468.702483884099,2,22.0,2,SMB,0,New,22.0,2,22218.32235495689,0.2,4.937404967768198,0,0
CUST_1742,15,Monthly,1652.2001886925757,2,1.0,2,Enterprise,0,Mid-Tenure,1.0,2,24783.002830388636,0.125,3.3044003773851514,1,1
CUST_1743,10,Monthly,1039.5202421519302,2,17.0,0,SMB,0,New,17.0,2,10395.202421519301,0.18181818181818182,0.0,0,1
CUST_1744,42,Annual,4601.818976752331,3,0.0,0,SMB,0,Loyal,0.0,3,193276.3970235979,0.06976744186046512,0.0,0,0
CUST_1745,24,Annual,4990.829297430589,2,0.0,0,Enterprise,0,Mid-Tenure,0.0,2,119779.90313833414,0.08,0.0,1,0
CUST_1746,49,Multi-Year,1312.6829355712564,5,27.0,0,Enterprise,0,Loyal,27.0,5,64321.463842991565,0.1,0.0,1,0
CUST_1747,26,Annual,672.9502676061362,0,16.0,0,SMB,1,Mid-Tenure,16.0,0,17496.706957759543,0.0,0.0,0,0
CUST_1748,37,Monthly,1737.7450145622515,1,5.0,0,SMB,0,Loyal,5.0,1,64296.565538803305,0.02631578947368421,0.0,0,1
CUST_1749,68,Multi-Year,4256.87863129878,3,12.0,0,SMB,0,Loyal,12.0,3,289467.74692831706,0.043478260869565216,0.0,0,0
CUST_1750,50,Monthly,1822.5053743969252,0,20.0,5,SMB,0,Loyal,20.0,0,91125.26871984625,0.0,9.112526871984626,0,1
CUST_1751,24,Monthly,756.056662239297,2,25.0,0,SMB,0,Mid-Tenure,25.0,2,18145.359893743127,0.08,0.0,0,1
CUST_1752,19,Annual,736.2148277886346,4,23.0,0,SMB,1,Mid-Tenure,23.0,4,13988.081727984058,0.2,0.0,0,0
CUST_1753,60,Annual,2423.402610662464,4,20.0,15,SMB,0,Loyal,20.0,4,145404.15663974785,0.06557377049180328,36.35103915993696,0,0
CUST_1754,39,Monthly,4693.215753777288,3,0.0,0,SMB,0,Loyal,0.0,3,183035.41439731425,0.075,0.0,0,1
CUST_1755,18,Annual,1786.6419873783436,2,27.0,0,SMB,0,Mid-Tenure,27.0,2,32159.555772810185,0.10526315789473684,0.0,0,0
CUST_1756,19,Monthly,2422.209563154697,2,23.0,0,Enterprise,1,Mid-Tenure,23.0,2,46021.98169993925,0.1,0.0,1,1
CUST_1757,36,Monthly,958.7021242217384,1,5.0,10,SMB,1,Mid-Tenure,5.0,1,34513.27647198258,0.02702702702702703,9.587021242217382,0,1
CUST_1758,55,Multi-Year,2721.077569710415,3,7.0,0,SMB,0,Loyal,7.0,3,149659.26633407283,0.05357142857142857,0.0,0,0
CUST_1759,69,Monthly,3634.461789285668,3,12.0,0,Enterprise,0,Loyal,12.0,3,250777.86346071112,0.04285714285714286,0.0,1,1
CUST_1760,47,Monthly,1720.176625297488,0,1.0,5,SMB,0,Loyal,1.0,0,80848.30138898194,0.0,8.60088312648744,0,1
CUST_1761,49,Monthly,1835.2008883790816,2,25.0,0,SMB,0,Loyal,25.0,2,89924.843530575,0.04,0.0,0,1
CUST_1762,33,Multi-Year,4288.8876143282205,0,7.0,2,SMB,0,Mid-Tenure,7.0,0,141533.29127283127,0.0,8.57777522865644,0,0
CUST_1763,21,Monthly,546.6367505622969,5,21.0,15,SMB,1,Mid-Tenure,21.0,5,11479.371761808236,0.22727272727272727,8.199551258434454,0,1
CUST_1764,22,Monthly,3364.1181884754365,1,0.0,0,SMB,0,Mid-Tenure,0.0,1,74010.6001464596,0.043478260869565216,0.0,0,1
CUST_1765,48,Annual,2272.4808572372763,4,12.0,0,SMB,0,Loyal,12.0,4,109079.08114738925,0.08163265306122448,0.0,0,0
CUST_1766,37,Monthly,1842.7123110266105,2,0.0,5,Enterprise,0,Loyal,0.0,2,68180.35550798458,0.05263157894736842,9.213561555133053,1,1
CUST_1767,15,Monthly,3459.172245097447,3,9.0,0,SMB,1,Mid-Tenure,9.0,3,51887.583676461705,0.1875,0.0,0,1
CUST_1768,35,Annual,4256.008348053673,1,27.0,2,Enterprise,0,Mid-Tenure,27.0,1,148960.29218187855,0.027777777777777776,8.512016696107347,1,0
CUST_1769,71,Monthly,3012.764523479032,0,4.0,0,SMB,0,Loyal,4.0,0,213906.28116701127,0.0,0.0,0,1
CUST_1770,32,Multi-Year,639.925798743752,4,22.0,0,SMB,0,Mid-Tenure,22.0,4,20477.625559800064,0.12121212121212122,0.0,0,0
CUST_1771,11,Monthly,2576.305358715092,4,19.0,0,SMB,1,New,19.0,4,28339.358945866014,0.3333333333333333,0.0,0,1
CUST_1772,10,Monthly,2582.419734022879,4,29.0,0,SMB,0,New,29.0,4,25824.197340228788,0.36363636363636365,0.0,0,1
CUST_1773,57,Monthly,2947.093226620735,1,12.0,0,Enterprise,0,Loyal,12.0,1,167984.3139173819,0.017241379310344827,0.0,1,1
CUST_1774,25,Monthly,3519.315054695985,2,25.0,0,SMB,1,Mid-Tenure,25.0,2,87982.87636739963,0.07692307692307693,0.0,0,1
CUST_1775,2,Annual,586.932815904532,3,4.0,0,SMB,0,New,4.0,3,1173.865631809064,1.0,0.0,0,0
CUST_1776,64,Monthly,2759.056809798877,3,9.0,0,SMB,0,Loyal,9.0,3,176579.63582712814,0.046153846153846156,0.0,0,1
CUST_1777,35,Monthly,3147.384962212658,3,2.0,5,SMB,1,Mid-Tenure,2.0,3,110158.47367744303,0.08333333333333333,15.736924811063291,0,1
CUST_1778,7,Annual,2045.0902388722336,2,1.0,2,Enterprise,0,New,1.0,2,14315.631672105636,0.25,4.090180477744467,1,0
CUST_1779,18,Annual,3507.6435196569487,2,1.0,0,Enterprise,0,Mid-Tenure,1.0,2,63137.58335382507,0.10526315789473684,0.0,1,0
CUST_1780,67,Monthly,1526.79972708127,5,29.0,0,Enterprise,1,Loyal,29.0,5,102295.58171444508,0.07352941176470588,0.0,1,1
CUST_1781,42,Monthly,1928.1754988035325,2,4.0,0,SMB,0,Loyal,4.0,2,80983.37094974837,0.046511627906976744,0.0,0,1
CUST_1782,39,Monthly,4832.399063409467,2,3.0,0,SMB,0,Loyal,3.0,2,188463.56347296922,0.05,0.0,0,1
CUST_1783,41,Monthly,2066.3166688751307,1,1.0,0,SMB,0,Loyal,1.0,1,84718.98342388036,0.023809523809523808,0.0,0,1
CUST_1784,24,Monthly,2059.2539931458523,2,20.0,2,SMB,0,Mid-Tenure,20.0,2,49422.095835500455,0.08,4.1185079862917044,0,1
CUST_1785,60,Annual,3180.562861204018,4,25.0,0,SMB,0,Loyal,25.0,4,190833.7716722411,0.06557377049180328,0.0,0,0
CUST_1786,46,Multi-Year,4869.388984370271,3,8.0,2,Enterprise,0,Loyal,8.0,3,223991.89328103245,0.06382978723404255,9.738777968740543,1,0
CUST_1787,19,Monthly,4923.862006788501,1,23.0,2,Enterprise,0,Mid-Tenure,23.0,1,93553.37812898152,0.05,9.847724013577002,1,1
CUST_1788,68,Monthly,3108.4608365434224,3,8.0,0,Enterprise,0,Loyal,8.0,3,211375.33688495273,0.043478260869565216,0.0,1,1
CUST_1789,42,Monthly,504.8915891221964,2,8.0,0,SMB,0,Loyal,8.0,2,21205.44674313225,0.046511627906976744,0.0,0,1
CUST_1790,32,Monthly,4552.954478457798,1,23.0,0,SMB,0,Mid-Tenure,23.0,1,145694.54331064955,0.030303030303030304,0.0,0,1
CUST_1791,39,Monthly,3066.0708405967166,0,24.0,0,Enterprise,0,Loyal,24.0,0,119576.76278327194,0.0,0.0,1,1
CUST_1792,36,Multi-Year,2146.9838373047114,3,3.0,0,SMB,0,Mid-Tenure,3.0,3,77291.4181429696,0.08108108108108109,0.0,0,0
CUST_1793,36,Annual,4231.378134571722,4,7.0,0,SMB,0,Mid-Tenure,7.0,4,152329.61284458198,0.10810810810810811,0.0,0,0
CUST_1794,3,Multi-Year,2299.246067075923,4,29.0,0,SMB,0,New,29.0,4,6897.7382012277685,1.0,0.0,0,0
CUST_1795,8,Multi-Year,653.200277901191,1,17.0,0,Enterprise,0,New,17.0,1,5225.602223209528,0.1111111111111111,0.0,1,0
CUST_1796,70,Monthly,4194.825003756585,3,8.0,0,SMB,1,Loyal,8.0,3,293637.75026296097,0.04225352112676056,0.0,0,1
CUST_1797,41,Annual,2956.3673045889304,2,28.0,0,SMB,0,Loyal,28.0,2,121211.05948814614,0.047619047619047616,0.0,0,0
CUST_1798,68,Monthly,2021.6459220088827,3,24.0,0,Enterprise,0,Loyal,24.0,3,137471.92269660402,0.043478260869565216,0.0,1,1
CUST_1799,13,Monthly,1629.0156935923303,1,26.0,0,SMB,1,Mid-Tenure,26.0,1,21177.204016700292,0.07142857142857142,0.0,0,1
CUST_1800,49,Multi-Year,3172.088567369415,2,2.0,0,SMB,0,Loyal,2.0,2,155432.33980110133,0.04,0.0,0,0
CUST_1801,60,Monthly,1436.2229670129504,2,5.0,2,SMB,0,Loyal,5.0,2,86173.37802077703,0.03278688524590164,2.872445934025901,0,1
CUST_1802,2,Multi-Year,1957.3289895065143,6,27.0,2,SMB,0,New,27.0,6,3914.6579790130286,2.0,3.9146579790130285,0,0
CUST_1803,60,Monthly,3364.386392362926,6,22.0,0,SMB,1,Loyal,22.0,6,201863.18354177556,0.09836065573770492,0.0,0,1
CUST_1804,5,Multi-Year,4466.950026826694,3,18.0,0,SMB,0,New,18.0,3,22334.75013413347,0.5,0.0,0,0
CUST_1805,44,Multi-Year,2898.0064777621947,2,4.0,2,SMB,0,Loyal,4.0,2,127512.28502153656,0.044444444444444446,5.7960129555243896,0,0
CUST_1806,27,Annual,3915.9787923459166,1,16.0,0,SMB,0,Mid-Tenure,16.0,1,105731.42739333975,0.03571428571428571,0.0,0,0
CUST_1807,32,Annual,3933.772716933689,3,26.0,0,Enterprise,0,Mid-Tenure,26.0,3,125880.72694187805,0.09090909090909091,0.0,1,0
CUST_1808,21,Monthly,3489.5927869672405,2,18.0,2,SMB,0,Mid-Tenure,18.0,2,73281.44852631204,0.09090909090909091,6.979185573934481,0,1
CUST_1809,8,Multi-Year,1606.2725195623295,3,27.0,0,Enterprise,0,New,27.0,3,12850.180156498636,0.3333333333333333,0.0,1,0
CUST_1810,50,Multi-Year,4400.548691676088,2,23.0,0,SMB,0,Loyal,23.0,2,220027.43458380442,0.0392156862745098,0.0,0,0
CUST_1811,67,Annual,2463.240450378049,4,2.0,15,SMB,1,Loyal,2.0,4,165037.1101753293,0.058823529411764705,36.94860675567074,0,0
CUST_1812,44,Annual,698.9483477106526,3,7.0,0,SMB,0,Loyal,7.0,3,30753.727299268714,0.06666666666666667,0.0,0,0
CUST_1813,58,Annual,1600.7570153128631,2,8.0,10,SMB,0,Loyal,8.0,2,92843.90688814606,0.03389830508474576,16.007570153128633,0,0
CUST_1814,3,Multi-Year,3944.967593446921,2,21.0,0,Enterprise,0,New,21.0,2,11834.902780340763,0.5,0.0,1,0
CUST_1815,70,Annual,811.1000111787022,3,22.0,0,SMB,0,Loyal,22.0,3,56777.00078250915,0.04225352112676056,0.0,0,0
CUST_1816,2,Multi-Year,1163.1398096971004,1,21.0,0,Enterprise,0,New,21.0,1,2326.279619394201,0.3333333333333333,0.0,1,0
CUST_1817,44,Annual,3624.02067218767,7,7.0,2,SMB,0,Loyal,7.0,7,159456.90957625746,0.15555555555555556,7.2480413443753395,0,0
CUST_1818,2,Monthly,4516.703553773932,2,13.0,0,Enterprise,1,New,13.0,2,9033.407107547864,0.6666666666666666,0.0,1,1
CUST_1819,35,Monthly,3351.794022759366,3,22.0,0,SMB,0,Mid-Tenure,22.0,3,117312.7907965778,0.08333333333333333,0.0,0,1
CUST_1820,30,Monthly,1500.3097422329956,2,9.0,2,SMB,0,Mid-Tenure,9.0,2,45009.29226698987,0.06451612903225806,3.0006194844659912,0,1
CUST_1821,8,Monthly,740.3619346229688,2,16.0,0,SMB,0,New,16.0,2,5922.89547698375,0.2222222222222222,0.0,0,1
CUST_1822,22,Monthly,3268.0696214764025,2,2.0,0,SMB,0,Mid-Tenure,2.0,2,71897.53167248085,0.08695652173913043,0.0,0,1
CUST_1823,44,Annual,713.2936006902379,3,2.0,0,SMB,0,Loyal,2.0,3,31384.918430370468,0.06666666666666667,0.0,0,0
CUST_1824,58,Monthly,3257.2492337379067,3,2.0,0,SMB,0,Loyal,2.0,3,188920.45555679858,0.05084745762711865,0.0,0,1
CUST_1825,36,Monthly,1515.1097487249276,2,3.0,5,SMB,0,Mid-Tenure,3.0,2,54543.950954097396,0.05405405405405406,7.575548743624639,0,1
CUST_1826,69,Annual,4570.952280839734,1,28.0,0,SMB,0,Loyal,28.0,1,315395.70737794164,0.014285714285714285,0.0,0,0
CUST_1827,31,Multi-Year,2637.9170081931284,1,16.0,0,Enterprise,0,Mid-Tenure,16.0,1,81775.42725398699,0.03125,0.0,1,0
CUST_1828,47,Annual,1507.7229498936304,3,13.0,0,SMB,0,Loyal,13.0,3,70862.97864500062,0.0625,0.0,0,0
CUST_1829,55,Multi-Year,4339.153924513663,2,26.0,0,SMB,0,Loyal,26.0,2,238653.46584825145,0.03571428571428571,0.0,0,0
CUST_1830,62,Annual,1643.1592930137874,2,1.0,0,SMB,0,Loyal,1.0,2,101875.87616685482,0.031746031746031744,0.0,0,0
CUST_1831,30,Monthly,1879.69584436194,2,11.0,0,Enterprise,0,Mid-Tenure,11.0,2,56390.8753308582,0.06451612903225806,0.0,1,1
CUST_1832,55,Annual,4254.25054574955,2,4.0,15,SMB,1,Loyal,4.0,2,233983.78001622524,0.03571428571428571,63.81375818624325,0,0
CUST_1833,16,Annual,1889.5641341026817,1,26.0,2,SMB,0,Mid-Tenure,26.0,1,30233.026145642907,0.058823529411764705,3.7791282682053633,0,0
CUST_1834,12,Monthly,2345.7369615378684,4,21.0,0,SMB,0,New,21.0,4,28148.84353845442,0.3076923076923077,0.0,0,1
CUST_1835,17,Monthly,2064.4955184148994,2,24.0,0,SMB,0,Mid-Tenure,24.0,2,35096.42381305329,0.1111111111111111,0.0,0,1
CUST_1836,16,Annual,1023.8014302366912,3,1.0,0,SMB,0,Mid-Tenure,1.0,3,16380.82288378706,0.17647058823529413,0.0,0,0
CUST_1837,12,Monthly,675.0311551107177,1,29.0,0,SMB,0,New,29.0,1,8100.373861328612,0.07692307692307693,0.0,0,1
CUST_1838,8,Annual,3760.433033274416,0,11.0,0,SMB,0,New,11.0,0,30083.46426619533,0.0,0.0,0,0
CUST_1839,3,Monthly,3403.1170577107428,3,8.0,0,SMB,0,New,8.0,3,10209.351173132229,0.75,0.0,0,1
CUST_1840,16,Annual,1770.6473039842574,1,22.0,0,SMB,0,Mid-Tenure,22.0,1,28330.35686374812,0.058823529411764705,0.0,0,0
CUST_1841,30,Annual,1830.1960624319531,2,8.0,0,SMB,1,Mid-Tenure,8.0,2,54905.88187295859,0.06451612903225806,0.0,0,0
CUST_1842,23,Monthly,4752.526023539066,1,19.0,10,SMB,1,Mid-Tenure,19.0,1,109308.09854139852,0.041666666666666664,47.52526023539066,0,1
CUST_1843,5,Monthly,4944.520072550715,4,22.0,0,SMB,0,New,22.0,4,24722.600362753576,0.6666666666666666,0.0,0,1
CUST_1844,65,Annual,2630.457064551621,2,0.0,0,SMB,0,Loyal,0.0,2,170979.70919585536,0.030303030303030304,0.0,0,0
CUST_1845,30,Multi-Year,4111.0328546667215,2,23.0,0,SMB,0,Mid-Tenure,23.0,2,123330.98564000164,0.06451612903225806,0.0,0,0
CUST_1846,21,Multi-Year,3815.086441412144,3,6.0,0,SMB,0,Mid-Tenure,6.0,3,80116.81526965502,0.13636363636363635,0.0,0,0
CUST_1847,70,Monthly,1837.9296928042115,2,22.0,15,SMB,0,Loyal,22.0,2,128655.07849629481,0.028169014084507043,27.56894539206317,0,1
CUST_1848,22,Annual,763.5321973421526,5,17.0,0,SMB,0,Mid-Tenure,17.0,5,16797.708341527356,0.21739130434782608,0.0,0,0
CUST_1849,32,Monthly,1141.50315710723,3,9.0,10,SMB,0,Mid-Tenure,9.0,3,36528.10102743136,0.09090909090909091,11.415031571072301,0,1
CUST_1850,33,Monthly,4272.323526503436,2,14.0,0,SMB,1,Mid-Tenure,14.0,2,140986.6763746134,0.058823529411764705,0.0,0,1
CUST_1851,16,Monthly,3790.462189983265,5,8.0,0,SMB,1,Mid-Tenure,8.0,5,60647.39503973224,0.29411764705882354,0.0,0,1
CUST_1852,38,Annual,3489.5068000802503,4,10.0,0,SMB,0,Loyal,10.0,4,132601.25840304952,0.10256410256410256,0.0,0,0
CUST_1853,14,Monthly,1087.9197426349174,3,23.0,5,Enterprise,0,Mid-Tenure,23.0,3,15230.876396888843,0.2,5.439598713174587,1,1
CUST_1854,36,Monthly,3379.688093527361,2,0.0,0,SMB,0,Mid-Tenure,0.0,2,121668.771366985,0.05405405405405406,0.0,0,1
CUST_1855,23,Annual,3974.6854917190194,1,10.0,10,SMB,0,Mid-Tenure,10.0,1,91417.76630953744,0.041666666666666664,39.7468549171902,0,0
CUST_1856,66,Annual,4372.707874371308,3,0.0,0,SMB,0,Loyal,0.0,3,288598.71970850637,0.04477611940298507,0.0,0,0
CUST_1857,2,Monthly,559.540756371282,2,29.0,0,Enterprise,0,New,29.0,2,1119.081512742564,0.6666666666666666,0.0,1,1
CUST_1858,65,Monthly,3580.1379584531496,2,4.0,0,Enterprise,0,Loyal,4.0,2,232708.96729945473,0.030303030303030304,0.0,1,1
CUST_1859,67,Monthly,585.9394502144199,2,17.0,0,SMB,0,Loyal,17.0,2,39257.94316436614,0.029411764705882353,0.0,0,1
CUST_1860,52,Monthly,3680.927804945473,2,0.0,0,SMB,0,Loyal,0.0,2,191408.24585716458,0.03773584905660377,0.0,0,1
CUST_1861,62,Annual,3360.2961412940217,0,9.0,2,SMB,0,Loyal,9.0,0,208338.36076022935,0.0,6.7205922825880435,0,0
CUST_1862,23,Monthly,1167.565383135376,0,27.0,0,SMB,0,Mid-Tenure,27.0,0,26854.003812113646,0.0,0.0,0,1
CUST_1863,26,Annual,3947.5478810530863,1,12.0,0,SMB,0,Mid-Tenure,12.0,1,102636.24490738024,0.037037037037037035,0.0,0,0
CUST_1864,68,Multi-Year,807.5642818536102,1,26.0,0,SMB,0,Loyal,26.0,1,54914.371166045494,0.014492753623188406,0.0,0,0
CUST_1865,55,Monthly,4218.79448185085,5,7.0,0,SMB,0,Loyal,7.0,5,232033.69650179677,0.08928571428571429,0.0,0,1
CUST_1866,6,Multi-Year,1678.6816018170305,1,27.0,0,SMB,0,New,27.0,1,10072.089610902183,0.14285714285714285,0.0,0,0
CUST_1867,35,Monthly,3599.833380352992,5,12.0,0,SMB,0,Mid-Tenure,12.0,5,125994.16831235473,0.1388888888888889,0.0,0,1
CUST_1868,22,Monthly,4656.602034598416,2,19.0,2,SMB,1,Mid-Tenure,19.0,2,102445.24476116516,0.08695652173913043,9.313204069196832,0,1
CUST_1869,43,Monthly,2029.2216110305203,0,1.0,0,Enterprise,0,Loyal,1.0,0,87256.52927431237,0.0,0.0,1,1
CUST_1870,15,Monthly,2763.0233507318862,3,29.0,2,SMB,0,Mid-Tenure,29.0,3,41445.350260978295,0.1875,5.526046701463772,0,1
CUST_1871,60,Monthly,2584.031152777027,2,20.0,0,SMB,0,Loyal,20.0,2,155041.86916662162,0.03278688524590164,0.0,0,1
CUST_1872,12,Monthly,1209.2510707829065,2,11.0,0,Enterprise,0,New,11.0,2,14511.012849394878,0.15384615384615385,0.0,1,1
CUST_1873,49,Annual,3156.4040472084275,2,26.0,0,SMB,0,Loyal,26.0,2,154663.79831321296,0.04,0.0,0,0
CUST_1874,42,Multi-Year,3843.508633344266,5,28.0,2,Enterprise,0,Loyal,28.0,5,161427.36260045916,0.11627906976744186,7.687017266688532,1,0
CUST_1875,38,Annual,4625.9367301571865,4,12.0,2,Enterprise,0,Loyal,12.0,4,175785.59574597309,0.10256410256410256,9.251873460314373,1,0
CUST_1876,45,Monthly,4328.611707422808,6,27.0,0,SMB,1,Loyal,27.0,6,194787.52683402636,0.13043478260869565,0.0,0,1
CUST_1877,35,Annual,2795.0872087761427,6,21.0,0,SMB,1,Mid-Tenure,21.0,6,97828.052307165,0.16666666666666666,0.0,0,0
CUST_1878,30,Annual,3735.5771953037065,1,7.0,0,Enterprise,0,Mid-Tenure,7.0,1,112067.3158591112,0.03225806451612903,0.0,1,0
CUST_1879,30,Multi-Year,4103.525360182517,2,14.0,5,SMB,0,Mid-Tenure,14.0,2,123105.76080547551,0.06451612903225806,20.517626800912584,0,0
CUST_1880,6,Multi-Year,2720.6992118225694,1,6.0,2,SMB,0,New,6.0,1,16324.195270935415,0.14285714285714285,5.441398423645139,0,0
CUST_1881,67,Multi-Year,1019.4240231692048,1,6.0,0,Enterprise,0,Loyal,6.0,1,68301.40955233673,0.014705882352941176,0.0,1,0
CUST_1882,7,Monthly,2470.688437313169,7,16.0,0,SMB,0,New,16.0,7,17294.819061192182,0.875,0.0,0,1
CUST_1883,52,Annual,4291.151171907042,2,18.0,2,SMB,0,Loyal,18.0,2,223139.8609391662,0.03773584905660377,8.582302343814085,0,0
CUST_1884,14,Monthly,3184.886324271808,3,2.0,0,SMB,1,Mid-Tenure,2.0,3,44588.408539805314,0.2,0.0,0,1
CUST_1885,15,Multi-Year,3760.0626965420256,4,6.0,0,SMB,0,Mid-Tenure,6.0,4,56400.940448130386,0.25,0.0,0,0
CUST_1886,21,Monthly,1333.706099686644,2,11.0,0,SMB,0,Mid-Tenure,11.0,2,28007.82809341952,0.09090909090909091,0.0,0,1
CUST_1887,35,Monthly,4839.519956949525,0,13.0,0,SMB,0,Mid-Tenure,13.0,0,169383.1984932334,0.0,0.0,0,1
CUST_1888,66,Monthly,2318.3623827198926,3,1.0,10,SMB,0,Loyal,1.0,3,153011.9172595129,0.04477611940298507,23.18362382719893,0,1
CUST_1889,2,Annual,3441.35985222978,4,25.0,5,SMB,0,New,25.0,4,6882.71970445956,1.3333333333333333,17.2067992611489,0,0
CUST_1890,35,Monthly,584.9251456577236,1,6.0,0,Enterprise,0,Mid-Tenure,6.0,1,20472.380098020327,0.027777777777777776,0.0,1,1
CUST_1891,20,Monthly,1072.9366801488109,3,15.0,0,SMB,1,Mid-Tenure,15.0,3,21458.733602976215,0.14285714285714285,0.0,0,1
CUST_1892,10,Multi-Year,4019.154214482136,4,8.0,2,SMB,0,New,8.0,4,40191.54214482136,0.36363636363636365,8.038308428964273,0,0
CUST_1893,25,Multi-Year,4855.862504841146,2,0.0,0,SMB,0,Mid-Tenure,0.0,2,121396.56262102864,0.07692307692307693,0.0,0,0
CUST_1894,66,Monthly,1940.249097749652,4,11.0,0,Enterprise,0,Loyal,11.0,4,128056.44045147703,0.05970149253731343,0.0,1,1
CUST_1895,25,Monthly,667.3133072356918,1,29.0,0,SMB,0,Mid-Tenure,29.0,1,16682.832680892294,0.038461538461538464,0.0,0,1
CUST_1896,54,Multi-Year,2123.8997089106188,4,1.0,0,SMB,0,Loyal,1.0,4,114690.58428117342,0.07272727272727272,0.0,0,0
CUST_1897,33,Multi-Year,578.6065862555118,1,26.0,0,Enterprise,0,Mid-Tenure,26.0,1,19094.01734643189,0.029411764705882353,0.0,1,0
CUST_1898,36,Annual,1365.678915181111,0,21.0,0,Enterprise,0,Mid-Tenure,21.0,0,49164.44094652,0.0,0.0,1,0
CUST_1899,14,Annual,3886.124067741823,3,17.0,0,SMB,0,Mid-Tenure,17.0,3,54405.73694838552,0.2,0.0,0,0
CUST_1900,65,Monthly,4716.897791479232,2,13.0,5,SMB,0,Loyal,13.0,2,306598.3564461501,0.030303030303030304,23.584488957396164,0,1
CUST_1901,54,Multi-Year,893.52087965999,6,11.0,5,Enterprise,0,Loyal,11.0,6,48250.12750163946,0.10909090909090909,4.46760439829995,1,0
CUST_1902,52,Annual,3010.5535046472914,4,17.0,2,Enterprise,0,Loyal,17.0,4,156548.78224165915,0.07547169811320754,6.021107009294583,1,0
CUST_1903,3,Annual,1642.4638075581438,3,4.0,0,SMB,0,New,4.0,3,4927.391422674431,0.75,0.0,0,0
CUST_1904,41,Monthly,1125.7660660726829,2,6.0,0,SMB,0,Loyal,6.0,2,46156.408708979994,0.047619047619047616,0.0,0,1
CUST_1905,6,Multi-Year,1485.4110345120089,0,3.0,2,SMB,0,New,3.0,0,8912.466207072053,0.0,2.9708220690240177,0,0
CUST_1906,25,Annual,3099.9338037396838,2,12.0,10,SMB,0,Mid-Tenure,12.0,2,77498.3450934921,0.07692307692307693,30.99933803739684,0,0
CUST_1907,13,Monthly,793.1052564978247,5,15.0,0,SMB,1,Mid-Tenure,15.0,5,10310.368334471721,0.35714285714285715,0.0,0,1
CUST_1908,8,Annual,2453.983682757879,1,21.0,0,SMB,0,New,21.0,1,19631.86946206303,0.1111111111111111,0.0,0,0
CUST_1909,21,Annual,1108.5253292982377,2,27.0,0,SMB,0,Mid-Tenure,27.0,2,23279.031915262993,0.09090909090909091,0.0,0,0
CUST_1910,68,Annual,1727.0467357751666,3,15.0,0,SMB,0,Loyal,15.0,3,117439.17803271132,0.043478260869565216,0.0,0,0
CUST_1911,25,Annual,1358.3944838446876,2,18.0,0,SMB,0,Mid-Tenure,18.0,2,33959.86209611719,0.07692307692307693,0.0,0,0
CUST_1912,68,Annual,4473.389749239037,2,3.0,10,SMB,0,Loyal,3.0,2,304190.5029482545,0.028985507246376812,44.733897492390376,0,0
CUST_1913,45,Multi-Year,3686.050988920803,2,19.0,0,SMB,0,Loyal,19.0,2,165872.29450143612,0.043478260869565216,0.0,0,0
CUST_1914,60,Monthly,4408.081605263617,5,19.0,0,SMB,1,Loyal,19.0,5,264484.896315817,0.08196721311475409,0.0,0,1
CUST_1915,12,Monthly,2225.582755464616,2,27.0,10,Enterprise,0,New,27.0,2,26706.993065575392,0.15384615384615385,22.255827554646164,1,1
CUST_1916,32,Monthly,1910.3601418415155,0,0.0,0,SMB,1,Mid-Tenure,0.0,0,61131.5245389285,0.0,0.0,0,1
CUST_1917,13,Annual,2212.6423770399515,2,12.0,5,SMB,0,Mid-Tenure,12.0,2,28764.35090151937,0.14285714285714285,11.063211885199758,0,0
CUST_1918,31,Annual,583.4668807598337,2,19.0,0,SMB,0,Mid-Tenure,19.0,2,18087.47330355484,0.0625,0.0,0,0
CUST_1919,20,Multi-Year,3761.169238168512,2,19.0,10,SMB,1,Mid-Tenure,19.0,2,75223.38476337024,0.09523809523809523,37.61169238168512,0,0
CUST_1920,18,Annual,2073.9760560278523,3,21.0,0,SMB,0,Mid-Tenure,21.0,3,37331.56900850134,0.15789473684210525,0.0,0,0
CUST_1921,60,Annual,1909.9571160955625,5,8.0,10,SMB,1,Loyal,8.0,5,114597.42696573374,0.08196721311475409,19.099571160955623,0,0
CUST_1922,63,Multi-Year,3191.634794167398,2,9.0,0,SMB,0,Loyal,9.0,2,201072.99203254608,0.03125,0.0,0,0
CUST_1923,6,Monthly,2463.124602694174,3,5.0,0,SMB,0,New,5.0,3,14778.747616165045,0.42857142857142855,0.0,0,1
CUST_1924,32,Multi-Year,4913.795157007543,3,21.0,0,SMB,0,Mid-Tenure,21.0,3,157241.44502424137,0.09090909090909091,0.0,0,0
CUST_1925,43,Monthly,2103.138693044606,2,6.0,0,SMB,0,Loyal,6.0,2,90434.96380091806,0.045454545454545456,0.0,0,1
CUST_1926,2,Annual,3262.5312899356104,3,22.0,0,Enterprise,0,New,22.0,3,6525.062579871221,1.0,0.0,1,0
CUST_1927,60,Annual,1902.4299527434328,2,15.0,10,Enterprise,0,Loyal,15.0,2,114145.79716460596,0.03278688524590164,19.024299527434327,1,0
CUST_1928,23,Annual,4957.677410947956,1,16.0,0,SMB,0,Mid-Tenure,16.0,1,114026.58045180298,0.041666666666666664,0.0,0,0
CUST_1929,31,Monthly,2502.9996562405768,3,23.0,0,Enterprise,0,Mid-Tenure,23.0,3,77592.98934345788,0.09375,0.0,1,1
CUST_1930,5,Monthly,3353.5796489006134,3,0.0,0,Enterprise,0,New,0.0,3,16767.898244503067,0.5,0.0,1,1
CUST_1931,34,Annual,1070.2475192870468,3,8.0,2,SMB,0,Mid-Tenure,8.0,3,36388.41565575959,0.08571428571428572,2.1404950385740937,0,0
CUST_1932,10,Multi-Year,3798.6089668864615,0,29.0,0,SMB,0,New,29.0,0,37986.08966886462,0.0,0.0,0,0
CUST_1933,2,Monthly,1711.445260440299,1,13.0,10,Enterprise,0,New,13.0,1,3422.890520880598,0.3333333333333333,17.11445260440299,1,1
CUST_1934,11,Multi-Year,2518.7596377335235,3,14.0,0,SMB,0,New,14.0,3,27706.35601506876,0.25,0.0,0,0
CUST_1935,50,Monthly,4474.0987804735605,3,3.0,0,SMB,0,Loyal,3.0,3,223704.93902367802,0.058823529411764705,0.0,0,1
CUST_1936,31,Annual,4867.486316982956,0,24.0,0,Enterprise,0,Mid-Tenure,24.0,0,150892.07582647164,0.0,0.0,1,0
CUST_1937,56,Annual,2410.5744582816064,3,7.0,2,SMB,0,Loyal,7.0,3,134992.16966376995,0.05263157894736842,4.821148916563213,0,0
CUST_1938,9,Annual,4256.612005795249,1,24.0,0,Enterprise,0,New,24.0,1,38309.508052157245,0.1,0.0,1,0
CUST_1939,21,Multi-Year,740.0704754743733,2,14.0,2,Enterprise,0,Mid-Tenure,14.0,2,15541.47998496184,0.09090909090909091,1.4801409509487466,1,0
CUST_1940,28,Annual,4314.083134056182,3,29.0,0,SMB,0,Mid-Tenure,29.0,3,120794.32775357309,0.10344827586206896,0.0,0,0
CUST_1941,62,Annual,3332.796449686924,4,21.0,0,SMB,0,Loyal,21.0,4,206633.3798805893,0.06349206349206349,0.0,0,0
CUST_1942,7,Monthly,2699.177757762209,1,24.0,10,SMB,0,New,24.0,1,18894.24430433546,0.125,26.991777577622088,0,1
CUST_1943,16,Monthly,4504.836673117615,4,3.0,0,SMB,0,Mid-Tenure,3.0,4,72077.38676988184,0.23529411764705882,0.0,0,1
CUST_1944,4,Monthly,4304.017501278862,5,18.0,0,SMB,1,New,18.0,5,17216.07000511545,1.0,0.0,0,1
CUST_1945,4,Annual,1836.252931791074,6,2.0,2,SMB,0,New,2.0,6,7345.011727164296,1.2,3.6725058635821477,0,0
CUST_1946,40,Monthly,4061.697720551409,4,7.0,0,SMB,0,Loyal,7.0,4,162467.90882205637,0.0975609756097561,0.0,0,1
CUST_1947,17,Monthly,947.7092014806768,1,1.0,0,SMB,0,Mid-Tenure,1.0,1,16111.056425171506,0.05555555555555555,0.0,0,1
CUST_1948,52,Monthly,4202.437709603166,0,27.0,0,SMB,0,Loyal,27.0,0,218526.76089936463,0.0,0.0,0,1
CUST_1949,52,Monthly,3539.550281104627,2,21.0,15,SMB,0,Loyal,21.0,2,184056.61461744062,0.03773584905660377,53.09325421656941,0,1
CUST_1950,36,Monthly,895.3984891937423,2,24.0,5,Enterprise,0,Mid-Tenure,24.0,2,32234.345610974724,0.05405405405405406,4.476992445968712,1,1
CUST_1951,38,Multi-Year,3573.860780633609,0,24.0,0,SMB,0,Loyal,24.0,0,135806.70966407715,0.0,0.0,0,0
CUST_1952,50,Annual,3112.336745043666,3,7.0,0,SMB,0,Loyal,7.0,3,155616.8372521833,0.058823529411764705,0.0,0,0
CUST_1953,63,Annual,3175.4754551527017,2,7.0,0,Enterprise,0,Loyal,7.0,2,200054.9536746202,0.03125,0.0,1,0
CUST_1954,63,Annual,1808.8877080836437,3,16.0,5,SMB,0,Loyal,16.0,3,113959.92560926956,0.046875,9.044438540418218,0,0
CUST_1955,62,Monthly,1699.2374000578038,4,15.0,0,SMB,0,Loyal,15.0,4,105352.71880358383,0.06349206349206349,0.0,0,1
CUST_1956,7,Multi-Year,3931.40800424309,1,15.0,2,SMB,0,New,15.0,1,27519.85602970163,0.125,7.86281600848618,0,0
CUST_1957,27,Monthly,1655.660664577576,2,15.0,0,SMB,1,Mid-Tenure,15.0,2,44702.83794359455,0.07142857142857142,0.0,0,1
CUST_1958,14,Monthly,2508.180133144544,2,26.0,0,SMB,0,Mid-Tenure,26.0,2,35114.52186402361,0.13333333333333333,0.0,0,1
CUST_1959,71,Annual,3626.5504936945313,1,6.0,0,SMB,0,Loyal,6.0,1,257485.0850523117,0.013888888888888888,0.0,0,0
CUST_1960,5,Monthly,858.27313097347,5,29.0,0,SMB,1,New,29.0,5,4291.36565486735,0.8333333333333334,0.0,0,1
CUST_1961,55,Annual,3175.467721752457,4,14.0,2,SMB,0,Loyal,14.0,4,174650.72469638512,0.07142857142857142,6.3509354435049135,0,0
CUST_1962,2,Monthly,3152.193676916528,3,16.0,2,SMB,0,New,16.0,3,6304.387353833056,1.0,6.304387353833056,0,1
CUST_1963,62,Annual,3579.0291989961147,2,24.0,0,SMB,0,Loyal,24.0,2,221899.81033775912,0.031746031746031744,0.0,0,0
CUST_1964,21,Monthly,2164.676428875464,3,2.0,0,SMB,0,Mid-Tenure,2.0,3,45458.20500638474,0.13636363636363635,0.0,0,1
CUST_1965,21,Monthly,2520.4089832872787,2,0.0,5,SMB,0,Mid-Tenure,0.0,2,52928.588649032856,0.09090909090909091,12.602044916436393,0,1
CUST_1966,10,Annual,1984.8619127511213,3,7.0,0,Enterprise,0,New,7.0,3,19848.619127511214,0.2727272727272727,0.0,1,0
CUST_1967,58,Monthly,4136.757112349491,4,6.0,0,SMB,0,Loyal,6.0,4,239931.91251627047,0.06779661016949153,0.0,0,1
CUST_1968,39,Monthly,1087.7484201625962,2,17.0,0,SMB,0,Loyal,17.0,2,42422.18838634125,0.05,0.0,0,1
CUST_1969,5,Monthly,4833.292791088985,3,29.0,5,SMB,0,New,29.0,3,24166.463955444924,0.5,24.166463955444925,0,1
CUST_1970,65,Annual,3356.762701906478,1,22.0,0,Enterprise,0,Loyal,22.0,1,218189.57562392106,0.015151515151515152,0.0,1,0
CUST_1971,13,Annual,4491.080259764792,2,4.0,5,SMB,0,Mid-Tenure,4.0,2,58384.04337694229,0.14285714285714285,22.455401298823958,0,0
CUST_1972,53,Monthly,2418.041562191439,2,14.0,2,SMB,0,Loyal,14.0,2,128156.20279614626,0.037037037037037035,4.836083124382878,0,1
CUST_1973,45,Multi-Year,1995.255816763985,0,6.0,2,SMB,0,Loyal,6.0,0,89786.51175437932,0.0,3.99051163352797,0,0
CUST_1974,32,Multi-Year,4553.2661455579255,6,9.0,15,SMB,1,Mid-Tenure,9.0,6,145704.51665785362,0.18181818181818182,68.29899218336888,0,0
CUST_1975,36,Annual,944.9286299433624,2,15.0,2,SMB,0,Mid-Tenure,15.0,2,34017.43067796104,0.05405405405405406,1.8898572598867247,0,0
CUST_1976,60,Annual,1026.9825417737502,3,27.0,0,Enterprise,0,Loyal,27.0,3,61618.95250642501,0.04918032786885246,0.0,1,0
CUST_1977,11,Monthly,1847.060494181048,3,22.0,0,SMB,1,New,22.0,3,20317.665435991526,0.25,0.0,0,1
CUST_1978,63,Annual,4818.987417948433,1,1.0,0,SMB,0,Loyal,1.0,1,303596.2073307513,0.015625,0.0,0,0
CUST_1979,21,Monthly,3348.8087443929817,1,17.0,0,SMB,0,Mid-Tenure,17.0,1,70324.98363225261,0.045454545454545456,0.0,0,1
CUST_1980,52,Monthly,2993.871634769292,1,14.0,0,SMB,0,Loyal,14.0,1,155681.3250080032,0.018867924528301886,0.0,0,1
CUST_1981,55,Multi-Year,3674.103513599393,1,22.0,0,SMB,0,Loyal,22.0,1,202075.6932479666,0.017857142857142856,0.0,0,0
CUST_1982,26,Annual,2378.635502351748,1,18.0,0,SMB,0,Mid-Tenure,18.0,1,61844.523061145446,0.037037037037037035,0.0,0,0
CUST_1983,68,Monthly,3911.330756393597,7,19.0,0,SMB,0,Loyal,19.0,7,265970.4914347646,0.10144927536231885,0.0,0,1
CUST_1984,34,Monthly,2269.538140877949,5,13.0,5,SMB,0,Mid-Tenure,13.0,5,77164.29678985027,0.14285714285714285,11.347690704389745,0,1
CUST_1985,52,Annual,4218.63433185409,3,22.0,2,SMB,0,Loyal,22.0,3,219368.9852564127,0.05660377358490566,8.437268663708181,0,0
CUST_1986,52,Monthly,1702.8278693442703,3,29.0,10,SMB,1,Loyal,29.0,3,88547.04920590206,0.05660377358490566,17.0282786934427,0,1
CUST_1987,29,Monthly,1748.959966841109,2,1.0,0,SMB,1,Mid-Tenure,1.0,2,50719.83903839216,0.06666666666666667,0.0,0,1
CUST_1988,38,Monthly,2850.7248744203084,2,28.0,0,SMB,0,Loyal,28.0,2,108327.54522797171,0.05128205128205128,0.0,0,1
CUST_1989,42,Monthly,2438.425212627808,1,17.0,0,Enterprise,0,Loyal,17.0,1,102413.85893036793,0.023255813953488372,0.0,1,1
CUST_1990,21,Annual,3416.5212992811294,3,8.0,0,SMB,0,Mid-Tenure,8.0,3,71746.94728490371,0.13636363636363635,0.0,0,0
CUST_1991,42,Monthly,2139.308396031105,2,26.0,0,SMB,0,Loyal,26.0,2,89850.95263330641,0.046511627906976744,0.0,0,1
CUST_1992,13,Annual,1537.4779208166508,0,0.0,0,Enterprise,0,Mid-Tenure,0.0,0,19987.21297061646,0.0,0.0,1,0
CUST_1993,64,Monthly,2614.1385329730547,3,15.0,0,SMB,0,Loyal,15.0,3,167304.8661102755,0.046153846153846156,0.0,0,1
CUST_1994,17,Annual,3024.3042477371578,3,11.0,2,Enterprise,0,Mid-Tenure,11.0,3,51413.17221153168,0.16666666666666666,6.048608495474316,1,0
CUST_1995,9,Multi-Year,1141.7002422336068,1,11.0,2,SMB,0,New,11.0,1,10275.30218010246,0.1,2.2834004844672138,0,0
CUST_1996,41,Annual,3005.233815799244,2,18.0,0,SMB,0,Loyal,18.0,2,123214.586447769,0.047619047619047616,0.0,0,0
CUST_1997,1,Multi-Year,1936.655173615536,4,9.0,0,SMB,0,New,9.0,4,1936.655173615536,2.0,0.0,0,0
CUST_1998,2,Multi-Year,2266.033481908285,2,19.0,0,SMB,0,New,19.0,2,4532.06696381657,0.6666666666666666,0.0,0,0
CUST_1999,60,Monthly,1756.9315807847656,1,4.0,0,SMB,0,Loyal,4.0,1,105415.89484708593,0.01639344262295082,0.0,0,1
CUST_2000,48,Annual,4691.346475068769,4,2.0,10,Enterprise,0,Loyal,2.0,4,225184.6308033009,0.08163265306122448,46.913464750687695,1,0
CUST_2001,29,Multi-Year,3575.0132657609624,2,8.0,5,SMB,0,Mid-Tenure,8.0,2,103675.3847070679,0.06666666666666667,17.875066328804813,0,0
CUST_2002,10,Monthly,1681.0714013030752,2,20.0,0,SMB,1,New,20.0,2,16810.714013030753,0.18181818181818182,0.0,0,1
CUST_2003,58,Monthly,3402.641005483776,4,22.0,0,SMB,0,Loyal,22.0,4,197353.178318059,0.06779661016949153,0.0,0,1
CUST_2004,60,Multi-Year,4318.575843119208,0,14.0,0,SMB,0,Loyal,14.0,0,259114.55058715248,0.0,0.0,0,0
CUST_2005,21,Annual,2307.335937497459,1,13.0,0,SMB,0,Mid-Tenure,13.0,1,48454.05468744664,0.045454545454545456,0.0,0,0
CUST_2006,28,Monthly,4234.80879120282,1,10.0,10,SMB,1,Mid-Tenure,10.0,1,118574.64615367897,0.034482758620689655,42.348087912028205,0,1
CUST_2007,34,Monthly,1194.8672495299656,3,12.0,2,SMB,0,Mid-Tenure,12.0,3,40625.48648401883,0.08571428571428572,2.3897344990599314,0,1
CUST_2008,8,Annual,4202.516141897757,3,6.0,0,SMB,0,New,6.0,3,33620.129135182055,0.3333333333333333,0.0,0,0
CUST_2009,59,Annual,2931.3240920256485,6,26.0,0,Enterprise,0,Loyal,26.0,6,172948.12142951327,0.1,0.0,1,0
CUST_2010,49,Annual,1503.3851960449194,2,24.0,2,Enterprise,0,Loyal,24.0,2,73665.87460620105,0.04,3.0067703920898388,1,0
CUST_2011,17,Annual,2332.1362305016014,4,1.0,0,SMB,0,Mid-Tenure,1.0,4,39646.31591852722,0.2222222222222222,0.0,0,0
CUST_2012,60,Annual,4945.968466009776,1,2.0,0,SMB,0,Loyal,2.0,1,296758.1079605866,0.01639344262295082,0.0,0,0
CUST_2013,45,Annual,4026.002074890918,2,19.0,0,SMB,0,Loyal,19.0,2,181170.09337009132,0.043478260869565216,0.0,0,0
CUST_2014,69,Annual,3087.888626233019,2,7.0,0,Enterprise,0,Loyal,7.0,2,213064.3152100783,0.02857142857142857,0.0,1,0
CUST_2015,32,Annual,1018.2376035703652,1,0.0,0,SMB,0,Mid-Tenure,0.0,1,32583.603314251686,0.030303030303030304,0.0,0,0
CUST_2016,44,Annual,2380.152123056751,3,24.0,0,SMB,0,Loyal,24.0,3,104726.69341449704,0.06666666666666667,0.0,0,0
CUST_2017,65,Monthly,1683.7318130537178,8,20.0,0,SMB,0,Loyal,20.0,8,109442.56784849166,0.12121212121212122,0.0,0,1
CUST_2018,8,Monthly,819.5048577742562,3,3.0,0,SMB,0,New,3.0,3,6556.038862194049,0.3333333333333333,0.0,0,1
CUST_2019,43,Multi-Year,2939.9197492369176,4,12.0,0,Enterprise,0,Loyal,12.0,4,126416.54921718745,0.09090909090909091,0.0,1,0
CUST_2020,1,Monthly,4501.335649283943,2,23.0,2,SMB,0,New,23.0,2,4501.335649283943,1.0,9.002671298567886,0,1
CUST_2021,51,Monthly,3540.199406783563,2,13.0,0,SMB,0,Loyal,13.0,2,180550.16974596173,0.038461538461538464,0.0,0,1
CUST_2022,24,Monthly,1623.5617459123002,2,8.0,2,SMB,1,Mid-Tenure,8.0,2,38965.481901895204,0.08,3.2471234918246004,0,1
CUST_2023,24,Multi-Year,3081.1307312920508,2,2.0,0,SMB,0,Mid-Tenure,2.0,2,73947.13755100922,0.08,0.0,0,0
CUST_2024,17,Monthly,4744.55427506136,5,13.0,0,SMB,1,Mid-Tenure,13.0,5,80657.42267604312,0.2777777777777778,0.0,0,1
CUST_2025,5,Monthly,3753.117738153209,2,3.0,2,Enterprise,0,New,3.0,2,18765.588690766046,0.3333333333333333,7.506235476306418,1,1
CUST_2026,20,Monthly,3602.632547330438,5,16.0,0,Enterprise,1,Mid-Tenure,16.0,5,72052.65094660876,0.23809523809523808,0.0,1,1
CUST_2027,21,Annual,4856.711748023823,3,14.0,0,Enterprise,0,Mid-Tenure,14.0,3,101990.94670850028,0.13636363636363635,0.0,1,0
CUST_2028,58,Monthly,4094.929900328112,3,11.0,0,SMB,0,Loyal,11.0,3,237505.9342190305,0.05084745762711865,0.0,0,1
CUST_2029,31,Monthly,1114.8059439443846,4,13.0,0,SMB,1,Mid-Tenure,13.0,4,34558.984262275924,0.125,0.0,0,1
CUST_2030,11,Monthly,2064.357891392906,5,18.0,2,Enterprise,1,New,18.0,5,22707.936805321966,0.4166666666666667,4.128715782785812,1,1
CUST_2031,52,Multi-Year,4843.133153319587,2,9.0,0,SMB,0,Loyal,9.0,2,251842.92397261853,0.03773584905660377,0.0,0,0
CUST_2032,15,Monthly,2703.67427389099,1,4.0,0,SMB,0,Mid-Tenure,4.0,1,40555.114108364854,0.0625,0.0,0,1
CUST_2033,7,Monthly,1002.3685039453342,2,28.0,0,SMB,0,New,28.0,2,7016.579527617339,0.25,0.0,0,1
CUST_2034,28,Annual,2563.7219585255384,2,23.0,0,Enterprise,0,Mid-Tenure,23.0,2,71784.21483871508,0.06896551724137931,0.0,1,0
CUST_2035,51,Multi-Year,3636.469553318603,2,29.0,2,SMB,0,Loyal,29.0,2,185459.94721924877,0.038461538461538464,7.272939106637207,0,0
CUST_2036,58,Annual,4988.966997565585,3,16.0,0,SMB,0,Loyal,16.0,3,289360.08585880394,0.05084745762711865,0.0,0,0
CUST_2037,5,Multi-Year,1957.5739245344084,1,16.0,0,SMB,0,New,16.0,1,9787.869622672042,0.16666666666666666,0.0,0,0
CUST_2038,5,Multi-Year,2813.390936956732,2,2.0,0,Enterprise,0,New,2.0,2,14066.95468478366,0.3333333333333333,0.0,1,0
CUST_2039,8,Monthly,4458.563170924072,2,15.0,0,Enterprise,1,New,15.0,2,35668.50536739258,0.2222222222222222,0.0,1,1
CUST_2040,64,Annual,2098.702481258001,2,24.0,0,SMB,0,Loyal,24.0,2,134316.95880051207,0.03076923076923077,0.0,0,0
CUST_2041,10,Monthly,991.6770046588576,1,8.0,0,SMB,0,New,8.0,1,9916.770046588575,0.09090909090909091,0.0,0,1
CUST_2042,38,Annual,4770.211437506768,2,16.0,0,SMB,0,Loyal,16.0,2,181268.03462525716,0.05128205128205128,0.0,0,0
CUST_2043,8,Monthly,2697.9836302107506,5,19.0,2,SMB,1,New,19.0,5,21583.869041686004,0.5555555555555556,5.395967260421501,0,1
CUST_2044,25,Monthly,2762.526698473873,3,11.0,2,Enterprise,0,Mid-Tenure,11.0,3,69063.16746184682,0.11538461538461539,5.5250533969477456,1,1
CUST_2045,66,Multi-Year,3295.40065071882,3,23.0,0,SMB,0,Loyal,23.0,3,217496.44294744212,0.04477611940298507,0.0,0,0
CUST_2046,50,Monthly,515.9148066645107,6,1.0,0,SMB,1,Loyal,1.0,6,25795.740333225534,0.11764705882352941,0.0,0,1
CUST_2047,67,Multi-Year,4690.090290059821,2,19.0,0,SMB,0,Loyal,19.0,2,314236.049434008,0.029411764705882353,0.0,0,0
CUST_2048,49,Monthly,2126.5298814854377,6,15.0,0,SMB,0,Loyal,15.0,6,104199.96419278644,0.12,0.0,0,1
CUST_2049,36,Monthly,2286.193380729569,2,22.0,5,SMB,0,Mid-Tenure,22.0,2,82302.96170626448,0.05405405405405406,11.430966903647844,0,1
CUST_2050,68,Multi-Year,1283.4916138995573,3,22.0,10,Enterprise,1,Loyal,22.0,3,87277.4297451699,0.043478260869565216,12.834916138995574,1,0
CUST_2051,41,Annual,2201.6822598160747,1,20.0,0,SMB,0,Loyal,20.0,1,90268.97265245907,0.023809523809523808,0.0,0,0
CUST_2052,62,Annual,4117.745888492234,2,22.0,0,SMB,0,Loyal,22.0,2,255300.24508651852,0.031746031746031744,0.0,0,0
CUST_2053,10,Monthly,4099.962526499907,1,5.0,0,SMB,0,New,5.0,1,40999.625264999064,0.09090909090909091,0.0,0,1
CUST_2054,21,Annual,4711.0857840295375,3,1.0,0,Enterprise,0,Mid-Tenure,1.0,3,98932.8014646203,0.13636363636363635,0.0,1,0
CUST_2055,36,Annual,2314.532627063581,4,8.0,0,Enterprise,0,Mid-Tenure,8.0,4,83323.17457428892,0.10810810810810811,0.0,1,0
CUST_2056,12,Annual,3689.2467668686295,5,4.0,0,SMB,0,New,4.0,5,44270.961202423554,0.38461538461538464,0.0,0,0
CUST_2057,2,Monthly,2782.568998434007,3,17.0,0,SMB,1,New,17.0,3,5565.137996868014,1.0,0.0,0,1
CUST_2058,13,Multi-Year,4118.10255283609,2,21.0,0,SMB,0,Mid-Tenure,21.0,2,53535.33318686917,0.14285714285714285,0.0,0,0
CUST_2059,53,Annual,3706.439041098486,4,25.0,0,SMB,0,Loyal,25.0,4,196441.26917821975,0.07407407407407407,0.0,0,0
CUST_2060,32,Multi-Year,2155.5631637882407,4,20.0,0,SMB,0,Mid-Tenure,20.0,4,68978.0212412237,0.12121212121212122,0.0,0,0
CUST_2061,16,Annual,2015.032254141616,4,17.0,2,Enterprise,1,Mid-Tenure,17.0,4,32240.516066265856,0.23529411764705882,4.030064508283232,1,0
CUST_2062,32,Annual,1635.991083625854,2,28.0,2,SMB,1,Mid-Tenure,28.0,2,52351.714676027324,0.06060606060606061,3.271982167251708,0,0
CUST_2063,32,Monthly,3094.3210571988698,2,9.0,15,Enterprise,0,Mid-Tenure,9.0,2,99018.27383036383,0.06060606060606061,46.41481585798305,1,1
CUST_2064,11,Monthly,4837.292832172368,0,9.0,0,SMB,0,New,9.0,0,53210.221153896055,0.0,0.0,0,1
CUST_2065,10,Multi-Year,1400.300319279047,2,22.0,0,SMB,0,New,22.0,2,14003.003192790471,0.18181818181818182,0.0,0,0
CUST_2066,15,Monthly,928.6360470694636,1,9.0,0,SMB,0,Mid-Tenure,9.0,1,13929.540706041955,0.0625,0.0,0,1
CUST_2067,17,Monthly,1037.3028893434112,3,28.0,2,SMB,0,Mid-Tenure,28.0,3,17634.149118837988,0.16666666666666666,2.074605778686822,0,1
CUST_2068,40,Monthly,4023.944043125675,2,17.0,0,SMB,0,Loyal,17.0,2,160957.761725027,0.04878048780487805,0.0,0,1
CUST_2069,18,Monthly,2075.4716192805367,4,15.0,0,SMB,0,Mid-Tenure,15.0,4,37358.48914704966,0.21052631578947367,0.0,0,1
CUST_2070,55,Multi-Year,1509.650724615709,3,22.0,0,SMB,0,Loyal,22.0,3,83030.78985386399,0.05357142857142857,0.0,0,0
CUST_2071,25,Multi-Year,2087.79853268075,2,29.0,15,SMB,0,Mid-Tenure,29.0,2,52194.96331701876,0.07692307692307693,31.316977990211253,0,0
CUST_2072,59,Monthly,3403.988657732848,4,5.0,5,Enterprise,0,Loyal,5.0,4,200835.33080623802,0.06666666666666667,17.01994328866424,1,1
CUST_2073,22,Monthly,2960.5420617272766,1,11.0,0,Enterprise,0,Mid-Tenure,11.0,1,65131.92535800009,0.043478260869565216,0.0,1,1
CUST_2074,30,Annual,3846.1523293455166,3,27.0,5,SMB,0,Mid-Tenure,27.0,3,115384.5698803655,0.0967741935483871,19.230761646727583,0,0
CUST_2075,44,Annual,2025.8336681679932,4,3.0,0,Enterprise,0,Loyal,3.0,4,89136.6813993917,0.08888888888888889,0.0,1,0
CUST_2076,32,Multi-Year,2534.1285805910843,1,19.0,0,SMB,0,Mid-Tenure,19.0,1,81092.1145789147,0.030303030303030304,0.0,0,0
CUST_2077,51,Annual,958.8576603331558,2,15.0,2,SMB,0,Loyal,15.0,2,48901.74067699094,0.038461538461538464,1.9177153206663116,0,0
CUST_2078,46,Monthly,828.7639071475165,2,27.0,0,SMB,0,Loyal,27.0,2,38123.13972878576,0.0425531914893617,0.0,0,1
CUST_2079,21,Annual,2580.148592798452,5,21.0,0,Enterprise,1,Mid-Tenure,21.0,5,54183.120448767484,0.22727272727272727,0.0,1,0
CUST_2080,32,Multi-Year,1857.184733506656,4,24.0,5,SMB,0,Mid-Tenure,24.0,4,59429.91147221299,0.12121212121212122,9.285923667533279,0,0
CUST_2081,39,Annual,3257.602574612589,1,25.0,0,SMB,0,Loyal,25.0,1,127046.50040989096,0.025,0.0,0,0
CUST_2082,12,Annual,693.5097445005736,3,21.0,15,SMB,0,New,21.0,3,8322.116934006883,0.23076923076923078,10.402646167508603,0,0
CUST_2083,47,Monthly,1047.9486991980443,3,21.0,0,SMB,0,Loyal,21.0,3,49253.58886230808,0.0625,0.0,0,1
CUST_2084,18,Annual,4393.358649978778,2,10.0,0,SMB,0,Mid-Tenure,10.0,2,79080.455699618,0.10526315789473684,0.0,0,0
CUST_2085,21,Annual,3048.4022968359704,4,0.0,0,SMB,0,Mid-Tenure,0.0,4,64016.44823355538,0.18181818181818182,0.0,0,0
CUST_2086,13,Monthly,3704.245401610522,3,4.0,5,SMB,1,Mid-Tenure,4.0,3,48155.19022093678,0.21428571428571427,18.52122700805261,0,1
CUST_2087,21,Monthly,4288.874534182831,1,16.0,0,SMB,1,Mid-Tenure,16.0,1,90066.36521783944,0.045454545454545456,0.0,0,1
CUST_2088,8,Monthly,2587.254543275235,1,10.0,0,SMB,0,New,10.0,1,20698.03634620188,0.1111111111111111,0.0,0,1
CUST_2089,46,Monthly,3924.7717278536425,1,13.0,0,SMB,0,Loyal,13.0,1,180539.49948126756,0.02127659574468085,0.0,0,1
CUST_2090,7,Monthly,2860.63510583086,0,8.0,2,SMB,1,New,8.0,0,20024.44574081602,0.0,5.72127021166172,0,1
CUST_2091,23,Monthly,1502.3694662316675,3,9.0,0,SMB,0,Mid-Tenure,9.0,3,34554.49772332835,0.125,0.0,0,1
CUST_2092,22,Annual,2019.452759604228,3,3.0,0,SMB,0,Mid-Tenure,3.0,3,44427.96071129302,0.13043478260869565,0.0,0,0
CUST_2093,22,Monthly,2706.576984750474,4,1.0,0,SMB,1,Mid-Tenure,1.0,4,59544.69366451043,0.17391304347826086,0.0,0,1
CUST_2094,29,Monthly,1925.9849847752184,2,24.0,0,SMB,0,Mid-Tenure,24.0,2,55853.56455848133,0.06666666666666667,0.0,0,1
CUST_2095,13,Multi-Year,2009.8746110745424,5,5.0,0,Enterprise,0,Mid-Tenure,5.0,5,26128.36994396905,0.35714285714285715,0.0,1,0
CUST_2096,2,Annual,2018.267740619449,2,29.0,0,SMB,0,New,29.0,2,4036.535481238898,0.6666666666666666,0.0,0,0
CUST_2097,29,Annual,1052.7799048569689,4,26.0,5,SMB,0,Mid-Tenure,26.0,4,30530.617240852098,0.13333333333333333,5.263899524284844,0,0
CUST_2098,52,Monthly,880.8917324551312,3,28.0,0,Enterprise,0,Loyal,28.0,3,45806.37008766682,0.05660377358490566,0.0,1,1
CUST_2099,27,Annual,709.2321786108695,2,25.0,0,SMB,0,Mid-Tenure,25.0,2,19149.268822493475,0.07142857142857142,0.0,0,0
CUST_2100,50,Monthly,999.3031746545156,4,2.0,0,SMB,0,Loyal,2.0,4,49965.15873272578,0.0784313725490196,0.0,0,1
CUST_2101,23,Multi-Year,2046.681914610281,3,12.0,10,Enterprise,0,Mid-Tenure,12.0,3,47073.68403603646,0.125,20.46681914610281,1,0
CUST_2102,44,Monthly,3172.423126023757,4,11.0,0,SMB,0,Loyal,11.0,4,139586.6175450453,0.08888888888888889,0.0,0,1
CUST_2103,22,Annual,1346.6611724423403,2,17.0,2,SMB,0,Mid-Tenure,17.0,2,29626.545793731486,0.08695652173913043,2.6933223448846806,0,0
CUST_2104,43,Monthly,4496.039807011871,4,5.0,5,SMB,0,Loyal,5.0,4,193329.71170151044,0.09090909090909091,22.480199035059353,0,1
CUST_2105,37,Annual,4137.720940577523,4,9.0,0,SMB,0,Loyal,9.0,4,153095.67480136835,0.10526315789473684,0.0,0,0
CUST_2106,61,Annual,2842.3720076412365,4,5.0,0,SMB,0,Loyal,5.0,4,173384.69246611543,0.06451612903225806,0.0,0,0
CUST_2107,56,Monthly,3758.94423866012,1,29.0,0,SMB,0,Loyal,29.0,1,210500.87736496673,0.017543859649122806,0.0,0,1
CUST_2108,3,Monthly,2148.4783611444127,3,27.0,2,Enterprise,0,New,27.0,3,6445.435083433238,0.75,4.296956722288825,1,1
CUST_2109,63,Annual,665.5000672989046,3,27.0,2,Enterprise,0,Loyal,27.0,3,41926.50423983099,0.046875,1.331000134597809,1,0
CUST_2110,19,Multi-Year,4569.497813896429,4,24.0,2,SMB,0,Mid-Tenure,24.0,4,86820.45846403216,0.2,9.138995627792857,0,0
CUST_2111,23,Multi-Year,1075.070697160199,2,4.0,0,Enterprise,0,Mid-Tenure,4.0,2,24726.626034684577,0.08333333333333333,0.0,1,0
CUST_2112,29,Monthly,4765.718058708431,3,26.0,0,SMB,1,Mid-Tenure,26.0,3,138205.8237025445,0.1,0.0,0,1
CUST_2113,30,Monthly,3073.4716471974957,0,14.0,0,SMB,0,Mid-Tenure,14.0,0,92204.14941592487,0.0,0.0,0,1
CUST_2114,39,Multi-Year,1875.0337745964348,3,14.0,0,Enterprise,0,Loyal,14.0,3,73126.31720926096,0.075,0.0,1,0
CUST_2115,25,Annual,2729.860804903301,3,11.0,0,SMB,0,Mid-Tenure,11.0,3,68246.52012258253,0.11538461538461539,0.0,0,0
CUST_2116,8,Annual,2757.334140153924,3,8.0,0,SMB,0,New,8.0,3,22058.673121231393,0.3333333333333333,0.0,0,0
CUST_2117,58,Multi-Year,604.7918574916185,3,12.0,0,SMB,0,Loyal,12.0,3,35077.927734513876,0.05084745762711865,0.0,0,0
CUST_2118,16,Multi-Year,2099.569333478624,3,15.0,0,SMB,0,Mid-Tenure,15.0,3,33593.10933565798,0.17647058823529413,0.0,0,0
CUST_2119,1,Annual,3829.396097943129,2,20.0,0,SMB,0,New,20.0,2,3829.396097943129,1.0,0.0,0,0
CUST_2120,5,Monthly,2795.3113502781857,0,1.0,5,SMB,1,New,1.0,0,13976.556751390928,0.0,13.976556751390929,0,1
CUST_2121,3,Monthly,1599.0355265431288,4,16.0,0,Enterprise,0,New,16.0,4,4797.106579629386,1.0,0.0,1,1
CUST_2122,65,Annual,2007.994370166248,2,8.0,2,SMB,0,Loyal,8.0,2,130519.63406080611,0.030303030303030304,4.015988740332496,0,0
CUST_2123,4,Monthly,4383.7447690217705,3,25.0,0,SMB,0,New,25.0,3,17534.979076087082,0.6,0.0,0,1
CUST_2124,64,Monthly,2864.973515676033,3,22.0,0,SMB,0,Loyal,22.0,3,183358.3050032661,0.046153846153846156,0.0,0,1
CUST_2125,10,Monthly,2877.584551480562,3,18.0,0,SMB,0,New,18.0,3,28775.84551480562,0.2727272727272727,0.0,0,1
CUST_2126,21,Monthly,4826.603565729545,4,27.0,0,Enterprise,0,Mid-Tenure,27.0,4,101358.67488032045,0.18181818181818182,0.0,1,1
CUST_2127,46,Annual,1943.9662956648951,1,5.0,0,Enterprise,0,Loyal,5.0,1,89422.44960058518,0.02127659574468085,0.0,1,0
CUST_2128,27,Annual,2657.935062978028,3,25.0,5,SMB,0,Mid-Tenure,25.0,3,71764.24670040676,0.10714285714285714,13.28967531489014,0,0
CUST_2129,66,Monthly,4152.711189743753,4,3.0,0,SMB,0,Loyal,3.0,4,274078.93852308765,0.05970149253731343,0.0,0,1
CUST_2130,41,Monthly,3915.1051199916337,2,29.0,0,Enterprise,0,Loyal,29.0,2,160519.30991965698,0.047619047619047616,0.0,1,1
CUST_2131,13,Multi-Year,1696.0973986790266,0,24.0,0,SMB,0,Mid-Tenure,24.0,0,22049.266182827345,0.0,0.0,0,0
CUST_2132,9,Monthly,1179.9097142242365,3,14.0,0,SMB,1,New,14.0,3,10619.18742801813,0.3,0.0,0,1
CUST_2133,36,Annual,3653.170592843157,3,17.0,0,SMB,0,Mid-Tenure,17.0,3,131514.14134235366,0.08108108108108109,0.0,0,0
CUST_2134,58,Multi-Year,1659.4527956323764,2,29.0,0,Enterprise,0,Loyal,29.0,2,96248.26214667782,0.03389830508474576,0.0,1,0
CUST_2135,54,Monthly,4652.041228359085,6,26.0,0,SMB,1,Loyal,26.0,6,251210.2263313906,0.10909090909090909,0.0,0,1
CUST_2136,12,Annual,1081.6146229515175,3,11.0,0,SMB,0,New,11.0,3,12979.37547541821,0.23076923076923078,0.0,0,0
CUST_2137,14,Multi-Year,1932.4184006064943,2,11.0,0,SMB,0,Mid-Tenure,11.0,2,27053.857608490922,0.13333333333333333,0.0,0,0
CUST_2138,34,Monthly,746.5426111621119,3,19.0,0,SMB,0,Mid-Tenure,19.0,3,25382.448779511808,0.08571428571428572,0.0,0,1
CUST_2139,53,Annual,3664.873880885201,1,16.0,0,Enterprise,0,Loyal,16.0,1,194238.31568691565,0.018518518518518517,0.0,1,0
CUST_2140,20,Monthly,4510.681920119292,4,6.0,0,SMB,0,Mid-Tenure,6.0,4,90213.63840238584,0.19047619047619047,0.0,0,1
CUST_2141,16,Monthly,3361.4353729895315,2,29.0,2,SMB,0,Mid-Tenure,29.0,2,53782.965967832504,0.11764705882352941,6.722870745979063,0,1
CUST_2142,70,Multi-Year,4719.888569801677,3,19.0,0,SMB,0,Loyal,19.0,3,330392.19988611736,0.04225352112676056,0.0,0,0
CUST_2143,56,Multi-Year,1078.2679032554431,3,4.0,0,Enterprise,0,Loyal,4.0,3,60383.00258230481,0.05263157894736842,0.0,1,0
CUST_2144,58,Annual,894.8026726821452,3,11.0,0,SMB,0,Loyal,11.0,3,51898.555015564416,0.05084745762711865,0.0,0,0
CUST_2145,4,Monthly,4272.857290253169,2,16.0,2,SMB,0,New,16.0,2,17091.429161012675,0.4,8.545714580506337,0,1
CUST_2146,4,Monthly,4349.800289239285,0,1.0,5,SMB,0,New,1.0,0,17399.20115695714,0.0,21.749001446196424,0,1
CUST_2147,20,Annual,4239.677871982077,1,27.0,0,SMB,0,Mid-Tenure,27.0,1,84793.55743964153,0.047619047619047616,0.0,0,0
CUST_2148,10,Monthly,4095.342061401856,5,3.0,0,Enterprise,0,New,3.0,5,40953.420614018556,0.45454545454545453,0.0,1,1
CUST_2149,24,Annual,2130.0276377239707,3,1.0,0,Enterprise,0,Mid-Tenure,1.0,3,51120.663305375296,0.12,0.0,1,0
CUST_2150,26,Annual,1478.579376161245,2,13.0,0,SMB,0,Mid-Tenure,13.0,2,38443.063780192366,0.07407407407407407,0.0,0,0
CUST_2151,37,Annual,4679.618089990056,1,13.0,0,SMB,0,Loyal,13.0,1,173145.86932963209,0.02631578947368421,0.0,0,0
CUST_2152,54,Annual,1881.500822817503,4,12.0,0,SMB,0,Loyal,12.0,4,101601.04443214517,0.07272727272727272,0.0,0,0
CUST_2153,21,Monthly,2292.834569738145,3,16.0,0,SMB,1,Mid-Tenure,16.0,3,48149.525964501045,0.13636363636363635,0.0,0,1
CUST_2154,38,Monthly,3648.015317532349,1,25.0,0,SMB,0,Loyal,25.0,1,138624.58206622925,0.02564102564102564,0.0,0,1
CUST_2155,46,Monthly,1820.102359972944,2,16.0,2,SMB,0,Loyal,16.0,2,83724.70855875542,0.0425531914893617,3.640204719945888,0,1
CUST_2156,4,Annual,4186.085997024506,1,21.0,0,Enterprise,0,New,21.0,1,16744.343988098022,0.2,0.0,1,0
CUST_2157,60,Annual,815.1558063430157,2,17.0,0,Enterprise,0,Loyal,17.0,2,48909.34838058094,0.03278688524590164,0.0,1,0
CUST_2158,57,Annual,4060.322003250205,3,2.0,0,Enterprise,0,Loyal,2.0,3,231438.35418526168,0.05172413793103448,0.0,1,0
CUST_2159,45,Annual,3208.3309517801185,2,20.0,10,SMB,0,Loyal,20.0,2,144374.89283010532,0.043478260869565216,32.08330951780118,0,0
CUST_2160,20,Multi-Year,3078.471398511168,2,15.0,0,Enterprise,0,Mid-Tenure,15.0,2,61569.42797022336,0.09523809523809523,0.0,1,0
CUST_2161,17,Monthly,2562.696676123973,3,18.0,0,SMB,0,Mid-Tenure,18.0,3,43565.84349410754,0.16666666666666666,0.0,0,1
CUST_2162,71,Monthly,1746.7051832754007,3,5.0,2,SMB,0,Loyal,5.0,3,124016.06801255346,0.041666666666666664,3.4934103665508016,0,1
CUST_2163,4,Monthly,2588.3162844405647,0,22.0,0,Enterprise,0,New,22.0,0,10353.265137762259,0.0,0.0,1,1
CUST_2164,14,Annual,2525.1283040840926,2,25.0,0,Enterprise,0,Mid-Tenure,25.0,2,35351.796257177295,0.13333333333333333,0.0,1,0
CUST_2165,3,Monthly,3126.893849523815,1,5.0,0,Enterprise,1,New,5.0,1,9380.681548571445,0.25,0.0,1,1
CUST_2166,58,Multi-Year,1767.084286349886,2,17.0,2,Enterprise,0,Loyal,17.0,2,102490.88860829339,0.03389830508474576,3.5341685726997722,1,0
CUST_2167,55,Annual,849.1801188926706,5,8.0,10,SMB,0,Loyal,8.0,5,46704.90653909688,0.08928571428571429,8.491801188926708,0,0
CUST_2168,4,Multi-Year,1152.9025098761222,3,17.0,2,SMB,0,New,17.0,3,4611.610039504489,0.6,2.305805019752244,0,0
CUST_2169,24,Multi-Year,3646.298441577078,5,5.0,10,Enterprise,1,Mid-Tenure,5.0,5,87511.16259784988,0.2,36.46298441577078,1,0
CUST_2170,34,Monthly,601.2154833599323,3,8.0,0,SMB,0,Mid-Tenure,8.0,3,20441.326434237697,0.08571428571428572,0.0,0,1
CUST_2171,30,Monthly,4353.993700904435,3,24.0,5,SMB,0,Mid-Tenure,24.0,3,130619.81102713305,0.0967741935483871,21.76996850452218,0,1
CUST_2172,19,Annual,3624.78797365961,6,17.0,0,Enterprise,0,Mid-Tenure,17.0,6,68870.97149953259,0.3,0.0,1,0
CUST_2173,31,Monthly,3956.3894358847233,2,24.0,5,Enterprise,0,Mid-Tenure,24.0,2,122648.07251242643,0.0625,19.781947179423614,1,1
CUST_2174,60,Monthly,4261.930020920637,3,15.0,0,SMB,0,Loyal,15.0,3,255715.8012552382,0.04918032786885246,0.0,0,1
CUST_2175,60,Annual,1052.1969976858152,4,23.0,2,Enterprise,0,Loyal,23.0,4,63131.81986114891,0.06557377049180328,2.1043939953716304,1,0
CUST_2176,19,Monthly,4201.029909365298,4,29.0,0,SMB,1,Mid-Tenure,29.0,4,79819.56827794066,0.2,0.0,0,1
CUST_2177,49,Annual,2770.8909694657536,2,22.0,0,Enterprise,0,Loyal,22.0,2,135773.65750382192,0.04,0.0,1,0
CUST_2178,63,Annual,4484.857274389387,7,12.0,0,SMB,0,Loyal,12.0,7,282546.00828653143,0.109375,0.0,0,0
CUST_2179,22,Monthly,4489.639704771545,2,10.0,0,SMB,0,Mid-Tenure,10.0,2,98772.073504974,0.08695652173913043,0.0,0,1
CUST_2180,24,Monthly,608.8011968937659,3,7.0,0,Enterprise,1,Mid-Tenure,7.0,3,14611.228725450383,0.12,0.0,1,1
CUST_2181,30,Monthly,2222.893469675925,4,25.0,15,Enterprise,0,Mid-Tenure,25.0,4,66686.80409027776,0.12903225806451613,33.34340204513888,1,1
CUST_2182,58,Annual,2868.7945813937304,2,23.0,0,Enterprise,0,Loyal,23.0,2,166390.08572083636,0.03389830508474576,0.0,1,0
CUST_2183,31,Monthly,3552.6204040230587,1,16.0,5,Enterprise,1,Mid-Tenure,16.0,1,110131.23252471481,0.03125,17.763102020115294,1,1
CUST_2184,64,Multi-Year,1787.8381100786028,4,8.0,15,SMB,0,Loyal,8.0,4,114421.63904503058,0.06153846153846154,26.81757165117904,0,0
CUST_2185,19,Monthly,1634.6401729909353,3,5.0,0,SMB,0,Mid-Tenure,5.0,3,31058.16328682777,0.15,0.0,0,1
CUST_2186,48,Monthly,2215.695735900713,2,0.0,0,Enterprise,0,Loyal,0.0,2,106353.39532323422,0.04081632653061224,0.0,1,1
CUST_2187,45,Monthly,2754.224112874525,1,0.0,0,Enterprise,0,Loyal,0.0,1,123940.08507935362,0.021739130434782608,0.0,1,1
CUST_2188,55,Monthly,4780.15804132436,5,12.0,0,SMB,0,Loyal,12.0,5,262908.6922728398,0.08928571428571429,0.0,0,1
CUST_2189,55,Monthly,3929.488100138469,0,6.0,0,SMB,0,Loyal,6.0,0,216121.84550761577,0.0,0.0,0,1
CUST_2190,18,Annual,2431.945251219674,1,9.0,0,SMB,0,Mid-Tenure,9.0,1,43775.01452195413,0.05263157894736842,0.0,0,0
CUST_2191,63,Annual,744.647802980827,3,17.0,0,SMB,0,Loyal,17.0,3,46912.8115877921,0.046875,0.0,0,0
CUST_2192,47,Monthly,1258.342664646917,1,5.0,0,Enterprise,1,Loyal,5.0,1,59142.1052384051,0.020833333333333332,0.0,1,1
CUST_2193,57,Monthly,2551.659909437377,1,12.0,0,SMB,0,Loyal,12.0,1,145444.61483793048,0.017241379310344827,0.0,0,1
CUST_2194,45,Annual,4162.216550444169,2,4.0,0,SMB,0,Loyal,4.0,2,187299.74476998762,0.043478260869565216,0.0,0,0
CUST_2195,33,Annual,2213.1299105480475,5,20.0,5,Enterprise,1,Mid-Tenure,20.0,5,73033.28704808556,0.14705882352941177,11.065649552740236,1,0
CUST_2196,17,Monthly,2923.2349283527687,5,25.0,0,SMB,1,Mid-Tenure,25.0,5,49694.993781997066,0.2777777777777778,0.0,0,1
CUST_2197,70,Multi-Year,4513.12198738296,3,14.0,0,Enterprise,0,Loyal,14.0,3,315918.53911680717,0.04225352112676056,0.0,1,0
CUST_2198,4,Monthly,4612.08316741983,4,11.0,0,SMB,0,New,11.0,4,18448.33266967932,0.8,0.0,0,1
CUST_2199,20,Annual,1470.9874839921022,3,21.0,2,SMB,0,Mid-Tenure,21.0,3,29419.749679842043,0.14285714285714285,2.9419749679842044,0,0
CUST_2200,47,Monthly,696.1771480666747,4,29.0,0,SMB,0,Loyal,29.0,4,32720.325959133712,0.08333333333333333,0.0,0,1
CUST_2201,15,Monthly,1874.3473893718167,4,10.0,0,SMB,0,Mid-Tenure,10.0,4,28115.21084057725,0.25,0.0,0,1
CUST_2202,70,Multi-Year,3631.1104167160106,0,7.0,0,SMB,0,Loyal,7.0,0,254177.72917012073,0.0,0.0,0,0
CUST_2203,47,Monthly,4780.0049043932,2,4.0,5,Enterprise,0,Loyal,4.0,2,224660.2305064804,0.041666666666666664,23.900024521966003,1,1
CUST_2204,9,Annual,846.6439999285126,2,7.0,5,SMB,0,New,7.0,2,7619.795999356613,0.2,4.233219999642563,0,0
CUST_2205,16,Monthly,628.1771474717218,2,4.0,0,SMB,1,Mid-Tenure,4.0,2,10050.834359547549,0.11764705882352941,0.0,0,1
CUST_2206,69,Annual,4478.662458435749,3,9.0,2,Enterprise,0,Loyal,9.0,3,309027.70963206666,0.04285714285714286,8.957324916871498,1,0
CUST_2207,61,Multi-Year,3866.653710964136,1,14.0,0,SMB,0,Loyal,14.0,1,235865.87636881229,0.016129032258064516,0.0,0,0
CUST_2208,10,Monthly,4965.118606200089,3,5.0,0,Enterprise,1,New,5.0,3,49651.18606200089,0.2727272727272727,0.0,1,1
CUST_2209,50,Multi-Year,2285.5679665954394,3,23.0,0,SMB,0,Loyal,23.0,3,114278.39832977197,0.058823529411764705,0.0,0,0
CUST_2210,3,Annual,2372.229073115462,3,17.0,0,SMB,0,New,17.0,3,7116.687219346386,0.75,0.0,0,0
CUST_2211,70,Annual,1275.403267838523,3,22.0,2,SMB,0,Loyal,22.0,3,89278.22874869662,0.04225352112676056,2.5508065356770464,0,0
CUST_2212,51,Annual,1021.3121866880232,1,2.0,10,SMB,0,Loyal,2.0,1,52086.921521089185,0.019230769230769232,10.213121866880233,0,0
CUST_2213,19,Multi-Year,3104.231047656071,1,8.0,0,SMB,1,Mid-Tenure,8.0,1,58980.38990546535,0.05,0.0,0,0
CUST_2214,42,Monthly,2139.2825058267463,3,9.0,0,SMB,0,Loyal,9.0,3,89849.86524472335,0.06976744186046512,0.0,0,1
CUST_2215,35,Monthly,861.4240157536028,2,6.0,0,SMB,0,Mid-Tenure,6.0,2,30149.8405513761,0.05555555555555555,0.0,0,1
CUST_2216,46,Multi-Year,4491.441812854939,5,18.0,0,Enterprise,0,Loyal,18.0,5,206606.32339132717,0.10638297872340426,0.0,1,0
CUST_2217,26,Annual,1392.6041071219988,2,23.0,5,Enterprise,0,Mid-Tenure,23.0,2,36207.70678517197,0.07407407407407407,6.963020535609994,1,0
CUST_2218,69,Monthly,3868.629561515898,1,25.0,5,SMB,0,Loyal,25.0,1,266935.43974459695,0.014285714285714285,19.343147807579488,0,1
CUST_2219,64,Annual,1770.0286825315002,4,1.0,0,SMB,0,Loyal,1.0,4,113281.83568201601,0.06153846153846154,0.0,0,0
CUST_2220,37,Annual,4158.071738387596,5,25.0,0,SMB,0,Loyal,25.0,5,153848.65432034107,0.13157894736842105,0.0,0,0
CUST_2221,49,Monthly,1032.7857864244434,2,27.0,2,SMB,0,Loyal,27.0,2,50606.503534797725,0.04,2.065571572848887,0,1
CUST_2222,21,Monthly,3902.322245997927,0,7.0,0,Enterprise,1,Mid-Tenure,7.0,0,81948.76716595647,0.0,0.0,1,1
CUST_2223,64,Annual,941.534932552306,2,6.0,10,SMB,0,Loyal,6.0,2,60258.235683347586,0.03076923076923077,9.41534932552306,0,0
CUST_2224,5,Monthly,2511.121045356245,2,27.0,0,SMB,0,New,27.0,2,12555.605226781225,0.3333333333333333,0.0,0,1
CUST_2225,70,Annual,3803.019577698221,3,4.0,0,SMB,0,Loyal,4.0,3,266211.37043887546,0.04225352112676056,0.0,0,0
CUST_2226,4,Multi-Year,1279.4827153410529,2,3.0,0,SMB,0,New,3.0,2,5117.9308613642115,0.4,0.0,0,0
CUST_2227,39,Monthly,1785.4924498102534,4,10.0,0,Enterprise,0,Loyal,10.0,4,69634.20554259988,0.1,0.0,1,1
CUST_2228,35,Monthly,4391.451464414889,2,25.0,0,SMB,0,Mid-Tenure,25.0,2,153700.80125452112,0.05555555555555555,0.0,0,1
CUST_2229,1,Monthly,4483.036944084407,3,27.0,0,SMB,1,New,27.0,3,4483.036944084407,1.5,0.0,0,1
CUST_2230,24,Monthly,702.209536037268,2,29.0,2,SMB,0,Mid-Tenure,29.0,2,16853.028864894433,0.08,1.404419072074536,0,1
CUST_2231,57,Annual,1256.4076340883887,1,9.0,0,SMB,0,Loyal,9.0,1,71615.23514303815,0.017241379310344827,0.0,0,0
CUST_2232,70,Monthly,1028.6237312278654,3,0.0,0,SMB,0,Loyal,0.0,3,72003.66118595058,0.04225352112676056,0.0,0,1
CUST_2233,41,Annual,1308.6189259308635,3,28.0,5,Enterprise,0,Loyal,28.0,3,53653.3759631654,0.07142857142857142,6.543094629654317,1,0
CUST_2234,54,Monthly,4865.844759378227,1,3.0,2,SMB,1,Loyal,3.0,1,262755.61700642423,0.01818181818181818,9.731689518756454,0,1
CUST_2235,46,Monthly,2982.448619557054,3,21.0,0,SMB,0,Loyal,21.0,3,137192.63649962447,0.06382978723404255,0.0,0,1
CUST_2236,60,Monthly,2606.505757047171,2,5.0,2,SMB,0,Loyal,5.0,2,156390.34542283026,0.03278688524590164,5.213011514094342,0,1
CUST_2237,60,Monthly,4930.103178916773,4,17.0,10,SMB,1,Loyal,17.0,4,295806.19073500636,0.06557377049180328,49.30103178916772,0,1
CUST_2238,57,Monthly,3006.3025843733094,5,24.0,0,Enterprise,0,Loyal,24.0,5,171359.24730927864,0.08620689655172414,0.0,1,1
CUST_2239,31,Monthly,3475.0306730548605,3,12.0,0,SMB,0,Mid-Tenure,12.0,3,107725.95086470067,0.09375,0.0,0,1
CUST_2240,24,Multi-Year,1997.467457221311,1,12.0,0,SMB,0,Mid-Tenure,12.0,1,47939.218973311465,0.04,0.0,0,0
CUST_2241,36,Annual,2219.516890292833,0,0.0,0,SMB,0,Mid-Tenure,0.0,0,79902.608050542,0.0,0.0,0,0
CUST_2242,30,Monthly,3174.8422271408285,2,3.0,0,SMB,0,Mid-Tenure,3.0,2,95245.26681422486,0.06451612903225806,0.0,0,1
CUST_2243,24,Monthly,814.0360280020914,3,3.0,0,Enterprise,0,Mid-Tenure,3.0,3,19536.864672050193,0.12,0.0,1,1
CUST_2244,30,Monthly,1651.4729872014882,5,17.0,5,SMB,0,Mid-Tenure,17.0,5,49544.18961604465,0.16129032258064516,8.257364936007441,0,1
CUST_2245,7,Monthly,1385.652872571382,5,23.0,0,SMB,1,New,23.0,5,9699.570107999674,0.625,0.0,0,1
CUST_2246,35,Monthly,571.5202691300162,4,26.0,0,SMB,0,Mid-Tenure,26.0,4,20003.209419550567,0.1111111111111111,0.0,0,1
CUST_2247,55,Monthly,2916.055717341899,3,17.0,2,SMB,1,Loyal,17.0,3,160383.06445380443,0.05357142857142857,5.832111434683798,0,1
CUST_2248,14,Monthly,3024.737777857456,5,17.0,0,SMB,1,Mid-Tenure,17.0,5,42346.328890004384,0.3333333333333333,0.0,0,1
CUST_2249,10,Monthly,2227.7265036676654,4,14.0,0,Enterprise,0,New,14.0,4,22277.265036676654,0.36363636363636365,0.0,1,1
CUST_2250,16,Monthly,1709.273612591559,2,17.0,0,SMB,1,Mid-Tenure,17.0,2,27348.377801464943,0.11764705882352941,0.0,0,1
CUST_2251,54,Monthly,3434.269441975812,3,14.0,0,SMB,0,Loyal,14.0,3,185450.54986669385,0.05454545454545454,0.0,0,1
CUST_2252,70,Annual,1105.966226230056,1,16.0,10,SMB,0,Loyal,16.0,1,77417.63583610392,0.014084507042253521,11.059662262300561,0,0
CUST_2253,44,Monthly,2833.7676423590037,2,28.0,0,SMB,0,Loyal,28.0,2,124685.77626379617,0.044444444444444446,0.0,0,1
CUST_2254,45,Monthly,3956.3329361477895,3,4.0,2,SMB,1,Loyal,4.0,3,178034.98212665052,0.06521739130434782,7.912665872295579,0,1
CUST_2255,56,Annual,1239.3409277861251,2,10.0,0,Enterprise,0,Loyal,10.0,2,69403.09195602301,0.03508771929824561,0.0,1,0
CUST_2256,57,Multi-Year,3889.667923681184,3,15.0,2,Enterprise,0,Loyal,15.0,3,221711.0716498275,0.05172413793103448,7.779335847362368,1,0
CUST_2257,21,Multi-Year,3923.575291190291,1,19.0,0,SMB,0,Mid-Tenure,19.0,1,82395.08111499611,0.045454545454545456,0.0,0,0
CUST_2258,68,Annual,769.6699170370471,3,1.0,0,Enterprise,0,Loyal,1.0,3,52337.5543585192,0.043478260869565216,0.0,1,0
CUST_2259,50,Monthly,584.5294673923182,1,16.0,10,SMB,1,Loyal,16.0,1,29226.473369615913,0.0196078431372549,5.845294673923182,0,1
CUST_2260,33,Annual,4882.709326946877,2,0.0,0,SMB,0,Mid-Tenure,0.0,2,161129.40778924694,0.058823529411764705,0.0,0,0
CUST_2261,7,Annual,1370.2219677447122,3,17.0,0,SMB,0,New,17.0,3,9591.553774212985,0.375,0.0,0,0
CUST_2262,70,Monthly,4199.626440950464,2,16.0,0,SMB,0,Loyal,16.0,2,293973.8508665325,0.028169014084507043,0.0,0,1
CUST_2263,15,Annual,3028.327938703844,1,24.0,0,Enterprise,0,Mid-Tenure,24.0,1,45424.919080557665,0.0625,0.0,1,0
CUST_2264,32,Multi-Year,1690.1247089164856,2,17.0,5,SMB,0,Mid-Tenure,17.0,2,54083.99068532754,0.06060606060606061,8.450623544582427,0,0
CUST_2265,20,Monthly,1084.8669647846566,3,18.0,2,SMB,1,Mid-Tenure,18.0,3,21697.33929569313,0.14285714285714285,2.169733929569313,0,1
CUST_2266,15,Monthly,2735.047731099774,2,24.0,0,SMB,0,Mid-Tenure,24.0,2,41025.71596649661,0.125,0.0,0,1
CUST_2267,48,Monthly,2333.096652332524,2,4.0,5,SMB,0,Loyal,4.0,2,111988.63931196116,0.04081632653061224,11.66548326166262,0,1
CUST_2268,71,Monthly,3644.987383026805,3,29.0,0,SMB,0,Loyal,29.0,3,258794.10419490316,0.041666666666666664,0.0,0,1
CUST_2269,21,Monthly,4568.75847296477,3,12.0,0,Enterprise,0,Mid-Tenure,12.0,3,95943.92793226017,0.13636363636363635,0.0,1,1
CUST_2270,42,Annual,4123.616391335473,2,23.0,0,SMB,0,Loyal,23.0,2,173191.88843608988,0.046511627906976744,0.0,0,0
CUST_2271,26,Annual,1735.0342259216536,2,22.0,0,SMB,0,Mid-Tenure,22.0,2,45110.889873962995,0.07407407407407407,0.0,0,0
CUST_2272,14,Monthly,4455.199483035376,2,29.0,0,SMB,0,Mid-Tenure,29.0,2,62372.792762495264,0.13333333333333333,0.0,0,1
CUST_2273,57,Multi-Year,4250.260913470718,2,5.0,0,SMB,0,Loyal,5.0,2,242264.87206783093,0.034482758620689655,0.0,0,0
CUST_2274,37,Monthly,4681.113051747957,1,12.0,10,SMB,0,Loyal,12.0,1,173201.1829146744,0.02631578947368421,46.81113051747957,0,1
CUST_2275,58,Monthly,2563.9736946709445,4,17.0,0,SMB,0,Loyal,17.0,4,148710.47429091478,0.06779661016949153,0.0,0,1
CUST_2276,21,Annual,3958.588275842293,0,29.0,0,Enterprise,0,Mid-Tenure,29.0,0,83130.35379268815,0.0,0.0,1,0
CUST_2277,69,Annual,3162.461294856517,1,28.0,0,SMB,0,Loyal,28.0,1,218209.82934509966,0.014285714285714285,0.0,0,0
CUST_2278,3,Annual,1897.262386472675,4,3.0,0,SMB,0,New,3.0,4,5691.787159418025,1.0,0.0,0,0
CUST_2279,37,Multi-Year,4974.939511442435,2,8.0,0,SMB,0,Loyal,8.0,2,184072.7619233701,0.05263157894736842,0.0,0,0
CUST_2280,49,Annual,672.3836007784761,2,22.0,0,SMB,0,Loyal,22.0,2,32946.79643814533,0.04,0.0,0,0
CUST_2281,19,Multi-Year,1230.226576515836,2,2.0,0,SMB,0,Mid-Tenure,2.0,2,23374.304953800885,0.1,0.0,0,0
CUST_2282,12,Monthly,4516.440631393527,0,21.0,0,SMB,0,New,21.0,0,54197.28757672232,0.0,0.0,0,1
CUST_2283,61,Annual,772.5327953568508,1,23.0,2,SMB,0,Loyal,23.0,1,47124.5005167679,0.016129032258064516,1.5450655907137016,0,0
CUST_2284,41,Multi-Year,4490.693003045848,1,23.0,10,SMB,0,Loyal,23.0,1,184118.41312487976,0.023809523809523808,44.906930030458476,0,0
CUST_2285,33,Annual,3718.496642261904,3,7.0,0,SMB,0,Mid-Tenure,7.0,3,122710.38919464283,0.08823529411764706,0.0,0,0
CUST_2286,50,Monthly,665.0780242754404,4,12.0,0,SMB,0,Loyal,12.0,4,33253.90121377202,0.0784313725490196,0.0,0,1
CUST_2287,68,Annual,2431.940192843794,5,23.0,0,Enterprise,0,Loyal,23.0,5,165371.933113378,0.07246376811594203,0.0,1,0
CUST_2288,71,Annual,3895.121637510067,2,25.0,2,Enterprise,0,Loyal,25.0,2,276553.63626321475,0.027777777777777776,7.790243275020134,1,0
CUST_2289,33,Monthly,3123.9512808385984,2,21.0,0,Enterprise,0,Mid-Tenure,21.0,2,103090.39226767374,0.058823529411764705,0.0,1,1
CUST_2290,24,Multi-Year,4711.420813840061,7,10.0,0,SMB,0,Mid-Tenure,10.0,7,113074.09953216146,0.28,0.0,0,0
CUST_2291,61,Monthly,4404.398148103999,2,9.0,0,SMB,0,Loyal,9.0,2,268668.2870343439,0.03225806451612903,0.0,0,1
CUST_2292,61,Monthly,1996.914359003657,3,10.0,2,SMB,0,Loyal,10.0,3,121811.77589922308,0.04838709677419355,3.9938287180073138,0,1
CUST_2293,28,Multi-Year,880.8223798404065,5,2.0,0,SMB,0,Mid-Tenure,2.0,5,24663.02663553138,0.1724137931034483,0.0,0,0
CUST_2294,58,Monthly,4749.156678405431,2,24.0,0,Enterprise,1,Loyal,24.0,2,275451.087347515,0.03389830508474576,0.0,1,1
CUST_2295,43,Monthly,2827.7904549556697,2,13.0,0,SMB,0,Loyal,13.0,2,121594.9895630938,0.045454545454545456,0.0,0,1
CUST_2296,41,Annual,834.7893096737683,4,13.0,0,Enterprise,0,Loyal,13.0,4,34226.3616966245,0.09523809523809523,0.0,1,0
CUST_2297,39,Annual,4174.590260116758,2,29.0,2,Enterprise,0,Loyal,29.0,2,162809.02014455356,0.05,8.349180520233515,1,0
CUST_2298,49,Monthly,4408.27911808426,0,18.0,5,Enterprise,0,Loyal,18.0,0,216005.67678612872,0.0,22.0413955904213,1,1
CUST_2299,17,Multi-Year,3377.410880794569,1,27.0,2,Enterprise,0,Mid-Tenure,27.0,1,57415.98497350767,0.05555555555555555,6.754821761589138,1,0
CUST_2300,70,Annual,2513.79034558853,1,27.0,0,SMB,0,Loyal,27.0,1,175965.32419119708,0.014084507042253521,0.0,0,0
CUST_2301,70,Annual,3479.7785554560774,1,3.0,0,SMB,0,Loyal,3.0,1,243584.49888192542,0.014084507042253521,0.0,0,0
CUST_2302,65,Annual,3680.076630673056,3,25.0,0,SMB,0,Loyal,25.0,3,239204.98099374864,0.045454545454545456,0.0,0,0
CUST_2303,5,Annual,4518.634811386855,0,0.0,0,SMB,0,New,0.0,0,22593.174056934276,0.0,0.0,0,0
CUST_2304,2,Monthly,4801.377561686321,5,1.0,5,SMB,0,New,1.0,5,9602.755123372643,1.6666666666666667,24.006887808431607,0,1
CUST_2305,22,Monthly,2814.444195759101,4,5.0,0,SMB,0,Mid-Tenure,5.0,4,61917.77230670022,0.17391304347826086,0.0,0,1
CUST_2306,57,Annual,4093.2254008695313,1,29.0,0,Enterprise,0,Loyal,29.0,1,233313.8478495633,0.017241379310344827,0.0,1,0
CUST_2307,66,Multi-Year,4840.293001962447,5,12.0,15,SMB,0,Loyal,12.0,5,319459.3381295215,0.07462686567164178,72.60439502943672,0,0
CUST_2308,16,Monthly,1180.595021661347,4,13.0,15,SMB,1,Mid-Tenure,13.0,4,18889.52034658155,0.23529411764705882,17.708925324920205,0,1
CUST_2309,51,Annual,582.2059172435451,4,27.0,0,SMB,0,Loyal,27.0,4,29692.5017794208,0.07692307692307693,0.0,0,0
CUST_2310,39,Multi-Year,4410.336977817323,2,0.0,0,Enterprise,0,Loyal,0.0,2,172003.14213487558,0.05,0.0,1,0
CUST_2311,40,Monthly,1378.7299996122235,3,27.0,0,SMB,0,Loyal,27.0,3,55149.19998448894,0.07317073170731707,0.0,0,1
CUST_2312,38,Monthly,691.1544498431042,4,24.0,10,SMB,0,Loyal,24.0,4,26263.86909403796,0.10256410256410256,6.9115444984310415,0,1
CUST_2313,60,Monthly,1220.4326194585003,1,7.0,0,SMB,1,Loyal,7.0,1,73225.95716751002,0.01639344262295082,0.0,0,1
CUST_2314,59,Annual,2228.517100596962,2,17.0,15,Enterprise,0,Loyal,17.0,2,131482.50893522074,0.03333333333333333,33.42775650895443,1,0
CUST_2315,10,Monthly,1486.6956571666103,2,13.0,0,SMB,0,New,13.0,2,14866.956571666104,0.18181818181818182,0.0,0,1
CUST_2316,64,Monthly,1873.6413309519935,2,1.0,0,Enterprise,1,Loyal,1.0,2,119913.04518092758,0.03076923076923077,0.0,1,1
CUST_2317,63,Annual,4888.823231435208,2,23.0,0,SMB,0,Loyal,23.0,2,307995.8635804181,0.03125,0.0,0,0
CUST_2318,49,Annual,3669.824948731588,1,11.0,0,SMB,0,Loyal,11.0,1,179821.4224878478,0.02,0.0,0,0
CUST_2319,64,Monthly,3704.862777139418,1,26.0,10,SMB,1,Loyal,26.0,1,237111.21773692276,0.015384615384615385,37.04862777139418,0,1
CUST_2320,32,Monthly,926.0841862756528,4,23.0,0,Enterprise,0,Mid-Tenure,23.0,4,29634.69396082089,0.12121212121212122,0.0,1,1
CUST_2321,7,Annual,3794.4426642021126,6,0.0,0,SMB,0,New,0.0,6,26561.098649414787,0.75,0.0,0,0
CUST_2322,21,Multi-Year,3827.049498298872,5,29.0,0,Enterprise,0,Mid-Tenure,29.0,5,80368.03946427631,0.22727272727272727,0.0,1,0
CUST_2323,20,Multi-Year,3468.852582829845,3,20.0,2,SMB,0,Mid-Tenure,20.0,3,69377.0516565969,0.14285714285714285,6.93770516565969,0,0
CUST_2324,26,Annual,1527.9633319904378,6,14.0,0,SMB,0,Mid-Tenure,14.0,6,39727.046631751386,0.2222222222222222,0.0,0,0
CUST_2325,68,Monthly,2403.6628058698325,2,10.0,5,SMB,0,Loyal,10.0,2,163449.0707991486,0.028985507246376812,12.018314029349163,0,1
CUST_2326,15,Monthly,4308.244046013314,2,17.0,0,SMB,0,Mid-Tenure,17.0,2,64623.66069019971,0.125,0.0,0,1
CUST_2327,14,Monthly,3515.9073320328184,3,16.0,0,SMB,1,Mid-Tenure,16.0,3,49222.70264845946,0.2,0.0,0,1
CUST_2328,27,Monthly,3797.459757499561,4,2.0,0,Enterprise,1,Mid-Tenure,2.0,4,102531.41345248815,0.14285714285714285,0.0,1,1
CUST_2329,40,Annual,3143.18480056614,2,14.0,0,Enterprise,0,Loyal,14.0,2,125727.3920226456,0.04878048780487805,0.0,1,0
CUST_2330,58,Monthly,2523.139696003004,6,12.0,0,SMB,0,Loyal,12.0,6,146342.1023681742,0.1016949152542373,0.0,0,1
CUST_2331,28,Monthly,3915.734045301987,2,2.0,15,SMB,0,Mid-Tenure,2.0,2,109640.55326845564,0.06896551724137931,58.736010679529805,0,1
CUST_2332,26,Multi-Year,805.6661646483724,2,12.0,0,SMB,0,Mid-Tenure,12.0,2,20947.320280857683,0.07407407407407407,0.0,0,0
CUST_2333,63,Monthly,3529.2232975111883,1,25.0,0,Enterprise,0,Loyal,25.0,1,222341.06774320485,0.015625,0.0,1,1
CUST_2334,66,Monthly,4987.420285328056,2,8.0,0,Enterprise,0,Loyal,8.0,2,329169.7388316517,0.029850746268656716,0.0,1,1
CUST_2335,25,Monthly,4010.8636826061424,3,9.0,0,SMB,1,Mid-Tenure,9.0,3,100271.59206515356,0.11538461538461539,0.0,0,1
CUST_2336,3,Annual,1807.5358020985489,2,0.0,2,SMB,0,New,0.0,2,5422.607406295647,0.5,3.6150716041970976,0,0
CUST_2337,44,Annual,1750.187726174213,3,26.0,2,Enterprise,0,Loyal,26.0,3,77008.25995166537,0.06666666666666667,3.500375452348426,1,0
CUST_2338,42,Monthly,3502.4837476705648,2,1.0,0,SMB,0,Loyal,1.0,2,147104.31740216372,0.046511627906976744,0.0,0,1
CUST_2339,6,Annual,4531.344156538387,0,24.0,0,Enterprise,0,New,24.0,0,27188.064939230324,0.0,0.0,1,0
CUST_2340,39,Annual,3100.773833815293,1,13.0,0,SMB,0,Loyal,13.0,1,120930.17951879643,0.025,0.0,0,0
CUST_2341,52,Multi-Year,2873.3102922652624,4,4.0,0,SMB,0,Loyal,4.0,4,149412.13519779366,0.07547169811320754,0.0,0,0
CUST_2342,23,Multi-Year,1221.7286022965209,3,24.0,0,SMB,0,Mid-Tenure,24.0,3,28099.75785281998,0.125,0.0,0,0
CUST_2343,50,Multi-Year,3719.556299119175,2,21.0,2,SMB,0,Loyal,21.0,2,185977.81495595875,0.0392156862745098,7.43911259823835,0,0
CUST_2344,43,Annual,3660.343788370508,1,9.0,0,Enterprise,0,Loyal,9.0,1,157394.78289993183,0.022727272727272728,0.0,1,0
CUST_2345,19,Monthly,4851.281265502314,0,25.0,0,SMB,0,Mid-Tenure,25.0,0,92174.34404454398,0.0,0.0,0,1
CUST_2346,69,Monthly,1850.8648293754895,2,18.0,0,SMB,0,Loyal,18.0,2,127709.67322690878,0.02857142857142857,0.0,0,1
CUST_2347,51,Monthly,3904.004643653893,1,7.0,0,Enterprise,0,Loyal,7.0,1,199104.23682634853,0.019230769230769232,0.0,1,1
CUST_2348,11,Annual,2453.2936753893305,2,12.0,0,SMB,0,New,12.0,2,26986.230429282634,0.16666666666666666,0.0,0,0
CUST_2349,12,Multi-Year,3013.127562272607,1,8.0,0,SMB,0,New,8.0,1,36157.53074727129,0.07692307692307693,0.0,0,0
CUST_2350,8,Annual,4174.042350202511,2,17.0,5,SMB,0,New,17.0,2,33392.33880162009,0.2222222222222222,20.870211751012558,0,0
CUST_2351,24,Monthly,1498.97770258539,3,24.0,0,SMB,0,Mid-Tenure,24.0,3,35975.46486204936,0.12,0.0,0,1
CUST_2352,41,Annual,2042.9093278733671,3,3.0,0,SMB,0,Loyal,3.0,3,83759.28244280805,0.07142857142857142,0.0,0,0
CUST_2353,36,Multi-Year,3979.8890158891854,6,7.0,2,SMB,0,Mid-Tenure,7.0,6,143276.0045720107,0.16216216216216217,7.959778031778371,0,0
CUST_2354,55,Annual,3067.060618795374,1,4.0,2,SMB,0,Loyal,4.0,1,168688.33403374557,0.017857142857142856,6.134121237590748,0,0
CUST_2355,9,Multi-Year,915.903126072816,2,28.0,0,SMB,0,New,28.0,2,8243.128134655344,0.2,0.0,0,0
CUST_2356,47,Multi-Year,2435.8364005033086,1,5.0,0,SMB,0,Loyal,5.0,1,114484.3108236555,0.020833333333333332,0.0,0,0
CUST_2357,15,Multi-Year,3139.8499083785737,2,19.0,2,SMB,0,Mid-Tenure,19.0,2,47097.74862567861,0.125,6.279699816757147,0,0
CUST_2358,48,Annual,4592.827924002737,3,4.0,0,SMB,0,Loyal,4.0,3,220455.74035213137,0.061224489795918366,0.0,0,0
CUST_2359,42,Annual,1348.196224723874,2,27.0,0,SMB,0,Loyal,27.0,2,56624.24143840271,0.046511627906976744,0.0,0,0
CUST_2360,60,Monthly,4126.788357698673,3,0.0,0,SMB,0,Loyal,0.0,3,247607.3014619204,0.04918032786885246,0.0,0,1
CUST_2361,70,Monthly,1087.8101738446612,3,27.0,15,SMB,1,Loyal,27.0,3,76146.71216912629,0.04225352112676056,16.317152607669918,0,1
CUST_2362,12,Annual,1590.0604703411325,2,18.0,0,SMB,0,New,18.0,2,19080.72564409359,0.15384615384615385,0.0,0,0
CUST_2363,2,Monthly,1595.0474757055536,3,29.0,0,Enterprise,0,New,29.0,3,3190.094951411107,1.0,0.0,1,1
CUST_2364,7,Multi-Year,4448.656381589746,6,3.0,0,SMB,0,New,3.0,6,31140.594671128223,0.75,0.0,0,0
CUST_2365,3,Monthly,1395.579614067442,1,0.0,5,SMB,0,New,0.0,1,4186.738842202326,0.25,6.9778980703372095,0,1
CUST_2366,3,Multi-Year,4041.3232714343408,2,28.0,0,SMB,0,New,28.0,2,12123.969814303022,0.5,0.0,0,0
CUST_2367,27,Monthly,2578.1294030882896,2,18.0,2,SMB,0,Mid-Tenure,18.0,2,69609.49388338382,0.07142857142857142,5.156258806176579,0,1
CUST_2368,40,Monthly,4995.908455087899,3,3.0,0,Enterprise,0,Loyal,3.0,3,199836.33820351594,0.07317073170731707,0.0,1,1
CUST_2369,33,Multi-Year,4275.9117439344745,3,13.0,0,SMB,0,Mid-Tenure,13.0,3,141105.08754983766,0.08823529411764706,0.0,0,0
CUST_2370,1,Monthly,3828.664105015181,3,13.0,2,SMB,0,New,13.0,3,3828.664105015181,1.5,7.657328210030363,0,1
CUST_2371,8,Monthly,4418.26837993488,1,8.0,0,SMB,0,New,8.0,1,35346.14703947904,0.1111111111111111,0.0,0,1
CUST_2372,32,Monthly,3353.136766722651,1,18.0,5,SMB,0,Mid-Tenure,18.0,1,107300.37653512483,0.030303030303030304,16.765683833613252,0,1
CUST_2373,48,Annual,4296.43515437824,3,10.0,2,SMB,0,Loyal,10.0,3,206228.88741015556,0.061224489795918366,8.592870308756481,0,0
CUST_2374,4,Monthly,1675.0708131265517,3,15.0,10,Enterprise,1,New,15.0,3,6700.283252506207,0.6,16.75070813126552,1,1
CUST_2375,70,Annual,939.6644499548372,0,18.0,2,SMB,0,Loyal,18.0,0,65776.5114968386,0.0,1.8793288999096744,0,0
CUST_2376,19,Annual,3271.694031890009,3,3.0,5,SMB,0,Mid-Tenure,3.0,3,62162.18660591017,0.15,16.358470159450043,0,0
CUST_2377,32,Annual,2456.106766986137,4,8.0,0,SMB,0,Mid-Tenure,8.0,4,78595.41654355638,0.12121212121212122,0.0,0,0
CUST_2378,9,Annual,2418.9835788159435,3,24.0,0,Enterprise,0,New,24.0,3,21770.85220934349,0.3,0.0,1,0
CUST_2379,12,Annual,2870.365335935208,6,16.0,0,SMB,0,New,16.0,6,34444.38403122249,0.46153846153846156,0.0,0,0
CUST_2380,11,Monthly,2126.221752044941,1,14.0,0,Enterprise,0,New,14.0,1,23388.43927249435,0.08333333333333333,0.0,1,1
CUST_2381,46,Multi-Year,3317.267891492731,4,7.0,2,SMB,0,Loyal,7.0,4,152594.32300866564,0.0851063829787234,6.634535782985462,0,0
CUST_2382,16,Monthly,637.5576530643345,2,25.0,0,Enterprise,1,Mid-Tenure,25.0,2,10200.922449029353,0.11764705882352941,0.0,1,1
CUST_2383,1,Annual,4864.511038467935,4,12.0,0,Enterprise,0,New,12.0,4,4864.511038467935,2.0,0.0,1,0
CUST_2384,63,Monthly,4661.190464205067,0,0.0,2,SMB,0,Loyal,0.0,0,293654.9992449192,0.0,9.322380928410134,0,1
CUST_2385,21,Multi-Year,4708.715731618701,5,1.0,5,Enterprise,0,Mid-Tenure,1.0,5,98883.03036399273,0.22727272727272727,23.543578658093505,1,0
CUST_2386,30,Monthly,2142.5157301267327,4,9.0,2,SMB,1,Mid-Tenure,9.0,4,64275.47190380198,0.12903225806451613,4.285031460253466,0,1
CUST_2387,13,Monthly,2893.509309465949,0,26.0,2,SMB,0,Mid-Tenure,26.0,0,37615.62102305734,0.0,5.787018618931898,0,1
CUST_2388,34,Annual,4793.587713759089,4,20.0,0,SMB,0,Mid-Tenure,20.0,4,162981.982267809,0.11428571428571428,0.0,0,0
CUST_2389,4,Annual,4560.55725392414,3,26.0,5,SMB,0,New,26.0,3,18242.22901569656,0.6,22.8027862696207,0,0
CUST_2390,28,Monthly,4056.1001415551623,2,12.0,0,SMB,0,Mid-Tenure,12.0,2,113570.80396354455,0.06896551724137931,0.0,0,1
CUST_2391,59,Annual,2332.992154314166,3,10.0,15,SMB,0,Loyal,10.0,3,137646.5371045358,0.05,34.994882314712484,0,0
CUST_2392,27,Annual,3039.5265043197805,1,13.0,0,SMB,0,Mid-Tenure,13.0,1,82067.21561663407,0.03571428571428571,0.0,0,0
CUST_2393,69,Multi-Year,4068.1061339749135,3,15.0,2,Enterprise,0,Loyal,15.0,3,280699.323244269,0.04285714285714286,8.136212267949826,1,0
CUST_2394,25,Annual,1728.5539799301428,3,27.0,0,SMB,0,Mid-Tenure,27.0,3,43213.84949825357,0.11538461538461539,0.0,0,0
CUST_2395,3,Monthly,3319.022157026501,1,28.0,0,SMB,0,New,28.0,1,9957.066471079503,0.25,0.0,0,1
CUST_2396,68,Monthly,4225.704461833356,5,5.0,2,SMB,1,Loyal,5.0,5,287347.9034046682,0.07246376811594203,8.451408923666712,0,1
CUST_2397,25,Multi-Year,3683.546562798056,1,1.0,2,SMB,0,Mid-Tenure,1.0,1,92088.66406995141,0.038461538461538464,7.367093125596112,0,0
CUST_2398,20,Multi-Year,2657.662840359503,1,25.0,5,SMB,0,Mid-Tenure,25.0,1,53153.25680719006,0.047619047619047616,13.288314201797515,0,0
CUST_2399,34,Monthly,3130.7376179982125,4,4.0,0,Enterprise,0,Mid-Tenure,4.0,4,106445.07901193922,0.11428571428571428,0.0,1,1
CUST_2400,26,Monthly,4949.039944156073,1,18.0,0,SMB,0,Mid-Tenure,18.0,1,128675.0385480579,0.037037037037037035,0.0,0,1
CUST_2401,5,Annual,3208.945075912445,2,6.0,0,SMB,0,New,6.0,2,16044.725379562225,0.3333333333333333,0.0,0,0
CUST_2402,61,Monthly,4035.2798930838967,3,27.0,0,SMB,0,Loyal,27.0,3,246152.0734781177,0.04838709677419355,0.0,0,1
CUST_2403,9,Monthly,3769.721439699482,2,27.0,0,SMB,0,New,27.0,2,33927.49295729533,0.2,0.0,0,1
CUST_2404,50,Monthly,3656.7077698821354,1,16.0,2,SMB,0,Loyal,16.0,1,182835.38849410677,0.0196078431372549,7.313415539764271,0,1
CUST_2405,6,Monthly,3723.660748013196,2,4.0,0,SMB,0,New,4.0,2,22341.964488079175,0.2857142857142857,0.0,0,1
CUST_2406,60,Monthly,2544.8438807665875,2,11.0,2,SMB,0,Loyal,11.0,2,152690.63284599525,0.03278688524590164,5.089687761533175,0,1
CUST_2407,44,Annual,2633.720785331564,2,18.0,0,SMB,0,Loyal,18.0,2,115883.71455458882,0.044444444444444446,0.0,0,0
CUST_2408,11,Monthly,2605.38231812352,2,26.0,0,SMB,1,New,26.0,2,28659.20549935872,0.16666666666666666,0.0,0,1
CUST_2409,66,Monthly,649.6457324567364,1,17.0,0,SMB,0,Loyal,17.0,1,42876.618342144604,0.014925373134328358,0.0,0,1
CUST_2410,47,Monthly,1584.7939864954556,2,27.0,2,SMB,1,Loyal,27.0,2,74485.3173652864,0.041666666666666664,3.1695879729909113,0,1
CUST_2411,3,Monthly,1195.5380299244723,0,11.0,2,Enterprise,1,New,11.0,0,3586.6140897734167,0.0,2.3910760598489444,1,1
CUST_2412,30,Monthly,4489.002551287658,2,2.0,0,SMB,1,Mid-Tenure,2.0,2,134670.07653862974,0.06451612903225806,0.0,0,1
CUST_2413,21,Monthly,1737.3621490382704,1,25.0,0,SMB,1,Mid-Tenure,25.0,1,36484.60512980368,0.045454545454545456,0.0,0,1
CUST_2414,28,Annual,1122.991855094932,2,3.0,0,SMB,0,Mid-Tenure,3.0,2,31443.771942658095,0.06896551724137931,0.0,0,0
CUST_2415,62,Monthly,1038.9511935989822,2,14.0,2,Enterprise,0,Loyal,14.0,2,64414.97400313689,0.031746031746031744,2.0779023871979643,1,1
CUST_2416,33,Monthly,3649.954255484714,1,14.0,2,Enterprise,1,Mid-Tenure,14.0,1,120448.49043099556,0.029411764705882353,7.299908510969428,1,1
CUST_2417,35,Monthly,527.3748991173168,1,10.0,0,Enterprise,0,Mid-Tenure,10.0,1,18458.12146910609,0.027777777777777776,0.0,1,1
CUST_2418,52,Annual,2620.869807904287,0,1.0,0,SMB,0,Loyal,1.0,0,136285.2300110229,0.0,0.0,0,0
CUST_2419,34,Multi-Year,1034.9199751918832,5,17.0,0,Enterprise,0,Mid-Tenure,17.0,5,35187.279156524026,0.14285714285714285,0.0,1,0
CUST_2420,41,Monthly,4323.485199361573,3,2.0,0,Enterprise,0,Loyal,2.0,3,177262.8931738245,0.07142857142857142,0.0,1,1
CUST_2421,51,Multi-Year,4813.026604036062,2,17.0,0,SMB,0,Loyal,17.0,2,245464.35680583917,0.038461538461538464,0.0,0,0
CUST_2422,47,Monthly,4814.3957729670665,4,13.0,0,Enterprise,0,Loyal,13.0,4,226276.60132945213,0.08333333333333333,0.0,1,1
CUST_2423,58,Multi-Year,2488.838490260462,3,5.0,0,Enterprise,0,Loyal,5.0,3,144352.6324351068,0.05084745762711865,0.0,1,0
CUST_2424,57,Monthly,3400.316709956584,1,1.0,0,Enterprise,0,Loyal,1.0,1,193818.0524675253,0.017241379310344827,0.0,1,1
CUST_2425,23,Annual,3198.668614298351,2,0.0,0,Enterprise,0,Mid-Tenure,0.0,2,73569.37812886207,0.08333333333333333,0.0,1,0
CUST_2426,48,Annual,2075.1750562367884,5,7.0,0,Enterprise,0,Loyal,7.0,5,99608.40269936583,0.10204081632653061,0.0,1,0
CUST_2427,22,Monthly,2498.29021139239,1,9.0,0,Enterprise,0,Mid-Tenure,9.0,1,54962.38465063258,0.043478260869565216,0.0,1,1
CUST_2428,17,Multi-Year,789.4566375497856,4,19.0,0,SMB,0,Mid-Tenure,19.0,4,13420.762838346354,0.2222222222222222,0.0,0,0
CUST_2429,69,Annual,4080.6456470216926,5,17.0,0,Enterprise,0,Loyal,17.0,5,281564.5496444968,0.07142857142857142,0.0,1,0
CUST_2430,11,Monthly,1583.6158046957858,1,19.0,0,SMB,1,New,19.0,1,17419.773851653645,0.08333333333333333,0.0,0,1
CUST_2431,15,Monthly,2572.372990113693,3,10.0,2,SMB,0,Mid-Tenure,10.0,3,38585.5948517054,0.1875,5.144745980227386,0,1
CUST_2432,35,Monthly,2662.7933012748977,1,17.0,5,Enterprise,0,Mid-Tenure,17.0,1,93197.76554462142,0.027777777777777776,13.313966506374488,1,1
CUST_2433,33,Multi-Year,3023.202826180932,1,26.0,0,SMB,0,Mid-Tenure,26.0,1,99765.69326397075,0.029411764705882353,0.0,0,0
CUST_2434,16,Annual,4180.444870496405,2,15.0,0,Enterprise,0,Mid-Tenure,15.0,2,66887.11792794248,0.11764705882352941,0.0,1,0
CUST_2435,34,Monthly,3613.4647078268736,1,4.0,5,SMB,0,Mid-Tenure,4.0,1,122857.8000661137,0.02857142857142857,18.06732353913437,0,1
CUST_2436,66,Annual,3483.783721081364,3,6.0,5,SMB,0,Loyal,6.0,3,229929.72559137002,0.04477611940298507,17.41891860540682,0,0
CUST_2437,40,Multi-Year,2870.354731122229,3,21.0,0,SMB,0,Loyal,21.0,3,114814.18924488916,0.07317073170731707,0.0,0,0
CUST_2438,28,Annual,931.8008972596548,2,1.0,0,SMB,0,Mid-Tenure,1.0,2,26090.425123270335,0.06896551724137931,0.0,0,0
CUST_2439,47,Annual,2309.038122428876,3,10.0,2,SMB,0,Loyal,10.0,3,108524.79175415717,0.0625,4.618076244857751,0,0
CUST_2440,39,Annual,4807.925830807484,4,12.0,0,SMB,0,Loyal,12.0,4,187509.10740149187,0.1,0.0,0,0
CUST_2441,70,Monthly,4979.966338797136,2,19.0,5,SMB,0,Loyal,19.0,2,348597.6437157995,0.028169014084507043,24.899831693985682,0,1
CUST_2442,20,Monthly,3787.241657454132,1,23.0,0,SMB,0,Mid-Tenure,23.0,1,75744.83314908264,0.047619047619047616,0.0,0,1
CUST_2443,1,Multi-Year,1523.817333835903,2,27.0,5,SMB,0,New,27.0,2,1523.817333835903,1.0,7.619086669179515,0,0
CUST_2444,63,Monthly,958.5079070152816,4,15.0,0,SMB,0,Loyal,15.0,4,60385.998141962744,0.0625,0.0,0,1
CUST_2445,67,Multi-Year,2366.4396157078963,1,29.0,0,SMB,0,Loyal,29.0,1,158551.45425242904,0.014705882352941176,0.0,0,0
CUST_2446,4,Monthly,4354.573560617011,2,13.0,10,SMB,0,New,13.0,2,17418.294242468044,0.4,43.54573560617011,0,1
CUST_2447,58,Monthly,3748.389079527502,3,6.0,0,Enterprise,0,Loyal,6.0,3,217406.5666125951,0.05084745762711865,0.0,1,1
CUST_2448,25,Multi-Year,4477.515068934972,3,6.0,0,SMB,0,Mid-Tenure,6.0,3,111937.8767233743,0.11538461538461539,0.0,0,0
CUST_2449,47,Annual,3270.993416139436,3,11.0,5,SMB,0,Loyal,11.0,3,153736.69055855347,0.0625,16.35496708069718,0,0
CUST_2450,38,Monthly,1086.4776406536157,3,11.0,0,SMB,0,Loyal,11.0,3,41286.1503448374,0.07692307692307693,0.0,0,1
CUST_2451,15,Annual,1016.5818514917383,3,19.0,0,Enterprise,0,Mid-Tenure,19.0,3,15248.727772376074,0.1875,0.0,1,0
CUST_2452,63,Annual,716.0103618355818,2,0.0,0,SMB,0,Loyal,0.0,2,45108.652795641654,0.03125,0.0,0,0
CUST_2453,21,Annual,3051.8598675808894,2,22.0,0,SMB,0,Mid-Tenure,22.0,2,64089.05721919868,0.09090909090909091,0.0,0,0
CUST_2454,57,Monthly,1592.9880648115509,2,5.0,2,SMB,0,Loyal,5.0,2,90800.3196942584,0.034482758620689655,3.1859761296231017,0,1
CUST_2455,53,Multi-Year,3804.726386097277,3,7.0,5,SMB,0,Loyal,7.0,3,201650.49846315567,0.05555555555555555,19.023631930486385,0,0
CUST_2456,46,Multi-Year,3588.124711358783,2,26.0,0,SMB,0,Loyal,26.0,2,165053.73672250402,0.0425531914893617,0.0,0,0
CUST_2457,14,Monthly,1931.4983408374264,2,12.0,0,SMB,0,Mid-Tenure,12.0,2,27040.97677172397,0.13333333333333333,0.0,0,1
CUST_2458,17,Multi-Year,1295.6074990882896,5,4.0,0,Enterprise,1,Mid-Tenure,4.0,5,22025.327484500922,0.2777777777777778,0.0,1,0
CUST_2459,39,Multi-Year,960.8015740820056,3,23.0,2,SMB,0,Loyal,23.0,3,37471.26138919822,0.075,1.9216031481640112,0,0
CUST_2460,9,Annual,3817.918732158937,4,9.0,2,SMB,0,New,9.0,4,34361.26858943043,0.4,7.635837464317874,0,0
CUST_2461,6,Annual,2526.9844794166997,1,26.0,5,SMB,0,New,26.0,1,15161.906876500198,0.14285714285714285,12.6349223970835,0,0
CUST_2462,23,Monthly,1955.8846138016247,1,13.0,10,SMB,0,Mid-Tenure,13.0,1,44985.346117437366,0.041666666666666664,19.558846138016246,0,1
CUST_2463,59,Monthly,4354.938571128405,2,23.0,0,SMB,0,Loyal,23.0,2,256941.37569657588,0.03333333333333333,0.0,0,1
CUST_2464,46,Annual,3171.259474562228,1,8.0,0,Enterprise,0,Loyal,8.0,1,145877.9358298625,0.02127659574468085,0.0,1,0
CUST_2465,38,Multi-Year,2831.01051378463,7,16.0,0,SMB,0,Loyal,16.0,7,107578.39952381594,0.1794871794871795,0.0,0,0
CUST_2466,14,Annual,3845.206242390271,2,2.0,0,SMB,0,Mid-Tenure,2.0,2,53832.887393463796,0.13333333333333333,0.0,0,0
CUST_2467,62,Annual,4170.1241310587975,3,11.0,0,SMB,0,Loyal,11.0,3,258547.69612564545,0.047619047619047616,0.0,0,0
CUST_2468,35,Monthly,3587.329199402238,2,11.0,5,SMB,1,Mid-Tenure,11.0,2,125556.52197907833,0.05555555555555555,17.93664599701119,0,1
CUST_2469,19,Monthly,2480.028433697087,0,10.0,0,SMB,0,Mid-Tenure,10.0,0,47120.540240244656,0.0,0.0,0,1
CUST_2470,30,Monthly,2206.844567024844,5,21.0,0,SMB,1,Mid-Tenure,21.0,5,66205.33701074531,0.16129032258064516,0.0,0,1
CUST_2471,25,Monthly,3972.49222222716,1,28.0,0,Enterprise,0,Mid-Tenure,28.0,1,99312.30555567899,0.038461538461538464,0.0,1,1
CUST_2472,40,Annual,2830.582222881287,1,3.0,2,SMB,0,Loyal,3.0,1,113223.28891525148,0.024390243902439025,5.661164445762575,0,0
CUST_2473,14,Monthly,3669.7373533281934,5,7.0,0,Enterprise,0,Mid-Tenure,7.0,5,51376.32294659471,0.3333333333333333,0.0,1,1
CUST_2474,26,Annual,4506.794550862483,2,9.0,0,SMB,0,Mid-Tenure,9.0,2,117176.65832242457,0.07407407407407407,0.0,0,0
CUST_2475,22,Monthly,4621.507856315165,2,13.0,0,SMB,0,Mid-Tenure,13.0,2,101673.17283893362,0.08695652173913043,0.0,0,1
CUST_2476,48,Annual,1749.7203765825768,1,29.0,5,Enterprise,0,Loyal,29.0,1,83986.57807596368,0.02040816326530612,8.748601882912885,1,0
CUST_2477,51,Annual,1345.5047762263134,2,0.0,0,SMB,0,Loyal,0.0,2,68620.74358754199,0.038461538461538464,0.0,0,0
CUST_2478,3,Monthly,1675.7931215157705,3,11.0,10,SMB,0,New,11.0,3,5027.3793645473115,0.75,16.757931215157704,0,1
CUST_2479,42,Monthly,3881.1729674097614,2,4.0,0,SMB,0,Loyal,4.0,2,163009.26463120998,0.046511627906976744,0.0,0,1
CUST_2480,19,Monthly,2165.2611622077206,3,13.0,10,Enterprise,1,Mid-Tenure,13.0,3,41139.962081946695,0.15,21.652611622077206,1,1
CUST_2481,28,Multi-Year,1280.251763785984,2,3.0,5,SMB,0,Mid-Tenure,3.0,2,35847.04938600755,0.06896551724137931,6.40125881892992,0,0
CUST_2482,45,Monthly,942.7347162813616,2,27.0,0,Enterprise,0,Loyal,27.0,2,42423.06223266127,0.043478260869565216,0.0,1,1
CUST_2483,71,Annual,1972.9093497335955,2,16.0,0,SMB,0,Loyal,16.0,2,140076.56383108528,0.027777777777777776,0.0,0,0
CUST_2484,63,Multi-Year,1112.6139815773008,2,25.0,0,SMB,0,Loyal,25.0,2,70094.68083936995,0.03125,0.0,0,0
CUST_2485,19,Annual,1203.6812563998812,1,21.0,2,SMB,0,Mid-Tenure,21.0,1,22869.943871597745,0.05,2.4073625127997627,0,0
CUST_2486,47,Monthly,3577.4778805082155,2,25.0,0,Enterprise,0,Loyal,25.0,2,168141.46038388612,0.041666666666666664,0.0,1,1
CUST_2487,14,Multi-Year,588.7944305078238,4,12.0,0,SMB,0,Mid-Tenure,12.0,4,8243.122027109534,0.26666666666666666,0.0,0,0
CUST_2488,38,Monthly,1028.989677314471,2,2.0,0,SMB,0,Loyal,2.0,2,39101.6077379499,0.05128205128205128,0.0,0,1
CUST_2489,53,Monthly,4299.644710458934,3,10.0,2,SMB,0,Loyal,10.0,3,227881.16965432352,0.05555555555555555,8.599289420917868,0,1
CUST_2490,61,Multi-Year,4302.11338258214,3,10.0,0,SMB,0,Loyal,10.0,3,262428.9163375105,0.04838709677419355,0.0,0,0
CUST_2491,36,Annual,1981.5956544360963,4,4.0,0,SMB,0,Mid-Tenure,4.0,4,71337.44355969947,0.10810810810810811,0.0,0,0
CUST_2492,40,Monthly,895.7885376592805,1,5.0,0,SMB,0,Loyal,5.0,1,35831.54150637122,0.024390243902439025,0.0,0,1
CUST_2493,30,Monthly,3672.3665021324255,3,3.0,0,SMB,1,Mid-Tenure,3.0,3,110170.99506397276,0.0967741935483871,0.0,0,1
CUST_2494,9,Monthly,2120.592594982435,3,9.0,0,SMB,1,New,9.0,3,19085.333354841914,0.3,0.0,0,1
CUST_2495,64,Annual,704.5908224221662,4,9.0,2,Enterprise,0,Loyal,9.0,4,45093.812635018636,0.06153846153846154,1.4091816448443324,1,0
CUST_2496,33,Monthly,1210.221415849093,4,11.0,0,SMB,1,Mid-Tenure,11.0,4,39937.30672302007,0.11764705882352941,0.0,0,1
CUST_2497,52,Multi-Year,1117.466653838109,0,21.0,0,SMB,0,Loyal,21.0,0,58108.26599958167,0.0,0.0,0,0
CUST_2498,14,Multi-Year,3151.02354722448,1,22.0,0,Enterprise,0,Mid-Tenure,22.0,1,44114.32966114272,0.06666666666666667,0.0,1,0
CUST_2499,53,Multi-Year,4541.529126216026,2,17.0,15,SMB,0,Loyal,17.0,2,240701.0436894494,0.037037037037037035,68.1229368932404,0,0
CUST_2500,59,Monthly,4068.8241499555584,2,29.0,0,SMB,0,Loyal,29.0,2,240060.62484737794,0.03333333333333333,0.0,0,1
CUST_2501,41,Annual,2959.322202577536,0,14.0,10,Enterprise,0,Loyal,14.0,0,121332.21030567896,0.0,29.593222025775358,1,0
CUST_2502,68,Multi-Year,2399.69824217366,3,22.0,0,SMB,0,Loyal,22.0,3,163179.4804678089,0.043478260869565216,0.0,0,0
CUST_2503,68,Multi-Year,3284.045190809892,1,22.0,0,SMB,0,Loyal,22.0,1,223315.07297507266,0.014492753623188406,0.0,0,0
CUST_2504,8,Monthly,2497.1573344103635,5,17.0,2,SMB,0,New,17.0,5,19977.25867528291,0.5555555555555556,4.994314668820727,0,1
CUST_2505,2,Monthly,1607.4460515934218,3,2.0,0,SMB,0,New,2.0,3,3214.8921031868435,1.0,0.0,0,1
CUST_2506,41,Monthly,3556.388549085258,2,2.0,2,SMB,0,Loyal,2.0,2,145811.93051249557,0.047619047619047616,7.1127770981705165,0,1
CUST_2507,55,Annual,4429.597755835945,1,0.0,5,SMB,0,Loyal,0.0,1,243627.87657097695,0.017857142857142856,22.147988779179723,0,0
CUST_2508,16,Annual,2177.9164880638723,1,16.0,0,SMB,0,Mid-Tenure,16.0,1,34846.66380902196,0.058823529411764705,0.0,0,0
CUST_2509,62,Multi-Year,4286.923104611016,6,9.0,0,SMB,0,Loyal,9.0,6,265789.232485883,0.09523809523809523,0.0,0,0
CUST_2510,48,Monthly,2439.869209175707,5,26.0,0,Enterprise,0,Loyal,26.0,5,117113.72204043393,0.10204081632653061,0.0,1,1
CUST_2511,30,Monthly,2306.011743947417,2,5.0,5,SMB,0,Mid-Tenure,5.0,2,69180.3523184225,0.06451612903225806,11.530058719737085,0,1
CUST_2512,12,Monthly,627.4596089616246,1,24.0,0,SMB,0,New,24.0,1,7529.515307539495,0.07692307692307693,0.0,0,1
CUST_2513,35,Monthly,3628.7550561533462,3,24.0,0,SMB,1,Mid-Tenure,24.0,3,127006.42696536712,0.08333333333333333,0.0,0,1
CUST_2514,11,Monthly,4133.761363012203,2,10.0,0,Enterprise,1,New,10.0,2,45471.37499313423,0.16666666666666666,0.0,1,1
CUST_2515,64,Annual,3486.0061380135244,0,13.0,10,SMB,1,Loyal,13.0,0,223104.39283286556,0.0,34.86006138013524,0,0
CUST_2516,50,Annual,1181.1242812637456,1,16.0,0,SMB,0,Loyal,16.0,1,59056.21406318728,0.0196078431372549,0.0,0,0
CUST_2517,21,Annual,964.820603986894,1,27.0,0,SMB,0,Mid-Tenure,27.0,1,20261.232683724775,0.045454545454545456,0.0,0,0
CUST_2518,69,Monthly,3077.864382283428,0,6.0,0,Enterprise,0,Loyal,6.0,0,212372.64237755653,0.0,0.0,1,1
CUST_2519,48,Monthly,2306.8231438307084,2,21.0,2,SMB,0,Loyal,21.0,2,110727.510903874,0.04081632653061224,4.613646287661417,0,1
CUST_2520,20,Monthly,2430.940025685153,1,3.0,0,SMB,1,Mid-Tenure,3.0,1,48618.80051370306,0.047619047619047616,0.0,0,1
CUST_2521,67,Multi-Year,4855.101110343535,1,10.0,0,SMB,0,Loyal,10.0,1,325291.7743930168,0.014705882352941176,0.0,0,0
CUST_2522,44,Monthly,3757.652020368794,2,18.0,0,SMB,0,Loyal,18.0,2,165336.68889622693,0.044444444444444446,0.0,0,1
CUST_2523,33,Multi-Year,2353.044826434905,1,8.0,0,Enterprise,0,Mid-Tenure,8.0,1,77650.47927235188,0.029411764705882353,0.0,1,0
CUST_2524,61,Monthly,585.946759287717,3,25.0,0,Enterprise,0,Loyal,25.0,3,35742.75231655074,0.04838709677419355,0.0,1,1
CUST_2525,9,Multi-Year,653.4306403397162,2,20.0,0,SMB,0,New,20.0,2,5880.8757630574455,0.2,0.0,0,0
CUST_2526,68,Multi-Year,3581.6166304063527,1,7.0,0,Enterprise,0,Loyal,7.0,1,243549.93086763198,0.014492753623188406,0.0,1,0
CUST_2527,35,Monthly,4269.824417829937,3,19.0,0,SMB,0,Mid-Tenure,19.0,3,149443.85462404782,0.08333333333333333,0.0,0,1
CUST_2528,65,Annual,3684.661832973577,4,3.0,0,Enterprise,0,Loyal,3.0,4,239503.0191432825,0.06060606060606061,0.0,1,0
CUST_2529,8,Monthly,2326.4948867212643,4,15.0,0,SMB,0,New,15.0,4,18611.959093770114,0.4444444444444444,0.0,0,1
CUST_2530,45,Multi-Year,640.1108206875631,2,5.0,2,SMB,0,Loyal,5.0,2,28804.98693094034,0.043478260869565216,1.2802216413751262,0,0
CUST_2531,47,Monthly,4853.307336058534,2,5.0,0,Enterprise,0,Loyal,5.0,2,228105.4447947511,0.041666666666666664,0.0,1,1
CUST_2532,40,Monthly,4938.51227971139,4,18.0,0,Enterprise,0,Loyal,18.0,4,197540.4911884556,0.0975609756097561,0.0,1,1
CUST_2533,54,Annual,2972.140481499209,2,1.0,0,Enterprise,0,Loyal,1.0,2,160495.58600095726,0.03636363636363636,0.0,1,0
CUST_2534,46,Multi-Year,818.0193411279752,3,10.0,0,SMB,0,Loyal,10.0,3,37628.889691886856,0.06382978723404255,0.0,0,0
CUST_2535,47,Monthly,2934.376276615101,1,24.0,5,SMB,0,Loyal,24.0,1,137915.68500090973,0.020833333333333332,14.671881383075505,0,1
CUST_2536,15,Annual,4515.5231159936375,1,17.0,0,SMB,0,Mid-Tenure,17.0,1,67732.84673990456,0.0625,0.0,0,0
CUST_2537,19,Monthly,3559.934795576961,3,8.0,0,SMB,0,Mid-Tenure,8.0,3,67638.76111596226,0.15,0.0,0,1
CUST_2538,26,Monthly,3739.9515396472593,6,27.0,5,SMB,0,Mid-Tenure,27.0,6,97238.74003082875,0.2222222222222222,18.699757698236294,0,1
CUST_2539,52,Annual,882.3642684451218,3,15.0,2,SMB,0,Loyal,15.0,3,45882.94195914633,0.05660377358490566,1.7647285368902434,0,0
CUST_2540,22,Monthly,979.3023666431066,2,10.0,2,SMB,0,Mid-Tenure,10.0,2,21544.652066148345,0.08695652173913043,1.958604733286213,0,1
CUST_2541,21,Monthly,1073.0694936914838,4,13.0,0,SMB,0,Mid-Tenure,13.0,4,22534.459367521158,0.18181818181818182,0.0,0,1
CUST_2542,51,Multi-Year,4569.695751474466,5,7.0,0,SMB,0,Loyal,7.0,5,233054.48332519777,0.09615384615384616,0.0,0,0
CUST_2543,38,Monthly,2866.32336318716,1,26.0,10,SMB,1,Loyal,26.0,1,108920.28780111208,0.02564102564102564,28.6632336318716,0,1
CUST_2544,20,Annual,4062.08793376846,0,12.0,5,SMB,0,Mid-Tenure,12.0,0,81241.7586753692,0.0,20.3104396688423,0,0
CUST_2545,29,Monthly,1018.810669476201,4,9.0,0,SMB,0,Mid-Tenure,9.0,4,29545.50941480983,0.13333333333333333,0.0,0,1
CUST_2546,51,Monthly,4674.392174788677,2,22.0,2,Enterprise,0,Loyal,22.0,2,238394.00091422253,0.038461538461538464,9.348784349577354,1,1
CUST_2547,4,Monthly,4195.139411737446,7,11.0,0,SMB,0,New,11.0,7,16780.557646949783,1.4,0.0,0,1
CUST_2548,55,Annual,1511.4386514891023,2,20.0,0,SMB,0,Loyal,20.0,2,83129.12583190063,0.03571428571428571,0.0,0,0
CUST_2549,71,Annual,4433.820049822791,2,28.0,0,SMB,0,Loyal,28.0,2,314801.2235374181,0.027777777777777776,0.0,0,0
CUST_2550,28,Monthly,1685.4924172856415,1,2.0,0,Enterprise,1,Mid-Tenure,2.0,1,47193.787683997965,0.034482758620689655,0.0,1,1
CUST_2551,4,Monthly,1424.0294570257545,0,1.0,0,SMB,0,New,1.0,0,5696.117828103018,0.0,0.0,0,1
CUST_2552,22,Multi-Year,1689.0977156549557,3,10.0,0,Enterprise,0,Mid-Tenure,10.0,3,37160.14974440903,0.13043478260869565,0.0,1,0
CUST_2553,45,Monthly,4594.797784726742,2,23.0,0,SMB,0,Loyal,23.0,2,206765.9003127034,0.043478260869565216,0.0,0,1
CUST_2554,67,Multi-Year,4620.163934816913,2,17.0,0,SMB,0,Loyal,17.0,2,309550.9836327332,0.029411764705882353,0.0,0,0
CUST_2555,66,Monthly,1980.48098609586,2,23.0,0,SMB,0,Loyal,23.0,2,130711.74508232677,0.029850746268656716,0.0,0,1
CUST_2556,34,Annual,3674.4538329254806,1,20.0,5,Enterprise,0,Mid-Tenure,20.0,1,124931.43031946634,0.02857142857142857,18.372269164627404,1,0
CUST_2557,55,Monthly,3540.853648238825,2,24.0,0,SMB,0,Loyal,24.0,2,194746.95065313537,0.03571428571428571,0.0,0,1
CUST_2558,1,Multi-Year,4129.531844586814,3,3.0,5,SMB,0,New,3.0,3,4129.531844586814,1.5,20.64765922293407,0,0
CUST_2559,38,Annual,1834.2927506395897,4,7.0,0,SMB,0,Loyal,7.0,4,69703.12452430441,0.10256410256410256,0.0,0,0
CUST_2560,6,Monthly,2795.623438596808,1,28.0,2,SMB,0,New,28.0,1,16773.740631580848,0.14285714285714285,5.5912468771936155,0,1
CUST_2561,25,Monthly,3504.532779537291,3,10.0,0,Enterprise,1,Mid-Tenure,10.0,3,87613.31948843227,0.11538461538461539,0.0,1,1
CUST_2562,17,Annual,618.1556846445771,1,14.0,5,SMB,0,Mid-Tenure,14.0,1,10508.64663895781,0.05555555555555555,3.090778423222886,0,0
CUST_2563,61,Annual,2195.324353989296,2,22.0,0,SMB,0,Loyal,22.0,2,133914.78559334707,0.03225806451612903,0.0,0,0
CUST_2564,12,Monthly,3631.49760955356,1,27.0,0,SMB,0,New,27.0,1,43577.97131464272,0.07692307692307693,0.0,0,1
CUST_2565,6,Monthly,1636.6779190361003,3,23.0,0,SMB,0,New,23.0,3,9820.067514216602,0.42857142857142855,0.0,0,1
CUST_2566,27,Multi-Year,4809.668481529193,3,20.0,10,SMB,0,Mid-Tenure,20.0,3,129861.04900128821,0.10714285714285714,48.09668481529193,0,0
CUST_2567,8,Monthly,635.7261717807753,2,1.0,2,SMB,1,New,1.0,2,5085.809374246202,0.2222222222222222,1.2714523435615506,0,1
CUST_2568,65,Annual,4811.392344143403,2,22.0,0,SMB,0,Loyal,22.0,2,312740.5023693212,0.030303030303030304,0.0,0,0
CUST_2569,57,Monthly,1475.4374060468003,4,18.0,0,Enterprise,0,Loyal,18.0,4,84099.93214466762,0.06896551724137931,0.0,1,1
CUST_2570,40,Multi-Year,719.6991886641649,3,14.0,2,SMB,0,Loyal,14.0,3,28787.967546566597,0.07317073170731707,1.4393983773283299,0,0
CUST_2571,14,Multi-Year,1816.1331495060083,2,28.0,15,Enterprise,0,Mid-Tenure,28.0,2,25425.864093084117,0.13333333333333333,27.241997242590124,1,0
CUST_2572,35,Multi-Year,4038.270382806014,8,25.0,0,Enterprise,1,Mid-Tenure,25.0,8,141339.4633982105,0.2222222222222222,0.0,1,0
CUST_2573,48,Monthly,3885.9890290162393,2,25.0,5,SMB,0,Loyal,25.0,2,186527.47339277947,0.04081632653061224,19.4299451450812,0,1
CUST_2574,56,Multi-Year,1439.7818739025645,4,25.0,0,SMB,0,Loyal,25.0,4,80627.78493854361,0.07017543859649122,0.0,0,0
CUST_2575,49,Monthly,1385.5556011630974,2,27.0,10,Enterprise,0,Loyal,27.0,2,67892.22445699177,0.04,13.855556011630975,1,1
CUST_2576,13,Annual,3391.609621120433,7,26.0,2,SMB,0,Mid-Tenure,26.0,7,44090.92507456563,0.5,6.783219242240866,0,0
CUST_2577,61,Annual,2561.3721035407875,2,25.0,0,SMB,0,Loyal,25.0,2,156243.69831598803,0.03225806451612903,0.0,0,0
CUST_2578,49,Monthly,4065.30478998906,5,12.0,0,SMB,1,Loyal,12.0,5,199199.93470946394,0.1,0.0,0,1
CUST_2579,46,Multi-Year,608.5975041164911,2,1.0,0,SMB,0,Loyal,1.0,2,27995.48518935859,0.0425531914893617,0.0,0,0
CUST_2580,62,Monthly,3246.85337342257,2,2.0,0,SMB,0,Loyal,2.0,2,201304.90915219934,0.031746031746031744,0.0,0,1
CUST_2581,8,Annual,3788.0240550794415,6,29.0,5,SMB,0,New,29.0,6,30304.192440635532,0.6666666666666666,18.940120275397206,0,0
CUST_2582,43,Annual,4970.237504129011,4,13.0,2,SMB,0,Loyal,13.0,4,213720.21267754745,0.09090909090909091,9.940475008258021,0,0
CUST_2583,20,Annual,3554.517624065811,4,19.0,0,Enterprise,0,Mid-Tenure,19.0,4,71090.35248131622,0.19047619047619047,0.0,1,0
CUST_2584,39,Monthly,1543.3032044748484,3,25.0,5,SMB,0,Loyal,25.0,3,60188.824974519084,0.075,7.716516022374242,0,1
CUST_2585,49,Monthly,986.8378769601744,2,12.0,0,SMB,0,Loyal,12.0,2,48355.05597104855,0.04,0.0,0,1
CUST_2586,64,Multi-Year,3384.12548589834,2,26.0,2,SMB,0,Loyal,26.0,2,216584.03109749375,0.03076923076923077,6.76825097179668,0,0
CUST_2587,62,Monthly,2854.323803831972,4,22.0,2,SMB,0,Loyal,22.0,4,176968.07583758226,0.06349206349206349,5.708647607663944,0,1
CUST_2588,54,Monthly,4546.153798002573,2,25.0,5,Enterprise,0,Loyal,25.0,2,245492.30509213897,0.03636363636363636,22.73076899001287,1,1
CUST_2589,9,Monthly,3769.7360953157377,1,15.0,0,SMB,0,New,15.0,1,33927.62485784164,0.1,0.0,0,1
CUST_2590,37,Monthly,2793.841025191793,2,11.0,0,Enterprise,1,Loyal,11.0,2,103372.11793209634,0.05263157894736842,0.0,1,1
CUST_2591,49,Multi-Year,2316.152618443164,0,0.0,0,Enterprise,0,Loyal,0.0,0,113491.47830371503,0.0,0.0,1,0
CUST_2592,41,Monthly,2319.686148068691,4,5.0,0,SMB,0,Loyal,5.0,4,95107.13207081634,0.09523809523809523,0.0,0,1
CUST_2593,17,Annual,1518.369287680555,4,12.0,0,SMB,0,Mid-Tenure,12.0,4,25812.277890569436,0.2222222222222222,0.0,0,0
CUST_2594,21,Monthly,577.9668729006368,8,21.0,2,Enterprise,0,Mid-Tenure,21.0,8,12137.304330913372,0.36363636363636365,1.1559337458012735,1,1
CUST_2595,51,Monthly,3087.0976469319776,3,23.0,0,SMB,1,Loyal,23.0,3,157441.97999353087,0.057692307692307696,0.0,0,1
CUST_2596,59,Monthly,1455.8662963544684,1,1.0,0,Enterprise,0,Loyal,1.0,1,85896.11148491364,0.016666666666666666,0.0,1,1
CUST_2597,39,Monthly,1437.4711297761864,3,17.0,0,SMB,0,Loyal,17.0,3,56061.37406127127,0.075,0.0,0,1
CUST_2598,55,Monthly,1064.2155290441622,1,16.0,0,SMB,0,Loyal,16.0,1,58531.85409742892,0.017857142857142856,0.0,0,1
CUST_2599,41,Annual,1353.1797057951171,6,18.0,0,Enterprise,0,Loyal,18.0,6,55480.3679375998,0.14285714285714285,0.0,1,0
CUST_2600,39,Monthly,643.0511729981196,2,22.0,0,Enterprise,0,Loyal,22.0,2,25078.995746926663,0.05,0.0,1,1
CUST_2601,13,Monthly,3534.041523868394,5,14.0,0,Enterprise,1,Mid-Tenure,14.0,5,45942.53981028912,0.35714285714285715,0.0,1,1
CUST_2602,64,Monthly,2306.2870234071243,4,7.0,0,SMB,0,Loyal,7.0,4,147602.36949805595,0.06153846153846154,0.0,0,1
CUST_2603,11,Monthly,3026.8606944791527,4,22.0,0,Enterprise,0,New,22.0,4,33295.46763927068,0.3333333333333333,0.0,1,1
CUST_2604,19,Multi-Year,3366.3092810935977,7,8.0,0,SMB,0,Mid-Tenure,8.0,7,63959.876340778355,0.35,0.0,0,0
CUST_2605,11,Annual,4876.1805302427165,3,7.0,5,SMB,0,New,7.0,3,53637.98583266988,0.25,24.38090265121358,0,0
CUST_2606,46,Monthly,807.1963963497544,3,7.0,2,Enterprise,1,Loyal,7.0,3,37131.03423208871,0.06382978723404255,1.6143927926995087,1,1
CUST_2607,45,Monthly,2380.629581741471,4,10.0,0,SMB,0,Loyal,10.0,4,107128.3311783662,0.08695652173913043,0.0,0,1
CUST_2608,1,Multi-Year,1606.5407008691648,1,17.0,0,SMB,0,New,17.0,1,1606.5407008691648,0.5,0.0,0,0
CUST_2609,40,Monthly,2645.203693355664,0,16.0,10,SMB,0,Loyal,16.0,0,105808.14773422657,0.0,26.45203693355664,0,1
CUST_2610,19,Multi-Year,4642.125352762497,2,21.0,0,SMB,0,Mid-Tenure,21.0,2,88200.38170248744,0.1,0.0,0,0
CUST_2611,61,Monthly,3757.929193616681,3,22.0,0,Enterprise,0,Loyal,22.0,3,229233.68081061754,0.04838709677419355,0.0,1,1
CUST_2612,12,Multi-Year,3478.77313915952,1,5.0,0,SMB,0,New,5.0,1,41745.27766991424,0.07692307692307693,0.0,0,0
CUST_2613,61,Multi-Year,2485.606443940298,1,22.0,2,Enterprise,0,Loyal,22.0,1,151621.9930803582,0.016129032258064516,4.971212887880596,1,0
CUST_2614,33,Annual,3520.0062426849613,5,23.0,10,Enterprise,1,Mid-Tenure,23.0,5,116160.20600860372,0.14705882352941177,35.20006242684961,1,0
CUST_2615,45,Monthly,645.6891977348364,2,1.0,0,SMB,0,Loyal,1.0,2,29056.01389806764,0.043478260869565216,0.0,0,1
CUST_2616,69,Monthly,3138.074024134525,3,0.0,0,SMB,0,Loyal,0.0,3,216527.10766528224,0.04285714285714286,0.0,0,1
CUST_2617,8,Monthly,2991.994531696617,2,9.0,0,SMB,0,New,9.0,2,23935.956253572935,0.2222222222222222,0.0,0,1
CUST_2618,25,Monthly,2059.881943834368,1,7.0,10,Enterprise,1,Mid-Tenure,7.0,1,51497.0485958592,0.038461538461538464,20.59881943834368,1,1
CUST_2619,46,Monthly,1406.8135644084878,3,15.0,5,SMB,0,Loyal,15.0,3,64713.42396279044,0.06382978723404255,7.034067822042439,0,1
CUST_2620,30,Monthly,4133.999979496854,2,23.0,0,Enterprise,0,Mid-Tenure,23.0,2,124019.99938490563,0.06451612903225806,0.0,1,1
CUST_2621,47,Annual,742.3795150479341,4,13.0,5,SMB,0,Loyal,13.0,4,34891.8372072529,0.08333333333333333,3.7118975752396706,0,0
CUST_2622,49,Annual,813.527889906145,1,23.0,0,SMB,0,Loyal,23.0,1,39862.866605401105,0.02,0.0,0,0
CUST_2623,47,Monthly,2482.34784792866,3,15.0,0,SMB,0,Loyal,15.0,3,116670.34885264702,0.0625,0.0,0,1
CUST_2624,18,Monthly,1636.4954633387229,2,13.0,0,SMB,1,Mid-Tenure,13.0,2,29456.91834009701,0.10526315789473684,0.0,0,1
CUST_2625,66,Multi-Year,3854.535860781592,2,25.0,0,SMB,0,Loyal,25.0,2,254399.36681158506,0.029850746268656716,0.0,0,0
CUST_2626,68,Monthly,3353.85534614536,4,6.0,0,Enterprise,0,Loyal,6.0,4,228062.16353788448,0.057971014492753624,0.0,1,1
CUST_2627,33,Annual,3976.4065825698417,0,17.0,5,SMB,0,Mid-Tenure,17.0,0,131221.41722480478,0.0,19.88203291284921,0,0
CUST_2628,36,Monthly,1961.0553035201049,1,19.0,0,SMB,1,Mid-Tenure,19.0,1,70597.99092672378,0.02702702702702703,0.0,0,1
CUST_2629,19,Monthly,3832.335228280404,0,8.0,0,SMB,1,Mid-Tenure,8.0,0,72814.36933732768,0.0,0.0,0,1
CUST_2630,28,Monthly,4380.364562118795,3,23.0,0,SMB,1,Mid-Tenure,23.0,3,122650.20773932626,0.10344827586206896,0.0,0,1
CUST_2631,40,Monthly,2053.7352248835728,1,3.0,0,SMB,0,Loyal,3.0,1,82149.4089953429,0.024390243902439025,0.0,0,1
CUST_2632,15,Multi-Year,2029.5311952282505,3,23.0,0,SMB,1,Mid-Tenure,23.0,3,30442.967928423757,0.1875,0.0,0,0
CUST_2633,41,Annual,4549.781317578918,2,25.0,0,SMB,0,Loyal,25.0,2,186541.03402073562,0.047619047619047616,0.0,0,0
CUST_2634,39,Monthly,724.0561393446911,4,28.0,0,SMB,0,Loyal,28.0,4,28238.189434442953,0.1,0.0,0,1
CUST_2635,2,Multi-Year,2075.8523257888,4,15.0,0,Enterprise,0,New,15.0,4,4151.7046515776,1.3333333333333333,0.0,1,0
CUST_2636,63,Monthly,1034.0262143231184,2,21.0,0,SMB,1,Loyal,21.0,2,65143.651502356464,0.03125,0.0,0,1
CUST_2637,29,Multi-Year,630.412656124893,6,10.0,0,SMB,0,Mid-Tenure,10.0,6,18281.967027621897,0.2,0.0,0,0
CUST_2638,66,Multi-Year,1007.9123794106996,3,8.0,0,SMB,0,Loyal,8.0,3,66522.21704110617,0.04477611940298507,0.0,0,0
CUST_2639,51,Monthly,2440.6060603112464,5,16.0,0,Enterprise,1,Loyal,16.0,5,124470.90907587357,0.09615384615384616,0.0,1,1
CUST_2640,10,Monthly,3591.3023115250585,0,21.0,0,SMB,0,New,21.0,0,35913.02311525059,0.0,0.0,0,1
CUST_2641,14,Monthly,1801.7709099888327,3,10.0,2,SMB,1,Mid-Tenure,10.0,3,25224.79273984366,0.2,3.6035418199776657,0,1
CUST_2642,51,Annual,4323.538883305062,4,19.0,2,Enterprise,0,Loyal,19.0,4,220500.48304855815,0.07692307692307693,8.647077766610124,1,0
CUST_2643,39,Annual,2469.270329322575,5,2.0,5,SMB,0,Loyal,2.0,5,96301.54284358042,0.125,12.346351646612876,0,0
CUST_2644,28,Multi-Year,4857.026229327847,2,20.0,0,SMB,0,Mid-Tenure,20.0,2,135996.73442117972,0.06896551724137931,0.0,0,0
CUST_2645,3,Annual,4793.70051249665,3,25.0,0,SMB,0,New,25.0,3,14381.10153748995,0.75,0.0,0,0
CUST_2646,70,Monthly,3979.743002000668,4,10.0,2,SMB,0,Loyal,10.0,4,278582.01014004677,0.056338028169014086,7.959486004001336,0,1
CUST_2647,27,Monthly,4695.824732659782,5,7.0,0,SMB,0,Mid-Tenure,7.0,5,126787.26778181411,0.17857142857142858,0.0,0,1
CUST_2648,2,Annual,3681.932342725002,3,26.0,0,SMB,0,New,26.0,3,7363.864685450004,1.0,0.0,0,0
CUST_2649,38,Monthly,4530.124354960316,1,9.0,2,SMB,0,Loyal,9.0,1,172144.725488492,0.02564102564102564,9.060248709920632,0,1
CUST_2650,3,Annual,1564.1317281483794,2,5.0,0,SMB,1,New,5.0,2,4692.3951844451385,0.5,0.0,0,0
CUST_2651,16,Monthly,2054.3909007955936,1,16.0,0,SMB,0,Mid-Tenure,16.0,1,32870.2544127295,0.058823529411764705,0.0,0,1
CUST_2652,40,Monthly,3888.185297021877,2,5.0,2,SMB,0,Loyal,5.0,2,155527.41188087506,0.04878048780487805,7.776370594043754,0,1
CUST_2653,2,Monthly,2410.525571929507,4,6.0,2,SMB,0,New,6.0,4,4821.051143859014,1.3333333333333333,4.821051143859014,0,1
CUST_2654,41,Annual,4267.97345221033,0,12.0,2,SMB,0,Loyal,12.0,0,174986.91154062352,0.0,8.53594690442066,0,0
CUST_2655,12,Monthly,4449.374922144988,7,5.0,0,SMB,1,New,5.0,7,53392.49906573986,0.5384615384615384,0.0,0,1
CUST_2656,35,Annual,1848.782681244162,1,2.0,5,SMB,0,Mid-Tenure,2.0,1,64707.393843545666,0.027777777777777776,9.24391340622081,0,0
CUST_2657,65,Monthly,4205.528636853081,1,26.0,2,SMB,0,Loyal,26.0,1,273359.36139545025,0.015151515151515152,8.411057273706161,0,1
CUST_2658,55,Annual,1194.1892197931752,2,24.0,2,SMB,0,Loyal,24.0,2,65680.40708862463,0.03571428571428571,2.3883784395863503,0,0
CUST_2659,45,Annual,2003.8852019158207,1,12.0,2,SMB,0,Loyal,12.0,1,90174.83408621194,0.021739130434782608,4.007770403831642,0,0
CUST_2660,62,Monthly,2830.8422800462504,2,9.0,0,SMB,0,Loyal,9.0,2,175512.2213628675,0.031746031746031744,0.0,0,1
CUST_2661,49,Annual,1518.9969294675147,0,25.0,0,SMB,0,Loyal,25.0,0,74430.84954390822,0.0,0.0,0,0
CUST_2662,25,Monthly,3106.7052330883967,4,3.0,2,Enterprise,0,Mid-Tenure,3.0,4,77667.63082720991,0.15384615384615385,6.213410466176794,1,1
CUST_2663,23,Monthly,3104.1278542294094,4,4.0,0,SMB,1,Mid-Tenure,4.0,4,71394.94064727641,0.16666666666666666,0.0,0,1
CUST_2664,24,Monthly,1431.063026829076,4,20.0,0,SMB,1,Mid-Tenure,20.0,4,34345.512643897826,0.16,0.0,0,1
CUST_2665,38,Annual,4080.3860519845553,6,18.0,2,SMB,0,Loyal,18.0,6,155054.6699754131,0.15384615384615385,8.16077210396911,0,0
CUST_2666,28,Multi-Year,3342.400202351736,1,27.0,0,SMB,0,Mid-Tenure,27.0,1,93587.20566584861,0.034482758620689655,0.0,0,0
CUST_2667,21,Annual,1929.9222807122944,4,17.0,0,SMB,0,Mid-Tenure,17.0,4,40528.36789495818,0.18181818181818182,0.0,0,0
CUST_2668,54,Annual,1544.8315256163137,2,23.0,0,SMB,0,Loyal,23.0,2,83420.90238328093,0.03636363636363636,0.0,0,0
CUST_2669,18,Annual,4454.375624755221,4,6.0,0,Enterprise,0,Mid-Tenure,6.0,4,80178.76124559398,0.21052631578947367,0.0,1,0
CUST_2670,36,Monthly,4260.840103510936,1,20.0,0,SMB,1,Mid-Tenure,20.0,1,153390.2437263937,0.02702702702702703,0.0,0,1
CUST_2671,45,Multi-Year,1533.9230368498684,2,28.0,2,SMB,0,Loyal,28.0,2,69026.53665824408,0.043478260869565216,3.067846073699737,0,0
CUST_2672,53,Monthly,660.2235193242894,0,0.0,0,SMB,0,Loyal,0.0,0,34991.84652418734,0.0,0.0,0,1
CUST_2673,30,Multi-Year,4120.396680844057,4,25.0,0,Enterprise,0,Mid-Tenure,25.0,4,123611.90042532171,0.12903225806451613,0.0,1,0
CUST_2674,60,Annual,3269.788498692694,1,16.0,15,Enterprise,0,Loyal,16.0,1,196187.30992156162,0.01639344262295082,49.046827480390405,1,0
CUST_2675,32,Annual,953.9691262405686,6,23.0,0,Enterprise,0,Mid-Tenure,23.0,6,30527.012039698195,0.18181818181818182,0.0,1,0
CUST_2676,67,Annual,3143.111927985028,3,19.0,0,SMB,0,Loyal,19.0,3,210588.4991749969,0.04411764705882353,0.0,0,0
CUST_2677,67,Monthly,2534.8220841276243,1,28.0,5,SMB,0,Loyal,28.0,1,169833.07963655083,0.014705882352941176,12.67411042063812,0,1
CUST_2678,28,Annual,3985.476473631612,8,19.0,0,SMB,0,Mid-Tenure,19.0,8,111593.34126168513,0.27586206896551724,0.0,0,0
CUST_2679,44,Monthly,1440.881789714285,2,29.0,2,SMB,0,Loyal,29.0,2,63398.79874742855,0.044444444444444446,2.8817635794285703,0,1
CUST_2680,41,Annual,2539.20534937262,2,24.0,10,Enterprise,0,Loyal,24.0,2,104107.4193242774,0.047619047619047616,25.3920534937262,1,0
CUST_2681,63,Annual,1203.0985141336257,0,17.0,5,SMB,0,Loyal,17.0,0,75795.20639041842,0.0,6.015492570668129,0,0
CUST_2682,23,Multi-Year,4808.8725251488095,3,4.0,0,SMB,1,Mid-Tenure,4.0,3,110604.06807842261,0.125,0.0,0,0
CUST_2683,48,Annual,4004.321706163239,4,21.0,0,SMB,0,Loyal,21.0,4,192207.44189583548,0.08163265306122448,0.0,0,0
CUST_2684,32,Monthly,3815.250919256284,0,5.0,0,SMB,0,Mid-Tenure,5.0,0,122088.02941620108,0.0,0.0,0,1
CUST_2685,57,Monthly,3605.929992593609,2,9.0,2,SMB,0,Loyal,9.0,2,205538.0095778357,0.034482758620689655,7.211859985187218,0,1
CUST_2686,33,Annual,2405.0139910987173,3,27.0,5,SMB,0,Mid-Tenure,27.0,3,79365.46170625767,0.08823529411764706,12.025069955493585,0,0
CUST_2687,24,Monthly,4654.770870664152,2,29.0,2,SMB,0,Mid-Tenure,29.0,2,111714.50089593965,0.08,9.309541741328305,0,1
CUST_2688,39,Monthly,828.1265536715243,3,18.0,0,SMB,0,Loyal,18.0,3,32296.93559318945,0.075,0.0,0,1
CUST_2689,34,Multi-Year,4114.665822555284,2,9.0,0,SMB,0,Mid-Tenure,9.0,2,139898.63796687964,0.05714285714285714,0.0,0,0
CUST_2690,56,Annual,1468.5472944757971,2,5.0,0,Enterprise,0,Loyal,5.0,2,82238.64849064464,0.03508771929824561,0.0,1,0
CUST_2691,28,Annual,1958.125800352316,3,9.0,0,SMB,0,Mid-Tenure,9.0,3,54827.52240986485,0.10344827586206896,0.0,0,0
CUST_2692,37,Monthly,2837.4337803528874,0,9.0,2,SMB,0,Loyal,9.0,0,104985.04987305684,0.0,5.674867560705775,0,1
CUST_2693,7,Annual,4021.947549750108,2,20.0,0,SMB,0,New,20.0,2,28153.632848250756,0.25,0.0,0,0
CUST_2694,68,Monthly,4273.407084441815,3,11.0,0,SMB,0,Loyal,11.0,3,290591.6817420434,0.043478260869565216,0.0,0,1
CUST_2695,37,Annual,3126.795125720562,1,23.0,2,Enterprise,0,Loyal,23.0,1,115691.41965166079,0.02631578947368421,6.253590251441124,1,0
CUST_2696,56,Monthly,2313.6597002060835,2,3.0,0,Enterprise,0,Loyal,3.0,2,129564.94321154067,0.03508771929824561,0.0,1,1
CUST_2697,65,Multi-Year,4759.260896314445,0,12.0,5,SMB,0,Loyal,12.0,0,309351.9582604389,0.0,23.796304481572225,0,0
CUST_2698,65,Monthly,1609.3458312771577,3,25.0,0,SMB,0,Loyal,25.0,3,104607.47903301525,0.045454545454545456,0.0,0,1
CUST_2699,47,Monthly,4113.925591462859,4,9.0,10,SMB,0,Loyal,9.0,4,193354.50279875437,0.08333333333333333,41.13925591462859,0,1
CUST_2700,20,Annual,3254.223296516689,4,15.0,0,SMB,1,Mid-Tenure,15.0,4,65084.46593033378,0.19047619047619047,0.0,0,0
CUST_2701,19,Annual,2196.027575983462,0,18.0,0,Enterprise,0,Mid-Tenure,18.0,0,41724.52394368578,0.0,0.0,1,0
CUST_2702,29,Monthly,506.1559296359156,2,5.0,0,SMB,0,Mid-Tenure,5.0,2,14678.521959441552,0.06666666666666667,0.0,0,1
CUST_2703,60,Annual,2509.6968560688206,1,25.0,5,SMB,0,Loyal,25.0,1,150581.81136412924,0.01639344262295082,12.548484280344102,0,0
CUST_2704,18,Monthly,1745.2399889403466,2,29.0,0,SMB,0,Mid-Tenure,29.0,2,31414.319800926238,0.10526315789473684,0.0,0,1
CUST_2705,35,Multi-Year,969.5597599650227,0,8.0,0,SMB,0,Mid-Tenure,8.0,0,33934.5915987758,0.0,0.0,0,0
CUST_2706,43,Multi-Year,838.2135440213818,1,13.0,10,SMB,0,Loyal,13.0,1,36043.18239291942,0.022727272727272728,8.382135440213819,0,0
CUST_2707,11,Monthly,2064.012472902209,2,23.0,0,Enterprise,0,New,23.0,2,22704.1372019243,0.16666666666666666,0.0,1,1
CUST_2708,49,Multi-Year,3266.4082493329183,3,9.0,2,SMB,0,Loyal,9.0,3,160054.004217313,0.06,6.532816498665837,0,0
CUST_2709,38,Monthly,4268.836919141481,5,7.0,0,Enterprise,0,Loyal,7.0,5,162215.8029273763,0.1282051282051282,0.0,1,1
CUST_2710,64,Monthly,1326.034602262971,5,2.0,0,SMB,0,Loyal,2.0,5,84866.21454483015,0.07692307692307693,0.0,0,1
CUST_2711,69,Multi-Year,2410.8978708907234,2,16.0,0,SMB,0,Loyal,16.0,2,166351.95309145993,0.02857142857142857,0.0,0,0
CUST_2712,8,Annual,2263.802630639685,2,18.0,0,SMB,0,New,18.0,2,18110.42104511748,0.2222222222222222,0.0,0,0
CUST_2713,34,Monthly,2810.2730414383204,1,29.0,0,SMB,1,Mid-Tenure,29.0,1,95549.28340890289,0.02857142857142857,0.0,0,1
CUST_2714,48,Monthly,4143.142718642988,1,2.0,0,SMB,0,Loyal,2.0,1,198870.85049486344,0.02040816326530612,0.0,0,1
CUST_2715,56,Monthly,2991.403480996557,2,13.0,0,SMB,0,Loyal,13.0,2,167518.5949358072,0.03508771929824561,0.0,0,1
CUST_2716,65,Multi-Year,4309.947110760324,0,27.0,0,SMB,0,Loyal,27.0,0,280146.56219942105,0.0,0.0,0,0
CUST_2717,31,Monthly,2833.4829023104,1,5.0,0,SMB,1,Mid-Tenure,5.0,1,87837.9699716224,0.03125,0.0,0,1
CUST_2718,4,Monthly,3217.3131433157214,2,28.0,0,SMB,0,New,28.0,2,12869.252573262886,0.4,0.0,0,1
CUST_2719,50,Monthly,2468.224591218454,3,18.0,0,SMB,0,Loyal,18.0,3,123411.2295609227,0.058823529411764705,0.0,0,1
CUST_2720,69,Monthly,4203.930111330352,4,17.0,10,Enterprise,1,Loyal,17.0,4,290071.1776817943,0.05714285714285714,42.039301113303516,1,1
CUST_2721,30,Monthly,4657.222428640937,0,11.0,0,SMB,0,Mid-Tenure,11.0,0,139716.67285922813,0.0,0.0,0,1
CUST_2722,59,Monthly,3376.1513215541554,2,14.0,0,SMB,0,Loyal,14.0,2,199192.92797169517,0.03333333333333333,0.0,0,1
CUST_2723,67,Monthly,4193.521021278068,3,24.0,0,SMB,0,Loyal,24.0,3,280965.90842563054,0.04411764705882353,0.0,0,1
CUST_2724,45,Monthly,765.5150029959514,1,5.0,2,Enterprise,0,Loyal,5.0,1,34448.17513481781,0.021739130434782608,1.5310300059919026,1,1
CUST_2725,4,Multi-Year,4577.50288150996,1,20.0,0,Enterprise,0,New,20.0,1,18310.01152603984,0.2,0.0,1,0
CUST_2726,26,Monthly,1350.1628007760603,5,11.0,0,SMB,1,Mid-Tenure,11.0,5,35104.23282017757,0.18518518518518517,0.0,0,1
CUST_2727,27,Annual,1654.3419229661356,0,18.0,2,Enterprise,0,Mid-Tenure,18.0,0,44667.23192008566,0.0,3.308683845932271,1,0
CUST_2728,46,Annual,739.9853069303581,4,6.0,0,Enterprise,0,Loyal,6.0,4,34039.324118796474,0.0851063829787234,0.0,1,0
CUST_2729,64,Multi-Year,4844.300526383266,4,22.0,0,SMB,0,Loyal,22.0,4,310035.233688529,0.06153846153846154,0.0,0,0
CUST_2730,51,Multi-Year,4334.048822697694,4,19.0,10,SMB,0,Loyal,19.0,4,221036.4899575824,0.07692307692307693,43.340488226976944,0,0
CUST_2731,50,Monthly,4609.330718409878,4,9.0,0,SMB,0,Loyal,9.0,4,230466.5359204939,0.0784313725490196,0.0,0,1
CUST_2732,6,Monthly,4312.472754920067,6,17.0,0,SMB,1,New,17.0,6,25874.836529520402,0.8571428571428571,0.0,0,1
CUST_2733,59,Monthly,2657.8874872458,2,1.0,0,SMB,0,Loyal,1.0,2,156815.3617475022,0.03333333333333333,0.0,0,1
CUST_2734,15,Monthly,4658.368703408435,3,12.0,0,SMB,1,Mid-Tenure,12.0,3,69875.53055112653,0.1875,0.0,0,1
CUST_2735,30,Annual,4862.627691922347,0,14.0,0,SMB,0,Mid-Tenure,14.0,0,145878.83075767042,0.0,0.0,0,0
CUST_2736,42,Annual,2761.551395552289,1,27.0,0,SMB,0,Loyal,27.0,1,115985.15861319612,0.023255813953488372,0.0,0,0
CUST_2737,37,Multi-Year,1290.3115159797717,3,23.0,0,Enterprise,0,Loyal,23.0,3,47741.52609125155,0.07894736842105263,0.0,1,0
CUST_2738,42,Monthly,3463.8012903339245,3,3.0,0,SMB,0,Loyal,3.0,3,145479.65419402483,0.06976744186046512,0.0,0,1
CUST_2739,35,Multi-Year,4889.472304341068,2,6.0,10,SMB,0,Mid-Tenure,6.0,2,171131.53065193736,0.05555555555555555,48.89472304341068,0,0
CUST_2740,6,Monthly,4424.660869364938,2,2.0,2,Enterprise,0,New,2.0,2,26547.965216189627,0.2857142857142857,8.849321738729875,1,1
CUST_2741,68,Monthly,4378.1682926565845,4,24.0,0,SMB,1,Loyal,24.0,4,297715.44390064775,0.057971014492753624,0.0,0,1
CUST_2742,18,Monthly,4702.1810756327695,3,15.0,0,SMB,0,Mid-Tenure,15.0,3,84639.25936138985,0.15789473684210525,0.0,0,1
CUST_2743,29,Annual,4522.785172486461,3,25.0,0,SMB,0,Mid-Tenure,25.0,3,131160.77000210737,0.1,0.0,0,0
CUST_2744,59,Monthly,3993.267488082318,2,8.0,0,Enterprise,0,Loyal,8.0,2,235602.78179685675,0.03333333333333333,0.0,1,1
CUST_2745,47,Multi-Year,3732.227744728223,1,22.0,10,SMB,1,Loyal,22.0,1,175414.7040022265,0.020833333333333332,37.32227744728223,0,0
CUST_2746,17,Multi-Year,1691.4522818513944,1,22.0,15,SMB,0,Mid-Tenure,22.0,1,28754.688791473705,0.05555555555555555,25.371784227770917,0,0
CUST_2747,22,Multi-Year,3296.030096428022,3,16.0,0,Enterprise,0,Mid-Tenure,16.0,3,72512.66212141648,0.13043478260869565,0.0,1,0
CUST_2748,68,Monthly,2846.698797676502,2,25.0,0,SMB,0,Loyal,25.0,2,193575.51824200214,0.028985507246376812,0.0,0,1
CUST_2749,69,Multi-Year,4378.748412114461,2,7.0,5,SMB,0,Loyal,7.0,2,302133.6404358978,0.02857142857142857,21.8937420605723,0,0
CUST_2750,37,Annual,2712.706580705324,1,17.0,2,SMB,0,Loyal,17.0,1,100370.14348609699,0.02631578947368421,5.425413161410648,0,0
CUST_2751,49,Monthly,1074.842435942101,1,23.0,0,SMB,0,Loyal,23.0,1,52667.27936116295,0.02,0.0,0,1
CUST_2752,13,Monthly,522.3761839505713,1,26.0,0,SMB,0,Mid-Tenure,26.0,1,6790.890391357427,0.07142857142857142,0.0,0,1
CUST_2753,34,Monthly,3550.4290421089936,3,12.0,0,Enterprise,0,Mid-Tenure,12.0,3,120714.58743170579,0.08571428571428572,0.0,1,1
CUST_2754,53,Monthly,2974.587742072227,3,1.0,5,SMB,0,Loyal,1.0,3,157653.15032982803,0.05555555555555555,14.872938710361133,0,1
CUST_2755,51,Annual,1989.3330696130172,1,0.0,0,SMB,1,Loyal,0.0,1,101455.98655026387,0.019230769230769232,0.0,0,0
CUST_2756,3,Multi-Year,1260.3746751705066,6,15.0,2,SMB,0,New,15.0,6,3781.12402551152,1.5,2.5207493503410134,0,0
CUST_2757,42,Monthly,2600.21895081756,1,15.0,0,SMB,1,Loyal,15.0,1,109209.19593433753,0.023255813953488372,0.0,0,1
CUST_2758,32,Annual,951.2891261550756,3,10.0,5,SMB,0,Mid-Tenure,10.0,3,30441.252036962418,0.09090909090909091,4.756445630775378,0,0
CUST_2759,51,Multi-Year,2012.488201495144,1,23.0,0,SMB,0,Loyal,23.0,1,102636.89827625235,0.019230769230769232,0.0,0,0
CUST_2760,46,Monthly,2206.453578060354,3,3.0,0,Enterprise,0,Loyal,3.0,3,101496.8645907763,0.06382978723404255,0.0,1,1
CUST_2761,21,Multi-Year,2595.284126770829,3,10.0,0,SMB,0,Mid-Tenure,10.0,3,54500.96666218741,0.13636363636363635,0.0,0,0
CUST_2762,44,Annual,2599.793381024811,0,25.0,0,Enterprise,0,Loyal,25.0,0,114390.90876509168,0.0,0.0,1,0
CUST_2763,11,Annual,1656.5253956342476,5,5.0,0,Enterprise,0,New,5.0,5,18221.779351976722,0.4166666666666667,0.0,1,0
CUST_2764,68,Monthly,4325.949417208944,0,25.0,0,SMB,0,Loyal,25.0,0,294164.56037020823,0.0,0.0,0,1
CUST_2765,1,Annual,2099.945778155355,2,28.0,0,SMB,0,New,28.0,2,2099.945778155355,1.0,0.0,0,0
CUST_2766,63,Monthly,1533.1428900163237,5,10.0,0,SMB,1,Loyal,10.0,5,96588.00207102839,0.078125,0.0,0,1
CUST_2767,24,Annual,1291.144475347656,2,25.0,0,SMB,0,Mid-Tenure,25.0,2,30987.467408343742,0.08,0.0,0,0
CUST_2768,13,Monthly,1951.6027752650105,0,0.0,0,SMB,0,Mid-Tenure,0.0,0,25370.836078445136,0.0,0.0,0,1
CUST_2769,11,Multi-Year,803.9879733989046,3,8.0,0,SMB,0,New,8.0,3,8843.867707387952,0.25,0.0,0,0
CUST_2770,51,Monthly,648.0838534143725,5,26.0,0,SMB,0,Loyal,26.0,5,33052.276524133,0.09615384615384616,0.0,0,1
CUST_2771,17,Monthly,3223.139885612905,2,6.0,0,SMB,0,Mid-Tenure,6.0,2,54793.37805541938,0.1111111111111111,0.0,0,1
CUST_2772,24,Annual,3286.162112221355,3,20.0,0,SMB,1,Mid-Tenure,20.0,3,78867.89069331253,0.12,0.0,0,0
CUST_2773,19,Monthly,2883.1469118723035,1,21.0,0,SMB,0,Mid-Tenure,21.0,1,54779.791325573766,0.05,0.0,0,1
CUST_2774,37,Annual,3930.28337854276,2,2.0,0,SMB,0,Loyal,2.0,2,145420.48500608213,0.05263157894736842,0.0,0,0
CUST_2775,8,Multi-Year,676.177449246851,2,28.0,0,SMB,0,New,28.0,2,5409.419593974808,0.2222222222222222,0.0,0,0
CUST_2776,28,Annual,4711.878986942605,4,8.0,0,Enterprise,0,Mid-Tenure,8.0,4,131932.61163439293,0.13793103448275862,0.0,1,0
CUST_2777,5,Monthly,927.7930546567724,0,1.0,0,SMB,0,New,1.0,0,4638.965273283862,0.0,0.0,0,1
CUST_2778,17,Annual,3533.103474771171,3,27.0,0,Enterprise,0,Mid-Tenure,27.0,3,60062.759071109904,0.16666666666666666,0.0,1,0
CUST_2779,36,Annual,1100.284650233642,0,9.0,2,SMB,0,Mid-Tenure,9.0,0,39610.24740841111,0.0,2.2005693004672837,0,0
CUST_2780,19,Multi-Year,4459.574449885065,2,16.0,0,SMB,0,Mid-Tenure,16.0,2,84731.91454781624,0.1,0.0,0,0
CUST_2781,64,Monthly,2798.209791252641,3,29.0,0,SMB,1,Loyal,29.0,3,179085.42664016903,0.046153846153846156,0.0,0,1
CUST_2782,11,Monthly,870.3209345808922,1,0.0,0,Enterprise,0,New,0.0,1,9573.530280389814,0.08333333333333333,0.0,1,1
CUST_2783,54,Annual,3275.258507150331,0,25.0,2,SMB,0,Loyal,25.0,0,176863.95938611787,0.0,6.550517014300661,0,0
CUST_2784,45,Monthly,540.9947474699075,3,17.0,0,Enterprise,0,Loyal,17.0,3,24344.763636145835,0.06521739130434782,0.0,1,1
CUST_2785,47,Monthly,3992.0998029811008,3,5.0,2,SMB,0,Loyal,5.0,3,187628.69074011175,0.0625,7.984199605962202,0,1
CUST_2786,12,Monthly,3427.632439907555,4,5.0,5,SMB,0,New,5.0,4,41131.589278890664,0.3076923076923077,17.138162199537774,0,1
CUST_2787,21,Multi-Year,1456.811372135783,4,8.0,2,SMB,0,Mid-Tenure,8.0,4,30593.03881485144,0.18181818181818182,2.913622744271566,0,0
CUST_2788,11,Multi-Year,2186.3791227924216,1,9.0,2,Enterprise,0,New,9.0,1,24050.17035071664,0.08333333333333333,4.372758245584843,1,0
CUST_2789,5,Annual,535.1301252000062,3,14.0,0,Enterprise,0,New,14.0,3,2675.650626000031,0.5,0.0,1,0
CUST_2790,56,Monthly,3621.577167370423,4,3.0,0,SMB,0,Loyal,3.0,4,202808.3213727437,0.07017543859649122,0.0,0,1
CUST_2791,20,Monthly,1952.0066187937368,0,7.0,10,Enterprise,1,Mid-Tenure,7.0,0,39040.13237587474,0.0,19.52006618793737,1,1
CUST_2792,41,Multi-Year,3072.1501188352363,1,3.0,5,SMB,0,Loyal,3.0,1,125958.15487224469,0.023809523809523808,15.360750594176181,0,0
CUST_2793,46,Multi-Year,4805.2743256150825,2,2.0,0,SMB,0,Loyal,2.0,2,221042.6189782938,0.0425531914893617,0.0,0,0
CUST_2794,12,Multi-Year,1847.6002082641323,4,3.0,0,SMB,0,New,3.0,4,22171.202499169587,0.3076923076923077,0.0,0,0
CUST_2795,70,Annual,4956.070478392932,0,0.0,5,SMB,0,Loyal,0.0,0,346924.93348750524,0.0,24.780352391964662,0,0
CUST_2796,17,Monthly,3347.277737034049,4,8.0,0,SMB,1,Mid-Tenure,8.0,4,56903.721529578834,0.2222222222222222,0.0,0,1
CUST_2797,19,Multi-Year,1589.3989982847722,2,10.0,0,Enterprise,0,Mid-Tenure,10.0,2,30198.58096741067,0.1,0.0,1,0
CUST_2798,26,Monthly,2465.50047359566,2,20.0,0,SMB,0,Mid-Tenure,20.0,2,64103.01231348716,0.07407407407407407,0.0,0,1
CUST_2799,48,Monthly,3832.0390507261536,3,22.0,0,Enterprise,0,Loyal,22.0,3,183937.87443485536,0.061224489795918366,0.0,1,1
CUST_2800,52,Annual,2509.1505845738657,3,18.0,0,Enterprise,0,Loyal,18.0,3,130475.83039784101,0.05660377358490566,0.0,1,0
CUST_2801,70,Monthly,808.2840530369858,3,20.0,2,Enterprise,0,Loyal,20.0,3,56579.883712589006,0.04225352112676056,1.6165681060739716,1,1
CUST_2802,55,Monthly,1258.7164762214406,10,28.0,0,SMB,0,Loyal,28.0,10,69229.40619217923,0.17857142857142858,0.0,0,1
CUST_2803,33,Monthly,4060.839856027754,0,25.0,10,SMB,0,Mid-Tenure,25.0,0,134007.7152489159,0.0,40.60839856027754,0,1
CUST_2804,62,Monthly,3417.678840731276,1,29.0,10,SMB,0,Loyal,29.0,1,211896.08812533913,0.015873015873015872,34.17678840731276,0,1
CUST_2805,23,Multi-Year,3064.214647994602,1,19.0,2,Enterprise,0,Mid-Tenure,19.0,1,70476.93690387585,0.041666666666666664,6.1284292959892035,1,0
CUST_2806,15,Monthly,1254.2988683993058,2,6.0,15,SMB,1,Mid-Tenure,6.0,2,18814.483025989586,0.125,18.814483025989585,0,1
CUST_2807,27,Monthly,4269.908504076528,3,4.0,0,SMB,1,Mid-Tenure,4.0,3,115287.52961006624,0.10714285714285714,0.0,0,1
CUST_2808,64,Monthly,4823.330493138125,4,1.0,0,SMB,0,Loyal,1.0,4,308693.15156084,0.06153846153846154,0.0,0,1
CUST_2809,51,Monthly,683.991938708013,2,18.0,2,SMB,0,Loyal,18.0,2,34883.58887410866,0.038461538461538464,1.367983877416026,0,1
CUST_2810,53,Monthly,851.1434179423488,1,23.0,0,SMB,0,Loyal,23.0,1,45110.60115094449,0.018518518518518517,0.0,0,1
CUST_2811,51,Annual,4481.2602649155415,3,2.0,0,SMB,0,Loyal,2.0,3,228544.2735106926,0.057692307692307696,0.0,0,0
CUST_2812,47,Monthly,4169.985143144577,1,14.0,0,SMB,0,Loyal,14.0,1,195989.3017277951,0.020833333333333332,0.0,0,1
CUST_2813,4,Annual,3280.7050498008216,3,6.0,0,Enterprise,0,New,6.0,3,13122.820199203286,0.6,0.0,1,0
CUST_2814,7,Multi-Year,4752.34344043762,3,4.0,2,SMB,0,New,4.0,3,33266.404083063346,0.375,9.50468688087524,0,0
CUST_2815,35,Annual,3408.9376009640146,1,22.0,0,SMB,0,Mid-Tenure,22.0,1,119312.81603374051,0.027777777777777776,0.0,0,0
CUST_2816,48,Monthly,1471.933740782765,3,9.0,2,SMB,0,Loyal,9.0,3,70652.81955757271,0.061224489795918366,2.94386748156553,0,1
CUST_2817,45,Monthly,3778.8904567260506,1,8.0,0,Enterprise,0,Loyal,8.0,1,170050.0705526723,0.021739130434782608,0.0,1,1
CUST_2818,19,Multi-Year,3405.696551355368,5,22.0,0,Enterprise,0,Mid-Tenure,22.0,5,64708.23447575199,0.25,0.0,1,0
CUST_2819,63,Annual,4935.851159045133,3,13.0,0,Enterprise,0,Loyal,13.0,3,310958.62301984336,0.046875,0.0,1,0
CUST_2820,38,Multi-Year,1462.5308136865629,5,21.0,2,SMB,0,Loyal,21.0,5,55576.17092008939,0.1282051282051282,2.925061627373126,0,0
CUST_2821,67,Multi-Year,3190.4822136316952,1,27.0,0,Enterprise,0,Loyal,27.0,1,213762.3083133236,0.014705882352941176,0.0,1,0
CUST_2822,59,Multi-Year,4010.7538500130513,3,12.0,15,SMB,0,Loyal,12.0,3,236634.47715077002,0.05,60.16130775019577,0,0
CUST_2823,69,Multi-Year,2025.4239020217683,3,0.0,2,SMB,0,Loyal,0.0,3,139754.249239502,0.04285714285714286,4.050847804043537,0,0
CUST_2824,13,Annual,2208.55812394207,2,15.0,0,SMB,0,Mid-Tenure,15.0,2,28711.25561124691,0.14285714285714285,0.0,0,0
CUST_2825,47,Monthly,4495.558272477443,1,19.0,10,SMB,0,Loyal,19.0,1,211291.23880643983,0.020833333333333332,44.95558272477443,0,1
CUST_2826,61,Multi-Year,2318.8769582399664,0,7.0,0,SMB,0,Loyal,7.0,0,141451.49445263794,0.0,0.0,0,0
CUST_2827,31,Annual,3311.297833530265,3,16.0,0,SMB,0,Mid-Tenure,16.0,3,102650.23283943822,0.09375,0.0,0,0
CUST_2828,22,Monthly,4501.571618870716,3,5.0,0,Enterprise,0,Mid-Tenure,5.0,3,99034.57561515574,0.13043478260869565,0.0,1,1
CUST_2829,43,Annual,1444.219623907526,3,1.0,0,SMB,0,Loyal,1.0,3,62101.44382802362,0.06818181818181818,0.0,0,0
CUST_2830,67,Annual,4918.447833586726,1,12.0,0,SMB,0,Loyal,12.0,1,329536.0048503106,0.014705882352941176,0.0,0,0
CUST_2831,54,Multi-Year,3658.790902866466,1,24.0,0,SMB,0,Loyal,24.0,1,197574.70875478914,0.01818181818181818,0.0,0,0
CUST_2832,10,Annual,2732.5476236365016,2,7.0,2,SMB,0,New,7.0,2,27325.476236365015,0.18181818181818182,5.465095247273004,0,0
CUST_2833,42,Monthly,2439.142539579489,3,24.0,0,SMB,0,Loyal,24.0,3,102443.98666233855,0.06976744186046512,0.0,0,1
CUST_2834,64,Multi-Year,4794.64076998177,4,8.0,0,SMB,0,Loyal,8.0,4,306857.0092788333,0.06153846153846154,0.0,0,0
CUST_2835,21,Multi-Year,1425.7617238834987,7,29.0,0,Enterprise,0,Mid-Tenure,29.0,7,29940.996201553473,0.3181818181818182,0.0,1,0
CUST_2836,66,Annual,1902.5746558068256,1,12.0,0,Enterprise,0,Loyal,12.0,1,125569.9272832505,0.014925373134328358,0.0,1,0
CUST_2837,41,Monthly,1885.0673999656613,0,17.0,0,SMB,0,Loyal,17.0,0,77287.76339859211,0.0,0.0,0,1
CUST_2838,24,Monthly,1800.5285063050856,2,17.0,0,SMB,0,Mid-Tenure,17.0,2,43212.68415132206,0.08,0.0,0,1
CUST_2839,35,Annual,2608.421203470601,4,8.0,2,SMB,0,Mid-Tenure,8.0,4,91294.74212147103,0.1111111111111111,5.216842406941202,0,0
CUST_2840,56,Monthly,4951.306549705249,1,1.0,0,SMB,0,Loyal,1.0,1,277273.16678349394,0.017543859649122806,0.0,0,1
CUST_2841,30,Monthly,4499.540450222978,1,3.0,0,SMB,1,Mid-Tenure,3.0,1,134986.21350668932,0.03225806451612903,0.0,0,1
CUST_2842,57,Annual,1975.773057446688,1,17.0,0,SMB,0,Loyal,17.0,1,112619.06427446121,0.017241379310344827,0.0,0,0
CUST_2843,47,Monthly,2402.9155207856197,2,16.0,0,SMB,0,Loyal,16.0,2,112937.02947692413,0.041666666666666664,0.0,0,1
CUST_2844,35,Monthly,3512.663358736691,2,11.0,2,SMB,1,Mid-Tenure,11.0,2,122943.21755578418,0.05555555555555555,7.025326717473382,0,1
CUST_2845,19,Monthly,577.1825631347634,5,15.0,10,SMB,1,Mid-Tenure,15.0,5,10966.468699560504,0.25,5.771825631347634,0,1
CUST_2846,8,Monthly,4190.691464085416,1,12.0,2,Enterprise,0,New,12.0,1,33525.531712683325,0.1111111111111111,8.381382928170831,1,1
CUST_2847,26,Annual,4459.091257903638,3,10.0,0,Enterprise,0,Mid-Tenure,10.0,3,115936.37270549458,0.1111111111111111,0.0,1,0
CUST_2848,71,Monthly,4357.401504460403,4,13.0,0,Enterprise,0,Loyal,13.0,4,309375.50681668863,0.05555555555555555,0.0,1,1
CUST_2849,30,Monthly,2187.744740984913,1,9.0,0,Enterprise,1,Mid-Tenure,9.0,1,65632.34222954739,0.03225806451612903,0.0,1,1
CUST_2850,7,Annual,2578.9977831389365,2,22.0,0,SMB,0,New,22.0,2,18052.984481972555,0.25,0.0,0,0
CUST_2851,67,Multi-Year,555.7474485669012,3,27.0,0,SMB,0,Loyal,27.0,3,37235.07905398238,0.04411764705882353,0.0,0,0
CUST_2852,65,Annual,2297.279066195979,6,26.0,0,SMB,0,Loyal,26.0,6,149323.13930273862,0.09090909090909091,0.0,0,0
CUST_2853,36,Monthly,2571.9207006497068,1,20.0,0,Enterprise,1,Mid-Tenure,20.0,1,92589.14522338944,0.02702702702702703,0.0,1,1
CUST_2854,25,Monthly,4581.384318808154,3,18.0,0,Enterprise,0,Mid-Tenure,18.0,3,114534.60797020384,0.11538461538461539,0.0,1,1
CUST_2855,37,Multi-Year,4522.944531907613,2,23.0,0,SMB,0,Loyal,23.0,2,167348.94768058168,0.05263157894736842,0.0,0,0
CUST_2856,1,Monthly,4847.436788395593,1,20.0,2,SMB,0,New,20.0,1,4847.436788395593,0.5,9.694873576791185,0,1
CUST_2857,15,Annual,4482.9724329073415,3,16.0,0,SMB,0,Mid-Tenure,16.0,3,67244.58649361013,0.1875,0.0,0,0
CUST_2858,37,Monthly,536.9031924244052,2,8.0,0,SMB,0,Loyal,8.0,2,19865.418119702994,0.05263157894736842,0.0,0,1
CUST_2859,13,Monthly,3386.5738354949885,3,13.0,0,Enterprise,0,Mid-Tenure,13.0,3,44025.45986143485,0.21428571428571427,0.0,1,1
CUST_2860,8,Multi-Year,807.0695739636835,1,29.0,0,Enterprise,0,New,29.0,1,6456.556591709468,0.1111111111111111,0.0,1,0
CUST_2861,5,Annual,1726.6742887099342,3,4.0,0,SMB,0,New,4.0,3,8633.371443549671,0.5,0.0,0,0
CUST_2862,60,Annual,3102.384332617612,5,2.0,0,SMB,0,Loyal,2.0,5,186143.0599570567,0.08196721311475409,0.0,0,0
CUST_2863,1,Monthly,3652.762182833925,1,21.0,0,SMB,1,New,21.0,1,3652.762182833925,0.5,0.0,0,1
CUST_2864,36,Monthly,3445.844116626929,1,7.0,0,Enterprise,1,Mid-Tenure,7.0,1,124050.38819856945,0.02702702702702703,0.0,1,1
CUST_2865,35,Annual,720.7626533388946,1,17.0,0,Enterprise,0,Mid-Tenure,17.0,1,25226.69286686131,0.027777777777777776,0.0,1,0
CUST_2866,66,Annual,966.2174130629842,0,26.0,2,SMB,0,Loyal,26.0,0,63770.34926215695,0.0,1.9324348261259683,0,0
CUST_2867,63,Monthly,1078.6406581907304,4,29.0,0,SMB,0,Loyal,29.0,4,67954.36146601601,0.0625,0.0,0,1
CUST_2868,23,Monthly,911.36469546361,2,2.0,0,SMB,0,Mid-Tenure,2.0,2,20961.38799566303,0.08333333333333333,0.0,0,1
CUST_2869,9,Monthly,1302.0549047119505,1,22.0,0,SMB,1,New,22.0,1,11718.494142407555,0.1,0.0,0,1
CUST_2870,34,Multi-Year,3598.195060902017,0,1.0,0,Enterprise,0,Mid-Tenure,1.0,0,122338.63207066857,0.0,0.0,1,0
CUST_2871,46,Annual,4238.767630216188,6,26.0,0,SMB,0,Loyal,26.0,6,194983.31098994464,0.1276595744680851,0.0,0,0
CUST_2872,4,Multi-Year,2339.662505330346,3,10.0,0,SMB,0,New,10.0,3,9358.650021321384,0.6,0.0,0,0
CUST_2873,30,Monthly,3617.516778927546,2,27.0,2,SMB,0,Mid-Tenure,27.0,2,108525.50336782639,0.06451612903225806,7.235033557855092,0,1
CUST_2874,3,Multi-Year,1400.073175696219,3,4.0,0,SMB,0,New,4.0,3,4200.219527088657,0.75,0.0,0,0
CUST_2875,14,Monthly,4879.7606823503365,5,24.0,0,SMB,1,Mid-Tenure,24.0,5,68316.64955290471,0.3333333333333333,0.0,0,1
CUST_2876,60,Annual,2074.9888528592824,4,29.0,0,SMB,0,Loyal,29.0,4,124499.33117155694,0.06557377049180328,0.0,0,0
CUST_2877,45,Multi-Year,4306.401077921758,6,6.0,0,Enterprise,0,Loyal,6.0,6,193788.0485064791,0.13043478260869565,0.0,1,0
CUST_2878,34,Monthly,4754.148676832242,1,29.0,15,Enterprise,0,Mid-Tenure,29.0,1,161641.05501229622,0.02857142857142857,71.31223015248364,1,1
CUST_2879,45,Monthly,4391.21283293886,3,13.0,0,SMB,0,Loyal,13.0,3,197604.5774822487,0.06521739130434782,0.0,0,1
CUST_2880,61,Monthly,801.8044319313002,2,28.0,0,SMB,1,Loyal,28.0,2,48910.07034780931,0.03225806451612903,0.0,0,1
CUST_2881,16,Monthly,3426.3822078826524,0,18.0,10,SMB,1,Mid-Tenure,18.0,0,54822.11532612244,0.0,34.26382207882652,0,1
CUST_2882,66,Annual,1040.4081795719803,4,1.0,2,SMB,0,Loyal,1.0,4,68666.9398517507,0.05970149253731343,2.080816359143961,0,0
CUST_2883,40,Annual,525.4835023660852,2,25.0,0,SMB,0,Loyal,25.0,2,21019.34009464341,0.04878048780487805,0.0,0,0
CUST_2884,17,Annual,733.0254977438035,6,8.0,0,Enterprise,1,Mid-Tenure,8.0,6,12461.43346164466,0.3333333333333333,0.0,1,0
CUST_2885,34,Annual,4622.671384011758,2,24.0,2,Enterprise,1,Mid-Tenure,24.0,2,157170.82705639978,0.05714285714285714,9.245342768023516,1,0
CUST_2886,16,Annual,4588.085814171772,3,24.0,2,SMB,0,Mid-Tenure,24.0,3,73409.37302674835,0.17647058823529413,9.176171628343543,0,0
CUST_2887,60,Monthly,1516.2097449381522,2,9.0,0,Enterprise,0,Loyal,9.0,2,90972.58469628914,0.03278688524590164,0.0,1,1
CUST_2888,66,Monthly,2961.7754665938182,5,18.0,0,SMB,1,Loyal,18.0,5,195477.180795192,0.07462686567164178,0.0,0,1
CUST_2889,66,Multi-Year,4797.627180196668,8,16.0,0,Enterprise,1,Loyal,16.0,8,316643.39389298006,0.11940298507462686,0.0,1,0
CUST_2890,13,Monthly,2735.177583635432,3,24.0,0,SMB,0,Mid-Tenure,24.0,3,35557.30858726062,0.21428571428571427,0.0,0,1
CUST_2891,56,Annual,2271.1001906559104,4,6.0,0,SMB,0,Loyal,6.0,4,127181.61067673098,0.07017543859649122,0.0,0,0
CUST_2892,31,Monthly,2674.6191232008105,3,17.0,0,SMB,0,Mid-Tenure,17.0,3,82913.19281922512,0.09375,0.0,0,1
CUST_2893,34,Annual,4055.970926983749,4,5.0,0,SMB,0,Mid-Tenure,5.0,4,137903.01151744748,0.11428571428571428,0.0,0,0
CUST_2894,39,Annual,2647.749346399559,3,26.0,0,SMB,0,Loyal,26.0,3,103262.2245095828,0.075,0.0,0,0
CUST_2895,67,Monthly,4024.749565770663,5,8.0,0,SMB,0,Loyal,8.0,5,269658.2209066344,0.07352941176470588,0.0,0,1
CUST_2896,8,Monthly,2442.638505384198,5,7.0,0,SMB,1,New,7.0,5,19541.108043073586,0.5555555555555556,0.0,0,1
CUST_2897,55,Annual,1634.0255204512227,2,26.0,5,SMB,0,Loyal,26.0,2,89871.40362481725,0.03571428571428571,8.170127602256114,0,0
CUST_2898,27,Monthly,1969.1272841837929,4,27.0,2,SMB,1,Mid-Tenure,27.0,4,53166.43667296241,0.14285714285714285,3.9382545683675856,0,1
CUST_2899,53,Monthly,850.2055908672467,1,21.0,10,SMB,0,Loyal,21.0,1,45060.89631596407,0.018518518518518517,8.502055908672466,0,1
CUST_2900,39,Annual,2738.215149841744,4,21.0,0,Enterprise,0,Loyal,21.0,4,106790.390843828,0.1,0.0,1,0
CUST_2901,65,Monthly,1166.4991620006035,3,23.0,0,SMB,0,Loyal,23.0,3,75822.44553003923,0.045454545454545456,0.0,0,1
CUST_2902,17,Multi-Year,4151.961528506297,1,8.0,5,Enterprise,0,Mid-Tenure,8.0,1,70583.34598460706,0.05555555555555555,20.759807642531488,1,0
CUST_2903,30,Annual,2392.657583706024,5,23.0,2,SMB,1,Mid-Tenure,23.0,5,71779.72751118072,0.16129032258064516,4.785315167412048,0,0
CUST_2904,53,Monthly,3942.5104579627537,3,0.0,2,SMB,0,Loyal,0.0,3,208953.05427202594,0.05555555555555555,7.885020915925507,0,1
CUST_2905,13,Annual,4795.071923923851,2,1.0,0,SMB,0,Mid-Tenure,1.0,2,62335.93501101006,0.14285714285714285,0.0,0,0
CUST_2906,21,Annual,4322.650773709562,3,21.0,0,SMB,0,Mid-Tenure,21.0,3,90775.6662479008,0.13636363636363635,0.0,0,0
CUST_2907,19,Monthly,4781.586558856188,4,23.0,5,SMB,0,Mid-Tenure,23.0,4,90850.14461826757,0.2,23.90793279428094,0,1
CUST_2908,53,Monthly,3055.714370918286,3,3.0,2,Enterprise,0,Loyal,3.0,3,161952.86165866916,0.05555555555555555,6.111428741836572,1,1
CUST_2909,19,Monthly,1243.9599529124384,1,27.0,2,SMB,0,Mid-Tenure,27.0,1,23635.23910533633,0.05,2.487919905824877,0,1
CUST_2910,57,Monthly,4709.281793826653,1,19.0,0,Enterprise,0,Loyal,19.0,1,268429.0622481192,0.017241379310344827,0.0,1,1
CUST_2911,25,Monthly,4408.269757685469,2,28.0,0,Enterprise,0,Mid-Tenure,28.0,2,110206.74394213672,0.07692307692307693,0.0,1,1
CUST_2912,31,Monthly,4389.8584598011785,0,17.0,0,SMB,1,Mid-Tenure,17.0,0,136085.61225383653,0.0,0.0,0,1
CUST_2913,55,Monthly,3619.734923339233,1,9.0,2,SMB,0,Loyal,9.0,1,199085.4207836578,0.017857142857142856,7.239469846678466,0,1
CUST_2914,23,Annual,3312.1231798373574,2,0.0,5,Enterprise,0,Mid-Tenure,0.0,2,76178.83313625921,0.08333333333333333,16.560615899186786,1,0
CUST_2915,32,Annual,566.2575133759917,2,9.0,0,Enterprise,0,Mid-Tenure,9.0,2,18120.240428031735,0.06060606060606061,0.0,1,0
CUST_2916,62,Annual,3866.243310896523,5,8.0,0,Enterprise,0,Loyal,8.0,5,239707.08527558442,0.07936507936507936,0.0,1,0
CUST_2917,10,Annual,911.9080286726258,5,22.0,0,Enterprise,0,New,22.0,5,9119.08028672626,0.45454545454545453,0.0,1,0
CUST_2918,54,Multi-Year,1668.8792124615911,5,24.0,0,SMB,0,Loyal,24.0,5,90119.47747292592,0.09090909090909091,0.0,0,0
CUST_2919,52,Annual,2981.706329081016,1,12.0,0,Enterprise,0,Loyal,12.0,1,155048.72911221284,0.018867924528301886,0.0,1,0
CUST_2920,20,Annual,2532.796631942188,0,14.0,2,SMB,0,Mid-Tenure,14.0,0,50655.93263884376,0.0,5.065593263884376,0,0
CUST_2921,32,Monthly,570.9847539715068,2,17.0,5,SMB,0,Mid-Tenure,17.0,2,18271.51212708822,0.06060606060606061,2.8549237698575345,0,1
CUST_2922,14,Multi-Year,4207.932763032706,3,25.0,0,SMB,0,Mid-Tenure,25.0,3,58911.058682457886,0.2,0.0,0,0
CUST_2923,50,Monthly,4454.604311386669,5,12.0,0,SMB,1,Loyal,12.0,5,222730.21556933346,0.09803921568627451,0.0,0,1
CUST_2924,28,Monthly,3568.4282457354507,3,4.0,0,SMB,0,Mid-Tenure,4.0,3,99915.99088059262,0.10344827586206896,0.0,0,1
CUST_2925,53,Annual,2934.8053639557006,3,1.0,0,Enterprise,0,Loyal,1.0,3,155544.68428965213,0.05555555555555555,0.0,1,0
CUST_2926,24,Monthly,4823.320275047621,3,25.0,15,Enterprise,1,Mid-Tenure,25.0,3,115759.68660114291,0.12,72.34980412571431,1,1
CUST_2927,22,Monthly,1039.8029348668638,4,6.0,5,SMB,1,Mid-Tenure,6.0,4,22875.664567071002,0.17391304347826086,5.199014674334319,0,1
CUST_2928,30,Annual,3820.595241492451,6,8.0,0,SMB,1,Mid-Tenure,8.0,6,114617.85724477352,0.1935483870967742,0.0,0,0
CUST_2929,63,Annual,1077.6227580283903,3,18.0,0,Enterprise,0,Loyal,18.0,3,67890.23375578859,0.046875,0.0,1,0
CUST_2930,4,Annual,2218.3015951553707,4,13.0,0,SMB,0,New,13.0,4,8873.206380621483,0.8,0.0,0,0
CUST_2931,59,Multi-Year,3134.6802912694043,5,16.0,0,SMB,0,Loyal,16.0,5,184946.13718489485,0.08333333333333333,0.0,0,0
CUST_2932,8,Monthly,3816.894607269585,3,19.0,0,SMB,0,New,19.0,3,30535.15685815668,0.3333333333333333,0.0,0,1
CUST_2933,12,Monthly,516.7224512239279,5,19.0,0,Enterprise,0,New,19.0,5,6200.669414687135,0.38461538461538464,0.0,1,1
CUST_2934,31,Annual,1672.6904886729928,6,10.0,5,SMB,1,Mid-Tenure,10.0,6,51853.40514886278,0.1875,8.363452443364965,0,0
CUST_2935,34,Monthly,2921.9017613441915,5,21.0,0,Enterprise,1,Mid-Tenure,21.0,5,99344.65988570251,0.14285714285714285,0.0,1,1
CUST_2936,49,Annual,2897.931556226781,2,4.0,15,SMB,0,Loyal,4.0,2,141998.64625511228,0.04,43.46897334340172,0,0
CUST_2937,57,Monthly,3369.318957258188,3,11.0,0,SMB,0,Loyal,11.0,3,192051.18056371674,0.05172413793103448,0.0,0,1
CUST_2938,26,Monthly,1867.341113907001,1,28.0,2,SMB,0,Mid-Tenure,28.0,1,48550.868961582026,0.037037037037037035,3.734682227814002,0,1
CUST_2939,18,Annual,2932.3816299002106,1,20.0,2,SMB,0,Mid-Tenure,20.0,1,52782.86933820379,0.05263157894736842,5.864763259800421,0,0
CUST_2940,38,Annual,1354.040498455594,6,8.0,0,SMB,0,Loyal,8.0,6,51453.53894131257,0.15384615384615385,0.0,0,0
CUST_2941,50,Annual,1340.9249648155496,3,28.0,0,SMB,0,Loyal,28.0,3,67046.24824077748,0.058823529411764705,0.0,0,0
CUST_2942,8,Monthly,3094.5378354017307,3,26.0,5,SMB,0,New,26.0,3,24756.302683213846,0.3333333333333333,15.472689177008654,0,1
CUST_2943,41,Monthly,3584.626632704035,2,16.0,0,SMB,0,Loyal,16.0,2,146969.69194086542,0.047619047619047616,0.0,0,1
CUST_2944,6,Monthly,1041.7998500657957,2,7.0,0,Enterprise,1,New,7.0,2,6250.799100394774,0.2857142857142857,0.0,1,1
CUST_2945,69,Monthly,1052.5545585690052,4,23.0,5,Enterprise,1,Loyal,23.0,4,72626.26454126136,0.05714285714285714,5.262772792845026,1,1
CUST_2946,44,Monthly,3043.862111572027,1,26.0,0,SMB,0,Loyal,26.0,1,133929.93290916918,0.022222222222222223,0.0,0,1
CUST_2947,64,Monthly,1715.430885276405,5,7.0,0,Enterprise,0,Loyal,7.0,5,109787.57665768992,0.07692307692307693,0.0,1,1
CUST_2948,29,Annual,2265.795960085015,1,28.0,0,SMB,0,Mid-Tenure,28.0,1,65708.08284246543,0.03333333333333333,0.0,0,0
CUST_2949,28,Monthly,2303.368014414101,2,11.0,0,SMB,1,Mid-Tenure,11.0,2,64494.304403594826,0.06896551724137931,0.0,0,1
CUST_2950,11,Annual,1303.4878667821235,4,29.0,0,SMB,0,New,29.0,4,14338.36653460336,0.3333333333333333,0.0,0,0
CUST_2951,65,Multi-Year,505.91585043781896,2,28.0,0,SMB,0,Loyal,28.0,2,32884.53027845823,0.030303030303030304,0.0,0,0
CUST_2952,19,Monthly,4339.1831448605335,3,18.0,2,SMB,1,Mid-Tenure,18.0,3,82444.47975235013,0.15,8.678366289721067,0,1
CUST_2953,9,Monthly,3717.5088600395975,4,9.0,0,Enterprise,0,New,9.0,4,33457.57974035638,0.4,0.0,1,1
CUST_2954,27,Monthly,3607.423511520045,4,23.0,0,Enterprise,0,Mid-Tenure,23.0,4,97400.43481104121,0.14285714285714285,0.0,1,1
CUST_2955,34,Annual,2959.2731215099384,1,1.0,0,SMB,0,Mid-Tenure,1.0,1,100615.28613133791,0.02857142857142857,0.0,0,0
CUST_2956,44,Monthly,3654.363445601542,0,23.0,2,SMB,0,Loyal,23.0,0,160791.99160646784,0.0,7.308726891203084,0,1
CUST_2957,68,Monthly,4710.597698964316,3,27.0,0,SMB,0,Loyal,27.0,3,320320.64352957346,0.043478260869565216,0.0,0,1
CUST_2958,15,Annual,3495.53181303181,3,7.0,15,Enterprise,0,Mid-Tenure,7.0,3,52432.97719547715,0.1875,52.43297719547715,1,0
CUST_2959,51,Monthly,1692.911308673525,3,13.0,0,SMB,0,Loyal,13.0,3,86338.47674234977,0.057692307692307696,0.0,0,1
CUST_2960,13,Annual,3067.520232834041,2,18.0,0,SMB,0,Mid-Tenure,18.0,2,39877.763026842535,0.14285714285714285,0.0,0,0
CUST_2961,49,Annual,2490.459815147946,1,3.0,0,Enterprise,0,Loyal,3.0,1,122032.53094224934,0.02,0.0,1,0
CUST_2962,70,Annual,3003.8860900046725,3,8.0,0,Enterprise,0,Loyal,8.0,3,210272.02630032707,0.04225352112676056,0.0,1,0
CUST_2963,56,Monthly,2829.247148357713,2,12.0,0,SMB,1,Loyal,12.0,2,158437.8403080319,0.03508771929824561,0.0,0,1
CUST_2964,51,Multi-Year,4364.488783528092,2,8.0,2,SMB,0,Loyal,8.0,2,222588.9279599327,0.038461538461538464,8.728977567056186,0,0
CUST_2965,37,Annual,3433.1004652148017,3,25.0,5,SMB,0,Loyal,25.0,3,127024.71721294767,0.07894736842105263,17.16550232607401,0,0
CUST_2966,17,Monthly,1349.4131507034676,0,12.0,0,Enterprise,1,Mid-Tenure,12.0,0,22940.02356195895,0.0,0.0,1,1
CUST_2967,58,Monthly,783.5755049391687,5,24.0,0,SMB,0,Loyal,24.0,5,45447.37928647178,0.0847457627118644,0.0,0,1
CUST_2968,29,Monthly,2409.637049066061,0,15.0,5,Enterprise,0,Mid-Tenure,15.0,0,69879.47442291577,0.0,12.048185245330306,1,1
CUST_2969,33,Multi-Year,570.2478001597816,1,25.0,0,SMB,0,Mid-Tenure,25.0,1,18818.177405272792,0.029411764705882353,0.0,0,0
CUST_2970,60,Multi-Year,1932.3382362500104,3,21.0,0,SMB,0,Loyal,21.0,3,115940.29417500063,0.04918032786885246,0.0,0,0
CUST_2971,55,Annual,2156.0966124765155,3,0.0,0,SMB,0,Loyal,0.0,3,118585.31368620835,0.05357142857142857,0.0,0,0
CUST_2972,10,Multi-Year,2190.1499330446577,1,7.0,0,SMB,0,New,7.0,1,21901.499330446575,0.09090909090909091,0.0,0,0
CUST_2973,47,Monthly,4907.075109457517,2,28.0,0,SMB,0,Loyal,28.0,2,230632.5301445033,0.041666666666666664,0.0,0,1
CUST_2974,23,Monthly,1867.5539463761072,0,8.0,0,SMB,0,Mid-Tenure,8.0,0,42953.740766650466,0.0,0.0,0,1
CUST_2975,21,Multi-Year,1693.5237292037957,2,23.0,0,Enterprise,0,Mid-Tenure,23.0,2,35563.99831327971,0.09090909090909091,0.0,1,0
CUST_2976,13,Annual,1082.2141898039354,2,12.0,2,SMB,1,Mid-Tenure,12.0,2,14068.78446745116,0.14285714285714285,2.164428379607871,0,0
CUST_2977,33,Monthly,2799.5397605717576,4,16.0,0,SMB,0,Mid-Tenure,16.0,4,92384.812098868,0.11764705882352941,0.0,0,1
CUST_2978,24,Annual,1191.534377961293,4,27.0,0,SMB,0,Mid-Tenure,27.0,4,28596.825071071034,0.16,0.0,0,0
CUST_2979,11,Multi-Year,3273.3262072885304,1,21.0,0,SMB,0,New,21.0,1,36006.58828017383,0.08333333333333333,0.0,0,0
CUST_2980,17,Annual,1198.2190052225728,2,24.0,10,Enterprise,0,Mid-Tenure,24.0,2,20369.72308878374,0.1111111111111111,11.982190052225727,1,0
CUST_2981,68,Multi-Year,3095.0299299164053,2,8.0,0,SMB,0,Loyal,8.0,2,210462.03523431555,0.028985507246376812,0.0,0,0
CUST_2982,47,Annual,4218.2115762858175,1,6.0,0,SMB,0,Loyal,6.0,1,198255.9440854334,0.020833333333333332,0.0,0,0
CUST_2983,25,Monthly,691.3608508359168,1,22.0,0,SMB,0,Mid-Tenure,22.0,1,17284.02127089792,0.038461538461538464,0.0,0,1
CUST_2984,21,Multi-Year,2388.8613871319267,5,19.0,0,SMB,1,Mid-Tenure,19.0,5,50166.08912977046,0.22727272727272727,0.0,0,0
CUST_2985,12,Monthly,2574.72035248476,3,22.0,0,SMB,0,New,22.0,3,30896.64422981712,0.23076923076923078,0.0,0,1
CUST_2986,37,Multi-Year,4059.8246456515058,1,9.0,0,Enterprise,0,Loyal,9.0,1,150213.51188910572,0.02631578947368421,0.0,1,0
CUST_2987,42,Monthly,2605.620343754949,1,20.0,0,SMB,0,Loyal,20.0,1,109436.05443770785,0.023255813953488372,0.0,0,1
CUST_2988,17,Annual,3053.911039053441,1,26.0,10,SMB,1,Mid-Tenure,26.0,1,51916.4876639085,0.05555555555555555,30.53911039053441,0,0
CUST_2989,48,Monthly,4060.41914114632,3,25.0,0,SMB,0,Loyal,25.0,3,194900.11877502335,0.061224489795918366,0.0,0,1
CUST_2990,28,Monthly,3018.913218181808,1,4.0,2,SMB,0,Mid-Tenure,4.0,1,84529.57010909062,0.034482758620689655,6.037826436363616,0,1
CUST_2991,41,Monthly,2112.347360838121,2,16.0,0,SMB,0,Loyal,16.0,2,86606.24179436296,0.047619047619047616,0.0,0,1
CUST_2992,47,Multi-Year,886.2902492926203,3,1.0,0,SMB,0,Loyal,1.0,3,41655.641716753154,0.0625,0.0,0,0
CUST_2993,18,Multi-Year,3784.620332806599,3,8.0,10,SMB,0,Mid-Tenure,8.0,3,68123.16599051878,0.15789473684210525,37.84620332806599,0,0
CUST_2994,71,Monthly,4420.121675729698,2,1.0,2,Enterprise,0,Loyal,1.0,2,313828.6389768086,0.027777777777777776,8.840243351459396,1,1
CUST_2995,13,Multi-Year,4865.2904165907385,5,9.0,0,Enterprise,1,Mid-Tenure,9.0,5,63248.7754156796,0.35714285714285715,0.0,1,0
CUST_2996,13,Multi-Year,4669.699463472058,4,26.0,0,SMB,0,Mid-Tenure,26.0,4,60706.09302513675,0.2857142857142857,0.0,0,0
CUST_2997,31,Annual,4088.380589749619,3,11.0,15,SMB,1,Mid-Tenure,11.0,3,126739.79828223819,0.09375,61.32570884624428,0,0
CUST_2998,2,Monthly,3395.6236951057767,0,1.0,0,Enterprise,0,New,1.0,0,6791.2473902115535,0.0,0.0,1,1
CUST_2999,16,Multi-Year,4016.5706562378728,2,14.0,0,SMB,0,Mid-Tenure,14.0,2,64265.130499805964,0.11764705882352941,0.0,0,0
CUST_3000,9,Annual,2444.3767078343058,2,24.0,0,Enterprise,0,New,24.0,2,21999.39037050875,0.2,0.0,1,0
CUST_3001,38,Multi-Year,3176.4929665587574,2,2.0,0,SMB,0,Loyal,2.0,2,120706.73272923278,0.05128205128205128,0.0,0,0
CUST_3002,54,Multi-Year,2069.149141126333,1,1.0,0,SMB,0,Loyal,1.0,1,111734.05362082197,0.01818181818181818,0.0,0,0
CUST_3003,56,Multi-Year,1970.1914674117224,6,6.0,2,SMB,0,Loyal,6.0,6,110330.72217505646,0.10526315789473684,3.940382934823445,0,0
CUST_3004,45,Annual,3905.112979742152,4,27.0,0,SMB,0,Loyal,27.0,4,175730.08408839686,0.08695652173913043,0.0,0,0
CUST_3005,34,Monthly,2542.697520366028,2,8.0,10,SMB,0,Mid-Tenure,8.0,2,86451.71569244495,0.05714285714285714,25.42697520366028,0,1
CUST_3006,9,Monthly,1454.7256831896316,2,10.0,0,SMB,0,New,10.0,2,13092.531148706685,0.2,0.0,0,1
CUST_3007,8,Monthly,1408.7217287383965,5,28.0,0,SMB,0,New,28.0,5,11269.773829907172,0.5555555555555556,0.0,0,1
CUST_3008,7,Monthly,4366.2756270647005,4,21.0,0,SMB,1,New,21.0,4,30563.929389452904,0.5,0.0,0,1
CUST_3009,36,Annual,3549.92222463202,6,27.0,10,SMB,0,Mid-Tenure,27.0,6,127797.20008675272,0.16216216216216217,35.4992222463202,0,0
CUST_3010,18,Annual,2957.207330111521,1,15.0,0,SMB,0,Mid-Tenure,15.0,1,53229.731942007376,0.05263157894736842,0.0,0,0
CUST_3011,3,Multi-Year,2304.2243119836176,1,6.0,0,SMB,0,New,6.0,1,6912.672935950853,0.25,0.0,0,0
CUST_3012,28,Monthly,2438.678258542066,3,28.0,10,SMB,0,Mid-Tenure,28.0,3,68282.99123917785,0.10344827586206896,24.38678258542066,0,1
CUST_3013,70,Annual,758.4583738772471,1,12.0,5,SMB,0,Loyal,12.0,1,53092.086171407296,0.014084507042253521,3.7922918693862355,0,0
CUST_3014,44,Monthly,2547.0956519052925,4,2.0,0,SMB,0,Loyal,2.0,4,112072.20868383287,0.08888888888888889,0.0,0,1
CUST_3015,21,Monthly,4079.547097799368,2,10.0,10,SMB,1,Mid-Tenure,10.0,2,85670.48905378673,0.09090909090909091,40.79547097799368,0,1
CUST_3016,28,Monthly,2245.9391604289503,3,2.0,2,Enterprise,0,Mid-Tenure,2.0,3,62886.29649201061,0.10344827586206896,4.491878320857901,1,1
CUST_3017,54,Annual,2226.1156364446606,4,14.0,0,Enterprise,0,Loyal,14.0,4,120210.24436801167,0.07272727272727272,0.0,1,0
CUST_3018,54,Monthly,570.7246235867951,2,7.0,0,SMB,0,Loyal,7.0,2,30819.129673686937,0.03636363636363636,0.0,0,1
CUST_3019,65,Annual,2560.2586815113086,2,6.0,0,SMB,1,Loyal,6.0,2,166416.81429823505,0.030303030303030304,0.0,0,0
CUST_3020,21,Monthly,614.0194382658509,3,4.0,0,SMB,0,Mid-Tenure,4.0,3,12894.408203582869,0.13636363636363635,0.0,0,1
CUST_3021,13,Multi-Year,3066.572426039425,4,5.0,2,SMB,0,Mid-Tenure,5.0,4,39865.441538512525,0.2857142857142857,6.13314485207885,0,0
CUST_3022,57,Multi-Year,2780.5252171204133,0,24.0,0,SMB,0,Loyal,24.0,0,158489.93737586355,0.0,0.0,0,0
CUST_3023,49,Multi-Year,4280.038245157995,2,18.0,2,SMB,0,Loyal,18.0,2,209721.87401274178,0.04,8.560076490315991,0,0
CUST_3024,54,Multi-Year,3118.0127491657454,1,27.0,2,SMB,0,Loyal,27.0,1,168372.68845495026,0.01818181818181818,6.2360254983314904,0,0
CUST_3025,10,Multi-Year,1955.4230989499688,4,2.0,0,SMB,0,New,2.0,4,19554.230989499687,0.36363636363636365,0.0,0,0
CUST_3026,53,Multi-Year,2823.039542376114,5,29.0,5,SMB,1,Loyal,29.0,5,149621.09574593403,0.09259259259259259,14.11519771188057,0,0
CUST_3027,44,Annual,3648.6786008746335,0,10.0,2,SMB,0,Loyal,10.0,0,160541.85843848388,0.0,7.297357201749267,0,0
CUST_3028,47,Monthly,922.8370793467226,2,5.0,0,SMB,0,Loyal,5.0,2,43373.34272929596,0.041666666666666664,0.0,0,1
CUST_3029,53,Monthly,3294.833398116952,2,26.0,2,SMB,0,Loyal,26.0,2,174626.17010019848,0.037037037037037035,6.589666796233904,0,1
CUST_3030,46,Monthly,4624.818268900906,2,23.0,10,SMB,0,Loyal,23.0,2,212741.64036944168,0.0425531914893617,46.24818268900906,0,1
CUST_3031,13,Annual,1846.0863303406,2,20.0,0,SMB,0,Mid-Tenure,20.0,2,23999.122294427798,0.14285714285714285,0.0,0,0
CUST_3032,37,Annual,3319.812926943855,3,13.0,10,SMB,0,Loyal,13.0,3,122833.07829692264,0.07894736842105263,33.198129269438546,0,0
CUST_3033,24,Multi-Year,4195.982526576096,2,16.0,0,SMB,0,Mid-Tenure,16.0,2,100703.5806378263,0.08,0.0,0,0
CUST_3034,2,Multi-Year,2803.1287884738085,2,2.0,0,Enterprise,0,New,2.0,2,5606.257576947617,0.6666666666666666,0.0,1,0
CUST_3035,14,Monthly,3730.907903091732,0,28.0,2,SMB,0,Mid-Tenure,28.0,0,52232.71064328425,0.0,7.461815806183464,0,1
CUST_3036,10,Annual,1899.5465232016704,3,23.0,2,SMB,0,New,23.0,3,18995.465232016704,0.2727272727272727,3.799093046403341,0,0
CUST_3037,35,Multi-Year,1877.263038163152,2,3.0,2,SMB,1,Mid-Tenure,3.0,2,65704.20633571032,0.05555555555555555,3.754526076326304,0,0
CUST_3038,25,Monthly,3504.128098093523,2,8.0,0,SMB,0,Mid-Tenure,8.0,2,87603.20245233808,0.07692307692307693,0.0,0,1
CUST_3039,3,Annual,3674.339932880677,3,12.0,0,Enterprise,0,New,12.0,3,11023.019798642032,0.75,0.0,1,0
CUST_3040,17,Monthly,4716.543647804647,2,5.0,0,Enterprise,0,Mid-Tenure,5.0,2,80181.242012679,0.1111111111111111,0.0,1,1
CUST_3041,12,Annual,1511.7735862308857,1,9.0,0,SMB,1,New,9.0,1,18141.28303477063,0.07692307692307693,0.0,0,0
CUST_3042,54,Monthly,2606.979182395861,3,19.0,0,SMB,0,Loyal,19.0,3,140776.8758493765,0.05454545454545454,0.0,0,1
CUST_3043,24,Multi-Year,1627.3106292375112,0,19.0,2,SMB,0,Mid-Tenure,19.0,0,39055.45510170027,0.0,3.2546212584750225,0,0
CUST_3044,29,Annual,860.4147239611043,2,25.0,0,Enterprise,0,Mid-Tenure,25.0,2,24952.026994872023,0.06666666666666667,0.0,1,0
CUST_3045,43,Monthly,2314.5373757636944,0,20.0,0,Enterprise,0,Loyal,20.0,0,99525.10715783887,0.0,0.0,1,1
CUST_3046,25,Monthly,2183.3633627969148,3,12.0,0,SMB,0,Mid-Tenure,12.0,3,54584.08406992287,0.11538461538461539,0.0,0,1
CUST_3047,60,Monthly,1716.9535399198455,2,22.0,0,SMB,0,Loyal,22.0,2,103017.21239519073,0.03278688524590164,0.0,0,1
CUST_3048,65,Multi-Year,1836.477010127374,3,13.0,0,Enterprise,0,Loyal,13.0,3,119371.0056582793,0.045454545454545456,0.0,1,0
CUST_3049,28,Annual,2121.853128580751,0,11.0,0,SMB,1,Mid-Tenure,11.0,0,59411.887600261034,0.0,0.0,0,0
CUST_3050,16,Monthly,4949.769347510421,5,22.0,0,SMB,1,Mid-Tenure,22.0,5,79196.30956016673,0.29411764705882354,0.0,0,1
CUST_3051,47,Monthly,4023.30994685276,2,12.0,0,SMB,0,Loyal,12.0,2,189095.5675020797,0.041666666666666664,0.0,0,1
CUST_3052,58,Annual,821.3054048910813,0,9.0,0,SMB,0,Loyal,9.0,0,47635.71348368271,0.0,0.0,0,0
CUST_3053,27,Annual,4425.859294190158,8,6.0,0,Enterprise,1,Mid-Tenure,6.0,8,119498.20094313426,0.2857142857142857,0.0,1,0
CUST_3054,53,Annual,3349.864968794021,5,4.0,0,Enterprise,1,Loyal,4.0,5,177542.8433460831,0.09259259259259259,0.0,1,0
CUST_3055,42,Monthly,4507.671920548592,1,11.0,0,SMB,1,Loyal,11.0,1,189322.22066304088,0.023255813953488372,0.0,0,1
CUST_3056,59,Annual,2037.693592086027,1,28.0,10,SMB,1,Loyal,28.0,1,120223.92193307559,0.016666666666666666,20.37693592086027,0,0
CUST_3057,47,Annual,2590.3348916527343,3,24.0,0,SMB,0,Loyal,24.0,3,121745.73990767851,0.0625,0.0,0,0
CUST_3058,34,Multi-Year,4533.021757886488,3,1.0,5,SMB,1,Mid-Tenure,1.0,3,154122.73976814057,0.08571428571428572,22.665108789432438,0,0
CUST_3059,37,Multi-Year,1726.5791116115668,3,7.0,2,SMB,0,Loyal,7.0,3,63883.42712962797,0.07894736842105263,3.4531582232231335,0,0
CUST_3060,6,Annual,4619.753943104369,1,25.0,0,SMB,0,New,25.0,1,27718.52365862621,0.14285714285714285,0.0,0,0
CUST_3061,7,Annual,4228.248704649212,4,7.0,0,Enterprise,0,New,7.0,4,29597.740932544486,0.5,0.0,1,0
CUST_3062,25,Monthly,4912.51073409182,4,18.0,15,SMB,1,Mid-Tenure,18.0,4,122812.7683522955,0.15384615384615385,73.6876610113773,0,1
CUST_3063,33,Multi-Year,1959.1591415736336,4,4.0,0,SMB,0,Mid-Tenure,4.0,4,64652.25167192991,0.11764705882352941,0.0,0,0
CUST_3064,55,Monthly,1560.8893100215253,4,29.0,0,SMB,0,Loyal,29.0,4,85848.91205118388,0.07142857142857142,0.0,0,1
CUST_3065,58,Monthly,1988.9010367057765,2,7.0,0,SMB,0,Loyal,7.0,2,115356.26012893504,0.03389830508474576,0.0,0,1
CUST_3066,7,Monthly,4795.924081949309,1,9.0,0,SMB,0,New,9.0,1,33571.468573645165,0.125,0.0,0,1
CUST_3067,57,Multi-Year,1998.829832238237,2,12.0,2,SMB,0,Loyal,12.0,2,113933.30043757951,0.034482758620689655,3.997659664476474,0,0
CUST_3068,12,Monthly,3043.453189807572,0,8.0,5,SMB,0,New,8.0,0,36521.43827769086,0.0,15.217265949037861,0,1
CUST_3069,16,Monthly,2316.556771639314,5,6.0,0,SMB,1,Mid-Tenure,6.0,5,37064.90834622902,0.29411764705882354,0.0,0,1
CUST_3070,43,Monthly,2282.9906501680143,0,19.0,0,SMB,0,Loyal,19.0,0,98168.59795722461,0.0,0.0,0,1
CUST_3071,7,Monthly,1370.2037444557484,5,19.0,0,SMB,1,New,19.0,5,9591.426211190239,0.625,0.0,0,1
CUST_3072,51,Monthly,2916.857933589155,1,18.0,15,SMB,1,Loyal,18.0,1,148759.7546130469,0.019230769230769232,43.752869003837326,0,1
CUST_3073,32,Multi-Year,4322.319147352431,3,10.0,0,SMB,0,Mid-Tenure,10.0,3,138314.2127152778,0.09090909090909091,0.0,0,0
CUST_3074,8,Multi-Year,722.6825609924186,6,7.0,5,SMB,0,New,7.0,6,5781.460487939349,0.6666666666666666,3.6134128049620933,0,0
CUST_3075,45,Monthly,4501.519671485397,1,21.0,0,SMB,0,Loyal,21.0,1,202568.38521684287,0.021739130434782608,0.0,0,1
CUST_3076,59,Multi-Year,3494.628343117848,2,15.0,2,SMB,0,Loyal,15.0,2,206183.07224395304,0.03333333333333333,6.989256686235696,0,0
CUST_3077,4,Annual,3275.321362587063,3,9.0,0,SMB,0,New,9.0,3,13101.285450348252,0.6,0.0,0,0
CUST_3078,67,Monthly,3316.551048157965,3,5.0,5,SMB,0,Loyal,5.0,3,222208.92022658366,0.04411764705882353,16.582755240789826,0,1
CUST_3079,29,Annual,1833.2142617951124,2,9.0,0,SMB,0,Mid-Tenure,9.0,2,53163.21359205826,0.06666666666666667,0.0,0,0
CUST_3080,29,Multi-Year,2368.1502674072945,1,9.0,2,SMB,0,Mid-Tenure,9.0,1,68676.35775481154,0.03333333333333333,4.736300534814589,0,0
CUST_3081,28,Monthly,4096.805026568965,4,24.0,0,SMB,1,Mid-Tenure,24.0,4,114710.54074393102,0.13793103448275862,0.0,0,1
CUST_3082,44,Monthly,1878.7146662133032,0,26.0,0,SMB,0,Loyal,26.0,0,82663.44531338534,0.0,0.0,0,1
CUST_3083,4,Multi-Year,2615.0909430771358,3,18.0,0,Enterprise,0,New,18.0,3,10460.363772308543,0.6,0.0,1,0
CUST_3084,9,Annual,588.34522124444,3,3.0,0,SMB,0,New,3.0,3,5295.10699119996,0.3,0.0,0,0
CUST_3085,5,Monthly,3801.01258820978,4,18.0,0,Enterprise,1,New,18.0,4,19005.0629410489,0.6666666666666666,0.0,1,1
CUST_3086,56,Annual,2379.659795053725,1,2.0,0,SMB,0,Loyal,2.0,1,133260.94852300858,0.017543859649122806,0.0,0,0
CUST_3087,50,Annual,2864.114458131217,2,16.0,0,SMB,0,Loyal,16.0,2,143205.72290656084,0.0392156862745098,0.0,0,0
CUST_3088,15,Multi-Year,1016.101930148414,3,13.0,0,Enterprise,0,Mid-Tenure,13.0,3,15241.52895222621,0.1875,0.0,1,0
CUST_3089,32,Annual,4962.714029543466,4,9.0,0,Enterprise,0,Mid-Tenure,9.0,4,158806.8489453909,0.12121212121212122,0.0,1,0
CUST_3090,28,Monthly,1861.105221431807,3,5.0,0,SMB,1,Mid-Tenure,5.0,3,52110.94620009059,0.10344827586206896,0.0,0,1
CUST_3091,22,Annual,3357.4534771840263,3,15.0,0,SMB,0,Mid-Tenure,15.0,3,73863.97649804858,0.13043478260869565,0.0,0,0
CUST_3092,17,Annual,3115.5635518450945,1,8.0,0,SMB,0,Mid-Tenure,8.0,1,52964.580381366606,0.05555555555555555,0.0,0,0
CUST_3093,59,Monthly,4032.914917662456,3,20.0,0,Enterprise,0,Loyal,20.0,3,237941.9801420849,0.05,0.0,1,1
CUST_3094,71,Annual,1822.2663002988224,2,11.0,0,SMB,0,Loyal,11.0,2,129380.9073212164,0.027777777777777776,0.0,0,0
CUST_3095,57,Multi-Year,3901.673052487568,4,11.0,2,SMB,0,Loyal,11.0,4,222395.36399179138,0.06896551724137931,7.803346104975136,0,0
CUST_3096,26,Monthly,2221.2577880858043,1,27.0,0,SMB,0,Mid-Tenure,27.0,1,57752.70249023091,0.037037037037037035,0.0,0,1
CUST_3097,25,Annual,2350.2243463085706,2,13.0,0,SMB,0,Mid-Tenure,13.0,2,58755.60865771426,0.07692307692307693,0.0,0,0
CUST_3098,10,Monthly,3527.206369190466,5,25.0,0,SMB,1,New,25.0,5,35272.06369190466,0.45454545454545453,0.0,0,1
CUST_3099,45,Monthly,4029.2859728321096,4,1.0,10,SMB,1,Loyal,1.0,4,181317.86877744494,0.08695652173913043,40.2928597283211,0,1
CUST_3100,11,Monthly,3500.899862542516,2,9.0,0,SMB,0,New,9.0,2,38509.89848796768,0.16666666666666666,0.0,0,1
CUST_3101,53,Monthly,4549.457842570184,4,3.0,2,SMB,0,Loyal,3.0,4,241121.26565621974,0.07407407407407407,9.098915685140367,0,1
CUST_3102,68,Multi-Year,1783.215632795303,1,27.0,0,Enterprise,0,Loyal,27.0,1,121258.6630300806,0.014492753623188406,0.0,1,0
CUST_3103,28,Monthly,4552.775294458772,2,5.0,0,SMB,1,Mid-Tenure,5.0,2,127477.70824484562,0.06896551724137931,0.0,0,1
CUST_3104,65,Annual,1088.885866745204,0,29.0,0,SMB,0,Loyal,29.0,0,70777.58133843826,0.0,0.0,0,0
CUST_3105,49,Monthly,3467.8864356349127,7,22.0,0,SMB,0,Loyal,22.0,7,169926.43534611072,0.14,0.0,0,1
CUST_3106,47,Multi-Year,2964.337931210799,2,27.0,0,SMB,0,Loyal,27.0,2,139323.88276690757,0.041666666666666664,0.0,0,0
CUST_3107,52,Annual,2725.8617318701527,0,28.0,0,Enterprise,0,Loyal,28.0,0,141744.81005724793,0.0,0.0,1,0
CUST_3108,54,Annual,1899.1041298798025,1,12.0,5,SMB,0,Loyal,12.0,1,102551.62301350934,0.01818181818181818,9.495520649399012,0,0
CUST_3109,60,Monthly,2766.7973538870538,1,22.0,0,SMB,0,Loyal,22.0,1,166007.8412332232,0.01639344262295082,0.0,0,1
CUST_3110,57,Monthly,1227.9801037311645,2,13.0,0,SMB,1,Loyal,13.0,2,69994.86591267638,0.034482758620689655,0.0,0,1
CUST_3111,47,Monthly,2161.94424895254,3,3.0,2,SMB,0,Loyal,3.0,3,101611.37970076938,0.0625,4.32388849790508,0,1
CUST_3112,31,Multi-Year,944.0641286774484,4,9.0,2,SMB,0,Mid-Tenure,9.0,4,29265.9879890009,0.125,1.8881282573548968,0,0
CUST_3113,46,Monthly,3073.309699038438,2,9.0,0,Enterprise,0,Loyal,9.0,2,141372.24615576814,0.0425531914893617,0.0,1,1
CUST_3114,26,Annual,930.9554878983212,1,4.0,2,SMB,0,Mid-Tenure,4.0,1,24204.84268535635,0.037037037037037035,1.8619109757966423,0,0
CUST_3115,5,Annual,1221.5508975732455,1,28.0,0,SMB,1,New,28.0,1,6107.7544878662275,0.16666666666666666,0.0,0,0
CUST_3116,52,Monthly,884.6006066936659,1,3.0,0,SMB,0,Loyal,3.0,1,45999.231548070624,0.018867924528301886,0.0,0,1
CUST_3117,54,Annual,2215.8978797843506,1,11.0,0,SMB,0,Loyal,11.0,1,119658.48550835493,0.01818181818181818,0.0,0,0
CUST_3118,33,Annual,4288.813044882569,1,25.0,0,Enterprise,0,Mid-Tenure,25.0,1,141530.83048112475,0.029411764705882353,0.0,1,0
CUST_3119,50,Annual,4581.033762352225,6,21.0,0,SMB,1,Loyal,21.0,6,229051.68811761122,0.11764705882352941,0.0,0,0
CUST_3120,38,Monthly,823.5025457000602,3,26.0,0,Enterprise,0,Loyal,26.0,3,31293.09673660229,0.07692307692307693,0.0,1,1
CUST_3121,27,Monthly,3355.4756338773213,2,13.0,0,SMB,0,Mid-Tenure,13.0,2,90597.84211468768,0.07142857142857142,0.0,0,1
CUST_3122,15,Monthly,3579.7344106643304,2,6.0,0,Enterprise,0,Mid-Tenure,6.0,2,53696.01615996496,0.125,0.0,1,1
CUST_3123,61,Multi-Year,2901.9647409441086,2,1.0,2,SMB,0,Loyal,1.0,2,177019.84919759064,0.03225806451612903,5.8039294818882174,0,0
CUST_3124,21,Annual,3501.431876612957,1,13.0,0,SMB,0,Mid-Tenure,13.0,1,73530.06940887209,0.045454545454545456,0.0,0,0
CUST_3125,46,Monthly,1551.6082194939288,1,9.0,0,Enterprise,0,Loyal,9.0,1,71373.97809672072,0.02127659574468085,0.0,1,1
CUST_3126,69,Multi-Year,2703.3989531855723,4,27.0,5,SMB,0,Loyal,27.0,4,186534.5277698045,0.05714285714285714,13.516994765927862,0,0
CUST_3127,6,Monthly,2258.941320661228,2,15.0,5,SMB,0,New,15.0,2,13553.647923967368,0.2857142857142857,11.29470660330614,0,1
CUST_3128,38,Multi-Year,903.6857814783398,4,2.0,5,Enterprise,0,Loyal,2.0,4,34340.05969617691,0.10256410256410256,4.518428907391699,1,0
CUST_3129,62,Multi-Year,3315.0039787512005,2,26.0,0,Enterprise,0,Loyal,26.0,2,205530.24668257442,0.031746031746031744,0.0,1,0
CUST_3130,62,Multi-Year,2728.468367021958,6,7.0,0,Enterprise,1,Loyal,7.0,6,169165.0387553614,0.09523809523809523,0.0,1,0
CUST_3131,46,Multi-Year,1738.2831210616243,1,22.0,0,SMB,0,Loyal,22.0,1,79961.02356883472,0.02127659574468085,0.0,0,0
CUST_3132,13,Monthly,2631.583671815172,2,27.0,0,SMB,0,Mid-Tenure,27.0,2,34210.58773359723,0.14285714285714285,0.0,0,1
CUST_3133,3,Monthly,3988.841082788764,2,16.0,0,SMB,0,New,16.0,2,11966.523248366293,0.5,0.0,0,1
CUST_3134,6,Annual,4107.459932636288,4,3.0,0,SMB,0,New,3.0,4,24644.759595817726,0.5714285714285714,0.0,0,0
CUST_3135,8,Monthly,3422.867579372161,1,20.0,10,SMB,0,New,20.0,1,27382.940634977287,0.1111111111111111,34.22867579372161,0,1
CUST_3136,44,Monthly,2604.865250300737,6,29.0,0,SMB,1,Loyal,29.0,6,114614.07101323243,0.13333333333333333,0.0,0,1
CUST_3137,33,Annual,3090.873376417316,3,18.0,0,SMB,0,Mid-Tenure,18.0,3,101998.82142177144,0.08823529411764706,0.0,0,0
CUST_3138,50,Monthly,2232.5691711002773,2,14.0,0,SMB,0,Loyal,14.0,2,111628.45855501387,0.0392156862745098,0.0,0,1
CUST_3139,11,Multi-Year,1069.503543474072,1,19.0,2,SMB,0,New,19.0,1,11764.538978214794,0.08333333333333333,2.139007086948144,0,0
CUST_3140,28,Multi-Year,2235.2926882374136,1,25.0,0,SMB,0,Mid-Tenure,25.0,1,62588.19527064758,0.034482758620689655,0.0,0,0
CUST_3141,70,Multi-Year,2886.497402313354,3,9.0,0,Enterprise,0,Loyal,9.0,3,202054.8181619348,0.04225352112676056,0.0,1,0
CUST_3142,41,Annual,3194.753065927628,3,29.0,10,SMB,1,Loyal,29.0,3,130984.87570303275,0.07142857142857142,31.94753065927628,0,0
CUST_3143,16,Multi-Year,4711.104392245794,5,9.0,2,SMB,0,Mid-Tenure,9.0,5,75377.6702759327,0.29411764705882354,9.422208784491588,0,0
CUST_3144,68,Multi-Year,3998.000502637773,5,22.0,2,SMB,0,Loyal,22.0,5,271864.0341793686,0.07246376811594203,7.996001005275546,0,0
CUST_3145,48,Annual,1183.966526501048,7,23.0,10,SMB,0,Loyal,23.0,7,56830.39327205031,0.14285714285714285,11.839665265010481,0,0
CUST_3146,56,Monthly,1283.8199299381763,1,11.0,0,SMB,1,Loyal,11.0,1,71893.91607653788,0.017543859649122806,0.0,0,1
CUST_3147,64,Multi-Year,952.2264165788932,3,8.0,2,SMB,0,Loyal,8.0,3,60942.49066104917,0.046153846153846156,1.9044528331577866,0,0
CUST_3148,59,Multi-Year,3821.81777249413,6,14.0,0,SMB,0,Loyal,14.0,6,225487.2485771537,0.1,0.0,0,0
CUST_3149,62,Monthly,3677.550253213357,1,28.0,0,Enterprise,0,Loyal,28.0,1,228008.11569922813,0.015873015873015872,0.0,1,1
CUST_3150,11,Monthly,4938.633057635965,0,17.0,0,SMB,0,New,17.0,0,54324.96363399562,0.0,0.0,0,1
CUST_3151,18,Annual,2849.1053794895693,6,19.0,0,SMB,0,Mid-Tenure,19.0,6,51283.89683081225,0.3157894736842105,0.0,0,0
CUST_3152,19,Monthly,4218.867179819968,1,0.0,0,SMB,1,Mid-Tenure,0.0,1,80158.4764165794,0.05,0.0,0,1
CUST_3153,55,Multi-Year,3093.979363892544,4,2.0,0,Enterprise,0,Loyal,2.0,4,170168.8650140899,0.07142857142857142,0.0,1,0
CUST_3154,26,Multi-Year,4433.390206373467,2,7.0,0,SMB,1,Mid-Tenure,7.0,2,115268.14536571014,0.07407407407407407,0.0,0,0
CUST_3155,6,Monthly,3744.5946768623817,3,6.0,0,Enterprise,1,New,6.0,3,22467.56806117429,0.42857142857142855,0.0,1,1
CUST_3156,4,Annual,3392.978067460638,2,14.0,0,SMB,0,New,14.0,2,13571.912269842553,0.4,0.0,0,0
CUST_3157,29,Monthly,3043.0520194237265,3,7.0,0,SMB,0,Mid-Tenure,7.0,3,88248.50856328807,0.1,0.0,0,1
CUST_3158,59,Annual,3753.367359993387,3,14.0,0,SMB,0,Loyal,14.0,3,221448.67423960983,0.05,0.0,0,0
CUST_3159,17,Monthly,2388.442292019547,1,26.0,0,SMB,0,Mid-Tenure,26.0,1,40603.5189643323,0.05555555555555555,0.0,0,1
CUST_3160,43,Annual,934.5946131754883,3,21.0,0,SMB,0,Loyal,21.0,3,40187.568366546,0.06818181818181818,0.0,0,0
CUST_3161,66,Monthly,679.9375795902836,0,4.0,0,SMB,0,Loyal,4.0,0,44875.88025295872,0.0,0.0,0,1
CUST_3162,34,Monthly,2655.6067922412826,1,11.0,0,Enterprise,0,Mid-Tenure,11.0,1,90290.63093620361,0.02857142857142857,0.0,1,1
CUST_3163,8,Monthly,3196.812119990636,1,11.0,2,SMB,1,New,11.0,1,25574.496959925087,0.1111111111111111,6.393624239981272,0,1
CUST_3164,13,Monthly,854.8206375678144,1,25.0,0,SMB,0,Mid-Tenure,25.0,1,11112.668288381587,0.07142857142857142,0.0,0,1
CUST_3165,8,Annual,1791.06597010446,0,8.0,0,SMB,0,New,8.0,0,14328.52776083568,0.0,0.0,0,0
CUST_3166,65,Monthly,1949.144926889692,1,20.0,0,SMB,0,Loyal,20.0,1,126694.42024782998,0.015151515151515152,0.0,0,1
CUST_3167,43,Annual,3032.5799084371306,1,8.0,5,SMB,0,Loyal,8.0,1,130400.93606279661,0.022727272727272728,15.162899542185652,0,0
CUST_3168,39,Multi-Year,1753.1710521925509,3,14.0,0,SMB,0,Loyal,14.0,3,68373.67103550948,0.075,0.0,0,0
CUST_3169,59,Multi-Year,930.4186980020302,3,14.0,0,SMB,0,Loyal,14.0,3,54894.70318211978,0.05,0.0,0,0
CUST_3170,44,Multi-Year,1241.8553342594755,4,28.0,5,SMB,0,Loyal,28.0,4,54641.634707416924,0.08888888888888889,6.209276671297377,0,0
CUST_3171,9,Multi-Year,1282.7651072188694,2,19.0,0,Enterprise,0,New,19.0,2,11544.885964969824,0.2,0.0,1,0
CUST_3172,37,Monthly,4292.127249002427,0,11.0,0,SMB,0,Loyal,11.0,0,158808.7082130898,0.0,0.0,0,1
CUST_3173,36,Monthly,1779.4385914023117,0,4.0,0,SMB,1,Mid-Tenure,4.0,0,64059.78929048322,0.0,0.0,0,1
CUST_3174,28,Annual,3716.112802616406,4,0.0,15,Enterprise,1,Mid-Tenure,0.0,4,104051.15847325936,0.13793103448275862,55.74169203924609,1,0
CUST_3175,42,Multi-Year,3055.274358526876,4,21.0,2,Enterprise,0,Loyal,21.0,4,128321.52305812879,0.09302325581395349,6.110548717053752,1,0
CUST_3176,43,Multi-Year,4896.674391273989,2,18.0,0,SMB,0,Loyal,18.0,2,210556.99882478153,0.045454545454545456,0.0,0,0
CUST_3177,42,Monthly,1727.70200996091,0,10.0,0,SMB,0,Loyal,10.0,0,72563.48441835822,0.0,0.0,0,1
CUST_3178,66,Monthly,1212.678592381401,3,25.0,0,Enterprise,0,Loyal,25.0,3,80036.78709717246,0.04477611940298507,0.0,1,1
CUST_3179,55,Monthly,734.1702696255218,0,17.0,0,Enterprise,0,Loyal,17.0,0,40379.3648294037,0.0,0.0,1,1
CUST_3180,48,Annual,1584.3184802657622,2,5.0,0,SMB,0,Loyal,5.0,2,76047.28705275658,0.04081632653061224,0.0,0,0
CUST_3181,22,Annual,3578.318988869267,3,16.0,0,SMB,0,Mid-Tenure,16.0,3,78723.01775512387,0.13043478260869565,0.0,0,0
CUST_3182,27,Monthly,883.6620108658728,2,13.0,0,SMB,0,Mid-Tenure,13.0,2,23858.874293378565,0.07142857142857142,0.0,0,1
CUST_3183,67,Monthly,1601.1583031734633,3,11.0,2,SMB,0,Loyal,11.0,3,107277.60631262204,0.04411764705882353,3.2023166063469266,0,1
CUST_3184,13,Annual,4348.887656828054,3,24.0,0,SMB,0,Mid-Tenure,24.0,3,56535.5395387647,0.21428571428571427,0.0,0,0
CUST_3185,45,Annual,3123.288272140341,5,4.0,0,SMB,0,Loyal,4.0,5,140547.97224631536,0.10869565217391304,0.0,0,0
CUST_3186,10,Monthly,812.8469311393795,6,6.0,2,SMB,0,New,6.0,6,8128.469311393796,0.5454545454545454,1.6256938622787591,0,1
CUST_3187,9,Multi-Year,714.5741491239347,5,26.0,0,SMB,1,New,26.0,5,6431.167342115413,0.5,0.0,0,0
CUST_3188,54,Annual,775.052938965951,4,25.0,2,Enterprise,0,Loyal,25.0,4,41852.85870416135,0.07272727272727272,1.550105877931902,1,0
CUST_3189,27,Multi-Year,4738.437725662638,0,15.0,0,SMB,0,Mid-Tenure,15.0,0,127937.81859289121,0.0,0.0,0,0
CUST_3190,34,Multi-Year,4324.421428524746,2,24.0,2,SMB,0,Mid-Tenure,24.0,2,147030.32856984137,0.05714285714285714,8.648842857049493,0,0
CUST_3191,1,Monthly,4302.230189084487,3,8.0,10,SMB,1,New,8.0,3,4302.230189084487,1.5,43.02230189084487,0,1
CUST_3192,32,Monthly,4658.975430095957,1,28.0,0,SMB,0,Mid-Tenure,28.0,1,149087.2137630706,0.030303030303030304,0.0,0,1
CUST_3193,71,Annual,2773.649256129096,0,22.0,0,SMB,0,Loyal,22.0,0,196929.09718516583,0.0,0.0,0,0
CUST_3194,67,Monthly,1613.051020145048,2,14.0,0,SMB,0,Loyal,14.0,2,108074.41834971821,0.029411764705882353,0.0,0,1
CUST_3195,20,Multi-Year,2306.0660190733315,0,3.0,0,SMB,0,Mid-Tenure,3.0,0,46121.320381466634,0.0,0.0,0,0
CUST_3196,35,Annual,3734.888327977149,3,19.0,0,SMB,1,Mid-Tenure,19.0,3,130721.09147920021,0.08333333333333333,0.0,0,0
CUST_3197,17,Multi-Year,4442.147921845693,2,22.0,0,SMB,0,Mid-Tenure,22.0,2,75516.51467137679,0.1111111111111111,0.0,0,0
CUST_3198,18,Monthly,2457.909170147859,1,23.0,2,SMB,1,Mid-Tenure,23.0,1,44242.36506266147,0.05263157894736842,4.9158183402957185,0,1
CUST_3199,45,Monthly,2909.2142992192757,3,6.0,2,Enterprise,0,Loyal,6.0,3,130914.6434648674,0.06521739130434782,5.818428598438551,1,1
CUST_3200,53,Annual,4693.02346974314,3,26.0,5,SMB,0,Loyal,26.0,3,248730.2438963864,0.05555555555555555,23.4651173487157,0,0
CUST_3201,68,Monthly,983.7438669924308,3,13.0,0,Enterprise,0,Loyal,13.0,3,66894.5829554853,0.043478260869565216,0.0,1,1
CUST_3202,65,Annual,4380.346476383558,1,29.0,0,SMB,0,Loyal,29.0,1,284722.5209649313,0.015151515151515152,0.0,0,0
CUST_3203,1,Multi-Year,1216.8836701337116,2,25.0,5,SMB,0,New,25.0,2,1216.8836701337116,1.0,6.084418350668558,0,0
CUST_3204,58,Monthly,2677.376076307791,4,3.0,0,SMB,0,Loyal,3.0,4,155287.81242585188,0.06779661016949153,0.0,0,1
CUST_3205,26,Annual,1482.9040789837682,4,3.0,0,SMB,0,Mid-Tenure,3.0,4,38555.50605357797,0.14814814814814814,0.0,0,0
CUST_3206,20,Monthly,3213.2643381077187,2,23.0,0,Enterprise,0,Mid-Tenure,23.0,2,64265.28676215437,0.09523809523809523,0.0,1,1
CUST_3207,10,Monthly,3013.580397687197,3,27.0,0,SMB,0,New,27.0,3,30135.803976871972,0.2727272727272727,0.0,0,1
CUST_3208,59,Multi-Year,2210.0331390833835,2,13.0,0,SMB,0,Loyal,13.0,2,130391.95520591963,0.03333333333333333,0.0,0,0
CUST_3209,41,Multi-Year,4384.86581680306,3,24.0,0,SMB,0,Loyal,24.0,3,179779.49848892546,0.07142857142857142,0.0,0,0
CUST_3210,5,Annual,3469.159941296269,4,6.0,0,SMB,0,New,6.0,4,17345.799706481346,0.6666666666666666,0.0,0,0
CUST_3211,65,Multi-Year,3745.4230623287463,1,14.0,0,SMB,0,Loyal,14.0,1,243452.4990513685,0.015151515151515152,0.0,0,0
CUST_3212,17,Annual,1177.9688219345085,3,11.0,2,SMB,0,Mid-Tenure,11.0,3,20025.469972886644,0.16666666666666666,2.3559376438690167,0,0
CUST_3213,22,Monthly,4474.245550890279,5,13.0,0,Enterprise,0,Mid-Tenure,13.0,5,98433.40211958614,0.21739130434782608,0.0,1,1
CUST_3214,41,Monthly,1251.680736290083,4,12.0,0,SMB,0,Loyal,12.0,4,51318.9101878934,0.09523809523809523,0.0,0,1
CUST_3215,68,Multi-Year,1502.5323389448208,3,29.0,0,SMB,0,Loyal,29.0,3,102172.19904824781,0.043478260869565216,0.0,0,0
CUST_3216,69,Monthly,1076.248123235962,4,18.0,0,SMB,0,Loyal,18.0,4,74261.12050328139,0.05714285714285714,0.0,0,1
CUST_3217,11,Annual,2481.6164358596698,2,11.0,0,SMB,0,New,11.0,2,27297.78079445637,0.16666666666666666,0.0,0,0
CUST_3218,56,Annual,4494.691542885394,1,15.0,0,Enterprise,0,Loyal,15.0,1,251702.72640158204,0.017543859649122806,0.0,1,0
CUST_3219,51,Annual,1636.013838244368,3,25.0,0,SMB,0,Loyal,25.0,3,83436.70575046276,0.057692307692307696,0.0,0,0
CUST_3220,21,Monthly,2181.8903919032896,1,15.0,0,SMB,1,Mid-Tenure,15.0,1,45819.69822996908,0.045454545454545456,0.0,0,1
CUST_3221,26,Monthly,4307.298890339399,5,0.0,0,SMB,1,Mid-Tenure,0.0,5,111989.77114882437,0.18518518518518517,0.0,0,1
CUST_3222,19,Monthly,3280.168758915001,1,14.0,2,SMB,1,Mid-Tenure,14.0,1,62323.20641938502,0.05,6.560337517830002,0,1
CUST_3223,60,Annual,3882.273771408246,4,4.0,0,SMB,0,Loyal,4.0,4,232936.42628449475,0.06557377049180328,0.0,0,0
CUST_3224,71,Annual,1463.0002224625168,2,5.0,0,Enterprise,0,Loyal,5.0,2,103873.01579483869,0.027777777777777776,0.0,1,0
CUST_3225,47,Annual,3724.204384996589,6,26.0,10,SMB,1,Loyal,26.0,6,175037.6060948397,0.125,37.242043849965896,0,0
CUST_3226,71,Annual,1524.247603887976,6,24.0,0,SMB,0,Loyal,24.0,6,108221.57987604631,0.08333333333333333,0.0,0,0
CUST_3227,26,Monthly,4942.912919947975,1,20.0,0,Enterprise,0,Mid-Tenure,20.0,1,128515.73591864735,0.037037037037037035,0.0,1,1
CUST_3228,40,Multi-Year,3019.487702570318,1,16.0,0,SMB,0,Loyal,16.0,1,120779.50810281272,0.024390243902439025,0.0,0,0
CUST_3229,5,Annual,3630.376661194117,0,10.0,0,SMB,0,New,10.0,0,18151.883305970583,0.0,0.0,0,0
CUST_3230,21,Monthly,1032.8071286367626,1,26.0,0,SMB,1,Mid-Tenure,26.0,1,21688.949701372014,0.045454545454545456,0.0,0,1
CUST_3231,4,Monthly,1627.9519101870628,4,3.0,0,SMB,0,New,3.0,4,6511.807640748251,0.8,0.0,0,1
CUST_3232,23,Multi-Year,1128.8329680395946,2,17.0,0,SMB,0,Mid-Tenure,17.0,2,25963.158264910675,0.08333333333333333,0.0,0,0
CUST_3233,15,Multi-Year,2255.7682187227538,4,19.0,5,SMB,0,Mid-Tenure,19.0,4,33836.523280841306,0.25,11.278841093613769,0,0
CUST_3234,8,Monthly,1778.6113889242931,3,13.0,0,SMB,0,New,13.0,3,14228.891111394345,0.3333333333333333,0.0,0,1
CUST_3235,41,Annual,3798.150168337562,2,22.0,0,SMB,0,Loyal,22.0,2,155724.15690184003,0.047619047619047616,0.0,0,0
CUST_3236,19,Monthly,989.1904083266804,1,8.0,0,SMB,0,Mid-Tenure,8.0,1,18794.61775820693,0.05,0.0,0,1
CUST_3237,46,Monthly,3884.267158026657,2,27.0,0,SMB,0,Loyal,27.0,2,178676.28926922622,0.0425531914893617,0.0,0,1
CUST_3238,28,Annual,705.6717108736437,5,2.0,0,SMB,0,Mid-Tenure,2.0,5,19758.807904462024,0.1724137931034483,0.0,0,0
CUST_3239,68,Annual,1409.080267950766,3,2.0,5,SMB,0,Loyal,2.0,3,95817.45822065209,0.043478260869565216,7.04540133975383,0,0
CUST_3240,15,Annual,4063.842463840713,4,10.0,0,SMB,0,Mid-Tenure,10.0,4,60957.636957610695,0.25,0.0,0,0
CUST_3241,37,Monthly,3842.494884985527,2,19.0,15,SMB,0,Loyal,19.0,2,142172.31074446448,0.05263157894736842,57.637423274782904,0,1
CUST_3242,1,Monthly,2643.467512634885,3,22.0,0,Enterprise,0,New,22.0,3,2643.467512634885,1.5,0.0,1,1
CUST_3243,67,Monthly,724.9222178489831,3,21.0,0,Enterprise,0,Loyal,21.0,3,48569.788595881866,0.04411764705882353,0.0,1,1
CUST_3244,24,Monthly,3244.521837511847,4,29.0,0,SMB,0,Mid-Tenure,29.0,4,77868.52410028432,0.16,0.0,0,1
CUST_3245,27,Monthly,2330.258467883443,3,4.0,0,Enterprise,0,Mid-Tenure,4.0,3,62916.97863285296,0.10714285714285714,0.0,1,1
CUST_3246,40,Monthly,1924.376675890864,4,3.0,0,SMB,0,Loyal,3.0,4,76975.06703563455,0.0975609756097561,0.0,0,1
CUST_3247,63,Monthly,3381.847865719404,3,11.0,0,SMB,0,Loyal,11.0,3,213056.41554032246,0.046875,0.0,0,1
CUST_3248,61,Monthly,2464.7655299077687,2,23.0,0,SMB,0,Loyal,23.0,2,150350.6973243739,0.03225806451612903,0.0,0,1
CUST_3249,36,Annual,915.894952039304,2,11.0,0,SMB,0,Mid-Tenure,11.0,2,32972.21827341495,0.05405405405405406,0.0,0,0
CUST_3250,24,Monthly,4621.77711730555,2,3.0,2,SMB,1,Mid-Tenure,3.0,2,110922.6508153332,0.08,9.2435542346111,0,1
CUST_3251,24,Monthly,4003.218947540205,5,2.0,0,SMB,1,Mid-Tenure,2.0,5,96077.25474096493,0.2,0.0,0,1
CUST_3252,4,Annual,753.7018608074859,3,22.0,0,SMB,0,New,22.0,3,3014.8074432299436,0.6,0.0,0,0
CUST_3253,67,Monthly,2862.78741585813,3,1.0,0,SMB,0,Loyal,1.0,3,191806.7568624947,0.04411764705882353,0.0,0,1
CUST_3254,34,Annual,875.1990330438273,1,3.0,0,SMB,0,Mid-Tenure,3.0,1,29756.767123490128,0.02857142857142857,0.0,0,0
CUST_3255,57,Monthly,4267.804365763182,6,23.0,2,SMB,0,Loyal,23.0,6,243264.8488485014,0.10344827586206896,8.535608731526365,0,1
CUST_3256,49,Monthly,3258.562824733873,2,3.0,0,SMB,0,Loyal,3.0,2,159669.57841195978,0.04,0.0,0,1
CUST_3257,53,Monthly,1276.021101078808,0,25.0,10,SMB,0,Loyal,25.0,0,67629.11835717682,0.0,12.76021101078808,0,1
CUST_3258,23,Monthly,593.3360426279035,3,27.0,5,SMB,1,Mid-Tenure,27.0,3,13646.72898044178,0.125,2.966680213139517,0,1
CUST_3259,69,Annual,642.1145546588928,5,6.0,0,Enterprise,1,Loyal,6.0,5,44305.9042714636,0.07142857142857142,0.0,1,0
CUST_3260,53,Multi-Year,2783.1446242917336,5,1.0,0,SMB,0,Loyal,1.0,5,147506.66508746188,0.09259259259259259,0.0,0,0
CUST_3261,62,Monthly,3804.680654045482,1,10.0,2,SMB,0,Loyal,10.0,1,235890.20055081986,0.015873015873015872,7.609361308090963,0,1
CUST_3262,41,Monthly,1043.7820310028162,3,4.0,5,SMB,0,Loyal,4.0,3,42795.06327111546,0.07142857142857142,5.218910155014081,0,1
CUST_3263,57,Annual,1495.778296617309,2,27.0,0,Enterprise,0,Loyal,27.0,2,85259.36290718662,0.034482758620689655,0.0,1,0
CUST_3264,60,Monthly,1972.6697532628957,3,12.0,5,SMB,0,Loyal,12.0,3,118360.18519577374,0.04918032786885246,9.863348766314479,0,1
CUST_3265,54,Multi-Year,1481.3455192751885,3,3.0,5,SMB,0,Loyal,3.0,3,79992.65804086017,0.05454545454545454,7.4067275963759425,0,0
CUST_3266,70,Monthly,2261.014532092214,4,8.0,0,SMB,0,Loyal,8.0,4,158271.01724645495,0.056338028169014086,0.0,0,1
CUST_3267,57,Multi-Year,3018.267525942843,2,6.0,2,SMB,0,Loyal,6.0,2,172041.24897874205,0.034482758620689655,6.036535051885686,0,0
CUST_3268,10,Monthly,3582.215367085892,2,29.0,0,SMB,0,New,29.0,2,35822.15367085892,0.18181818181818182,0.0,0,1
CUST_3269,40,Monthly,4836.988319932528,5,24.0,0,SMB,0,Loyal,24.0,5,193479.5327973011,0.12195121951219512,0.0,0,1
CUST_3270,7,Multi-Year,4688.796513574375,3,26.0,0,SMB,0,New,26.0,3,32821.57559502063,0.375,0.0,0,0
CUST_3271,38,Annual,3065.571386730115,1,28.0,0,SMB,0,Loyal,28.0,1,116491.71269574437,0.02564102564102564,0.0,0,0
CUST_3272,61,Annual,3803.675254053596,3,12.0,2,SMB,0,Loyal,12.0,3,232024.19049726936,0.04838709677419355,7.607350508107191,0,0
CUST_3273,3,Annual,4778.924920814426,0,9.0,0,SMB,0,New,9.0,0,14336.774762443278,0.0,0.0,0,0
CUST_3274,51,Annual,875.6237504363218,2,6.0,0,SMB,0,Loyal,6.0,2,44656.81127225241,0.038461538461538464,0.0,0,0
CUST_3275,47,Monthly,525.3564193764312,3,17.0,5,Enterprise,0,Loyal,17.0,3,24691.751710692264,0.0625,2.626782096882156,1,1
CUST_3276,68,Annual,634.0989367831247,2,27.0,0,Enterprise,0,Loyal,27.0,2,43118.72770125248,0.028985507246376812,0.0,1,0
CUST_3277,38,Monthly,3035.072130678337,4,17.0,0,Enterprise,0,Loyal,17.0,4,115332.74096577681,0.10256410256410256,0.0,1,1
CUST_3278,36,Multi-Year,3932.750413861404,5,1.0,0,Enterprise,0,Mid-Tenure,1.0,5,141579.01489901054,0.13513513513513514,0.0,1,0
CUST_3279,41,Multi-Year,2151.837278352656,0,20.0,0,SMB,0,Loyal,20.0,0,88225.3284124589,0.0,0.0,0,0
CUST_3280,69,Monthly,2953.576286274284,2,0.0,2,Enterprise,0,Loyal,0.0,2,203796.7637529256,0.02857142857142857,5.907152572548568,1,1
CUST_3281,13,Monthly,2823.648433468416,0,12.0,0,SMB,0,Mid-Tenure,12.0,0,36707.42963508941,0.0,0.0,0,1
CUST_3282,58,Monthly,926.469012164088,1,22.0,0,SMB,1,Loyal,22.0,1,53735.202705517106,0.01694915254237288,0.0,0,1
CUST_3283,50,Monthly,1947.1471890082205,2,1.0,0,SMB,0,Loyal,1.0,2,97357.35945041102,0.0392156862745098,0.0,0,1
CUST_3284,30,Multi-Year,587.458198320359,3,3.0,0,SMB,1,Mid-Tenure,3.0,3,17623.74594961077,0.0967741935483871,0.0,0,0
CUST_3285,62,Monthly,998.175599629299,2,8.0,0,Enterprise,1,Loyal,8.0,2,61886.887177016535,0.031746031746031744,0.0,1,1
CUST_3286,25,Monthly,4153.362003094,3,7.0,0,SMB,0,Mid-Tenure,7.0,3,103834.05007735,0.11538461538461539,0.0,0,1
CUST_3287,27,Multi-Year,4232.360737617435,8,25.0,0,Enterprise,0,Mid-Tenure,25.0,8,114273.73991567074,0.2857142857142857,0.0,1,0
CUST_3288,51,Multi-Year,4108.758440202813,2,17.0,0,SMB,0,Loyal,17.0,2,209546.68045034347,0.038461538461538464,0.0,0,0
CUST_3289,57,Annual,3770.683884285065,4,29.0,0,SMB,0,Loyal,29.0,4,214928.98140424868,0.06896551724137931,0.0,0,0
CUST_3290,47,Annual,4069.9078087995576,4,15.0,0,SMB,0,Loyal,15.0,4,191285.66701357922,0.08333333333333333,0.0,0,0
CUST_3291,39,Annual,3519.4205357128326,0,3.0,0,SMB,0,Loyal,3.0,0,137257.40089280048,0.0,0.0,0,0
CUST_3292,16,Multi-Year,3514.250024673299,1,3.0,2,Enterprise,0,Mid-Tenure,3.0,1,56228.00039477278,0.058823529411764705,7.028500049346598,1,0
CUST_3293,22,Annual,3503.128088713136,3,17.0,0,Enterprise,0,Mid-Tenure,17.0,3,77068.817951689,0.13043478260869565,0.0,1,0
CUST_3294,54,Annual,2813.1925535519185,1,1.0,0,SMB,0,Loyal,1.0,1,151912.3978918036,0.01818181818181818,0.0,0,0
CUST_3295,21,Monthly,2135.0625505918,5,20.0,5,Enterprise,0,Mid-Tenure,20.0,5,44836.3135624278,0.22727272727272727,10.675312752959,1,1
CUST_3296,16,Monthly,3785.878697726997,2,10.0,5,SMB,1,Mid-Tenure,10.0,2,60574.05916363195,0.11764705882352941,18.929393488634986,0,1
CUST_3297,59,Annual,1843.9070611403367,2,19.0,0,SMB,0,Loyal,19.0,2,108790.51660727986,0.03333333333333333,0.0,0,0
CUST_3298,31,Multi-Year,2943.059591649286,2,23.0,0,SMB,0,Mid-Tenure,23.0,2,91234.84734112787,0.0625,0.0,0,0
CUST_3299,42,Multi-Year,2450.1002909804656,8,3.0,0,SMB,0,Loyal,3.0,8,102904.21222117955,0.18604651162790697,0.0,0,0
CUST_3300,32,Multi-Year,1744.8002469216551,2,23.0,10,SMB,0,Mid-Tenure,23.0,2,55833.607901492964,0.06060606060606061,17.44800246921655,0,0
CUST_3301,59,Annual,4886.104642036084,3,13.0,0,SMB,0,Loyal,13.0,3,288280.173880129,0.05,0.0,0,0
CUST_3302,34,Annual,1664.3824034081877,3,20.0,10,SMB,0,Mid-Tenure,20.0,3,56589.00171587838,0.08571428571428572,16.643824034081877,0,0
CUST_3303,9,Multi-Year,1891.818786753635,5,16.0,0,SMB,0,New,16.0,5,17026.369080782715,0.5,0.0,0,0
CUST_3304,11,Annual,1227.1437579113071,0,29.0,0,SMB,0,New,29.0,0,13498.581337024378,0.0,0.0,0,0
CUST_3305,10,Monthly,4203.412813914307,2,29.0,2,SMB,0,New,29.0,2,42034.12813914307,0.18181818181818182,8.406825627828614,0,1
CUST_3306,17,Monthly,3139.652302495202,3,24.0,2,Enterprise,0,Mid-Tenure,24.0,3,53374.08914241844,0.16666666666666666,6.279304604990404,1,1
CUST_3307,68,Multi-Year,3258.676654125736,6,7.0,2,SMB,1,Loyal,7.0,6,221590.01248055007,0.08695652173913043,6.517353308251472,0,0
CUST_3308,48,Monthly,4192.52635309594,2,0.0,5,SMB,0,Loyal,0.0,2,201241.26494860512,0.04081632653061224,20.962631765479703,0,1
CUST_3309,52,Multi-Year,2043.1384638344573,4,27.0,2,Enterprise,0,Loyal,27.0,4,106243.20011939178,0.07547169811320754,4.086276927668915,1,0
CUST_3310,25,Monthly,1371.3504142109618,5,18.0,0,SMB,1,Mid-Tenure,18.0,5,34283.76035527405,0.19230769230769232,0.0,0,1
CUST_3311,21,Annual,1392.8241379725678,1,18.0,0,SMB,0,Mid-Tenure,18.0,1,29249.30689742392,0.045454545454545456,0.0,0,0
CUST_3312,65,Annual,3796.789196580167,2,20.0,0,SMB,0,Loyal,20.0,2,246791.29777771083,0.030303030303030304,0.0,0,0
CUST_3313,63,Annual,3263.518195081014,2,6.0,0,SMB,0,Loyal,6.0,2,205601.64629010388,0.03125,0.0,0,0
CUST_3314,51,Monthly,1428.5249536194,5,0.0,0,SMB,0,Loyal,0.0,5,72854.7726345894,0.09615384615384616,0.0,0,1
CUST_3315,36,Multi-Year,1152.794275881906,4,0.0,0,SMB,0,Mid-Tenure,0.0,4,41500.59393174862,0.10810810810810811,0.0,0,0
CUST_3316,66,Annual,1043.0928732288776,2,9.0,0,SMB,0,Loyal,9.0,2,68844.12963310591,0.029850746268656716,0.0,0,0
CUST_3317,15,Monthly,3325.0939146636697,0,12.0,0,SMB,0,Mid-Tenure,12.0,0,49876.40871995505,0.0,0.0,0,1
CUST_3318,39,Annual,500.533902098825,0,21.0,5,SMB,0,Loyal,21.0,0,19520.822181854175,0.0,2.5026695104941252,0,0
CUST_3319,70,Monthly,582.4370417159467,1,29.0,0,Enterprise,0,Loyal,29.0,1,40770.59292011627,0.014084507042253521,0.0,1,1
CUST_3320,1,Monthly,2252.9891103174286,2,4.0,0,SMB,0,New,4.0,2,2252.9891103174286,1.0,0.0,0,1
CUST_3321,23,Monthly,3611.074389242731,1,11.0,0,SMB,0,Mid-Tenure,11.0,1,83054.71095258281,0.041666666666666664,0.0,0,1
CUST_3322,39,Multi-Year,3627.6771942383175,2,27.0,0,SMB,0,Loyal,27.0,2,141479.41057529437,0.05,0.0,0,0
CUST_3323,57,Annual,2435.532231234608,4,28.0,0,Enterprise,0,Loyal,28.0,4,138825.33718037265,0.06896551724137931,0.0,1,0
CUST_3324,34,Annual,3609.831229720563,3,2.0,0,SMB,0,Mid-Tenure,2.0,3,122734.26181049914,0.08571428571428572,0.0,0,0
CUST_3325,41,Monthly,2844.932808110565,3,28.0,0,SMB,0,Loyal,28.0,3,116642.24513253316,0.07142857142857142,0.0,0,1
CUST_3326,13,Monthly,4896.191375587919,2,18.0,2,SMB,0,Mid-Tenure,18.0,2,63650.48788264294,0.14285714285714285,9.792382751175838,0,1
CUST_3327,70,Multi-Year,1231.070962265749,1,3.0,2,SMB,0,Loyal,3.0,1,86174.96735860243,0.014084507042253521,2.462141924531498,0,0
CUST_3328,6,Annual,3203.002704675225,2,14.0,0,SMB,0,New,14.0,2,19218.016228051347,0.2857142857142857,0.0,0,0
CUST_3329,52,Multi-Year,2710.5744917795164,2,12.0,0,SMB,0,Loyal,12.0,2,140949.87357253485,0.03773584905660377,0.0,0,0
CUST_3330,3,Monthly,1375.0985509596248,1,10.0,0,SMB,0,New,10.0,1,4125.2956528788745,0.25,0.0,0,1
CUST_3331,63,Monthly,3874.9569446376654,1,25.0,2,SMB,0,Loyal,25.0,1,244122.28751217292,0.015625,7.749913889275331,0,1
CUST_3332,49,Multi-Year,1739.7860896939787,3,1.0,0,SMB,0,Loyal,1.0,3,85249.51839500495,0.06,0.0,0,0
CUST_3333,47,Annual,2217.6941859209373,4,28.0,0,SMB,0,Loyal,28.0,4,104231.62673828406,0.08333333333333333,0.0,0,0
CUST_3334,55,Monthly,2186.7375631438854,5,8.0,0,SMB,0,Loyal,8.0,5,120270.5659729137,0.08928571428571429,0.0,0,1
CUST_3335,64,Monthly,1598.9201293457695,3,28.0,0,SMB,0,Loyal,28.0,3,102330.88827812925,0.046153846153846156,0.0,0,1
CUST_3336,65,Multi-Year,2438.173992642824,3,11.0,0,Enterprise,0,Loyal,11.0,3,158481.30952178355,0.045454545454545456,0.0,1,0
CUST_3337,67,Monthly,2630.0564641742826,3,3.0,0,SMB,0,Loyal,3.0,3,176213.78309967695,0.04411764705882353,0.0,0,1
CUST_3338,15,Annual,3848.997527641884,3,25.0,2,Enterprise,0,Mid-Tenure,25.0,3,57734.96291462826,0.1875,7.697995055283768,1,0
CUST_3339,32,Monthly,3942.808584696667,1,18.0,0,SMB,0,Mid-Tenure,18.0,1,126169.87471029334,0.030303030303030304,0.0,0,1
CUST_3340,68,Monthly,1213.5018573124794,1,9.0,0,SMB,0,Loyal,9.0,1,82518.1262972486,0.014492753623188406,0.0,0,1
CUST_3341,18,Multi-Year,3167.4753469738944,1,10.0,2,SMB,1,Mid-Tenure,10.0,1,57014.5562455301,0.05263157894736842,6.334950693947789,0,0
CUST_3342,43,Monthly,4532.890092257279,2,6.0,5,SMB,0,Loyal,6.0,2,194914.273967063,0.045454545454545456,22.664450461286396,0,1
CUST_3343,35,Annual,989.5397399805236,5,12.0,0,SMB,0,Mid-Tenure,12.0,5,34633.89089931832,0.1388888888888889,0.0,0,0
CUST_3344,58,Multi-Year,2628.1132004036235,1,8.0,0,SMB,0,Loyal,8.0,1,152430.56562341016,0.01694915254237288,0.0,0,0
CUST_3345,33,Monthly,3876.5890508375423,3,11.0,0,SMB,0,Mid-Tenure,11.0,3,127927.4386776389,0.08823529411764706,0.0,0,1
CUST_3346,14,Monthly,3251.7110047205447,3,28.0,0,Enterprise,0,Mid-Tenure,28.0,3,45523.95406608762,0.2,0.0,1,1
CUST_3347,34,Annual,952.6354546848074,4,1.0,0,SMB,0,Mid-Tenure,1.0,4,32389.60545928345,0.11428571428571428,0.0,0,0
CUST_3348,61,Monthly,2284.727564079376,1,29.0,2,Enterprise,0,Loyal,29.0,1,139368.38140884193,0.016129032258064516,4.569455128158752,1,1
CUST_3349,4,Monthly,2782.577741975888,1,21.0,0,Enterprise,0,New,21.0,1,11130.310967903552,0.2,0.0,1,1
CUST_3350,59,Monthly,4981.305207723228,2,20.0,0,SMB,0,Loyal,20.0,2,293897.00725567044,0.03333333333333333,0.0,0,1
CUST_3351,29,Annual,1303.7355919564377,1,0.0,0,SMB,0,Mid-Tenure,0.0,1,37808.33216673669,0.03333333333333333,0.0,0,0
CUST_3352,6,Annual,4920.906952220506,6,26.0,0,SMB,0,New,26.0,6,29525.441713323038,0.8571428571428571,0.0,0,0
CUST_3353,49,Annual,2192.674029032498,1,6.0,0,SMB,0,Loyal,6.0,1,107441.0274225924,0.02,0.0,0,0
CUST_3354,40,Monthly,1401.4421873321962,8,0.0,0,SMB,1,Loyal,0.0,8,56057.68749328785,0.1951219512195122,0.0,0,1
CUST_3355,65,Annual,2363.490869557982,5,25.0,0,SMB,0,Loyal,25.0,5,153626.90652126883,0.07575757575757576,0.0,0,0
CUST_3356,69,Multi-Year,3262.978058156677,1,24.0,0,SMB,0,Loyal,24.0,1,225145.48601281072,0.014285714285714285,0.0,0,0
CUST_3357,27,Annual,1460.7382725994814,3,15.0,0,SMB,0,Mid-Tenure,15.0,3,39439.933360186,0.10714285714285714,0.0,0,0
CUST_3358,6,Annual,1811.4758748595748,4,3.0,0,SMB,0,New,3.0,4,10868.855249157448,0.5714285714285714,0.0,0,0
CUST_3359,13,Annual,4345.459257808804,2,29.0,0,SMB,0,Mid-Tenure,29.0,2,56490.97035151445,0.14285714285714285,0.0,0,0
CUST_3360,64,Multi-Year,4995.542577509906,2,7.0,0,SMB,0,Loyal,7.0,2,319714.72496063396,0.03076923076923077,0.0,0,0
CUST_3361,62,Multi-Year,1931.7771117429188,2,16.0,0,Enterprise,0,Loyal,16.0,2,119770.18092806096,0.031746031746031744,0.0,1,0
CUST_3362,19,Monthly,1169.8556177747314,0,20.0,2,Enterprise,0,Mid-Tenure,20.0,0,22227.256737719898,0.0,2.339711235549463,1,1
CUST_3363,43,Monthly,4069.268689973187,4,18.0,2,SMB,0,Loyal,18.0,4,174978.55366884705,0.09090909090909091,8.138537379946374,0,1
CUST_3364,20,Monthly,3202.050592738153,2,3.0,2,Enterprise,0,Mid-Tenure,3.0,2,64041.011854763055,0.09523809523809523,6.404101185476305,1,1
CUST_3365,68,Monthly,951.8051451902052,2,27.0,0,SMB,0,Loyal,27.0,2,64722.74987293395,0.028985507246376812,0.0,0,1
CUST_3366,44,Monthly,4760.471666462095,2,3.0,0,Enterprise,1,Loyal,3.0,2,209460.75332433215,0.044444444444444446,0.0,1,1
CUST_3367,23,Multi-Year,851.222877799514,3,7.0,0,SMB,0,Mid-Tenure,7.0,3,19578.126189388822,0.125,0.0,0,0
CUST_3368,2,Monthly,3314.103807351385,2,9.0,5,SMB,1,New,9.0,2,6628.20761470277,0.6666666666666666,16.570519036756927,0,1
CUST_3369,22,Annual,2407.7176515211167,2,25.0,5,SMB,0,Mid-Tenure,25.0,2,52969.78833346457,0.08695652173913043,12.038588257605584,0,0
CUST_3370,57,Annual,3004.8076320797118,4,28.0,2,SMB,0,Loyal,28.0,4,171274.03502854356,0.06896551724137931,6.009615264159423,0,0
CUST_3371,7,Monthly,1459.46388047065,2,15.0,0,Enterprise,0,New,15.0,2,10216.24716329455,0.25,0.0,1,1
CUST_3372,56,Multi-Year,3596.4967966279323,1,18.0,2,SMB,0,Loyal,18.0,1,201403.8206111642,0.017543859649122806,7.192993593255864,0,0
CUST_3373,67,Multi-Year,4818.738601100029,1,0.0,5,SMB,0,Loyal,0.0,1,322855.48627370194,0.014705882352941176,24.093693005500143,0,0
CUST_3374,16,Monthly,2562.9164332021205,1,4.0,0,SMB,0,Mid-Tenure,4.0,1,41006.66293123393,0.058823529411764705,0.0,0,1
CUST_3375,51,Monthly,2853.3122490570227,5,1.0,0,SMB,1,Loyal,1.0,5,145518.92470190817,0.09615384615384616,0.0,0,1
CUST_3376,12,Monthly,1579.152517559966,3,28.0,0,SMB,0,New,28.0,3,18949.830210719592,0.23076923076923078,0.0,0,1
CUST_3377,53,Annual,4513.405926879865,6,26.0,0,Enterprise,0,Loyal,26.0,6,239210.5141246328,0.1111111111111111,0.0,1,0
CUST_3378,5,Monthly,4870.284823129812,4,15.0,0,SMB,0,New,15.0,4,24351.42411564906,0.6666666666666666,0.0,0,1
CUST_3379,27,Annual,4038.335982887245,3,12.0,5,SMB,0,Mid-Tenure,12.0,3,109035.0715379556,0.10714285714285714,20.19167991443622,0,0
CUST_3380,12,Multi-Year,2942.480759719118,4,29.0,5,Enterprise,0,New,29.0,4,35309.76911662942,0.3076923076923077,14.71240379859559,1,0
CUST_3381,17,Monthly,4805.585710288839,0,5.0,10,SMB,0,Mid-Tenure,5.0,0,81694.95707491027,0.0,48.055857102888396,0,1
CUST_3382,6,Multi-Year,1192.3252491527455,4,3.0,0,SMB,0,New,3.0,4,7153.951494916473,0.5714285714285714,0.0,0,0
CUST_3383,5,Monthly,2653.208869528483,1,24.0,0,SMB,1,New,24.0,1,13266.044347642415,0.16666666666666666,0.0,0,1
CUST_3384,57,Multi-Year,2919.225680268859,2,6.0,0,SMB,0,Loyal,6.0,2,166395.86377532495,0.034482758620689655,0.0,0,0
CUST_3385,28,Monthly,2713.623888885696,2,1.0,0,SMB,0,Mid-Tenure,1.0,2,75981.46888879949,0.06896551724137931,0.0,0,1
CUST_3386,69,Annual,4110.882292304164,2,22.0,0,SMB,0,Loyal,22.0,2,283650.87816898734,0.02857142857142857,0.0,0,0
CUST_3387,59,Monthly,3516.8130095736383,2,9.0,2,SMB,0,Loyal,9.0,2,207491.96756484467,0.03333333333333333,7.033626019147277,0,1
CUST_3388,33,Multi-Year,1069.9630966321774,4,13.0,0,Enterprise,0,Mid-Tenure,13.0,4,35308.78218886186,0.11764705882352941,0.0,1,0
CUST_3389,62,Annual,2059.030883043772,1,7.0,0,SMB,0,Loyal,7.0,1,127659.91474871387,0.015873015873015872,0.0,0,0
CUST_3390,50,Monthly,2025.8458177409889,3,2.0,0,Enterprise,0,Loyal,2.0,3,101292.29088704944,0.058823529411764705,0.0,1,1
CUST_3391,19,Annual,3045.344867568179,3,2.0,10,SMB,0,Mid-Tenure,2.0,3,57861.5524837954,0.15,30.45344867568179,0,0
CUST_3392,69,Monthly,1811.562879460536,3,26.0,0,SMB,0,Loyal,26.0,3,124997.83868277697,0.04285714285714286,0.0,0,1
CUST_3393,66,Annual,1027.7229629925978,4,1.0,0,SMB,0,Loyal,1.0,4,67829.71555751146,0.05970149253731343,0.0,0,0
CUST_3394,47,Multi-Year,3441.571995457109,4,27.0,10,SMB,0,Loyal,27.0,4,161753.88378648413,0.08333333333333333,34.41571995457109,0,0
CUST_3395,39,Monthly,4329.666223407601,1,16.0,0,SMB,0,Loyal,16.0,1,168856.98271289645,0.025,0.0,0,1
CUST_3396,68,Monthly,4692.236429596658,1,18.0,0,SMB,0,Loyal,18.0,1,319072.07721257274,0.014492753623188406,0.0,0,1
CUST_3397,33,Monthly,4876.602879467641,1,9.0,0,Enterprise,0,Mid-Tenure,9.0,1,160927.89502243217,0.029411764705882353,0.0,1,1
CUST_3398,13,Annual,4015.025807940563,5,11.0,0,SMB,0,Mid-Tenure,11.0,5,52195.33550322732,0.35714285714285715,0.0,0,0
CUST_3399,54,Monthly,1128.6609273135596,1,26.0,0,SMB,1,Loyal,26.0,1,60947.690074932216,0.01818181818181818,0.0,0,1
CUST_3400,7,Monthly,4339.00320906526,6,22.0,5,SMB,1,New,22.0,6,30373.022463456822,0.75,21.6950160453263,0,1
CUST_3401,14,Monthly,2299.820330221133,1,10.0,0,Enterprise,0,Mid-Tenure,10.0,1,32197.484623095865,0.06666666666666667,0.0,1,1
CUST_3402,19,Monthly,3784.600912065636,3,8.0,0,SMB,0,Mid-Tenure,8.0,3,71907.41732924708,0.15,0.0,0,1
CUST_3403,54,Multi-Year,2890.7060223237613,4,29.0,0,SMB,0,Loyal,29.0,4,156098.1252054831,0.07272727272727272,0.0,0,0
CUST_3404,20,Monthly,4228.727601419527,3,24.0,0,Enterprise,0,Mid-Tenure,24.0,3,84574.55202839054,0.14285714285714285,0.0,1,1
CUST_3405,29,Annual,2414.775797778598,2,12.0,0,Enterprise,0,Mid-Tenure,12.0,2,70028.49813557934,0.06666666666666667,0.0,1,0
CUST_3406,24,Annual,778.0721483300935,3,5.0,0,SMB,0,Mid-Tenure,5.0,3,18673.731559922242,0.12,0.0,0,0
CUST_3407,63,Annual,3005.706698971119,3,13.0,0,SMB,0,Loyal,13.0,3,189359.52203518047,0.046875,0.0,0,0
CUST_3408,57,Monthly,1270.8074960045292,2,21.0,0,SMB,0,Loyal,21.0,2,72436.02727225816,0.034482758620689655,0.0,0,1
CUST_3409,8,Annual,4844.829345588152,3,10.0,0,Enterprise,0,New,10.0,3,38758.63476470522,0.3333333333333333,0.0,1,0
CUST_3410,62,Multi-Year,2871.333796214712,1,4.0,0,SMB,0,Loyal,4.0,1,178022.69536531216,0.015873015873015872,0.0,0,0
CUST_3411,29,Monthly,2991.014572267672,1,1.0,0,SMB,0,Mid-Tenure,1.0,1,86739.42259576249,0.03333333333333333,0.0,0,1
CUST_3412,17,Monthly,4582.69570766668,0,6.0,0,SMB,0,Mid-Tenure,6.0,0,77905.82703033357,0.0,0.0,0,1
CUST_3413,66,Monthly,3310.633603180287,3,16.0,2,SMB,0,Loyal,16.0,3,218501.81780989896,0.04477611940298507,6.621267206360574,0,1
CUST_3414,6,Monthly,1862.2821973536825,4,5.0,0,SMB,0,New,5.0,4,11173.693184122094,0.5714285714285714,0.0,0,1
CUST_3415,58,Monthly,1832.42577611017,1,13.0,5,SMB,0,Loyal,13.0,1,106280.69501438987,0.01694915254237288,9.162128880550851,0,1
CUST_3416,69,Annual,2757.103924579053,1,3.0,0,SMB,0,Loyal,3.0,1,190240.17079595465,0.014285714285714285,0.0,0,0
CUST_3417,28,Monthly,4399.737030181215,2,2.0,10,Enterprise,1,Mid-Tenure,2.0,2,123192.63684507403,0.06896551724137931,43.997370301812154,1,1
CUST_3418,62,Annual,4076.2820333132536,7,10.0,0,Enterprise,0,Loyal,10.0,7,252729.48606542172,0.1111111111111111,0.0,1,0
CUST_3419,41,Annual,4832.332637255801,3,28.0,10,Enterprise,0,Loyal,28.0,3,198125.63812748785,0.07142857142857142,48.323326372558014,1,0
CUST_3420,69,Monthly,823.4875528349164,1,0.0,0,Enterprise,0,Loyal,0.0,1,56820.64114560923,0.014285714285714285,0.0,1,1
CUST_3421,41,Annual,1707.467310339524,1,13.0,2,SMB,0,Loyal,13.0,1,70006.15972392049,0.023809523809523808,3.414934620679048,0,0
CUST_3422,49,Monthly,860.934685161767,2,5.0,5,SMB,0,Loyal,5.0,2,42185.79957292658,0.04,4.304673425808835,0,1
CUST_3423,49,Multi-Year,3879.8563725609633,3,28.0,0,SMB,0,Loyal,28.0,3,190112.9622554872,0.06,0.0,0,0
CUST_3424,71,Monthly,1133.7516011767264,3,22.0,5,SMB,1,Loyal,22.0,3,80496.36368354758,0.041666666666666664,5.668758005883632,0,1
CUST_3425,3,Annual,949.4884309892302,1,26.0,0,SMB,0,New,26.0,1,2848.4652929676904,0.25,0.0,0,0
CUST_3426,10,Multi-Year,3027.524931948009,3,16.0,0,SMB,0,New,16.0,3,30275.24931948009,0.2727272727272727,0.0,0,0
CUST_3427,35,Monthly,2351.681204536213,3,26.0,0,Enterprise,0,Mid-Tenure,26.0,3,82308.84215876745,0.08333333333333333,0.0,1,1
CUST_3428,2,Monthly,3717.956024431102,1,16.0,0,SMB,1,New,16.0,1,7435.912048862204,0.3333333333333333,0.0,0,1
CUST_3429,24,Annual,2691.569262651228,3,22.0,0,SMB,0,Mid-Tenure,22.0,3,64597.66230362948,0.12,0.0,0,0
CUST_3430,38,Monthly,2414.0056817320374,2,10.0,10,SMB,0,Loyal,10.0,2,91732.21590581741,0.05128205128205128,24.14005681732037,0,1
CUST_3431,22,Multi-Year,2414.752019361369,0,27.0,2,Enterprise,0,Mid-Tenure,27.0,0,53124.544425950124,0.0,4.829504038722738,1,0
CUST_3432,26,Multi-Year,4423.4437117948455,4,21.0,2,Enterprise,0,Mid-Tenure,21.0,4,115009.53650666599,0.14814814814814814,8.84688742358969,1,0
CUST_3433,43,Monthly,2278.515428251099,1,6.0,0,SMB,0,Loyal,6.0,1,97976.16341479725,0.022727272727272728,0.0,0,1
CUST_3434,55,Monthly,2000.2870749633507,3,12.0,0,SMB,0,Loyal,12.0,3,110015.7891229843,0.05357142857142857,0.0,0,1
CUST_3435,39,Monthly,2023.407846602282,2,7.0,0,SMB,0,Loyal,7.0,2,78912.906017489,0.05,0.0,0,1
CUST_3436,29,Monthly,1384.7035856670063,2,7.0,0,Enterprise,1,Mid-Tenure,7.0,2,40156.40398434318,0.06666666666666667,0.0,1,1
CUST_3437,20,Annual,4373.0998275829525,2,8.0,0,SMB,0,Mid-Tenure,8.0,2,87461.99655165905,0.09523809523809523,0.0,0,0
CUST_3438,41,Annual,1159.838667624117,2,28.0,0,SMB,0,Loyal,28.0,2,47553.385372588804,0.047619047619047616,0.0,0,0
CUST_3439,54,Monthly,4588.748320098224,2,24.0,2,SMB,1,Loyal,24.0,2,247792.4092853041,0.03636363636363636,9.177496640196448,0,1
CUST_3440,20,Monthly,1775.604748599528,1,6.0,0,SMB,1,Mid-Tenure,6.0,1,35512.09497199056,0.047619047619047616,0.0,0,1
CUST_3441,19,Monthly,4547.420699782311,3,24.0,0,SMB,0,Mid-Tenure,24.0,3,86400.99329586391,0.15,0.0,0,1
CUST_3442,66,Monthly,4058.692955665597,0,21.0,0,Enterprise,0,Loyal,21.0,0,267873.7350739294,0.0,0.0,1,1
CUST_3443,30,Multi-Year,3118.943844276614,3,8.0,0,Enterprise,0,Mid-Tenure,8.0,3,93568.31532829843,0.0967741935483871,0.0,1,0
CUST_3444,53,Monthly,3512.615017633696,5,10.0,0,Enterprise,0,Loyal,10.0,5,186168.5959345859,0.09259259259259259,0.0,1,1
CUST_3445,34,Multi-Year,1966.2984087121747,3,1.0,0,SMB,0,Mid-Tenure,1.0,3,66854.14589621394,0.08571428571428572,0.0,0,0
CUST_3446,22,Annual,3084.028764474481,3,26.0,0,SMB,0,Mid-Tenure,26.0,3,67848.63281843858,0.13043478260869565,0.0,0,0
CUST_3447,67,Annual,1815.8130532701368,6,17.0,5,Enterprise,0,Loyal,17.0,6,121659.47456909917,0.08823529411764706,9.079065266350684,1,0
CUST_3448,6,Monthly,2310.227662507077,3,29.0,0,SMB,0,New,29.0,3,13861.365975042463,0.42857142857142855,0.0,0,1
CUST_3449,27,Annual,3940.9814985316016,1,21.0,2,Enterprise,0,Mid-Tenure,21.0,1,106406.50046035324,0.03571428571428571,7.881962997063203,1,0
CUST_3450,10,Annual,1597.696537145973,2,2.0,0,SMB,0,New,2.0,2,15976.96537145973,0.18181818181818182,0.0,0,0
CUST_3451,48,Annual,4274.80707126892,1,17.0,0,Enterprise,0,Loyal,17.0,1,205190.73942090815,0.02040816326530612,0.0,1,0
CUST_3452,70,Monthly,2191.4728414924843,2,15.0,2,Enterprise,0,Loyal,15.0,2,153403.0989044739,0.028169014084507043,4.3829456829849684,1,1
CUST_3453,59,Monthly,2894.7648238528145,3,7.0,0,SMB,1,Loyal,7.0,3,170791.12460731604,0.05,0.0,0,1
CUST_3454,59,Annual,4738.8221940329295,0,22.0,0,SMB,0,Loyal,22.0,0,279590.50944794284,0.0,0.0,0,0
CUST_3455,2,Monthly,3565.650335840937,4,7.0,0,SMB,1,New,7.0,4,7131.300671681874,1.3333333333333333,0.0,0,1
CUST_3456,29,Monthly,3405.2185078008238,5,5.0,2,SMB,0,Mid-Tenure,5.0,5,98751.33672622389,0.16666666666666666,6.810437015601647,0,1
CUST_3457,68,Multi-Year,3702.234774222631,3,24.0,0,SMB,0,Loyal,24.0,3,251751.96464713893,0.043478260869565216,0.0,0,0
CUST_3458,65,Monthly,4631.501024422526,3,24.0,0,SMB,0,Loyal,24.0,3,301047.5665874642,0.045454545454545456,0.0,0,1
CUST_3459,26,Monthly,1618.3116914967989,2,1.0,0,SMB,0,Mid-Tenure,1.0,2,42076.10397891677,0.07407407407407407,0.0,0,1
CUST_3460,10,Monthly,3259.5854260970227,7,15.0,0,SMB,1,New,15.0,7,32595.854260970227,0.6363636363636364,0.0,0,1
CUST_3461,53,Annual,2301.772344726435,4,25.0,2,Enterprise,0,Loyal,25.0,4,121993.93427050106,0.07407407407407407,4.60354468945287,1,0
CUST_3462,59,Monthly,553.3488194460977,2,20.0,2,SMB,0,Loyal,20.0,2,32647.580347319763,0.03333333333333333,1.1066976388921952,0,1
CUST_3463,22,Annual,1063.8540338274915,1,8.0,0,Enterprise,0,Mid-Tenure,8.0,1,23404.788744204816,0.043478260869565216,0.0,1,0
CUST_3464,51,Monthly,1962.463528686148,2,18.0,0,SMB,0,Loyal,18.0,2,100085.63996299355,0.038461538461538464,0.0,0,1
CUST_3465,48,Monthly,3042.4998703186207,3,20.0,10,Enterprise,1,Loyal,20.0,3,146039.99377529378,0.061224489795918366,30.42499870318621,1,1
CUST_3466,21,Annual,4466.636495133222,4,14.0,0,SMB,0,Mid-Tenure,14.0,4,93799.36639779765,0.18181818181818182,0.0,0,0
CUST_3467,22,Monthly,4060.013531906478,5,23.0,2,SMB,0,Mid-Tenure,23.0,5,89320.29770194252,0.21739130434782608,8.120027063812955,0,1
CUST_3468,30,Multi-Year,2990.0015259024667,4,1.0,0,SMB,0,Mid-Tenure,1.0,4,89700.045777074,0.12903225806451613,0.0,0,0
CUST_3469,25,Monthly,832.4168805836043,2,14.0,0,Enterprise,0,Mid-Tenure,14.0,2,20810.42201459011,0.07692307692307693,0.0,1,1
CUST_3470,28,Monthly,1786.5783067774037,1,21.0,5,SMB,0,Mid-Tenure,21.0,1,50024.192589767306,0.034482758620689655,8.932891533887018,0,1
CUST_3471,65,Monthly,2150.188915515097,3,10.0,0,SMB,0,Loyal,10.0,3,139762.2795084813,0.045454545454545456,0.0,0,1
CUST_3472,45,Monthly,3297.7273334172914,3,19.0,2,Enterprise,0,Loyal,19.0,3,148397.73000377812,0.06521739130434782,6.595454666834583,1,1
CUST_3473,68,Multi-Year,792.156303409285,1,11.0,0,SMB,0,Loyal,11.0,1,53866.62863183138,0.014492753623188406,0.0,0,0
CUST_3474,7,Multi-Year,2885.87099525213,1,14.0,0,SMB,0,New,14.0,1,20201.096966764908,0.125,0.0,0,0
CUST_3475,49,Monthly,4556.590592651182,3,15.0,2,SMB,0,Loyal,15.0,3,223272.93903990794,0.06,9.113181185302365,0,1
CUST_3476,9,Annual,3674.447130638313,5,29.0,0,SMB,0,New,29.0,5,33070.02417574482,0.5,0.0,0,0
CUST_3477,36,Annual,4086.845629532404,2,27.0,2,SMB,0,Mid-Tenure,27.0,2,147126.44266316656,0.05405405405405406,8.173691259064809,0,0
CUST_3478,1,Monthly,3567.5404176158304,2,5.0,15,SMB,1,New,5.0,2,3567.5404176158304,1.0,53.51310626423745,0,1
CUST_3479,10,Monthly,1429.651004776665,1,2.0,10,SMB,1,New,2.0,1,14296.510047766651,0.09090909090909091,14.29651004776665,0,1
CUST_3480,36,Multi-Year,997.1771902970838,1,5.0,2,SMB,0,Mid-Tenure,5.0,1,35898.378850695015,0.02702702702702703,1.9943543805941677,0,0
CUST_3481,46,Multi-Year,4232.708028522091,2,22.0,0,SMB,0,Loyal,22.0,2,194704.5693120162,0.0425531914893617,0.0,0,0
CUST_3482,32,Multi-Year,3629.7699620698777,4,25.0,0,Enterprise,0,Mid-Tenure,25.0,4,116152.63878623609,0.12121212121212122,0.0,1,0
CUST_3483,32,Annual,3087.777014673657,6,2.0,2,Enterprise,0,Mid-Tenure,2.0,6,98808.86446955703,0.18181818181818182,6.175554029347314,1,0
CUST_3484,6,Annual,1351.772892357107,3,20.0,0,SMB,0,New,20.0,3,8110.637354142642,0.42857142857142855,0.0,0,0
CUST_3485,48,Monthly,3215.0523439028902,1,12.0,0,Enterprise,0,Loyal,12.0,1,154322.51250733872,0.02040816326530612,0.0,1,1
CUST_3486,38,Monthly,640.948033499719,4,11.0,0,Enterprise,0,Loyal,11.0,4,24356.025272989322,0.10256410256410256,0.0,1,1
CUST_3487,17,Monthly,1034.7761047728177,4,7.0,0,SMB,0,Mid-Tenure,7.0,4,17591.1937811379,0.2222222222222222,0.0,0,1
CUST_3488,27,Annual,1903.5056741199105,3,1.0,5,Enterprise,0,Mid-Tenure,1.0,3,51394.65320123758,0.10714285714285714,9.517528370599553,1,0
CUST_3489,54,Annual,2496.8222483502395,0,6.0,0,SMB,0,Loyal,6.0,0,134828.40141091292,0.0,0.0,0,0
CUST_3490,50,Multi-Year,1042.5402311990017,4,28.0,0,Enterprise,0,Loyal,28.0,4,52127.011559950086,0.0784313725490196,0.0,1,0
CUST_3491,35,Multi-Year,1039.730827358911,0,16.0,0,SMB,0,Mid-Tenure,16.0,0,36390.578957561884,0.0,0.0,0,0
CUST_3492,25,Multi-Year,3766.52147262636,2,6.0,5,SMB,0,Mid-Tenure,6.0,2,94163.036815659,0.07692307692307693,18.8326073631318,0,0
CUST_3493,28,Multi-Year,3063.737329400685,3,0.0,5,SMB,1,Mid-Tenure,0.0,3,85784.64522321918,0.10344827586206896,15.318686647003426,0,0
CUST_3494,15,Monthly,2901.8389134994923,4,3.0,0,SMB,0,Mid-Tenure,3.0,4,43527.58370249238,0.25,0.0,0,1
CUST_3495,4,Annual,2535.9552280289745,1,14.0,2,SMB,0,New,14.0,1,10143.820912115898,0.2,5.071910456057949,0,0
CUST_3496,27,Annual,4894.443978550537,3,3.0,0,SMB,0,Mid-Tenure,3.0,3,132149.98742086452,0.10714285714285714,0.0,0,0
CUST_3497,26,Monthly,724.1012730246955,1,11.0,0,SMB,0,Mid-Tenure,11.0,1,18826.633098642083,0.037037037037037035,0.0,0,1
CUST_3498,19,Multi-Year,1312.8222927270983,3,15.0,2,SMB,1,Mid-Tenure,15.0,3,24943.623561814868,0.15,2.6256445854541965,0,0
CUST_3499,17,Multi-Year,3413.784908305568,3,20.0,0,SMB,0,Mid-Tenure,20.0,3,58034.34344119466,0.16666666666666666,0.0,0,0
CUST_3500,43,Monthly,1113.645442330586,6,17.0,0,SMB,0,Loyal,17.0,6,47886.7540202152,0.13636363636363635,0.0,0,1
CUST_3501,41,Monthly,3152.214221041282,6,13.0,0,SMB,0,Loyal,13.0,6,129240.78306269257,0.14285714285714285,0.0,0,1
CUST_3502,42,Annual,3054.92551466486,3,13.0,0,SMB,0,Loyal,13.0,3,128306.87161592413,0.06976744186046512,0.0,0,0
CUST_3503,50,Annual,4869.523326378388,3,27.0,0,Enterprise,0,Loyal,27.0,3,243476.16631891942,0.058823529411764705,0.0,1,0
CUST_3504,40,Multi-Year,4475.2391917206005,2,10.0,0,Enterprise,0,Loyal,10.0,2,179009.56766882402,0.04878048780487805,0.0,1,0
CUST_3505,39,Monthly,4754.990046953537,3,27.0,0,SMB,0,Loyal,27.0,3,185444.61183118794,0.075,0.0,0,1
CUST_3506,23,Monthly,1011.2106626329082,1,15.0,0,Enterprise,0,Mid-Tenure,15.0,1,23257.84524055689,0.041666666666666664,0.0,1,1
CUST_3507,52,Monthly,4406.667967643849,1,14.0,0,Enterprise,0,Loyal,14.0,1,229146.73431748015,0.018867924528301886,0.0,1,1
CUST_3508,47,Monthly,1080.9079777773768,3,21.0,0,SMB,1,Loyal,21.0,3,50802.67495553671,0.0625,0.0,0,1
CUST_3509,63,Monthly,3348.1948034479506,3,5.0,5,SMB,0,Loyal,5.0,3,210936.27261722088,0.046875,16.740974017239754,0,1
CUST_3510,69,Multi-Year,3740.35172305101,4,29.0,0,SMB,0,Loyal,29.0,4,258084.2688905197,0.05714285714285714,0.0,0,0
CUST_3511,43,Monthly,1223.8407416717864,3,23.0,15,SMB,0,Loyal,23.0,3,52625.15189188682,0.06818181818181818,18.357611125076797,0,1
CUST_3512,48,Monthly,3346.9671916829284,3,12.0,0,Enterprise,0,Loyal,12.0,3,160654.42520078056,0.061224489795918366,0.0,1,1
CUST_3513,34,Monthly,736.0722181039732,4,25.0,2,SMB,0,Mid-Tenure,25.0,4,25026.45541553509,0.11428571428571428,1.4721444362079465,0,1
CUST_3514,40,Monthly,1819.697385842736,3,27.0,0,Enterprise,0,Loyal,27.0,3,72787.89543370943,0.07317073170731707,0.0,1,1
CUST_3515,61,Multi-Year,4645.2132227035245,2,16.0,2,SMB,0,Loyal,16.0,2,283358.006584915,0.03225806451612903,9.290426445407048,0,0
CUST_3516,50,Annual,1272.790233058411,4,3.0,0,SMB,0,Loyal,3.0,4,63639.511652920555,0.0784313725490196,0.0,0,0
CUST_3517,67,Annual,793.7149660264738,3,11.0,0,SMB,0,Loyal,11.0,3,53178.90272377375,0.04411764705882353,0.0,0,0
CUST_3518,62,Monthly,2496.5518984495675,3,17.0,0,SMB,0,Loyal,17.0,3,154786.21770387318,0.047619047619047616,0.0,0,1
CUST_3519,58,Monthly,4327.781938372722,4,26.0,0,SMB,0,Loyal,26.0,4,251011.35242561786,0.06779661016949153,0.0,0,1
CUST_3520,33,Monthly,845.0257188573048,2,7.0,2,Enterprise,0,Mid-Tenure,7.0,2,27885.84872229106,0.058823529411764705,1.6900514377146096,1,1
CUST_3521,16,Monthly,2099.909143536838,2,11.0,5,Enterprise,1,Mid-Tenure,11.0,2,33598.54629658941,0.11764705882352941,10.499545717684192,1,1
CUST_3522,48,Multi-Year,4548.986755516968,3,3.0,0,SMB,0,Loyal,3.0,3,218351.36426481445,0.061224489795918366,0.0,0,0
CUST_3523,10,Monthly,1031.6999747500445,2,29.0,5,SMB,1,New,29.0,2,10316.999747500446,0.18181818181818182,5.158499873750223,0,1
CUST_3524,38,Annual,1898.00827660376,4,7.0,0,SMB,0,Loyal,7.0,4,72124.31451094287,0.10256410256410256,0.0,0,0
CUST_3525,19,Monthly,4002.8927519106674,4,28.0,2,Enterprise,1,Mid-Tenure,28.0,4,76054.96228630267,0.2,8.005785503821334,1,1
CUST_3526,36,Annual,2944.4494421246195,2,1.0,10,SMB,0,Mid-Tenure,1.0,2,106000.1799164863,0.05405405405405406,29.444494421246198,0,0
CUST_3527,59,Multi-Year,4245.499132851124,3,28.0,0,SMB,0,Loyal,28.0,3,250484.4488382163,0.05,0.0,0,0
CUST_3528,63,Annual,1002.1792687195928,2,29.0,0,SMB,0,Loyal,29.0,2,63137.293929334344,0.03125,0.0,0,0
CUST_3529,46,Annual,4642.493771208752,1,3.0,0,SMB,0,Loyal,3.0,1,213554.7134756026,0.02127659574468085,0.0,0,0
CUST_3530,3,Multi-Year,4707.10307531844,2,11.0,0,SMB,0,New,11.0,2,14121.30922595532,0.5,0.0,0,0
CUST_3531,65,Annual,1198.9085906601786,1,24.0,2,Enterprise,0,Loyal,24.0,1,77929.05839291161,0.015151515151515152,2.3978171813203573,1,0
CUST_3532,8,Monthly,652.4395898303752,1,20.0,0,Enterprise,0,New,20.0,1,5219.516718643002,0.1111111111111111,0.0,1,1
CUST_3533,51,Monthly,4954.28621880006,5,21.0,10,Enterprise,1,Loyal,21.0,5,252668.59715880305,0.09615384615384616,49.5428621880006,1,1
CUST_3534,6,Annual,2670.1321653609098,5,9.0,0,SMB,0,New,9.0,5,16020.792992165458,0.7142857142857143,0.0,0,0
CUST_3535,39,Annual,3074.339318159441,6,14.0,0,SMB,1,Loyal,14.0,6,119899.2334082182,0.15,0.0,0,0
CUST_3536,60,Monthly,3271.571301499593,1,27.0,0,Enterprise,0,Loyal,27.0,1,196294.2780899756,0.01639344262295082,0.0,1,1
CUST_3537,28,Monthly,4053.5080825122623,1,8.0,5,SMB,1,Mid-Tenure,8.0,1,113498.22631034334,0.034482758620689655,20.267540412561313,0,1
CUST_3538,54,Multi-Year,4153.94586070663,5,8.0,0,SMB,0,Loyal,8.0,5,224313.076478158,0.09090909090909091,0.0,0,0
CUST_3539,37,Monthly,1372.6635094389826,1,6.0,15,SMB,1,Loyal,6.0,1,50788.54984924236,0.02631578947368421,20.58995264158474,0,1
CUST_3540,9,Monthly,1564.8653328508697,4,26.0,0,SMB,0,New,26.0,4,14083.787995657827,0.4,0.0,0,1
CUST_3541,56,Monthly,4445.748630258675,0,1.0,0,SMB,0,Loyal,1.0,0,248961.92329448578,0.0,0.0,0,1
CUST_3542,59,Multi-Year,4187.829221377639,4,6.0,0,Enterprise,0,Loyal,6.0,4,247081.92406128073,0.06666666666666667,0.0,1,0
CUST_3543,2,Monthly,3279.287216992799,3,8.0,5,Enterprise,0,New,8.0,3,6558.574433985598,1.0,16.396436084963995,1,1
CUST_3544,61,Annual,4976.146216061824,1,17.0,0,SMB,0,Loyal,17.0,1,303544.91917977127,0.016129032258064516,0.0,0,0
CUST_3545,58,Monthly,3808.327745980957,2,22.0,0,SMB,0,Loyal,22.0,2,220883.0092668955,0.03389830508474576,0.0,0,1
CUST_3546,60,Annual,1471.26545658612,1,11.0,0,SMB,0,Loyal,11.0,1,88275.92739516721,0.01639344262295082,0.0,0,0
CUST_3547,40,Multi-Year,4309.898289497052,1,6.0,0,SMB,0,Loyal,6.0,1,172395.9315798821,0.024390243902439025,0.0,0,0
CUST_3548,36,Monthly,2366.29686366563,4,18.0,0,Enterprise,0,Mid-Tenure,18.0,4,85186.68709196268,0.10810810810810811,0.0,1,1
CUST_3549,37,Annual,662.6869724358013,5,21.0,2,SMB,0,Loyal,21.0,5,24519.417980124646,0.13157894736842105,1.3253739448716026,0,0
CUST_3550,18,Monthly,1946.3957501525176,3,23.0,0,SMB,1,Mid-Tenure,23.0,3,35035.123502745315,0.15789473684210525,0.0,0,1
CUST_3551,63,Monthly,3935.980553267234,5,15.0,2,SMB,1,Loyal,15.0,5,247966.77485583574,0.078125,7.871961106534468,0,1
CUST_3552,22,Multi-Year,4820.927932339129,3,25.0,0,Enterprise,0,Mid-Tenure,25.0,3,106060.41451146084,0.13043478260869565,0.0,1,0
CUST_3553,11,Monthly,1742.6138733643722,0,7.0,0,SMB,1,New,7.0,0,19168.752607008093,0.0,0.0,0,1
CUST_3554,58,Annual,1609.3234598437175,1,29.0,0,SMB,0,Loyal,29.0,1,93340.76067093562,0.01694915254237288,0.0,0,0
CUST_3555,57,Monthly,3036.27463519235,5,18.0,0,SMB,0,Loyal,18.0,5,173067.65420596395,0.08620689655172414,0.0,0,1
CUST_3556,4,Monthly,4152.577548481011,3,5.0,2,SMB,0,New,5.0,3,16610.310193924044,0.6,8.305155096962022,0,1
CUST_3557,7,Monthly,3859.36556972426,4,1.0,2,SMB,0,New,1.0,4,27015.558988069817,0.5,7.718731139448519,0,1
CUST_3558,61,Annual,3019.8150615326745,3,29.0,0,Enterprise,0,Loyal,29.0,3,184208.71875349313,0.04838709677419355,0.0,1,0
CUST_3559,54,Monthly,3341.2535672651534,2,1.0,10,SMB,1,Loyal,1.0,2,180427.69263231827,0.03636363636363636,33.41253567265153,0,1
CUST_3560,68,Annual,1589.445307968548,2,28.0,0,SMB,0,Loyal,28.0,2,108082.28094186126,0.028985507246376812,0.0,0,0
CUST_3561,1,Monthly,2446.584192515078,3,7.0,5,SMB,0,New,7.0,3,2446.584192515078,1.5,12.23292096257539,0,1
CUST_3562,55,Monthly,1649.1453193413497,3,26.0,0,SMB,0,Loyal,26.0,3,90702.99256377423,0.05357142857142857,0.0,0,1
CUST_3563,3,Annual,4479.880886800869,4,9.0,0,Enterprise,0,New,9.0,4,13439.642660402607,1.0,0.0,1,0
CUST_3564,38,Multi-Year,1006.4952831448207,4,20.0,0,SMB,0,Loyal,20.0,4,38246.820759503185,0.10256410256410256,0.0,0,0
CUST_3565,1,Monthly,3558.832510353669,3,20.0,0,SMB,0,New,20.0,3,3558.832510353669,1.5,0.0,0,1
CUST_3566,38,Annual,1671.2743872426056,0,10.0,15,Enterprise,1,Loyal,10.0,0,63508.426715219015,0.0,25.069115808639083,1,0
CUST_3567,29,Monthly,2640.098343733099,1,19.0,0,SMB,0,Mid-Tenure,19.0,1,76562.85196825987,0.03333333333333333,0.0,0,1
CUST_3568,5,Annual,1847.3575111098476,3,26.0,0,SMB,0,New,26.0,3,9236.787555549237,0.5,0.0,0,0
CUST_3569,21,Multi-Year,1954.6039267676224,3,25.0,0,Enterprise,0,Mid-Tenure,25.0,3,41046.68246212007,0.13636363636363635,0.0,1,0
CUST_3570,71,Multi-Year,1671.7685612495989,2,19.0,0,Enterprise,0,Loyal,19.0,2,118695.56784872152,0.027777777777777776,0.0,1,0
CUST_3571,67,Annual,3887.5681453794737,5,23.0,0,SMB,0,Loyal,23.0,5,260467.06574042473,0.07352941176470588,0.0,0,0
CUST_3572,47,Monthly,2145.721357305712,4,2.0,0,SMB,0,Loyal,2.0,4,100848.90379336846,0.08333333333333333,0.0,0,1
CUST_3573,35,Multi-Year,3768.606579713372,5,26.0,0,SMB,1,Mid-Tenure,26.0,5,131901.23028996802,0.1388888888888889,0.0,0,0
CUST_3574,68,Annual,2552.314685468057,0,15.0,0,Enterprise,0,Loyal,15.0,0,173557.3986118279,0.0,0.0,1,0
CUST_3575,69,Monthly,2962.607189451293,3,2.0,0,Enterprise,0,Loyal,2.0,3,204419.8960721392,0.04285714285714286,0.0,1,1
CUST_3576,1,Monthly,2944.793640710693,4,7.0,0,SMB,0,New,7.0,4,2944.793640710693,2.0,0.0,0,1
CUST_3577,68,Multi-Year,4891.334357046149,3,18.0,2,SMB,0,Loyal,18.0,3,332610.73627913813,0.043478260869565216,9.7826687140923,0,0
CUST_3578,12,Multi-Year,2151.78105069928,3,11.0,2,Enterprise,0,New,11.0,3,25821.37260839136,0.23076923076923078,4.30356210139856,1,0
CUST_3579,60,Monthly,1434.578429289189,1,17.0,2,SMB,0,Loyal,17.0,1,86074.70575735134,0.01639344262295082,2.869156858578378,0,1
CUST_3580,27,Annual,4603.06373164971,2,12.0,10,SMB,0,Mid-Tenure,12.0,2,124282.72075454216,0.07142857142857142,46.03063731649709,0,0
CUST_3581,56,Multi-Year,1286.7768019200796,4,10.0,5,SMB,0,Loyal,10.0,4,72059.50090752446,0.07017543859649122,6.433884009600398,0,0
CUST_3582,23,Monthly,4254.902806299551,7,28.0,0,SMB,0,Mid-Tenure,28.0,7,97862.76454488968,0.2916666666666667,0.0,0,1
CUST_3583,25,Monthly,1175.967029601166,5,12.0,0,Enterprise,1,Mid-Tenure,12.0,5,29399.175740029146,0.19230769230769232,0.0,1,1
CUST_3584,21,Annual,3464.259504023328,1,20.0,5,Enterprise,0,Mid-Tenure,20.0,1,72749.44958448989,0.045454545454545456,17.32129752011664,1,0
CUST_3585,61,Monthly,1177.4336596904122,2,26.0,0,SMB,0,Loyal,26.0,2,71823.45324111514,0.03225806451612903,0.0,0,1
CUST_3586,63,Monthly,4653.886186577432,1,2.0,0,Enterprise,0,Loyal,2.0,1,293194.82975437824,0.015625,0.0,1,1
CUST_3587,52,Annual,3042.537271937741,1,5.0,0,SMB,0,Loyal,5.0,1,158211.93814076253,0.018867924528301886,0.0,0,0
CUST_3588,25,Multi-Year,1981.732276130394,6,26.0,15,Enterprise,0,Mid-Tenure,26.0,6,49543.30690325985,0.23076923076923078,29.72598414195591,1,0
CUST_3589,55,Annual,1131.452487336177,1,22.0,2,SMB,0,Loyal,22.0,1,62229.88680348973,0.017857142857142856,2.262904974672354,0,0
CUST_3590,46,Annual,2170.3650626569724,2,2.0,0,Enterprise,0,Loyal,2.0,2,99836.79288222073,0.0425531914893617,0.0,1,0
CUST_3591,32,Monthly,3672.5901569096527,5,24.0,10,SMB,1,Mid-Tenure,24.0,5,117522.88502110889,0.15151515151515152,36.72590156909652,0,1
CUST_3592,55,Monthly,2232.278977678462,2,25.0,15,SMB,1,Loyal,25.0,2,122775.34377231542,0.03571428571428571,33.48418466517693,0,1
CUST_3593,5,Annual,1607.4236124294982,2,0.0,0,Enterprise,0,New,0.0,2,8037.118062147491,0.3333333333333333,0.0,1,0
CUST_3594,36,Monthly,3098.3425173221776,6,13.0,5,SMB,0,Mid-Tenure,13.0,6,111540.33062359839,0.16216216216216217,15.491712586610888,0,1
CUST_3595,49,Multi-Year,2380.198337767038,4,22.0,5,Enterprise,0,Loyal,22.0,4,116629.71855058486,0.08,11.900991688835191,1,0
CUST_3596,58,Monthly,1246.1280621363153,1,19.0,0,SMB,0,Loyal,19.0,1,72275.42760390628,0.01694915254237288,0.0,0,1
CUST_3597,39,Monthly,1192.9459562485556,0,6.0,0,SMB,0,Loyal,6.0,0,46524.892293693665,0.0,0.0,0,1
CUST_3598,61,Monthly,3683.5789559983455,1,24.0,0,Enterprise,0,Loyal,24.0,1,224698.31631589908,0.016129032258064516,0.0,1,1
CUST_3599,9,Multi-Year,4886.023529823154,1,8.0,0,SMB,0,New,8.0,1,43974.211768408386,0.1,0.0,0,0
CUST_3600,6,Monthly,1548.9233188792537,3,0.0,5,SMB,1,New,0.0,3,9293.539913275523,0.42857142857142855,7.744616594396268,0,1
CUST_3601,35,Monthly,3979.1687037417046,4,9.0,0,SMB,0,Mid-Tenure,9.0,4,139270.90463095967,0.1111111111111111,0.0,0,1
CUST_3602,39,Monthly,894.2301610270933,0,12.0,0,SMB,0,Loyal,12.0,0,34874.97628005664,0.0,0.0,0,1
CUST_3603,22,Multi-Year,2217.091635734818,3,11.0,5,SMB,0,Mid-Tenure,11.0,3,48776.01598616599,0.13043478260869565,11.08545817867409,0,0
CUST_3604,41,Monthly,2780.0966876371563,3,3.0,10,SMB,1,Loyal,3.0,3,113983.96419312341,0.07142857142857142,27.800966876371564,0,1
CUST_3605,5,Monthly,1709.3612538039572,5,6.0,0,SMB,1,New,6.0,5,8546.806269019786,0.8333333333333334,0.0,0,1
CUST_3606,42,Monthly,2883.102874314127,4,9.0,5,SMB,0,Loyal,9.0,4,121090.32072119333,0.09302325581395349,14.415514371570634,0,1
CUST_3607,67,Annual,4471.764924487345,2,21.0,0,Enterprise,0,Loyal,21.0,2,299608.2499406521,0.029411764705882353,0.0,1,0
CUST_3608,30,Monthly,4749.970830597471,6,24.0,0,SMB,1,Mid-Tenure,24.0,6,142499.1249179241,0.1935483870967742,0.0,0,1
CUST_3609,57,Monthly,952.5062946787224,2,28.0,2,SMB,0,Loyal,28.0,2,54292.85879668718,0.034482758620689655,1.9050125893574448,0,1
CUST_3610,29,Monthly,1723.3067029289105,3,6.0,2,SMB,0,Mid-Tenure,6.0,3,49975.8943849384,0.1,3.446613405857821,0,1
CUST_3611,37,Annual,4906.102628829763,3,14.0,2,SMB,1,Loyal,14.0,3,181525.7972667012,0.07894736842105263,9.812205257659524,0,0
CUST_3612,13,Annual,1716.8828468100965,1,18.0,0,SMB,0,Mid-Tenure,18.0,1,22319.477008531256,0.07142857142857142,0.0,0,0
CUST_3613,32,Annual,3617.183080145485,2,6.0,0,SMB,0,Mid-Tenure,6.0,2,115749.85856465551,0.06060606060606061,0.0,0,0
CUST_3614,46,Multi-Year,1640.5416224166408,1,25.0,10,Enterprise,0,Loyal,25.0,1,75464.91463116548,0.02127659574468085,16.40541622416641,1,0
CUST_3615,23,Multi-Year,2103.645169944672,5,13.0,0,Enterprise,0,Mid-Tenure,13.0,5,48383.838908727455,0.20833333333333334,0.0,1,0
CUST_3616,45,Monthly,1360.755445536039,0,20.0,0,SMB,0,Loyal,20.0,0,61233.99504912175,0.0,0.0,0,1
CUST_3617,17,Annual,4353.350871637153,1,13.0,2,SMB,0,Mid-Tenure,13.0,1,74006.96481783161,0.05555555555555555,8.706701743274307,0,0
CUST_3618,66,Annual,4471.919437187768,1,17.0,0,SMB,0,Loyal,17.0,1,295146.68285439274,0.014925373134328358,0.0,0,0
CUST_3619,6,Multi-Year,1836.106285619442,1,9.0,0,SMB,0,New,9.0,1,11016.637713716651,0.14285714285714285,0.0,0,0
CUST_3620,18,Monthly,4206.154208767835,2,2.0,0,Enterprise,1,Mid-Tenure,2.0,2,75710.77575782104,0.10526315789473684,0.0,1,1
CUST_3621,22,Annual,2112.087425166428,3,5.0,5,SMB,0,Mid-Tenure,5.0,3,46465.92335366142,0.13043478260869565,10.560437125832141,0,0
CUST_3622,33,Monthly,945.5874030282124,5,28.0,15,SMB,1,Mid-Tenure,28.0,5,31204.38429993101,0.14705882352941177,14.183811045423186,0,1
CUST_3623,30,Multi-Year,3911.3437878143295,0,21.0,0,SMB,0,Mid-Tenure,21.0,0,117340.31363442988,0.0,0.0,0,0
CUST_3624,32,Monthly,3184.008120044801,3,22.0,0,SMB,0,Mid-Tenure,22.0,3,101888.25984143364,0.09090909090909091,0.0,0,1
CUST_3625,42,Monthly,1734.7209965183768,2,21.0,0,SMB,0,Loyal,21.0,2,72858.28185377183,0.046511627906976744,0.0,0,1
CUST_3626,10,Monthly,1638.4988323033117,3,8.0,2,SMB,0,New,8.0,3,16384.988323033118,0.2727272727272727,3.2769976646066232,0,1
CUST_3627,36,Monthly,4890.305167170446,1,13.0,0,Enterprise,0,Mid-Tenure,13.0,1,176050.98601813606,0.02702702702702703,0.0,1,1
CUST_3628,34,Annual,4381.254684018912,3,20.0,2,SMB,0,Mid-Tenure,20.0,3,148962.659256643,0.08571428571428572,8.762509368037824,0,0
CUST_3629,28,Monthly,4144.092482181941,2,20.0,0,Enterprise,0,Mid-Tenure,20.0,2,116034.58950109433,0.06896551724137931,0.0,1,1
CUST_3630,11,Monthly,1076.0796888874952,1,23.0,0,SMB,0,New,23.0,1,11836.876577762447,0.08333333333333333,0.0,0,1
CUST_3631,39,Multi-Year,3898.342734117172,4,7.0,5,SMB,0,Loyal,7.0,4,152035.3666305697,0.1,19.491713670585856,0,0
CUST_3632,47,Monthly,1465.430995414789,2,0.0,0,SMB,0,Loyal,0.0,2,68875.25678449508,0.041666666666666664,0.0,0,1
CUST_3633,19,Annual,4898.250244437084,2,2.0,2,SMB,0,Mid-Tenure,2.0,2,93066.7546443046,0.1,9.796500488874168,0,0
CUST_3634,15,Monthly,734.4013458301597,1,28.0,0,SMB,0,Mid-Tenure,28.0,1,11016.020187452395,0.0625,0.0,0,1
CUST_3635,28,Monthly,2084.623176021096,2,21.0,0,Enterprise,0,Mid-Tenure,21.0,2,58369.44892859068,0.06896551724137931,0.0,1,1
CUST_3636,24,Multi-Year,2428.9152835042187,3,5.0,0,SMB,0,Mid-Tenure,5.0,3,58293.96680410125,0.12,0.0,0,0
CUST_3637,9,Annual,4208.913102030145,2,0.0,0,Enterprise,0,New,0.0,2,37880.2179182713,0.2,0.0,1,0
CUST_3638,47,Monthly,3948.002681018208,2,17.0,0,SMB,0,Loyal,17.0,2,185556.12600785578,0.041666666666666664,0.0,0,1
CUST_3639,33,Multi-Year,2187.464652259653,6,9.0,2,SMB,0,Mid-Tenure,9.0,6,72186.33352456856,0.17647058823529413,4.3749293045193065,0,0
CUST_3640,62,Multi-Year,3045.0213205611835,4,22.0,0,SMB,0,Loyal,22.0,4,188791.3218747934,0.06349206349206349,0.0,0,0
CUST_3641,19,Multi-Year,4260.178236234787,2,16.0,5,SMB,0,Mid-Tenure,16.0,2,80943.38648846095,0.1,21.300891181173935,0,0
CUST_3642,67,Monthly,581.8981646797372,2,25.0,0,SMB,0,Loyal,25.0,2,38987.17703354239,0.029411764705882353,0.0,0,1
CUST_3643,40,Monthly,4109.801447860125,4,20.0,0,SMB,1,Loyal,20.0,4,164392.057914405,0.0975609756097561,0.0,0,1
CUST_3644,47,Annual,4761.03211403919,4,0.0,0,SMB,0,Loyal,0.0,4,223768.50935984193,0.08333333333333333,0.0,0,0
CUST_3645,65,Annual,644.2903466787702,3,21.0,5,SMB,0,Loyal,21.0,3,41878.87253412006,0.045454545454545456,3.221451733393851,0,0
CUST_3646,29,Monthly,705.1144418518217,6,22.0,0,SMB,0,Mid-Tenure,22.0,6,20448.318813702826,0.2,0.0,0,1
CUST_3647,50,Annual,2050.3130250470904,3,7.0,0,SMB,0,Loyal,7.0,3,102515.65125235452,0.058823529411764705,0.0,0,0
CUST_3648,13,Monthly,894.9630369545354,2,28.0,0,Enterprise,0,Mid-Tenure,28.0,2,11634.51948040896,0.14285714285714285,0.0,1,1
CUST_3649,1,Monthly,2656.742361322497,1,11.0,0,Enterprise,1,New,11.0,1,2656.742361322497,0.5,0.0,1,1
CUST_3650,34,Monthly,3779.198082904004,1,18.0,0,SMB,0,Mid-Tenure,18.0,1,128492.73481873613,0.02857142857142857,0.0,0,1
CUST_3651,48,Annual,3051.04655764318,1,13.0,0,Enterprise,0,Loyal,13.0,1,146450.23476687266,0.02040816326530612,0.0,1,0
CUST_3652,48,Monthly,1383.9435908273315,6,29.0,0,SMB,1,Loyal,29.0,6,66429.29235971191,0.12244897959183673,0.0,0,1
CUST_3653,49,Multi-Year,3446.6508501366097,4,18.0,0,SMB,0,Loyal,18.0,4,168885.8916566939,0.08,0.0,0,0
CUST_3654,64,Annual,3581.845156305121,5,26.0,2,SMB,0,Loyal,26.0,5,229238.09000352773,0.07692307692307693,7.163690312610242,0,0
CUST_3655,61,Annual,4696.006800582566,0,16.0,2,SMB,0,Loyal,16.0,0,286456.4148355365,0.0,9.392013601165132,0,0
CUST_3656,29,Multi-Year,1160.586038196721,0,27.0,0,SMB,0,Mid-Tenure,27.0,0,33656.995107704905,0.0,0.0,0,0
CUST_3657,39,Annual,3615.512742093755,1,15.0,0,SMB,0,Loyal,15.0,1,141004.99694165646,0.025,0.0,0,0
CUST_3658,26,Multi-Year,4601.422484839164,0,18.0,0,SMB,0,Mid-Tenure,18.0,0,119636.98460581826,0.0,0.0,0,0
CUST_3659,17,Monthly,2757.038689942854,1,4.0,2,SMB,0,Mid-Tenure,4.0,1,46869.65772902852,0.05555555555555555,5.514077379885708,0,1
CUST_3660,71,Monthly,2128.098559383754,1,21.0,0,SMB,0,Loyal,21.0,1,151094.99771624652,0.013888888888888888,0.0,0,1
CUST_3661,13,Monthly,1268.3727239952125,2,18.0,0,Enterprise,0,Mid-Tenure,18.0,2,16488.845411937764,0.14285714285714285,0.0,1,1
CUST_3662,69,Monthly,4400.54098920391,5,3.0,5,SMB,0,Loyal,3.0,5,303637.3282550698,0.07142857142857142,22.00270494601955,0,1
CUST_3663,26,Multi-Year,2274.1086867826752,2,4.0,10,Enterprise,0,Mid-Tenure,4.0,2,59126.825856349555,0.07407407407407407,22.741086867826752,1,0
CUST_3664,49,Monthly,4661.970994704616,3,4.0,5,Enterprise,0,Loyal,4.0,3,228436.57874052617,0.06,23.309854973523077,1,1
CUST_3665,67,Annual,4314.912341588493,3,24.0,15,SMB,0,Loyal,24.0,3,289099.12688642903,0.04411764705882353,64.7236851238274,0,0
CUST_3666,7,Annual,2194.8793330873805,2,23.0,5,SMB,0,New,23.0,2,15364.155331611662,0.25,10.974396665436903,0,0
CUST_3667,58,Annual,3082.614390258181,2,0.0,2,SMB,0,Loyal,0.0,2,178791.6346349745,0.03389830508474576,6.165228780516363,0,0
CUST_3668,49,Monthly,622.2831633226465,4,17.0,0,SMB,0,Loyal,17.0,4,30491.875002809677,0.08,0.0,0,1
CUST_3669,53,Annual,1684.4963129021062,2,27.0,10,SMB,0,Loyal,27.0,2,89278.30458381162,0.037037037037037035,16.84496312902106,0,0
CUST_3670,65,Monthly,3696.2278185616233,5,14.0,5,SMB,0,Loyal,14.0,5,240254.80820650552,0.07575757575757576,18.481139092808117,0,1
CUST_3671,62,Monthly,3550.5992563082004,1,20.0,0,SMB,0,Loyal,20.0,1,220137.15389110844,0.015873015873015872,0.0,0,1
CUST_3672,17,Annual,2090.1625679378794,4,27.0,0,SMB,0,Mid-Tenure,27.0,4,35532.76365494395,0.2222222222222222,0.0,0,0
CUST_3673,43,Annual,4138.736143592554,2,18.0,0,SMB,0,Loyal,18.0,2,177965.65417447983,0.045454545454545456,0.0,0,0
CUST_3674,25,Monthly,1561.26223354942,3,22.0,10,SMB,1,Mid-Tenure,22.0,3,39031.5558387355,0.11538461538461539,15.6126223354942,0,1
CUST_3675,3,Multi-Year,2575.7173991852223,1,13.0,0,SMB,0,New,13.0,1,7727.152197555667,0.25,0.0,0,0
CUST_3676,29,Monthly,2626.3878588990533,2,26.0,0,SMB,0,Mid-Tenure,26.0,2,76165.24790807255,0.06666666666666667,0.0,0,1
CUST_3677,32,Monthly,2033.675459915077,5,5.0,0,SMB,1,Mid-Tenure,5.0,5,65077.614717282464,0.15151515151515152,0.0,0,1
CUST_3678,26,Monthly,4795.997455063252,4,17.0,15,SMB,0,Mid-Tenure,17.0,4,124695.93383164456,0.14814814814814814,71.93996182594879,0,1
CUST_3679,16,Annual,3635.078150817956,4,7.0,0,SMB,0,Mid-Tenure,7.0,4,58161.2504130873,0.23529411764705882,0.0,0,0
CUST_3680,25,Annual,2926.3970089728573,7,4.0,0,SMB,0,Mid-Tenure,4.0,7,73159.92522432143,0.2692307692307692,0.0,0,0
CUST_3681,54,Monthly,2797.317920248918,1,21.0,0,SMB,0,Loyal,21.0,1,151055.1676934416,0.01818181818181818,0.0,0,1
CUST_3682,28,Monthly,1216.8324161199344,1,7.0,0,SMB,0,Mid-Tenure,7.0,1,34071.30765135816,0.034482758620689655,0.0,0,1
CUST_3683,56,Annual,2174.8410368064424,5,28.0,0,Enterprise,0,Loyal,28.0,5,121791.09806116077,0.08771929824561403,0.0,1,0
CUST_3684,65,Monthly,3527.479916280983,1,5.0,0,SMB,0,Loyal,5.0,1,229286.1945582639,0.015151515151515152,0.0,0,1
CUST_3685,41,Monthly,4660.5659885903015,1,9.0,0,SMB,0,Loyal,9.0,1,191083.20553220235,0.023809523809523808,0.0,0,1
CUST_3686,51,Annual,4174.088267263273,1,2.0,0,Enterprise,0,Loyal,2.0,1,212878.50163042694,0.019230769230769232,0.0,1,0
CUST_3687,71,Monthly,1851.7541178198703,7,12.0,0,Enterprise,1,Loyal,12.0,7,131474.5423652108,0.09722222222222222,0.0,1,1
CUST_3688,29,Multi-Year,2452.8048156047,2,6.0,0,Enterprise,0,Mid-Tenure,6.0,2,71131.33965253629,0.06666666666666667,0.0,1,0
CUST_3689,19,Monthly,873.1288432075755,0,29.0,10,SMB,1,Mid-Tenure,29.0,0,16589.448020943935,0.0,8.731288432075754,0,1
CUST_3690,66,Annual,959.7754536601136,2,3.0,0,SMB,0,Loyal,3.0,2,63345.1799415675,0.029850746268656716,0.0,0,0
CUST_3691,41,Monthly,2616.036741494218,4,12.0,0,SMB,0,Loyal,12.0,4,107257.50640126293,0.09523809523809523,0.0,0,1
CUST_3692,45,Multi-Year,2885.9873306769505,5,5.0,0,SMB,0,Loyal,5.0,5,129869.42988046278,0.10869565217391304,0.0,0,0
CUST_3693,15,Monthly,1688.121930636113,3,15.0,0,Enterprise,0,Mid-Tenure,15.0,3,25321.828959541694,0.1875,0.0,1,1
CUST_3694,3,Annual,3392.522101336736,3,21.0,0,SMB,0,New,21.0,3,10177.566304010208,0.75,0.0,0,0
CUST_3695,11,Annual,3665.21308511062,2,26.0,0,SMB,0,New,26.0,2,40317.34393621682,0.16666666666666666,0.0,0,0
CUST_3696,53,Monthly,1846.0225922538095,4,20.0,2,SMB,0,Loyal,20.0,4,97839.1973894519,0.07407407407407407,3.692045184507619,0,1
CUST_3697,46,Monthly,3912.9112656839375,0,28.0,0,Enterprise,1,Loyal,28.0,0,179993.91822146112,0.0,0.0,1,1
CUST_3698,30,Annual,1425.2221356761002,2,0.0,0,SMB,0,Mid-Tenure,0.0,2,42756.664070283005,0.06451612903225806,0.0,0,0
CUST_3699,57,Multi-Year,2949.1311977400824,5,29.0,5,Enterprise,0,Loyal,29.0,5,168100.4782711847,0.08620689655172414,14.745655988700411,1,0
CUST_3700,18,Monthly,4119.26492102978,7,23.0,0,SMB,0,Mid-Tenure,23.0,7,74146.76857853605,0.3684210526315789,0.0,0,1
CUST_3701,51,Monthly,2916.540885571499,1,12.0,2,Enterprise,0,Loyal,12.0,1,148743.58516414644,0.019230769230769232,5.833081771142998,1,1
CUST_3702,48,Multi-Year,4585.832233344728,3,29.0,0,SMB,0,Loyal,29.0,3,220119.9472005469,0.061224489795918366,0.0,0,0
CUST_3703,66,Monthly,763.2555479358612,0,25.0,0,Enterprise,0,Loyal,25.0,0,50374.866163766834,0.0,0.0,1,1
CUST_3704,8,Multi-Year,3147.412304711623,5,1.0,0,SMB,0,New,1.0,5,25179.298437692985,0.5555555555555556,0.0,0,0
CUST_3705,22,Annual,3027.8995364497555,2,19.0,0,Enterprise,0,Mid-Tenure,19.0,2,66613.78980189461,0.08695652173913043,0.0,1,0
CUST_3706,6,Annual,3471.589978442081,5,28.0,5,SMB,0,New,28.0,5,20829.539870652487,0.7142857142857143,17.357949892210403,0,0
CUST_3707,57,Monthly,4250.330774061385,1,27.0,0,SMB,0,Loyal,27.0,1,242268.8541214989,0.017241379310344827,0.0,0,1
CUST_3708,36,Monthly,3766.3388795227775,3,18.0,0,SMB,0,Mid-Tenure,18.0,3,135588.19966282,0.08108108108108109,0.0,0,1
CUST_3709,57,Annual,4056.272309177788,0,5.0,0,SMB,0,Loyal,5.0,0,231207.5216231339,0.0,0.0,0,0
CUST_3710,49,Multi-Year,1799.6752657292968,1,10.0,0,SMB,0,Loyal,10.0,1,88184.08802073555,0.02,0.0,0,0
CUST_3711,45,Multi-Year,2243.7382035603405,2,16.0,2,SMB,0,Loyal,16.0,2,100968.21916021532,0.043478260869565216,4.487476407120681,0,0
CUST_3712,66,Monthly,3320.4963832080366,1,8.0,0,SMB,0,Loyal,8.0,1,219152.76129173042,0.014925373134328358,0.0,0,1
CUST_3713,45,Monthly,2990.5766236622085,1,4.0,2,SMB,0,Loyal,4.0,1,134575.9480647994,0.021739130434782608,5.981153247324417,0,1
CUST_3714,20,Monthly,4824.967437367414,2,4.0,2,SMB,1,Mid-Tenure,4.0,2,96499.34874734828,0.09523809523809523,9.649934874734829,0,1
CUST_3715,64,Multi-Year,1340.755249704887,3,15.0,0,SMB,0,Loyal,15.0,3,85808.33598111277,0.046153846153846156,0.0,0,0
CUST_3716,67,Monthly,2080.752676030137,1,3.0,0,SMB,0,Loyal,3.0,1,139410.42929401918,0.014705882352941176,0.0,0,1
CUST_3717,3,Monthly,3077.3985497818467,1,19.0,0,SMB,1,New,19.0,1,9232.19564934554,0.25,0.0,0,1
CUST_3718,54,Monthly,4405.836964712684,5,28.0,0,SMB,0,Loyal,28.0,5,237915.1960944849,0.09090909090909091,0.0,0,1
CUST_3719,64,Monthly,4682.068361109463,1,12.0,0,SMB,0,Loyal,12.0,1,299652.3751110056,0.015384615384615385,0.0,0,1
CUST_3720,40,Multi-Year,2012.1634887241933,4,16.0,10,SMB,0,Loyal,16.0,4,80486.53954896773,0.0975609756097561,20.12163488724193,0,0
CUST_3721,59,Annual,801.9880768685823,2,8.0,0,SMB,0,Loyal,8.0,2,47317.29653524636,0.03333333333333333,0.0,0,0
CUST_3722,55,Monthly,2397.288640649833,3,24.0,0,SMB,1,Loyal,24.0,3,131850.8752357408,0.05357142857142857,0.0,0,1
CUST_3723,62,Monthly,2274.548644550782,6,12.0,0,Enterprise,0,Loyal,12.0,6,141022.01596214846,0.09523809523809523,0.0,1,1
CUST_3724,4,Monthly,4939.191805683603,0,15.0,0,SMB,0,New,15.0,0,19756.767222734412,0.0,0.0,0,1
CUST_3725,60,Monthly,2439.775599308552,1,19.0,0,Enterprise,0,Loyal,19.0,1,146386.53595851312,0.01639344262295082,0.0,1,1
CUST_3726,30,Monthly,1875.7534968645325,2,9.0,0,SMB,0,Mid-Tenure,9.0,2,56272.60490593597,0.06451612903225806,0.0,0,1
CUST_3727,2,Annual,2144.198185407203,4,9.0,0,SMB,0,New,9.0,4,4288.396370814406,1.3333333333333333,0.0,0,0
CUST_3728,62,Monthly,2286.168262807162,0,19.0,0,SMB,1,Loyal,19.0,0,141742.43229404406,0.0,0.0,0,1
CUST_3729,49,Monthly,4196.931719884771,3,27.0,0,SMB,0,Loyal,27.0,3,205649.6542743538,0.06,0.0,0,1
CUST_3730,9,Monthly,864.5670177406887,5,15.0,5,SMB,0,New,15.0,5,7781.103159666198,0.5,4.322835088703443,0,1
CUST_3731,31,Annual,1924.28171993762,0,22.0,0,Enterprise,0,Mid-Tenure,22.0,0,59652.73331806622,0.0,0.0,1,0
CUST_3732,61,Annual,4848.433213581949,2,19.0,2,SMB,0,Loyal,19.0,2,295754.42602849886,0.03225806451612903,9.696866427163897,0,0
CUST_3733,48,Annual,1188.9612715945998,4,0.0,0,SMB,0,Loyal,0.0,4,57070.141036540794,0.08163265306122448,0.0,0,0
CUST_3734,25,Annual,3841.705946896655,3,10.0,2,SMB,0,Mid-Tenure,10.0,3,96042.64867241637,0.11538461538461539,7.68341189379331,0,0
CUST_3735,36,Annual,2103.7707553923065,3,12.0,0,Enterprise,0,Mid-Tenure,12.0,3,75735.74719412303,0.08108108108108109,0.0,1,0
CUST_3736,8,Monthly,3118.0348678753644,3,24.0,2,Enterprise,0,New,24.0,3,24944.278943002915,0.3333333333333333,6.236069735750728,1,1
CUST_3737,58,Multi-Year,947.9661732899692,0,17.0,5,SMB,0,Loyal,17.0,0,54982.03805081821,0.0,4.7398308664498465,0,0
CUST_3738,45,Monthly,1878.8525030927597,6,4.0,2,Enterprise,0,Loyal,4.0,6,84548.36263917419,0.13043478260869565,3.7577050061855193,1,1
CUST_3739,62,Monthly,2753.8922374739973,2,3.0,2,SMB,1,Loyal,3.0,2,170741.31872338784,0.031746031746031744,5.507784474947995,0,1
CUST_3740,39,Annual,1542.6529617913627,5,23.0,0,SMB,0,Loyal,23.0,5,60163.46550986315,0.125,0.0,0,0
CUST_3741,58,Monthly,2938.414743739185,5,5.0,0,SMB,1,Loyal,5.0,5,170428.05513687272,0.0847457627118644,0.0,0,1
CUST_3742,64,Multi-Year,1488.9169132822235,2,14.0,0,SMB,0,Loyal,14.0,2,95290.6824500623,0.03076923076923077,0.0,0,0
CUST_3743,44,Monthly,3425.4524869274924,3,22.0,0,SMB,1,Loyal,22.0,3,150719.90942480965,0.06666666666666667,0.0,0,1
CUST_3744,29,Multi-Year,4569.594531126414,3,1.0,0,Enterprise,0,Mid-Tenure,1.0,3,132518.241402666,0.1,0.0,1,0
CUST_3745,59,Multi-Year,884.6988680820714,2,3.0,0,Enterprise,0,Loyal,3.0,2,52197.233216842214,0.03333333333333333,0.0,1,0
CUST_3746,71,Multi-Year,1474.7721609923883,6,13.0,0,Enterprise,0,Loyal,13.0,6,104708.82343045957,0.08333333333333333,0.0,1,0
CUST_3747,9,Multi-Year,4299.903622671485,3,3.0,0,SMB,0,New,3.0,3,38699.13260404336,0.3,0.0,0,0
CUST_3748,6,Multi-Year,3341.990684488809,3,27.0,0,SMB,0,New,27.0,3,20051.944106932853,0.42857142857142855,0.0,0,0
CUST_3749,29,Annual,854.1901271415436,3,28.0,0,SMB,0,Mid-Tenure,28.0,3,24771.513687104765,0.1,0.0,0,0
CUST_3750,58,Monthly,2688.575517992729,2,17.0,0,Enterprise,0,Loyal,17.0,2,155937.38004357828,0.03389830508474576,0.0,1,1
CUST_3751,17,Monthly,1443.9133175510076,3,25.0,0,Enterprise,0,Mid-Tenure,25.0,3,24546.52639836713,0.16666666666666666,0.0,1,1
CUST_3752,16,Annual,1395.9337733153138,3,19.0,10,SMB,0,Mid-Tenure,19.0,3,22334.94037304502,0.17647058823529413,13.959337733153138,0,0
CUST_3753,3,Multi-Year,4732.904045122357,2,15.0,5,SMB,0,New,15.0,2,14198.712135367072,0.5,23.664520225611785,0,0
CUST_3754,21,Annual,3926.9369663424905,1,8.0,0,SMB,0,Mid-Tenure,8.0,1,82465.6762931923,0.045454545454545456,0.0,0,0
CUST_3755,64,Multi-Year,3633.037670858647,1,7.0,0,SMB,0,Loyal,7.0,1,232514.4109349534,0.015384615384615385,0.0,0,0
CUST_3756,36,Multi-Year,1575.179676850364,2,10.0,0,SMB,0,Mid-Tenure,10.0,2,56706.46836661311,0.05405405405405406,0.0,0,0
CUST_3757,62,Monthly,1033.5804486842771,0,13.0,0,SMB,0,Loyal,13.0,0,64081.98781842519,0.0,0.0,0,1
CUST_3758,42,Monthly,4418.746795784075,0,16.0,0,SMB,0,Loyal,16.0,0,185587.36542293118,0.0,0.0,0,1
CUST_3759,42,Monthly,526.4580620410292,5,12.0,10,Enterprise,1,Loyal,12.0,5,22111.238605723225,0.11627906976744186,5.264580620410292,1,1
CUST_3760,61,Monthly,2246.433906654588,3,7.0,10,Enterprise,1,Loyal,7.0,3,137032.46830592988,0.04838709677419355,22.46433906654588,1,1
CUST_3761,13,Annual,1749.256263326001,3,13.0,2,SMB,1,Mid-Tenure,13.0,3,22740.331423238014,0.21428571428571427,3.4985125266520023,0,0
CUST_3762,11,Multi-Year,3066.6929015697065,1,10.0,0,SMB,0,New,10.0,1,33733.62191726677,0.08333333333333333,0.0,0,0
CUST_3763,54,Annual,1627.287961486256,2,8.0,0,SMB,0,Loyal,8.0,2,87873.54992025784,0.03636363636363636,0.0,0,0
CUST_3764,16,Monthly,1900.424116977386,3,7.0,0,Enterprise,0,Mid-Tenure,7.0,3,30406.785871638174,0.17647058823529413,0.0,1,1
CUST_3765,8,Monthly,4325.179347469371,3,13.0,0,SMB,1,New,13.0,3,34601.43477975497,0.3333333333333333,0.0,0,1
CUST_3766,59,Monthly,3214.349705320334,2,14.0,0,SMB,0,Loyal,14.0,2,189646.6326138997,0.03333333333333333,0.0,0,1
CUST_3767,57,Annual,1155.5713729821578,2,25.0,0,Enterprise,0,Loyal,25.0,2,65867.56825998299,0.034482758620689655,0.0,1,0
CUST_3768,40,Monthly,3769.121945731242,3,0.0,2,Enterprise,0,Loyal,0.0,3,150764.87782924966,0.07317073170731707,7.538243891462484,1,1
CUST_3769,59,Monthly,1433.5664066594527,0,23.0,2,Enterprise,1,Loyal,23.0,0,84580.4179929077,0.0,2.8671328133189053,1,1
CUST_3770,2,Monthly,2448.5221855061604,1,11.0,0,Enterprise,1,New,11.0,1,4897.044371012321,0.3333333333333333,0.0,1,1
CUST_3771,10,Monthly,3409.73256577682,3,4.0,2,SMB,1,New,4.0,3,34097.325657768204,0.2727272727272727,6.81946513155364,0,1
CUST_3772,44,Multi-Year,1723.6829185586928,1,24.0,0,Enterprise,0,Loyal,24.0,1,75842.04841658249,0.022222222222222223,0.0,1,0
CUST_3773,11,Monthly,2228.480666041065,1,13.0,0,SMB,1,New,13.0,1,24513.287326451715,0.08333333333333333,0.0,0,1
CUST_3774,2,Monthly,3803.673187868679,2,24.0,0,SMB,0,New,24.0,2,7607.346375737358,0.6666666666666666,0.0,0,1
CUST_3775,50,Monthly,4720.599290409546,2,21.0,0,SMB,1,Loyal,21.0,2,236029.96452047728,0.0392156862745098,0.0,0,1
CUST_3776,12,Monthly,2881.6027563176285,5,15.0,0,SMB,1,New,15.0,5,34579.23307581154,0.38461538461538464,0.0,0,1
CUST_3777,23,Annual,544.8693720048024,6,18.0,0,SMB,0,Mid-Tenure,18.0,6,12531.995556110454,0.25,0.0,0,0
CUST_3778,18,Annual,2023.086880588237,4,27.0,15,Enterprise,0,Mid-Tenure,27.0,4,36415.56385058827,0.21052631578947367,30.346303208823553,1,0
CUST_3779,62,Monthly,2293.854506804905,4,15.0,0,SMB,0,Loyal,15.0,4,142218.97942190414,0.06349206349206349,0.0,0,1
CUST_3780,62,Annual,2026.2812900100985,2,6.0,5,Enterprise,0,Loyal,6.0,2,125629.4399806261,0.031746031746031744,10.131406450050491,1,0
CUST_3781,38,Monthly,2463.209875020032,2,2.0,0,SMB,0,Loyal,2.0,2,93601.97525076121,0.05128205128205128,0.0,0,1
CUST_3782,67,Annual,3346.998142182799,3,22.0,0,SMB,0,Loyal,22.0,3,224248.87552624752,0.04411764705882353,0.0,0,0
CUST_3783,38,Monthly,1045.0761214898894,4,7.0,0,SMB,1,Loyal,7.0,4,39712.8926166158,0.10256410256410256,0.0,0,1
CUST_3784,67,Monthly,1726.8372899037747,4,20.0,0,SMB,0,Loyal,20.0,4,115698.0984235529,0.058823529411764705,0.0,0,1
CUST_3785,61,Annual,2784.4163870793104,2,20.0,0,SMB,0,Loyal,20.0,2,169849.39961183793,0.03225806451612903,0.0,0,0
CUST_3786,1,Multi-Year,1920.079886809888,2,13.0,0,Enterprise,0,New,13.0,2,1920.079886809888,1.0,0.0,1,0
CUST_3787,45,Annual,4959.884021609118,1,19.0,2,SMB,0,Loyal,19.0,1,223194.78097241028,0.021739130434782608,9.919768043218236,0,0
CUST_3788,28,Monthly,2441.4416016686973,0,2.0,0,Enterprise,1,Mid-Tenure,2.0,0,68360.36484672353,0.0,0.0,1,1
CUST_3789,21,Monthly,4414.096191164974,1,27.0,0,SMB,0,Mid-Tenure,27.0,1,92696.02001446445,0.045454545454545456,0.0,0,1
CUST_3790,13,Multi-Year,4534.29426026239,2,23.0,0,SMB,0,Mid-Tenure,23.0,2,58945.825383411066,0.14285714285714285,0.0,0,0
CUST_3791,27,Monthly,4262.031498750575,6,10.0,2,Enterprise,0,Mid-Tenure,10.0,6,115074.85046626553,0.21428571428571427,8.52406299750115,1,1
CUST_3792,7,Monthly,711.0420842532551,3,21.0,0,SMB,0,New,21.0,3,4977.294589772786,0.375,0.0,0,1
CUST_3793,22,Monthly,4764.860292260081,3,13.0,0,SMB,1,Mid-Tenure,13.0,3,104826.92642972179,0.13043478260869565,0.0,0,1
CUST_3794,53,Monthly,1079.341529599296,6,21.0,0,SMB,0,Loyal,21.0,6,57205.10106876269,0.1111111111111111,0.0,0,1
CUST_3795,4,Monthly,654.8163247143252,1,1.0,0,Enterprise,1,New,1.0,1,2619.265298857301,0.2,0.0,1,1
CUST_3796,23,Monthly,2364.663235579509,3,3.0,10,SMB,0,Mid-Tenure,3.0,3,54387.25441832871,0.125,23.646632355795088,0,1
CUST_3797,70,Monthly,1375.8531474103524,1,20.0,0,SMB,0,Loyal,20.0,1,96309.72031872468,0.014084507042253521,0.0,0,1
CUST_3798,33,Multi-Year,1328.884383484563,1,26.0,2,SMB,0,Mid-Tenure,26.0,1,43853.184654990575,0.029411764705882353,2.657768766969126,0,0
CUST_3799,28,Monthly,1795.1882601926775,6,25.0,0,Enterprise,0,Mid-Tenure,25.0,6,50265.27128539497,0.20689655172413793,0.0,1,1
CUST_3800,8,Monthly,1617.8252236108467,1,4.0,0,SMB,0,New,4.0,1,12942.601788886774,0.1111111111111111,0.0,0,1
CUST_3801,1,Annual,3581.579309675689,4,18.0,10,SMB,0,New,18.0,4,3581.579309675689,2.0,35.81579309675689,0,0
CUST_3802,37,Annual,1340.4978798623151,1,9.0,0,SMB,0,Loyal,9.0,1,49598.42155490566,0.02631578947368421,0.0,0,0
CUST_3803,63,Monthly,2944.0323733876635,3,20.0,2,SMB,1,Loyal,20.0,3,185474.0395234228,0.046875,5.888064746775327,0,1
CUST_3804,22,Multi-Year,4938.919457645884,5,20.0,0,SMB,0,Mid-Tenure,20.0,5,108656.22806820944,0.21739130434782608,0.0,0,0
CUST_3805,70,Monthly,2445.7208943033,1,1.0,0,SMB,0,Loyal,1.0,1,171200.462601231,0.014084507042253521,0.0,0,1
CUST_3806,21,Multi-Year,3388.428989579464,2,20.0,0,SMB,0,Mid-Tenure,20.0,2,71157.00878116874,0.09090909090909091,0.0,0,0
CUST_3807,35,Monthly,4862.172549784432,8,2.0,5,SMB,0,Mid-Tenure,2.0,8,170176.03924245512,0.2222222222222222,24.31086274892216,0,1
CUST_3808,5,Monthly,1119.3754911861392,2,14.0,2,SMB,0,New,14.0,2,5596.877455930697,0.3333333333333333,2.2387509823722787,0,1
CUST_3809,60,Multi-Year,2383.7315418187222,3,18.0,0,Enterprise,0,Loyal,18.0,3,143023.89250912334,0.04918032786885246,0.0,1,0
CUST_3810,46,Annual,4325.865800878643,2,20.0,0,SMB,0,Loyal,20.0,2,198989.8268404176,0.0425531914893617,0.0,0,0
CUST_3811,50,Monthly,4695.375572351959,3,24.0,0,SMB,0,Loyal,24.0,3,234768.77861759794,0.058823529411764705,0.0,0,1
CUST_3812,48,Monthly,3205.562260815073,5,29.0,0,SMB,0,Loyal,29.0,5,153866.9885191235,0.10204081632653061,0.0,0,1
CUST_3813,6,Monthly,1145.3927114310052,2,1.0,0,SMB,0,New,1.0,2,6872.356268586031,0.2857142857142857,0.0,0,1
CUST_3814,56,Annual,4556.622127764447,3,24.0,0,SMB,0,Loyal,24.0,3,255170.83915480904,0.05263157894736842,0.0,0,0
CUST_3815,59,Monthly,1285.0095478592416,4,2.0,2,Enterprise,0,Loyal,2.0,4,75815.56332369526,0.06666666666666667,2.570019095718483,1,1
CUST_3816,29,Monthly,2087.950317494533,2,28.0,2,SMB,0,Mid-Tenure,28.0,2,60550.55920734146,0.06666666666666667,4.175900634989066,0,1
CUST_3817,71,Monthly,2189.785899930178,2,11.0,2,Enterprise,0,Loyal,11.0,2,155474.79889504262,0.027777777777777776,4.379571799860356,1,1
CUST_3818,18,Annual,2512.8119294268263,1,22.0,10,Enterprise,0,Mid-Tenure,22.0,1,45230.61472968287,0.05263157894736842,25.12811929426826,1,0
CUST_3819,2,Multi-Year,4055.746171689273,1,27.0,0,SMB,0,New,27.0,1,8111.492343378546,0.3333333333333333,0.0,0,0
CUST_3820,8,Annual,4109.649701461181,3,13.0,5,SMB,0,New,13.0,3,32877.19761168945,0.3333333333333333,20.548248507305907,0,0
CUST_3821,54,Monthly,3738.447829751514,5,16.0,0,SMB,1,Loyal,16.0,5,201876.18280658175,0.09090909090909091,0.0,0,1
CUST_3822,38,Multi-Year,599.5790348971173,1,15.0,10,Enterprise,0,Loyal,15.0,1,22784.003326090457,0.02564102564102564,5.995790348971172,1,0
CUST_3823,48,Annual,3041.802959977182,1,16.0,0,SMB,0,Loyal,16.0,1,146006.54207890475,0.02040816326530612,0.0,0,0
CUST_3824,27,Multi-Year,3863.7183014663,3,23.0,0,SMB,0,Mid-Tenure,23.0,3,104320.3941395901,0.10714285714285714,0.0,0,0
CUST_3825,20,Monthly,2500.8135802769425,6,8.0,2,Enterprise,0,Mid-Tenure,8.0,6,50016.27160553885,0.2857142857142857,5.001627160553885,1,1
CUST_3826,12,Monthly,4752.212204144284,0,2.0,5,SMB,0,New,2.0,0,57026.54644973141,0.0,23.761061020721424,0,1
CUST_3827,43,Annual,4207.14734846158,2,21.0,2,SMB,0,Loyal,21.0,2,180907.33598384794,0.045454545454545456,8.41429469692316,0,0
CUST_3828,61,Monthly,3371.697794690738,0,13.0,2,SMB,1,Loyal,13.0,0,205673.56547613503,0.0,6.7433955893814765,0,1
CUST_3829,31,Annual,780.9133265713101,2,2.0,0,SMB,0,Mid-Tenure,2.0,2,24208.313123710614,0.0625,0.0,0,0
CUST_3830,61,Multi-Year,3435.558114124122,1,5.0,2,SMB,0,Loyal,5.0,1,209569.04496157143,0.016129032258064516,6.871116228248244,0,0
CUST_3831,67,Multi-Year,4602.108205634985,1,22.0,2,SMB,0,Loyal,22.0,1,308341.249777544,0.014705882352941176,9.20421641126997,0,0
CUST_3832,35,Multi-Year,2207.504240964281,3,20.0,2,SMB,0,Mid-Tenure,20.0,3,77262.64843374984,0.08333333333333333,4.415008481928562,0,0
CUST_3833,15,Annual,4271.596365224124,1,18.0,0,Enterprise,0,Mid-Tenure,18.0,1,64073.945478361864,0.0625,0.0,1,0
CUST_3834,16,Monthly,1909.2251428798052,1,23.0,0,SMB,0,Mid-Tenure,23.0,1,30547.602286076883,0.058823529411764705,0.0,0,1
CUST_3835,13,Monthly,3065.4648119628623,4,12.0,0,SMB,0,Mid-Tenure,12.0,4,39851.04255551721,0.2857142857142857,0.0,0,1
CUST_3836,35,Monthly,3417.9098826685204,4,4.0,0,SMB,1,Mid-Tenure,4.0,4,119626.84589339822,0.1111111111111111,0.0,0,1
CUST_3837,59,Annual,3550.977669015027,2,0.0,10,Enterprise,1,Loyal,0.0,2,209507.6824718866,0.03333333333333333,35.50977669015027,1,0
CUST_3838,21,Monthly,4471.471915089567,2,11.0,0,Enterprise,0,Mid-Tenure,11.0,2,93900.9102168809,0.09090909090909091,0.0,1,1
CUST_3839,54,Monthly,1555.800201528269,3,14.0,0,SMB,0,Loyal,14.0,3,84013.21088252653,0.05454545454545454,0.0,0,1
CUST_3840,30,Annual,1680.663133800386,1,24.0,15,SMB,0,Mid-Tenure,24.0,1,50419.89401401158,0.03225806451612903,25.20994700700579,0,0
CUST_3841,48,Annual,3668.184469898316,6,18.0,0,Enterprise,0,Loyal,18.0,6,176072.85455511918,0.12244897959183673,0.0,1,0
CUST_3842,35,Multi-Year,1297.3721561781713,1,1.0,0,SMB,0,Mid-Tenure,1.0,1,45408.025466235995,0.027777777777777776,0.0,0,0
CUST_3843,38,Annual,2589.2168223378217,4,2.0,0,SMB,0,Loyal,2.0,4,98390.23924883723,0.10256410256410256,0.0,0,0
CUST_3844,31,Annual,590.1547283474681,3,6.0,0,SMB,0,Mid-Tenure,6.0,3,18294.79657877151,0.09375,0.0,0,0
CUST_3845,24,Annual,1134.4070164555137,6,27.0,0,Enterprise,0,Mid-Tenure,27.0,6,27225.76839493233,0.24,0.0,1,0
CUST_3846,49,Multi-Year,3554.8087326298764,3,10.0,5,Enterprise,0,Loyal,10.0,3,174185.62789886395,0.06,17.77404366314938,1,0
CUST_3847,32,Annual,3863.5772156678927,6,27.0,0,SMB,0,Mid-Tenure,27.0,6,123634.47090137257,0.18181818181818182,0.0,0,0
CUST_3848,55,Multi-Year,1018.9356495704458,4,9.0,0,SMB,0,Loyal,9.0,4,56041.46072637452,0.07142857142857142,0.0,0,0
CUST_3849,58,Multi-Year,1524.6929768503865,2,7.0,0,Enterprise,0,Loyal,7.0,2,88432.19265732242,0.03389830508474576,0.0,1,0
CUST_3850,3,Multi-Year,945.07000941673,3,1.0,0,SMB,0,New,1.0,3,2835.21002825019,0.75,0.0,0,0
CUST_3851,69,Monthly,2450.357797663026,6,13.0,0,SMB,1,Loyal,13.0,6,169074.68803874878,0.08571428571428572,0.0,0,1
CUST_3852,10,Monthly,1067.5223183508497,3,12.0,0,SMB,1,New,12.0,3,10675.223183508497,0.2727272727272727,0.0,0,1
CUST_3853,25,Monthly,2467.832077251005,1,6.0,5,SMB,1,Mid-Tenure,6.0,1,61695.80193127513,0.038461538461538464,12.339160386255026,0,1
CUST_3854,68,Monthly,3794.442151105092,2,26.0,0,Enterprise,0,Loyal,26.0,2,258022.06627514624,0.028985507246376812,0.0,1,1
CUST_3855,61,Monthly,3575.2488491453787,2,20.0,0,SMB,0,Loyal,20.0,2,218090.1797978681,0.03225806451612903,0.0,0,1
CUST_3856,29,Monthly,1762.0721908333037,3,8.0,0,SMB,0,Mid-Tenure,8.0,3,51100.093534165804,0.1,0.0,0,1
CUST_3857,19,Monthly,3531.931471611196,2,6.0,0,SMB,0,Mid-Tenure,6.0,2,67106.69796061271,0.1,0.0,0,1
CUST_3858,43,Annual,4674.704589048096,6,0.0,0,Enterprise,0,Loyal,0.0,6,201012.29732906813,0.13636363636363635,0.0,1,0
CUST_3859,66,Annual,2063.85974188212,1,0.0,0,Enterprise,0,Loyal,0.0,1,136214.7429642199,0.014925373134328358,0.0,1,0
CUST_3860,61,Monthly,1981.0361916392296,3,5.0,5,SMB,0,Loyal,5.0,3,120843.20768999301,0.04838709677419355,9.905180958196148,0,1
CUST_3861,43,Annual,3071.4739316690784,6,24.0,0,Enterprise,0,Loyal,24.0,6,132073.37906177036,0.13636363636363635,0.0,1,0
CUST_3862,25,Annual,1604.7581496236232,1,0.0,0,SMB,0,Mid-Tenure,0.0,1,40118.95374059058,0.038461538461538464,0.0,0,0
CUST_3863,20,Annual,3432.1051759111338,2,15.0,2,Enterprise,0,Mid-Tenure,15.0,2,68642.10351822268,0.09523809523809523,6.864210351822267,1,0
CUST_3864,48,Multi-Year,4245.177968026164,5,2.0,0,SMB,0,Loyal,2.0,5,203768.5424652559,0.10204081632653061,0.0,0,0
CUST_3865,24,Monthly,2566.9332729438443,3,12.0,0,SMB,0,Mid-Tenure,12.0,3,61606.39855065226,0.12,0.0,0,1
CUST_3866,11,Monthly,3557.782962177721,2,20.0,0,SMB,0,New,20.0,2,39135.61258395493,0.16666666666666666,0.0,0,1
CUST_3867,55,Monthly,3433.4844074734788,1,3.0,10,SMB,1,Loyal,3.0,1,188841.64241104134,0.017857142857142856,34.33484407473478,0,1
CUST_3868,28,Monthly,673.9950283141528,2,16.0,10,Enterprise,1,Mid-Tenure,16.0,2,18871.86079279628,0.06896551724137931,6.739950283141528,1,1
CUST_3869,69,Annual,1325.373328290994,2,9.0,0,Enterprise,0,Loyal,9.0,2,91450.75965207859,0.02857142857142857,0.0,1,0
CUST_3870,63,Monthly,4520.885008181584,4,3.0,0,SMB,0,Loyal,3.0,4,284815.75551543984,0.0625,0.0,0,1
CUST_3871,59,Monthly,4725.014663142587,3,19.0,0,SMB,0,Loyal,19.0,3,278775.86512541265,0.05,0.0,0,1
CUST_3872,5,Monthly,4011.978379600298,4,26.0,0,Enterprise,0,New,26.0,4,20059.89189800149,0.6666666666666666,0.0,1,1
CUST_3873,51,Monthly,4645.6166674746255,4,11.0,0,SMB,0,Loyal,11.0,4,236926.4500412059,0.07692307692307693,0.0,0,1
CUST_3874,21,Annual,1877.6689291335863,3,25.0,0,SMB,0,Mid-Tenure,25.0,3,39431.047511805315,0.13636363636363635,0.0,0,0
CUST_3875,12,Annual,1614.6993730057115,2,12.0,2,Enterprise,0,New,12.0,2,19376.39247606854,0.15384615384615385,3.229398746011423,1,0
CUST_3876,50,Monthly,2229.35084402234,1,3.0,0,SMB,0,Loyal,3.0,1,111467.542201117,0.0196078431372549,0.0,0,1
CUST_3877,4,Monthly,749.0389934770378,2,15.0,0,SMB,1,New,15.0,2,2996.1559739081513,0.4,0.0,0,1
CUST_3878,42,Monthly,4144.422285685975,2,18.0,2,SMB,0,Loyal,18.0,2,174065.73599881097,0.046511627906976744,8.28884457137195,0,1
CUST_3879,38,Monthly,4928.789683017848,2,6.0,2,SMB,1,Loyal,6.0,2,187294.0079546782,0.05128205128205128,9.857579366035695,0,1
CUST_3880,25,Multi-Year,4208.131815964744,4,0.0,0,SMB,0,Mid-Tenure,0.0,4,105203.29539911861,0.15384615384615385,0.0,0,0
CUST_3881,14,Monthly,2997.3890068364667,3,15.0,5,SMB,0,Mid-Tenure,15.0,3,41963.44609571053,0.2,14.986945034182334,0,1
CUST_3882,32,Annual,1828.768867173274,2,1.0,0,SMB,0,Mid-Tenure,1.0,2,58520.60374954477,0.06060606060606061,0.0,0,0
CUST_3883,11,Multi-Year,1389.6404984461128,4,0.0,0,SMB,0,New,0.0,4,15286.04548290724,0.3333333333333333,0.0,0,0
CUST_3884,61,Monthly,2138.28292308497,2,13.0,0,SMB,0,Loyal,13.0,2,130435.25830818318,0.03225806451612903,0.0,0,1
CUST_3885,18,Monthly,3501.3628829669283,1,19.0,0,SMB,0,Mid-Tenure,19.0,1,63024.53189340471,0.05263157894736842,0.0,0,1
CUST_3886,27,Multi-Year,2511.776999933706,3,4.0,0,Enterprise,0,Mid-Tenure,4.0,3,67817.97899821006,0.10714285714285714,0.0,1,0
CUST_3887,55,Multi-Year,4703.269190380187,1,26.0,0,SMB,0,Loyal,26.0,1,258679.80547091027,0.017857142857142856,0.0,0,0
CUST_3888,54,Monthly,4343.991543345795,1,14.0,0,Enterprise,0,Loyal,14.0,1,234575.54334067294,0.01818181818181818,0.0,1,1
CUST_3889,21,Annual,960.8027718330452,2,9.0,0,SMB,0,Mid-Tenure,9.0,2,20176.858208493948,0.09090909090909091,0.0,0,0
CUST_3890,44,Multi-Year,1091.8635074856948,5,20.0,0,SMB,0,Loyal,20.0,5,48041.99432937057,0.1111111111111111,0.0,0,0
CUST_3891,5,Monthly,3543.076333850499,3,1.0,0,Enterprise,1,New,1.0,3,17715.381669252496,0.5,0.0,1,1
CUST_3892,41,Multi-Year,1538.4577549115943,0,10.0,0,SMB,0,Loyal,10.0,0,63076.76795137537,0.0,0.0,0,0
CUST_3893,59,Monthly,4059.634446552881,3,15.0,0,SMB,0,Loyal,15.0,3,239518.43234662,0.05,0.0,0,1
CUST_3894,54,Annual,3161.111640468589,2,18.0,0,SMB,0,Loyal,18.0,2,170700.0285853038,0.03636363636363636,0.0,0,0
CUST_3895,22,Multi-Year,1534.237374800075,2,3.0,15,SMB,0,Mid-Tenure,3.0,2,33753.22224560165,0.08695652173913043,23.013560622001126,0,0
CUST_3896,65,Multi-Year,2654.09058866266,6,9.0,2,Enterprise,0,Loyal,9.0,6,172515.8882630729,0.09090909090909091,5.30818117732532,1,0
CUST_3897,64,Monthly,2327.3433156516503,0,21.0,0,SMB,0,Loyal,21.0,0,148949.97220170562,0.0,0.0,0,1
CUST_3898,71,Monthly,4429.217116352322,3,21.0,0,Enterprise,0,Loyal,21.0,3,314474.41526101483,0.041666666666666664,0.0,1,1
CUST_3899,4,Annual,644.7311373967262,2,11.0,0,SMB,0,New,11.0,2,2578.924549586905,0.4,0.0,0,0
CUST_3900,65,Annual,4531.297507100555,1,1.0,0,SMB,0,Loyal,1.0,1,294534.3379615361,0.015151515151515152,0.0,0,0
CUST_3901,15,Annual,3434.372072958845,3,1.0,0,Enterprise,0,Mid-Tenure,1.0,3,51515.58109438267,0.1875,0.0,1,0
CUST_3902,22,Multi-Year,3818.921843967704,3,8.0,0,Enterprise,0,Mid-Tenure,8.0,3,84016.28056728949,0.13043478260869565,0.0,1,0
CUST_3903,47,Multi-Year,511.73358526685183,0,11.0,0,Enterprise,0,Loyal,11.0,0,24051.478507542037,0.0,0.0,1,0
CUST_3904,46,Monthly,3327.0774531675456,6,1.0,0,SMB,0,Loyal,1.0,6,153045.56284570709,0.1276595744680851,0.0,0,1
CUST_3905,14,Monthly,3148.1877366996173,2,17.0,0,SMB,0,Mid-Tenure,17.0,2,44074.628313794645,0.13333333333333333,0.0,0,1
CUST_3906,50,Monthly,2917.425003738349,4,15.0,0,SMB,0,Loyal,15.0,4,145871.25018691746,0.0784313725490196,0.0,0,1
CUST_3907,20,Annual,4036.4008551764814,1,18.0,5,SMB,0,Mid-Tenure,18.0,1,80728.01710352962,0.047619047619047616,20.182004275882406,0,0
CUST_3908,50,Annual,3001.4199337842733,3,14.0,0,SMB,0,Loyal,14.0,3,150070.99668921367,0.058823529411764705,0.0,0,0
CUST_3909,33,Annual,4356.937353019359,4,24.0,0,SMB,0,Mid-Tenure,24.0,4,143778.93264963885,0.11764705882352941,0.0,0,0
CUST_3910,59,Monthly,1546.8416888433726,3,29.0,0,Enterprise,1,Loyal,29.0,3,91263.65964175899,0.05,0.0,1,1
CUST_3911,43,Monthly,4126.921650372649,5,15.0,0,SMB,0,Loyal,15.0,5,177457.63096602392,0.11363636363636363,0.0,0,1
CUST_3912,12,Monthly,1306.9074777116257,0,5.0,0,SMB,0,New,5.0,0,15682.889732539508,0.0,0.0,0,1
CUST_3913,40,Annual,4159.030063860409,3,26.0,0,Enterprise,0,Loyal,26.0,3,166361.20255441638,0.07317073170731707,0.0,1,0
CUST_3914,20,Monthly,4732.085834728555,4,14.0,0,SMB,0,Mid-Tenure,14.0,4,94641.71669457109,0.19047619047619047,0.0,0,1
CUST_3915,38,Monthly,2010.6236403967284,1,11.0,2,SMB,0,Loyal,11.0,1,76403.69833507568,0.02564102564102564,4.021247280793457,0,1
CUST_3916,3,Monthly,2884.488412910849,0,21.0,0,SMB,0,New,21.0,0,8653.465238732548,0.0,0.0,0,1
CUST_3917,28,Annual,3462.4806031541643,3,11.0,0,SMB,0,Mid-Tenure,11.0,3,96949.4568883166,0.10344827586206896,0.0,0,0
CUST_3918,56,Monthly,857.6224963452257,0,9.0,10,SMB,1,Loyal,9.0,0,48026.85979533264,0.0,8.576224963452258,0,1
CUST_3919,13,Multi-Year,2723.3632319185413,3,20.0,0,SMB,0,Mid-Tenure,20.0,3,35403.722014941035,0.21428571428571427,0.0,0,0
CUST_3920,66,Annual,2122.6323946471102,0,14.0,0,SMB,0,Loyal,14.0,0,140093.73804670927,0.0,0.0,0,0
CUST_3921,37,Annual,4426.050340630886,2,22.0,0,SMB,0,Loyal,22.0,2,163763.8626033428,0.05263157894736842,0.0,0,0
CUST_3922,49,Annual,4445.057834187468,4,26.0,0,SMB,0,Loyal,26.0,4,217807.83387518593,0.08,0.0,0,0
CUST_3923,66,Monthly,3653.5079279625656,4,3.0,0,SMB,0,Loyal,3.0,4,241131.52324552933,0.05970149253731343,0.0,0,1
CUST_3924,36,Monthly,3450.760135666242,3,9.0,0,Enterprise,0,Mid-Tenure,9.0,3,124227.36488398472,0.08108108108108109,0.0,1,1
CUST_3925,54,Multi-Year,3801.598066741356,2,25.0,0,SMB,0,Loyal,25.0,2,205286.29560403322,0.03636363636363636,0.0,0,0
CUST_3926,26,Annual,2146.941054512632,2,18.0,0,SMB,0,Mid-Tenure,18.0,2,55820.46741732843,0.07407407407407407,0.0,0,0
CUST_3927,40,Multi-Year,2320.3366103778144,4,22.0,0,Enterprise,0,Loyal,22.0,4,92813.46441511257,0.0975609756097561,0.0,1,0
CUST_3928,43,Annual,2991.6712529991737,2,13.0,2,SMB,0,Loyal,13.0,2,128641.86387896448,0.045454545454545456,5.983342505998348,0,0
CUST_3929,22,Monthly,4721.126573140104,3,9.0,2,SMB,0,Mid-Tenure,9.0,3,103864.78460908227,0.13043478260869565,9.442253146280207,0,1
CUST_3930,20,Monthly,3757.999433538032,3,16.0,0,Enterprise,0,Mid-Tenure,16.0,3,75159.98867076063,0.14285714285714285,0.0,1,1
CUST_3931,8,Annual,2979.451600233005,1,21.0,15,SMB,1,New,21.0,1,23835.61280186404,0.1111111111111111,44.69177400349508,0,0
CUST_3932,29,Monthly,3966.858567035216,0,28.0,0,Enterprise,0,Mid-Tenure,28.0,0,115038.89844402127,0.0,0.0,1,1
CUST_3933,40,Monthly,2169.0064050729125,4,26.0,2,Enterprise,0,Loyal,26.0,4,86760.2562029165,0.0975609756097561,4.338012810145825,1,1
CUST_3934,30,Multi-Year,3787.100155149668,4,26.0,0,SMB,0,Mid-Tenure,26.0,4,113613.00465449004,0.12903225806451613,0.0,0,0
CUST_3935,55,Monthly,2348.0431172721514,5,10.0,2,SMB,1,Loyal,10.0,5,129142.37144996833,0.08928571428571429,4.696086234544303,0,1
CUST_3936,16,Monthly,1758.4763315674377,5,17.0,10,SMB,1,Mid-Tenure,17.0,5,28135.621305079003,0.29411764705882354,17.584763315674376,0,1
CUST_3937,46,Multi-Year,3243.758213850316,1,1.0,0,SMB,0,Loyal,1.0,1,149212.87783711456,0.02127659574468085,0.0,0,0
CUST_3938,62,Multi-Year,3590.94901842583,4,10.0,0,Enterprise,0,Loyal,10.0,4,222638.83914240147,0.06349206349206349,0.0,1,0
CUST_3939,7,Monthly,2566.8210253080388,1,7.0,2,SMB,0,New,7.0,1,17967.74717715627,0.125,5.133642050616078,0,1
CUST_3940,45,Multi-Year,3044.753291099757,2,18.0,0,SMB,0,Loyal,18.0,2,137013.89809948907,0.043478260869565216,0.0,0,0
CUST_3941,59,Multi-Year,3623.297336851806,7,24.0,0,SMB,0,Loyal,24.0,7,213774.54287425656,0.11666666666666667,0.0,0,0
CUST_3942,56,Monthly,3954.6952320087926,3,15.0,0,SMB,0,Loyal,15.0,3,221462.9329924924,0.05263157894736842,0.0,0,1
CUST_3943,48,Monthly,4530.071655873843,5,3.0,0,SMB,0,Loyal,3.0,5,217443.4394819445,0.10204081632653061,0.0,0,1
CUST_3944,27,Monthly,2095.4489281894766,2,13.0,0,SMB,0,Mid-Tenure,13.0,2,56577.12106111587,0.07142857142857142,0.0,0,1
CUST_3945,53,Annual,4781.647637836671,3,21.0,0,Enterprise,0,Loyal,21.0,3,253427.32480534355,0.05555555555555555,0.0,1,0
CUST_3946,35,Monthly,3367.759145553894,2,16.0,0,SMB,0,Mid-Tenure,16.0,2,117871.57009438629,0.05555555555555555,0.0,0,1
CUST_3947,51,Multi-Year,4044.658472145265,4,10.0,5,SMB,0,Loyal,10.0,4,206277.58207940852,0.07692307692307693,20.223292360726326,0,0
CUST_3948,37,Annual,3648.960695666473,3,25.0,0,SMB,0,Loyal,25.0,3,135011.5457396595,0.07894736842105263,0.0,0,0
CUST_3949,57,Annual,1425.0727640678297,3,25.0,0,SMB,0,Loyal,25.0,3,81229.14755186629,0.05172413793103448,0.0,0,0
CUST_3950,8,Multi-Year,821.4727235397274,3,2.0,0,SMB,0,New,2.0,3,6571.7817883178195,0.3333333333333333,0.0,0,0
CUST_3951,20,Multi-Year,3768.289088081541,0,3.0,5,SMB,1,Mid-Tenure,3.0,0,75365.78176163082,0.0,18.841445440407703,0,0
CUST_3952,53,Monthly,2799.737005075594,2,20.0,0,SMB,1,Loyal,20.0,2,148386.0612690065,0.037037037037037035,0.0,0,1
CUST_3953,12,Monthly,3659.960157837461,3,12.0,2,SMB,0,New,12.0,3,43919.52189404953,0.23076923076923078,7.3199203156749215,0,1
CUST_3954,49,Annual,2645.792617619569,2,16.0,0,SMB,0,Loyal,16.0,2,129643.83826335886,0.04,0.0,0,0
CUST_3955,17,Monthly,1905.055341874268,1,29.0,0,Enterprise,1,Mid-Tenure,29.0,1,32385.940811862554,0.05555555555555555,0.0,1,1
CUST_3956,64,Monthly,1782.5805916680572,1,19.0,0,SMB,0,Loyal,19.0,1,114085.15786675566,0.015384615384615385,0.0,0,1
CUST_3957,42,Annual,3787.394588914974,2,20.0,0,SMB,0,Loyal,20.0,2,159070.57273442892,0.046511627906976744,0.0,0,0
CUST_3958,29,Multi-Year,1745.5103665959862,3,19.0,2,SMB,0,Mid-Tenure,19.0,3,50619.8006312836,0.1,3.4910207331919723,0,0
CUST_3959,19,Monthly,3716.045919164394,4,9.0,0,Enterprise,0,Mid-Tenure,9.0,4,70604.87246412349,0.2,0.0,1,1
CUST_3960,11,Annual,2227.8205684282034,1,25.0,0,SMB,0,New,25.0,1,24506.02625271024,0.08333333333333333,0.0,0,0
CUST_3961,50,Monthly,3969.0428194346114,0,22.0,2,SMB,0,Loyal,22.0,0,198452.14097173058,0.0,7.9380856388692225,0,1
CUST_3962,71,Annual,1142.644666022013,7,23.0,0,Enterprise,0,Loyal,23.0,7,81127.77128756294,0.09722222222222222,0.0,1,0
CUST_3963,58,Monthly,1422.409744419555,0,11.0,0,Enterprise,0,Loyal,11.0,0,82499.76517633419,0.0,0.0,1,1
CUST_3964,34,Multi-Year,3586.602225740736,1,7.0,10,Enterprise,1,Mid-Tenure,7.0,1,121944.47567518502,0.02857142857142857,35.86602225740736,1,0
CUST_3965,20,Monthly,3021.040040892182,0,2.0,0,SMB,1,Mid-Tenure,2.0,0,60420.800817843636,0.0,0.0,0,1
CUST_3966,50,Annual,1417.4525417971963,5,28.0,2,SMB,0,Loyal,28.0,5,70872.62708985982,0.09803921568627451,2.8349050835943927,0,0
CUST_3967,10,Monthly,4562.721552770698,3,20.0,2,SMB,1,New,20.0,3,45627.215527706976,0.2727272727272727,9.125443105541395,0,1
CUST_3968,32,Monthly,1741.7486633569083,3,9.0,0,SMB,0,Mid-Tenure,9.0,3,55735.957227421066,0.09090909090909091,0.0,0,1
CUST_3969,52,Monthly,2394.8212918713525,2,23.0,0,Enterprise,0,Loyal,23.0,2,124530.70717731034,0.03773584905660377,0.0,1,1
CUST_3970,15,Monthly,1410.295738426421,5,6.0,0,SMB,1,Mid-Tenure,6.0,5,21154.436076396312,0.3125,0.0,0,1
CUST_3971,3,Monthly,2246.124282536814,0,29.0,0,SMB,1,New,29.0,0,6738.3728476104425,0.0,0.0,0,1
CUST_3972,37,Monthly,2712.410375501634,0,24.0,2,SMB,0,Loyal,24.0,0,100359.18389356046,0.0,5.424820751003268,0,1
CUST_3973,40,Annual,1828.611745308136,0,28.0,0,SMB,0,Loyal,28.0,0,73144.46981232543,0.0,0.0,0,0
CUST_3974,40,Annual,3960.9215293841753,3,9.0,0,SMB,0,Loyal,9.0,3,158436.86117536703,0.07317073170731707,0.0,0,0
CUST_3975,56,Monthly,2272.698403908112,4,6.0,0,SMB,0,Loyal,6.0,4,127271.11061885428,0.07017543859649122,0.0,0,1
CUST_3976,23,Annual,3782.794999814452,1,17.0,0,SMB,0,Mid-Tenure,17.0,1,87004.28499573239,0.041666666666666664,0.0,0,0
CUST_3977,11,Monthly,1431.8247892560953,2,19.0,0,SMB,0,New,19.0,2,15750.072681817048,0.16666666666666666,0.0,0,1
CUST_3978,64,Annual,2196.6597355693043,3,27.0,2,SMB,0,Loyal,27.0,3,140586.22307643548,0.046153846153846156,4.393319471138609,0,0
CUST_3979,8,Monthly,536.2623000299083,3,13.0,0,SMB,1,New,13.0,3,4290.098400239266,0.3333333333333333,0.0,0,1
CUST_3980,56,Annual,3913.869127611703,2,11.0,2,Enterprise,0,Loyal,11.0,2,219176.67114625536,0.03508771929824561,7.827738255223406,1,0
CUST_3981,60,Monthly,3316.4898994871787,3,7.0,0,SMB,0,Loyal,7.0,3,198989.39396923073,0.04918032786885246,0.0,0,1
CUST_3982,10,Multi-Year,4180.204962142053,2,24.0,0,SMB,0,New,24.0,2,41802.04962142053,0.18181818181818182,0.0,0,0
CUST_3983,39,Monthly,2550.2485464622096,2,6.0,0,SMB,0,Loyal,6.0,2,99459.69331202617,0.05,0.0,0,1
CUST_3984,28,Monthly,4098.832896707776,2,4.0,10,Enterprise,1,Mid-Tenure,4.0,2,114767.32110781773,0.06896551724137931,40.98832896707776,1,1
CUST_3985,49,Monthly,3414.1214492194026,1,0.0,0,SMB,0,Loyal,0.0,1,167291.95101175073,0.02,0.0,0,1
CUST_3986,36,Multi-Year,516.2581964040739,1,14.0,10,Enterprise,1,Mid-Tenure,14.0,1,18585.29507054666,0.02702702702702703,5.162581964040739,1,0
CUST_3987,13,Annual,1641.6243278983036,0,8.0,2,SMB,0,Mid-Tenure,8.0,0,21341.116262677948,0.0,3.283248655796607,0,0
CUST_3988,36,Annual,2722.511084928116,3,11.0,2,SMB,0,Mid-Tenure,11.0,3,98010.39905741217,0.08108108108108109,5.445022169856232,0,0
CUST_3989,26,Multi-Year,3284.0930737038707,3,21.0,0,SMB,0,Mid-Tenure,21.0,3,85386.41991630064,0.1111111111111111,0.0,0,0
CUST_3990,4,Multi-Year,795.1588909908671,2,17.0,0,SMB,0,New,17.0,2,3180.6355639634685,0.4,0.0,0,0
CUST_3991,64,Annual,3672.859676827063,2,10.0,0,SMB,0,Loyal,10.0,2,235063.01931693204,0.03076923076923077,0.0,0,0
CUST_3992,38,Monthly,2945.9124394126693,3,9.0,0,SMB,1,Loyal,9.0,3,111944.67269768144,0.07692307692307693,0.0,0,1
CUST_3993,22,Multi-Year,2866.0068806822856,3,9.0,5,SMB,0,Mid-Tenure,9.0,3,63052.15137501028,0.13043478260869565,14.330034403411428,0,0
CUST_3994,2,Monthly,1814.205011440618,5,17.0,2,SMB,1,New,17.0,5,3628.410022881236,1.6666666666666667,3.6284100228812357,0,1
CUST_3995,31,Annual,3176.703947707596,3,25.0,2,SMB,0,Mid-Tenure,25.0,3,98477.82237893547,0.09375,6.353407895415192,0,0
CUST_3996,11,Annual,623.718003342986,1,0.0,0,Enterprise,0,New,0.0,1,6860.898036772845,0.08333333333333333,0.0,1,0
CUST_3997,46,Annual,791.1514872679481,4,27.0,0,SMB,0,Loyal,27.0,4,36392.968414325616,0.0851063829787234,0.0,0,0
CUST_3998,62,Annual,3802.4153924577863,2,19.0,0,SMB,0,Loyal,19.0,2,235749.75433238276,0.031746031746031744,0.0,0,0
CUST_3999,69,Annual,1948.5110414028372,3,25.0,0,SMB,0,Loyal,25.0,3,134447.26185679578,0.04285714285714286,0.0,0,0
CUST_4000,64,Multi-Year,2061.351840310177,2,10.0,5,SMB,0,Loyal,10.0,2,131926.51777985133,0.03076923076923077,10.306759201550886,0,0
CUST_4001,10,Monthly,1437.7334146540334,7,28.0,2,SMB,1,New,28.0,7,14377.334146540334,0.6363636363636364,2.8754668293080665,0,1
CUST_4002,40,Monthly,2505.2931144496947,1,1.0,0,SMB,0,Loyal,1.0,1,100211.72457798778,0.024390243902439025,0.0,0,1
CUST_4003,24,Annual,733.9704413508514,3,25.0,0,SMB,0,Mid-Tenure,25.0,3,17615.29059242043,0.12,0.0,0,0
CUST_4004,44,Multi-Year,1851.6345060700116,1,10.0,0,SMB,0,Loyal,10.0,1,81471.91826708052,0.022222222222222223,0.0,0,0
CUST_4005,60,Monthly,2872.057647999639,1,24.0,0,SMB,0,Loyal,24.0,1,172323.45887997834,0.01639344262295082,0.0,0,1
CUST_4006,62,Monthly,2595.3436470161164,1,1.0,0,Enterprise,0,Loyal,1.0,1,160911.30611499923,0.015873015873015872,0.0,1,1
CUST_4007,17,Monthly,4998.513394053652,2,26.0,0,SMB,0,Mid-Tenure,26.0,2,84974.72769891207,0.1111111111111111,0.0,0,1
CUST_4008,65,Monthly,2249.440934526095,1,8.0,0,Enterprise,0,Loyal,8.0,1,146213.66074419618,0.015151515151515152,0.0,1,1
CUST_4009,57,Multi-Year,2241.4957666443897,2,0.0,2,Enterprise,0,Loyal,0.0,2,127765.25869873022,0.034482758620689655,4.4829915332887795,1,0
CUST_4010,55,Annual,2766.117998365072,5,29.0,0,Enterprise,0,Loyal,29.0,5,152136.48991007896,0.08928571428571429,0.0,1,0
CUST_4011,53,Annual,1356.3639962205343,2,22.0,2,SMB,0,Loyal,22.0,2,71887.29179968832,0.037037037037037035,2.7127279924410685,0,0
CUST_4012,56,Annual,4443.36990331621,1,5.0,0,SMB,0,Loyal,5.0,1,248828.71458570776,0.017543859649122806,0.0,0,0
CUST_4013,9,Annual,3075.2050498900185,6,21.0,10,SMB,1,New,21.0,6,27676.845449010165,0.6,30.752050498900186,0,0
CUST_4014,22,Monthly,1364.4843763974009,0,1.0,15,Enterprise,1,Mid-Tenure,1.0,0,30018.65628074282,0.0,20.46726564596101,1,1
CUST_4015,13,Monthly,4070.4871611745953,3,14.0,0,SMB,0,Mid-Tenure,14.0,3,52916.333095269736,0.21428571428571427,0.0,0,1
CUST_4016,48,Monthly,654.4947701428396,1,0.0,0,SMB,1,Loyal,0.0,1,31415.7489668563,0.02040816326530612,0.0,0,1
CUST_4017,18,Monthly,4921.538902634423,2,25.0,0,Enterprise,0,Mid-Tenure,25.0,2,88587.7002474196,0.10526315789473684,0.0,1,1
CUST_4018,40,Monthly,4393.172006471172,0,23.0,0,Enterprise,0,Loyal,23.0,0,175726.88025884685,0.0,0.0,1,1
CUST_4019,17,Monthly,3108.3775499030894,2,23.0,0,SMB,0,Mid-Tenure,23.0,2,52842.41834835252,0.1111111111111111,0.0,0,1
CUST_4020,15,Monthly,1000.8304824067992,4,17.0,0,SMB,0,Mid-Tenure,17.0,4,15012.457236101987,0.25,0.0,0,1
CUST_4021,15,Monthly,1468.7274798035214,1,3.0,2,SMB,0,Mid-Tenure,3.0,1,22030.91219705282,0.0625,2.937454959607043,0,1
CUST_4022,63,Annual,1757.4582664110342,5,28.0,0,SMB,0,Loyal,28.0,5,110719.87078389515,0.078125,0.0,0,0
CUST_4023,39,Monthly,1584.6428205662494,3,12.0,0,Enterprise,0,Loyal,12.0,3,61801.070002083725,0.075,0.0,1,1
CUST_4024,13,Multi-Year,2738.840047040506,4,3.0,0,Enterprise,0,Mid-Tenure,3.0,4,35604.92061152658,0.2857142857142857,0.0,1,0
CUST_4025,32,Monthly,4750.521666202165,1,14.0,5,SMB,1,Mid-Tenure,14.0,1,152016.69331846928,0.030303030303030304,23.752608331010823,0,1
CUST_4026,9,Annual,2498.7766314551477,1,1.0,0,SMB,0,New,1.0,1,22488.98968309633,0.1,0.0,0,0
CUST_4027,40,Multi-Year,3477.040556780325,3,26.0,0,SMB,0,Loyal,26.0,3,139081.622271213,0.07317073170731707,0.0,0,0
CUST_4028,20,Multi-Year,3598.6244269047043,4,8.0,5,SMB,0,Mid-Tenure,8.0,4,71972.48853809408,0.19047619047619047,17.99312213452352,0,0
CUST_4029,63,Multi-Year,4422.113263645172,2,11.0,0,SMB,0,Loyal,11.0,2,278593.13560964586,0.03125,0.0,0,0
CUST_4030,44,Monthly,652.1957940718366,5,13.0,0,SMB,0,Loyal,13.0,5,28696.614939160812,0.1111111111111111,0.0,0,1
CUST_4031,38,Monthly,2319.48526706394,1,19.0,0,Enterprise,0,Loyal,19.0,1,88140.44014842971,0.02564102564102564,0.0,1,1
CUST_4032,60,Monthly,4031.308013387447,5,3.0,0,Enterprise,0,Loyal,3.0,5,241878.4808032468,0.08196721311475409,0.0,1,1
CUST_4033,71,Monthly,4166.901567344508,5,14.0,0,SMB,1,Loyal,14.0,5,295850.0112814601,0.06944444444444445,0.0,0,1
CUST_4034,48,Monthly,4672.99676828305,4,3.0,5,SMB,0,Loyal,3.0,4,224303.8448775864,0.08163265306122448,23.364983841415253,0,1
CUST_4035,18,Multi-Year,3662.5746191810094,0,4.0,0,SMB,0,Mid-Tenure,4.0,0,65926.34314525817,0.0,0.0,0,0
CUST_4036,16,Annual,1603.1927574713457,3,9.0,0,SMB,0,Mid-Tenure,9.0,3,25651.08411954153,0.17647058823529413,0.0,0,0
CUST_4037,55,Annual,2775.4958438797016,2,11.0,0,SMB,0,Loyal,11.0,2,152652.2714133836,0.03571428571428571,0.0,0,0
CUST_4038,39,Multi-Year,645.553795635039,0,11.0,0,SMB,0,Loyal,11.0,0,25176.598029766523,0.0,0.0,0,0
CUST_4039,68,Annual,3411.1775349421105,2,7.0,0,SMB,0,Loyal,7.0,2,231960.0723760635,0.028985507246376812,0.0,0,0
CUST_4040,59,Annual,2994.3284517894053,4,3.0,5,SMB,0,Loyal,3.0,4,176665.37865557492,0.06666666666666667,14.971642258947028,0,0
CUST_4041,62,Annual,3500.763263425819,3,2.0,5,Enterprise,0,Loyal,2.0,3,217047.32233240077,0.047619047619047616,17.503816317129093,1,0
CUST_4042,13,Monthly,4685.632490244179,1,26.0,0,Enterprise,0,Mid-Tenure,26.0,1,60913.22237317433,0.07142857142857142,0.0,1,1
CUST_4043,6,Monthly,3592.7447527419417,3,0.0,0,SMB,0,New,0.0,3,21556.46851645165,0.42857142857142855,0.0,0,1
CUST_4044,60,Multi-Year,1942.0246866864252,0,17.0,0,SMB,0,Loyal,17.0,0,116521.48120118551,0.0,0.0,0,0
CUST_4045,14,Multi-Year,1394.3149874157054,0,19.0,5,SMB,0,Mid-Tenure,19.0,0,19520.409823819875,0.0,6.971574937078527,0,0
CUST_4046,54,Multi-Year,4345.862930683947,2,24.0,0,SMB,0,Loyal,24.0,2,234676.59825693312,0.03636363636363636,0.0,0,0
CUST_4047,4,Monthly,1374.4946447319226,3,13.0,0,SMB,0,New,13.0,3,5497.97857892769,0.6,0.0,0,1
CUST_4048,39,Multi-Year,1227.2431126791375,1,16.0,2,SMB,0,Loyal,16.0,1,47862.48139448636,0.025,2.454486225358275,0,0
CUST_4049,25,Monthly,1429.754363064391,1,5.0,0,SMB,1,Mid-Tenure,5.0,1,35743.85907660978,0.038461538461538464,0.0,0,1
CUST_4050,32,Monthly,2789.7838165872804,4,5.0,0,SMB,0,Mid-Tenure,5.0,4,89273.08213079297,0.12121212121212122,0.0,0,1
CUST_4051,59,Monthly,1058.843494217556,3,9.0,0,SMB,0,Loyal,9.0,3,62471.76615883581,0.05,0.0,0,1
CUST_4052,63,Monthly,4721.53248768516,1,18.0,0,SMB,0,Loyal,18.0,1,297456.5467241651,0.015625,0.0,0,1
CUST_4053,38,Monthly,4848.141682580404,2,9.0,2,SMB,0,Loyal,9.0,2,184229.38393805537,0.05128205128205128,9.69628336516081,0,1
CUST_4054,53,Monthly,4882.108339773495,3,24.0,0,SMB,1,Loyal,24.0,3,258751.74200799523,0.05555555555555555,0.0,0,1
CUST_4055,67,Monthly,676.0616216887391,5,29.0,0,SMB,1,Loyal,29.0,5,45296.12865314552,0.07352941176470588,0.0,0,1
CUST_4056,28,Monthly,4757.888869160143,5,25.0,0,SMB,0,Mid-Tenure,25.0,5,133220.888336484,0.1724137931034483,0.0,0,1
CUST_4057,3,Annual,4988.367196778413,0,2.0,2,SMB,0,New,2.0,0,14965.101590335238,0.0,9.976734393556827,0,0
CUST_4058,22,Annual,4740.930992054692,2,0.0,5,Enterprise,0,Mid-Tenure,0.0,2,104300.48182520323,0.08695652173913043,23.70465496027346,1,0
CUST_4059,38,Monthly,3519.2250759321773,3,17.0,0,Enterprise,0,Loyal,17.0,3,133730.55288542275,0.07692307692307693,0.0,1,1
CUST_4060,62,Monthly,3655.535685838254,0,14.0,0,SMB,0,Loyal,14.0,0,226643.21252197173,0.0,0.0,0,1
CUST_4061,57,Annual,1050.1382294305145,5,19.0,0,SMB,0,Loyal,19.0,5,59857.87907753932,0.08620689655172414,0.0,0,0
CUST_4062,6,Annual,4434.336846837332,1,3.0,0,SMB,0,New,3.0,1,26606.02108102399,0.14285714285714285,0.0,0,0
CUST_4063,32,Monthly,768.3781308294717,4,17.0,0,Enterprise,0,Mid-Tenure,17.0,4,24588.100186543095,0.12121212121212122,0.0,1,1
CUST_4064,10,Annual,1929.7874597793789,1,9.0,0,Enterprise,0,New,9.0,1,19297.874597793787,0.09090909090909091,0.0,1,0
CUST_4065,3,Multi-Year,4960.182403166841,3,21.0,10,SMB,0,New,21.0,3,14880.547209500524,0.75,49.60182403166841,0,0
CUST_4066,59,Monthly,2400.475455963479,1,21.0,0,SMB,0,Loyal,21.0,1,141628.05190184526,0.016666666666666666,0.0,0,1
CUST_4067,49,Monthly,1090.2030078436642,4,18.0,0,Enterprise,0,Loyal,18.0,4,53419.947384339546,0.08,0.0,1,1
CUST_4068,59,Monthly,4861.82597922086,4,16.0,2,SMB,0,Loyal,16.0,4,286847.73277403077,0.06666666666666667,9.723651958441721,0,1
CUST_4069,31,Annual,4928.628411687812,2,9.0,0,SMB,0,Mid-Tenure,9.0,2,152787.48076232217,0.0625,0.0,0,0
CUST_4070,69,Monthly,1341.6920835742146,1,24.0,0,SMB,0,Loyal,24.0,1,92576.75376662081,0.014285714285714285,0.0,0,1
CUST_4071,62,Monthly,4391.617139330769,6,3.0,0,SMB,1,Loyal,3.0,6,272280.26263850764,0.09523809523809523,0.0,0,1
CUST_4072,52,Monthly,2256.9049678725128,0,24.0,0,SMB,0,Loyal,24.0,0,117359.05832937066,0.0,0.0,0,1
CUST_4073,41,Multi-Year,2216.1580901902157,3,4.0,5,SMB,0,Loyal,4.0,3,90862.48169779884,0.07142857142857142,11.08079045095108,0,0
CUST_4074,31,Annual,1682.1393435360574,1,6.0,0,SMB,0,Mid-Tenure,6.0,1,52146.31964961778,0.03125,0.0,0,0
CUST_4075,22,Annual,701.1962354970343,5,18.0,0,SMB,0,Mid-Tenure,18.0,5,15426.317180934755,0.21739130434782608,0.0,0,0
CUST_4076,4,Multi-Year,1706.040426583506,2,18.0,5,SMB,0,New,18.0,2,6824.161706334024,0.4,8.53020213291753,0,0
CUST_4077,13,Monthly,741.9960739987341,3,7.0,0,Enterprise,0,Mid-Tenure,7.0,3,9645.948961983544,0.21428571428571427,0.0,1,1
CUST_4078,45,Multi-Year,4659.674208619836,2,0.0,0,Enterprise,0,Loyal,0.0,2,209685.3393878926,0.043478260869565216,0.0,1,0
CUST_4079,42,Annual,3477.743025767278,2,23.0,0,SMB,0,Loyal,23.0,2,146065.20708222568,0.046511627906976744,0.0,0,0
CUST_4080,49,Monthly,4489.801925073762,3,7.0,10,Enterprise,0,Loyal,7.0,3,220000.2943286143,0.06,44.89801925073762,1,1
CUST_4081,20,Multi-Year,3727.808066617568,2,18.0,0,Enterprise,0,Mid-Tenure,18.0,2,74556.16133235136,0.09523809523809523,0.0,1,0
CUST_4082,54,Multi-Year,1090.790919871877,2,16.0,0,Enterprise,0,Loyal,16.0,2,58902.70967308135,0.03636363636363636,0.0,1,0
CUST_4083,36,Multi-Year,4732.61691530884,2,8.0,0,Enterprise,0,Mid-Tenure,8.0,2,170374.20895111826,0.05405405405405406,0.0,1,0
CUST_4084,1,Monthly,4549.518741347452,2,19.0,10,Enterprise,0,New,19.0,2,4549.518741347452,1.0,45.495187413474525,1,1
CUST_4085,15,Multi-Year,2066.3423505546607,2,22.0,2,SMB,0,Mid-Tenure,22.0,2,30995.13525831991,0.125,4.132684701109321,0,0
CUST_4086,17,Multi-Year,1001.9000315825442,5,15.0,0,SMB,0,Mid-Tenure,15.0,5,17032.30053690325,0.2777777777777778,0.0,0,0
CUST_4087,24,Monthly,3668.696378549932,2,8.0,2,SMB,0,Mid-Tenure,8.0,2,88048.71308519837,0.08,7.337392757099864,0,1
CUST_4088,58,Monthly,3777.625862315251,4,18.0,2,SMB,0,Loyal,18.0,4,219102.30001428456,0.06779661016949153,7.555251724630502,0,1
CUST_4089,23,Monthly,4535.730701783183,2,15.0,0,Enterprise,0,Mid-Tenure,15.0,2,104321.8061410132,0.08333333333333333,0.0,1,1
CUST_4090,46,Multi-Year,736.9509175298597,1,20.0,0,SMB,0,Loyal,20.0,1,33899.74220637354,0.02127659574468085,0.0,0,0
CUST_4091,8,Annual,1137.6672711231734,3,25.0,0,Enterprise,1,New,25.0,3,9101.338168985387,0.3333333333333333,0.0,1,0
CUST_4092,59,Monthly,3192.11956795632,4,26.0,0,Enterprise,0,Loyal,26.0,4,188335.0545094229,0.06666666666666667,0.0,1,1
CUST_4093,59,Monthly,3286.091978915372,4,12.0,2,SMB,0,Loyal,12.0,4,193879.42675600693,0.06666666666666667,6.5721839578307435,0,1
CUST_4094,13,Monthly,651.2434804175283,1,18.0,0,SMB,0,Mid-Tenure,18.0,1,8466.165245427868,0.07142857142857142,0.0,0,1
CUST_4095,39,Annual,2286.194229777463,3,4.0,0,SMB,0,Loyal,4.0,3,89161.57496132106,0.075,0.0,0,0
CUST_4096,28,Monthly,3128.727790742221,5,26.0,0,SMB,0,Mid-Tenure,26.0,5,87604.37814078218,0.1724137931034483,0.0,0,1
CUST_4097,61,Multi-Year,3820.6009991828014,2,1.0,2,Enterprise,0,Loyal,1.0,2,233056.6609501509,0.03225806451612903,7.641201998365603,1,0
CUST_4098,16,Annual,1922.6781130024783,2,3.0,0,Enterprise,0,Mid-Tenure,3.0,2,30762.849808039653,0.11764705882352941,0.0,1,0
CUST_4099,2,Annual,2677.5657185982864,2,11.0,0,SMB,0,New,11.0,2,5355.131437196573,0.6666666666666666,0.0,0,0
CUST_4100,17,Monthly,4163.246925404042,4,17.0,2,SMB,0,Mid-Tenure,17.0,4,70775.19773186871,0.2222222222222222,8.326493850808083,0,1
CUST_4101,30,Monthly,4792.527787539832,3,2.0,2,SMB,1,Mid-Tenure,2.0,3,143775.83362619497,0.0967741935483871,9.585055575079664,0,1
CUST_4102,13,Monthly,1536.416039254305,3,20.0,5,SMB,1,Mid-Tenure,20.0,3,19973.408510305962,0.21428571428571427,7.682080196271525,0,1
CUST_4103,13,Monthly,1638.689926189533,4,24.0,0,Enterprise,0,Mid-Tenure,24.0,4,21302.96904046393,0.2857142857142857,0.0,1,1
CUST_4104,43,Monthly,4729.181843452439,2,18.0,0,SMB,0,Loyal,18.0,2,203354.81926845488,0.045454545454545456,0.0,0,1
CUST_4105,21,Multi-Year,2281.600178432076,1,25.0,2,SMB,0,Mid-Tenure,25.0,1,47913.6037470736,0.045454545454545456,4.563200356864152,0,0
CUST_4106,55,Monthly,3732.567460343342,2,21.0,0,SMB,0,Loyal,21.0,2,205291.21031888382,0.03571428571428571,0.0,0,1
CUST_4107,40,Monthly,3255.193529284443,4,3.0,0,SMB,0,Loyal,3.0,4,130207.74117137771,0.0975609756097561,0.0,0,1
CUST_4108,15,Monthly,1785.1445590732533,0,3.0,0,SMB,1,Mid-Tenure,3.0,0,26777.168386098798,0.0,0.0,0,1
CUST_4109,52,Monthly,3441.0299988111124,9,15.0,2,SMB,1,Loyal,15.0,9,178933.55993817784,0.16981132075471697,6.882059997622225,0,1
CUST_4110,53,Multi-Year,3450.04655430638,1,10.0,0,SMB,0,Loyal,10.0,1,182852.46737823816,0.018518518518518517,0.0,0,0
CUST_4111,52,Monthly,3165.994334340843,4,28.0,0,SMB,0,Loyal,28.0,4,164631.70538572385,0.07547169811320754,0.0,0,1
CUST_4112,30,Monthly,948.473711822808,0,25.0,0,SMB,0,Mid-Tenure,25.0,0,28454.21135468424,0.0,0.0,0,1
CUST_4113,33,Annual,4978.273200683169,3,25.0,0,SMB,0,Mid-Tenure,25.0,3,164283.0156225446,0.08823529411764706,0.0,0,0
CUST_4114,57,Monthly,2301.874075268724,1,12.0,5,Enterprise,0,Loyal,12.0,1,131206.82229031727,0.017241379310344827,11.50937037634362,1,1
CUST_4115,52,Monthly,3372.12943428645,2,20.0,0,SMB,0,Loyal,20.0,2,175350.7305828954,0.03773584905660377,0.0,0,1
CUST_4116,9,Monthly,4485.927623506786,3,10.0,0,SMB,0,New,10.0,3,40373.34861156108,0.3,0.0,0,1
CUST_4117,54,Monthly,2404.7981978892635,3,6.0,0,SMB,0,Loyal,6.0,3,129859.10268602023,0.05454545454545454,0.0,0,1
CUST_4118,1,Monthly,3982.6627556249687,3,26.0,0,Enterprise,0,New,26.0,3,3982.6627556249687,1.5,0.0,1,1
CUST_4119,44,Monthly,4873.209911057327,1,13.0,5,SMB,0,Loyal,13.0,1,214421.2360865224,0.022222222222222223,24.366049555286633,0,1
CUST_4120,9,Multi-Year,2115.206421138717,3,3.0,15,SMB,0,New,3.0,3,19036.857790248454,0.3,31.72809631708075,0,0
CUST_4121,32,Monthly,2323.713066047315,1,7.0,0,SMB,0,Mid-Tenure,7.0,1,74358.81811351408,0.030303030303030304,0.0,0,1
CUST_4122,15,Annual,4575.092265484559,2,11.0,0,Enterprise,0,Mid-Tenure,11.0,2,68626.38398226838,0.125,0.0,1,0
CUST_4123,12,Annual,1218.3929051683235,3,12.0,0,SMB,0,New,12.0,3,14620.714862019882,0.23076923076923078,0.0,0,0
CUST_4124,57,Annual,628.6767726174904,2,24.0,0,Enterprise,0,Loyal,24.0,2,35834.57603919695,0.034482758620689655,0.0,1,0
CUST_4125,8,Monthly,4590.000521821003,4,8.0,0,SMB,1,New,8.0,4,36720.00417456802,0.4444444444444444,0.0,0,1
CUST_4126,27,Monthly,4197.162083529111,1,8.0,0,SMB,0,Mid-Tenure,8.0,1,113323.37625528601,0.03571428571428571,0.0,0,1
CUST_4127,62,Annual,4876.6236464809945,1,1.0,2,SMB,0,Loyal,1.0,1,302350.66608182166,0.015873015873015872,9.753247292961989,0,0
CUST_4128,12,Annual,762.0700221980521,6,2.0,2,SMB,0,New,2.0,6,9144.840266376625,0.46153846153846156,1.5241400443961042,0,0
CUST_4129,65,Annual,1202.7979869844426,3,20.0,0,SMB,0,Loyal,20.0,3,78181.86915398877,0.045454545454545456,0.0,0,0
CUST_4130,42,Monthly,973.9065159041398,1,11.0,2,SMB,0,Loyal,11.0,1,40904.07366797388,0.023255813953488372,1.9478130318082796,0,1
CUST_4131,62,Multi-Year,3575.372595321692,0,16.0,2,SMB,0,Loyal,16.0,0,221673.10090994491,0.0,7.150745190643384,0,0
CUST_4132,11,Monthly,3227.0453318621444,2,3.0,0,SMB,0,New,3.0,2,35497.49865048359,0.16666666666666666,0.0,0,1
CUST_4133,43,Monthly,2117.0083972426683,3,26.0,5,SMB,0,Loyal,26.0,3,91031.36108143473,0.06818181818181818,10.585041986213342,0,1
CUST_4134,17,Monthly,758.4056573101026,3,29.0,2,SMB,0,Mid-Tenure,29.0,3,12892.896174271744,0.16666666666666666,1.5168113146202051,0,1
CUST_4135,32,Monthly,3378.4789282094343,1,13.0,0,SMB,0,Mid-Tenure,13.0,1,108111.3257027019,0.030303030303030304,0.0,0,1
CUST_4136,40,Monthly,3065.5421830177547,1,20.0,5,SMB,0,Loyal,20.0,1,122621.68732071019,0.024390243902439025,15.327710915088774,0,1
CUST_4137,23,Annual,1008.0644497727708,4,8.0,0,SMB,0,Mid-Tenure,8.0,4,23185.48234477373,0.16666666666666666,0.0,0,0
CUST_4138,56,Multi-Year,4590.093670131713,3,7.0,0,SMB,0,Loyal,7.0,3,257045.24552737596,0.05263157894736842,0.0,0,0
CUST_4139,6,Multi-Year,1395.2736935239575,2,0.0,0,SMB,0,New,0.0,2,8371.642161143745,0.2857142857142857,0.0,0,0
CUST_4140,50,Monthly,3845.7911846473535,1,29.0,5,SMB,0,Loyal,29.0,1,192289.55923236767,0.0196078431372549,19.228955923236768,0,1
CUST_4141,37,Annual,4482.841381443267,3,12.0,0,SMB,0,Loyal,12.0,3,165865.1311134009,0.07894736842105263,0.0,0,0
CUST_4142,64,Monthly,3107.637458121688,5,27.0,0,SMB,1,Loyal,27.0,5,198888.79731978802,0.07692307692307693,0.0,0,1
CUST_4143,54,Monthly,1610.820073842131,2,2.0,0,SMB,0,Loyal,2.0,2,86984.28398747508,0.03636363636363636,0.0,0,1
CUST_4144,49,Monthly,1891.618329313136,2,29.0,0,SMB,0,Loyal,29.0,2,92689.29813634366,0.04,0.0,0,1
CUST_4145,11,Monthly,4485.863901734745,2,13.0,0,SMB,1,New,13.0,2,49344.502919082195,0.16666666666666666,0.0,0,1
CUST_4146,49,Monthly,1842.157203694181,2,18.0,0,Enterprise,0,Loyal,18.0,2,90265.70298101487,0.04,0.0,1,1
CUST_4147,21,Monthly,3857.857174927869,4,26.0,0,Enterprise,0,Mid-Tenure,26.0,4,81015.00067348525,0.18181818181818182,0.0,1,1
CUST_4148,66,Annual,4955.743455149324,3,5.0,5,Enterprise,0,Loyal,5.0,3,327079.0680398554,0.04477611940298507,24.778717275746622,1,0
CUST_4149,63,Multi-Year,4999.17523713205,5,3.0,0,SMB,0,Loyal,3.0,5,314948.03993931913,0.078125,0.0,0,0
CUST_4150,28,Monthly,2900.6588672119915,2,19.0,5,SMB,0,Mid-Tenure,19.0,2,81218.44828193577,0.06896551724137931,14.503294336059957,0,1
CUST_4151,17,Multi-Year,4219.50108553744,1,0.0,0,Enterprise,0,Mid-Tenure,0.0,1,71731.51845413649,0.05555555555555555,0.0,1,0
CUST_4152,6,Annual,4956.124405645398,2,27.0,0,SMB,0,New,27.0,2,29736.746433872388,0.2857142857142857,0.0,0,0
CUST_4153,19,Annual,2186.02800428892,0,9.0,2,SMB,0,Mid-Tenure,9.0,0,41534.53208148948,0.0,4.3720560085778395,0,0
CUST_4154,56,Annual,1635.8431328163765,3,12.0,0,SMB,0,Loyal,12.0,3,91607.21543771708,0.05263157894736842,0.0,0,0
CUST_4155,28,Monthly,1014.0501012898244,1,11.0,2,SMB,1,Mid-Tenure,11.0,1,28393.402836115085,0.034482758620689655,2.028100202579649,0,1
CUST_4156,66,Multi-Year,1134.0483713290675,3,10.0,0,SMB,0,Loyal,10.0,3,74847.19250771846,0.04477611940298507,0.0,0,0
CUST_4157,38,Annual,4341.003636292985,3,3.0,0,Enterprise,0,Loyal,3.0,3,164958.13817913344,0.07692307692307693,0.0,1,0
CUST_4158,37,Multi-Year,3149.253906381833,3,16.0,0,Enterprise,0,Loyal,16.0,3,116522.39453612783,0.07894736842105263,0.0,1,0
CUST_4159,68,Annual,4431.691289266186,4,14.0,0,SMB,0,Loyal,14.0,4,301355.00767010066,0.057971014492753624,0.0,0,0
CUST_4160,49,Multi-Year,4052.547900644758,5,20.0,0,Enterprise,0,Loyal,20.0,5,198574.84713159315,0.1,0.0,1,0
CUST_4161,43,Annual,3531.85083521608,1,28.0,0,SMB,0,Loyal,28.0,1,151869.58591429144,0.022727272727272728,0.0,0,0
CUST_4162,36,Monthly,3241.904863580873,1,2.0,0,SMB,1,Mid-Tenure,2.0,1,116708.57508891143,0.02702702702702703,0.0,0,1
CUST_4163,58,Monthly,717.5250688014182,3,28.0,0,SMB,0,Loyal,28.0,3,41616.45399048226,0.05084745762711865,0.0,0,1
CUST_4164,13,Monthly,4425.238382014365,3,9.0,0,SMB,0,Mid-Tenure,9.0,3,57528.09896618674,0.21428571428571427,0.0,0,1
CUST_4165,52,Monthly,2380.2892775587143,3,20.0,0,SMB,0,Loyal,20.0,3,123775.04243305314,0.05660377358490566,0.0,0,1
CUST_4166,58,Monthly,3019.040856821264,2,13.0,0,SMB,1,Loyal,13.0,2,175104.3696956333,0.03389830508474576,0.0,0,1
CUST_4167,32,Multi-Year,598.7907584465933,5,18.0,0,SMB,0,Mid-Tenure,18.0,5,19161.304270290984,0.15151515151515152,0.0,0,0
CUST_4168,60,Annual,4712.330758382542,2,20.0,2,SMB,0,Loyal,20.0,2,282739.8455029525,0.03278688524590164,9.424661516765083,0,0
CUST_4169,58,Multi-Year,4562.332074914007,1,3.0,0,Enterprise,0,Loyal,3.0,1,264615.26034501236,0.01694915254237288,0.0,1,0
CUST_4170,56,Multi-Year,2944.751134631475,3,24.0,0,SMB,0,Loyal,24.0,3,164906.0635393626,0.05263157894736842,0.0,0,0
CUST_4171,28,Annual,3097.9023492576084,3,13.0,0,SMB,0,Mid-Tenure,13.0,3,86741.26577921303,0.10344827586206896,0.0,0,0
CUST_4172,1,Multi-Year,3672.577455815699,3,5.0,0,SMB,0,New,5.0,3,3672.577455815699,1.5,0.0,0,0
CUST_4173,42,Annual,1691.1270339626751,1,11.0,0,Enterprise,0,Loyal,11.0,1,71027.33542643236,0.023255813953488372,0.0,1,0
CUST_4174,48,Multi-Year,1498.6203022098616,4,29.0,0,SMB,0,Loyal,29.0,4,71933.77450607336,0.08163265306122448,0.0,0,0
CUST_4175,40,Monthly,3533.103259707347,1,25.0,0,SMB,0,Loyal,25.0,1,141324.13038829388,0.024390243902439025,0.0,0,1
CUST_4176,63,Monthly,969.9010077150868,2,1.0,0,SMB,0,Loyal,1.0,2,61103.76348605047,0.03125,0.0,0,1
CUST_4177,4,Monthly,2543.2790212552136,3,16.0,0,SMB,0,New,16.0,3,10173.116085020854,0.6,0.0,0,1
CUST_4178,38,Annual,2717.4219079959053,5,0.0,0,SMB,0,Loyal,0.0,5,103262.0325038444,0.1282051282051282,0.0,0,0
CUST_4179,27,Annual,2216.016396118256,3,16.0,0,Enterprise,0,Mid-Tenure,16.0,3,59832.44269519291,0.10714285714285714,0.0,1,0
CUST_4180,9,Monthly,1333.706790639806,3,24.0,0,SMB,0,New,24.0,3,12003.361115758255,0.3,0.0,0,1
CUST_4181,16,Monthly,2098.923189464096,1,4.0,0,Enterprise,0,Mid-Tenure,4.0,1,33582.77103142554,0.058823529411764705,0.0,1,1
CUST_4182,56,Multi-Year,2019.007641022025,2,15.0,0,SMB,0,Loyal,15.0,2,113064.4278972334,0.03508771929824561,0.0,0,0
CUST_4183,31,Annual,2746.6955359193767,0,13.0,0,SMB,0,Mid-Tenure,13.0,0,85147.56161350067,0.0,0.0,0,0
CUST_4184,14,Monthly,3536.0637871033373,2,19.0,0,SMB,0,Mid-Tenure,19.0,2,49504.893019446725,0.13333333333333333,0.0,0,1
CUST_4185,25,Annual,4857.058055867768,1,9.0,0,SMB,0,Mid-Tenure,9.0,1,121426.4513966942,0.038461538461538464,0.0,0,0
CUST_4186,34,Annual,1148.7346707844772,5,20.0,5,SMB,0,Mid-Tenure,20.0,5,39056.978806672225,0.14285714285714285,5.743673353922386,0,0
CUST_4187,67,Multi-Year,4428.576994734868,4,24.0,0,SMB,0,Loyal,24.0,4,296714.6586472362,0.058823529411764705,0.0,0,0
CUST_4188,24,Monthly,1778.801001756181,1,2.0,0,Enterprise,0,Mid-Tenure,2.0,1,42691.224042148344,0.04,0.0,1,1
CUST_4189,26,Monthly,3161.1774650063253,0,2.0,0,SMB,0,Mid-Tenure,2.0,0,82190.61409016445,0.0,0.0,0,1
CUST_4190,20,Monthly,2960.316265927406,2,27.0,0,SMB,0,Mid-Tenure,27.0,2,59206.32531854812,0.09523809523809523,0.0,0,1
CUST_4191,64,Monthly,3006.267883827183,2,17.0,0,SMB,0,Loyal,17.0,2,192401.14456493972,0.03076923076923077,0.0,0,1
CUST_4192,10,Multi-Year,3755.113752734658,1,23.0,0,SMB,0,New,23.0,1,37551.13752734658,0.09090909090909091,0.0,0,0
CUST_4193,67,Monthly,2217.5973758704818,0,22.0,0,SMB,0,Loyal,22.0,0,148579.02418332227,0.0,0.0,0,1
CUST_4194,24,Multi-Year,1935.9498345658503,5,17.0,0,SMB,0,Mid-Tenure,17.0,5,46462.79602958041,0.2,0.0,0,0
CUST_4195,5,Monthly,4337.755579334647,3,3.0,0,SMB,0,New,3.0,3,21688.777896673237,0.5,0.0,0,1
CUST_4196,67,Multi-Year,1490.4276812342164,2,6.0,0,Enterprise,0,Loyal,6.0,2,99858.65464269249,0.029411764705882353,0.0,1,0
CUST_4197,58,Monthly,1311.1071679001438,2,0.0,10,SMB,0,Loyal,0.0,2,76044.21573820834,0.03389830508474576,13.111071679001437,0,1
CUST_4198,27,Multi-Year,570.2334649486739,3,15.0,5,SMB,0,Mid-Tenure,15.0,3,15396.303553614196,0.10714285714285714,2.8511673247433698,0,0
CUST_4199,15,Multi-Year,1447.6000191313406,2,16.0,10,SMB,1,Mid-Tenure,16.0,2,21714.00028697011,0.125,14.476000191313405,0,0
CUST_4200,35,Multi-Year,2833.391449925188,3,7.0,0,SMB,0,Mid-Tenure,7.0,3,99168.70074738159,0.08333333333333333,0.0,0,0
CUST_4201,53,Monthly,2923.289928563511,3,5.0,5,SMB,0,Loyal,5.0,3,154934.36621386607,0.05555555555555555,14.616449642817553,0,1
CUST_4202,44,Monthly,1644.8922103799046,2,1.0,2,SMB,0,Loyal,1.0,2,72375.2572567158,0.044444444444444446,3.2897844207598093,0,1
CUST_4203,26,Annual,825.2337651853993,7,25.0,5,SMB,0,Mid-Tenure,25.0,7,21456.07789482038,0.25925925925925924,4.126168825926997,0,0
CUST_4204,47,Monthly,3850.883583553428,0,9.0,0,SMB,1,Loyal,9.0,0,180991.5284270111,0.0,0.0,0,1
CUST_4205,34,Monthly,3910.889068530349,2,16.0,2,Enterprise,0,Mid-Tenure,16.0,2,132970.22833003188,0.05714285714285714,7.821778137060698,1,1
CUST_4206,50,Monthly,4990.263783312027,3,18.0,0,SMB,0,Loyal,18.0,3,249513.18916560136,0.058823529411764705,0.0,0,1
CUST_4207,12,Annual,4550.13306740623,1,27.0,0,SMB,0,New,27.0,1,54601.59680887476,0.07692307692307693,0.0,0,0
CUST_4208,4,Annual,4667.279290329391,2,3.0,0,SMB,0,New,3.0,2,18669.117161317565,0.4,0.0,0,0
CUST_4209,48,Monthly,4091.9172158477386,3,12.0,5,SMB,1,Loyal,12.0,3,196412.02636069147,0.061224489795918366,20.459586079238694,0,1
CUST_4210,55,Monthly,3269.762840221246,1,20.0,0,SMB,0,Loyal,20.0,1,179836.95621216853,0.017857142857142856,0.0,0,1
CUST_4211,1,Monthly,1078.4568092202971,3,26.0,0,SMB,0,New,26.0,3,1078.4568092202971,1.5,0.0,0,1
CUST_4212,66,Annual,3300.40983855145,2,25.0,10,Enterprise,0,Loyal,25.0,2,217827.0493443957,0.029850746268656716,33.0040983855145,1,0
CUST_4213,30,Monthly,751.8013718658199,6,18.0,0,SMB,0,Mid-Tenure,18.0,6,22554.041155974595,0.1935483870967742,0.0,0,1
CUST_4214,3,Monthly,4483.846000720365,0,15.0,5,SMB,0,New,15.0,0,13451.538002161094,0.0,22.419230003601825,0,1
CUST_4215,21,Multi-Year,2668.1960093638886,5,12.0,2,SMB,1,Mid-Tenure,12.0,5,56032.11619664166,0.22727272727272727,5.336392018727778,0,0
CUST_4216,49,Multi-Year,3638.627743891101,1,29.0,0,SMB,0,Loyal,29.0,1,178292.75945066396,0.02,0.0,0,0
CUST_4217,62,Multi-Year,735.096486631838,3,4.0,0,SMB,0,Loyal,4.0,3,45575.98217117396,0.047619047619047616,0.0,0,0
CUST_4218,38,Multi-Year,2904.117903152714,4,11.0,0,Enterprise,0,Loyal,11.0,4,110356.48031980313,0.10256410256410256,0.0,1,0
CUST_4219,15,Monthly,1855.6852903401316,2,6.0,15,SMB,1,Mid-Tenure,6.0,2,27835.279355101975,0.125,27.835279355101974,0,1
CUST_4220,52,Annual,1782.3571958176055,1,26.0,5,Enterprise,0,Loyal,26.0,1,92682.57418251548,0.018867924528301886,8.911785979088028,1,0
CUST_4221,46,Monthly,2253.4516161643214,3,8.0,0,SMB,0,Loyal,8.0,3,103658.77434355879,0.06382978723404255,0.0,0,1
CUST_4222,25,Annual,502.8775738724071,2,4.0,0,SMB,0,Mid-Tenure,4.0,2,12571.939346810177,0.07692307692307693,0.0,0,0
CUST_4223,21,Monthly,2599.9739677407806,4,3.0,0,SMB,1,Mid-Tenure,3.0,4,54599.453322556394,0.18181818181818182,0.0,0,1
CUST_4224,5,Annual,2689.5500762357224,1,9.0,2,SMB,0,New,9.0,1,13447.750381178612,0.16666666666666666,5.379100152471445,0,0
CUST_4225,70,Annual,4384.089121275789,0,15.0,0,SMB,0,Loyal,15.0,0,306886.2384893052,0.0,0.0,0,0
CUST_4226,47,Monthly,2518.3652354711708,3,10.0,0,Enterprise,0,Loyal,10.0,3,118363.16606714502,0.0625,0.0,1,1
CUST_4227,68,Annual,2136.003322404528,3,28.0,2,Enterprise,0,Loyal,28.0,3,145248.22592350788,0.043478260869565216,4.272006644809055,1,0
CUST_4228,18,Monthly,4976.361731131085,3,8.0,0,SMB,0,Mid-Tenure,8.0,3,89574.51116035954,0.15789473684210525,0.0,0,1
CUST_4229,21,Monthly,3070.459960711233,0,23.0,0,SMB,0,Mid-Tenure,23.0,0,64479.6591749359,0.0,0.0,0,1
CUST_4230,23,Monthly,2626.759438853628,4,4.0,2,SMB,0,Mid-Tenure,4.0,4,60415.467093633444,0.16666666666666666,5.253518877707256,0,1
CUST_4231,64,Monthly,2731.711255467708,2,24.0,0,Enterprise,0,Loyal,24.0,2,174829.5203499333,0.03076923076923077,0.0,1,1
CUST_4232,67,Monthly,4141.315838789623,1,10.0,0,SMB,0,Loyal,10.0,1,277468.16119890474,0.014705882352941176,0.0,0,1
CUST_4233,40,Multi-Year,2033.043660365724,5,29.0,0,SMB,0,Loyal,29.0,5,81321.74641462896,0.12195121951219512,0.0,0,0
CUST_4234,10,Monthly,2251.222082086755,0,8.0,0,SMB,1,New,8.0,0,22512.22082086755,0.0,0.0,0,1
CUST_4235,52,Monthly,3901.430117018594,3,16.0,0,SMB,0,Loyal,16.0,3,202874.3660849669,0.05660377358490566,0.0,0,1
CUST_4236,61,Monthly,828.4268282619626,2,27.0,5,SMB,0,Loyal,27.0,2,50534.03652397972,0.03225806451612903,4.142134141309812,0,1
CUST_4237,64,Annual,4393.261211644664,6,21.0,0,SMB,0,Loyal,21.0,6,281168.7175452585,0.09230769230769231,0.0,0,0
CUST_4238,5,Annual,2435.9121341058644,3,10.0,0,SMB,0,New,10.0,3,12179.560670529321,0.5,0.0,0,0
CUST_4239,53,Annual,3115.818389775418,1,20.0,0,SMB,0,Loyal,20.0,1,165138.37465809716,0.018518518518518517,0.0,0,0
CUST_4240,55,Annual,3908.6427166692574,4,5.0,0,SMB,0,Loyal,5.0,4,214975.34941680916,0.07142857142857142,0.0,0,0
CUST_4241,37,Multi-Year,1697.233650977052,2,25.0,0,SMB,0,Loyal,25.0,2,62797.64508615093,0.05263157894736842,0.0,0,0
CUST_4242,56,Multi-Year,4506.413937442931,5,15.0,0,SMB,0,Loyal,15.0,5,252359.18049680413,0.08771929824561403,0.0,0,0
CUST_4243,59,Annual,4906.512375154748,1,18.0,0,SMB,0,Loyal,18.0,1,289484.2301341301,0.016666666666666666,0.0,0,0
CUST_4244,69,Monthly,2724.2346263275604,3,13.0,0,SMB,0,Loyal,13.0,3,187972.18921660166,0.04285714285714286,0.0,0,1
CUST_4245,59,Annual,4716.21814264703,0,2.0,0,SMB,0,Loyal,2.0,0,278256.87041617476,0.0,0.0,0,0
CUST_4246,2,Annual,505.0788013714224,3,9.0,2,SMB,0,New,9.0,3,1010.1576027428448,1.0,1.0101576027428447,0,0
CUST_4247,65,Annual,4524.070233359877,2,20.0,0,SMB,0,Loyal,20.0,2,294064.56516839203,0.030303030303030304,0.0,0,0
CUST_4248,60,Multi-Year,1899.703938880875,1,22.0,0,SMB,0,Loyal,22.0,1,113982.23633285251,0.01639344262295082,0.0,0,0
CUST_4249,51,Annual,1901.7294112742088,3,3.0,0,Enterprise,0,Loyal,3.0,3,96988.19997498464,0.057692307692307696,0.0,1,0
CUST_4250,30,Multi-Year,1526.3998914647273,4,21.0,0,SMB,0,Mid-Tenure,21.0,4,45791.99674394182,0.12903225806451613,0.0,0,0
CUST_4251,11,Monthly,1926.5625551790583,5,20.0,0,SMB,1,New,20.0,5,21192.188106969643,0.4166666666666667,0.0,0,1
CUST_4252,39,Monthly,1460.680626643858,2,1.0,0,Enterprise,0,Loyal,1.0,2,56966.54443911046,0.05,0.0,1,1
CUST_4253,63,Monthly,4576.410978394873,5,12.0,0,SMB,1,Loyal,12.0,5,288313.89163887704,0.078125,0.0,0,1
CUST_4254,64,Multi-Year,4545.606772460149,4,10.0,0,SMB,0,Loyal,10.0,4,290918.83343744953,0.06153846153846154,0.0,0,0
CUST_4255,61,Multi-Year,959.9509171428014,3,11.0,0,SMB,0,Loyal,11.0,3,58557.00594571088,0.04838709677419355,0.0,0,0
CUST_4256,54,Annual,1142.8629298992162,3,0.0,0,Enterprise,0,Loyal,0.0,3,61714.59821455767,0.05454545454545454,0.0,1,0
CUST_4257,58,Annual,4379.083875548,3,21.0,0,SMB,0,Loyal,21.0,3,253986.864781784,0.05084745762711865,0.0,0,0
CUST_4258,56,Annual,2295.2199689273566,3,20.0,2,SMB,0,Loyal,20.0,3,128532.31825993197,0.05263157894736842,4.590439937854713,0,0
CUST_4259,34,Multi-Year,1261.7225480267523,2,8.0,0,SMB,0,Mid-Tenure,8.0,2,42898.56663290958,0.05714285714285714,0.0,0,0
CUST_4260,31,Multi-Year,2798.0123109645524,3,11.0,0,SMB,0,Mid-Tenure,11.0,3,86738.38163990113,0.09375,0.0,0,0
CUST_4261,52,Annual,2375.006224640428,2,6.0,0,SMB,0,Loyal,6.0,2,123500.32368130227,0.03773584905660377,0.0,0,0
CUST_4262,1,Annual,1486.2269918208435,3,16.0,0,SMB,0,New,16.0,3,1486.2269918208435,1.5,0.0,0,0
CUST_4263,55,Monthly,3743.384982249355,0,28.0,10,SMB,0,Loyal,28.0,0,205886.17402371453,0.0,37.43384982249355,0,1
CUST_4264,22,Annual,3340.801905497289,1,9.0,5,SMB,0,Mid-Tenure,9.0,1,73497.64192094037,0.043478260869565216,16.70400952748645,0,0
CUST_4265,40,Monthly,948.4772609994824,2,5.0,0,SMB,0,Loyal,5.0,2,37939.09043997929,0.04878048780487805,0.0,0,1
CUST_4266,1,Monthly,4664.240214464041,4,26.0,0,SMB,0,New,26.0,4,4664.240214464041,2.0,0.0,0,1
CUST_4267,65,Multi-Year,3013.114845785311,1,6.0,10,SMB,0,Loyal,6.0,1,195852.46497604522,0.015151515151515152,30.131148457853108,0,0
CUST_4268,63,Annual,1625.9201917859382,3,18.0,2,SMB,0,Loyal,18.0,3,102432.97208251411,0.046875,3.2518403835718765,0,0
CUST_4269,54,Multi-Year,1428.3131678256357,0,13.0,0,SMB,0,Loyal,13.0,0,77128.91106258433,0.0,0.0,0,0
CUST_4270,42,Monthly,1111.765916174907,3,24.0,0,SMB,0,Loyal,24.0,3,46694.168479346095,0.06976744186046512,0.0,0,1
CUST_4271,21,Monthly,2410.868328756578,2,26.0,0,SMB,1,Mid-Tenure,26.0,2,50628.234903888144,0.09090909090909091,0.0,0,1
CUST_4272,22,Monthly,1109.9345589087654,3,29.0,2,SMB,0,Mid-Tenure,29.0,3,24418.56029599284,0.13043478260869565,2.219869117817531,0,1
CUST_4273,38,Monthly,2371.173856678518,3,29.0,2,SMB,0,Loyal,29.0,3,90104.60655378368,0.07692307692307693,4.742347713357036,0,1
CUST_4274,8,Monthly,1169.4669270535296,3,10.0,0,SMB,0,New,10.0,3,9355.735416428237,0.3333333333333333,0.0,0,1
CUST_4275,62,Monthly,3455.633846857502,4,1.0,0,SMB,0,Loyal,1.0,4,214249.29850516512,0.06349206349206349,0.0,0,1
CUST_4276,47,Monthly,4033.589097588612,0,0.0,10,Enterprise,1,Loyal,0.0,0,189578.68758666475,0.0,40.335890975886116,1,1
CUST_4277,17,Monthly,2972.852363852414,2,25.0,2,SMB,1,Mid-Tenure,25.0,2,50538.490185491035,0.1111111111111111,5.945704727704828,0,1
CUST_4278,17,Monthly,3560.255936847038,1,9.0,0,Enterprise,1,Mid-Tenure,9.0,1,60524.350926399646,0.05555555555555555,0.0,1,1
CUST_4279,13,Annual,4722.704316878274,3,11.0,0,SMB,0,Mid-Tenure,11.0,3,61395.15611941756,0.21428571428571427,0.0,0,0
CUST_4280,17,Monthly,3372.671883067735,2,8.0,0,SMB,0,Mid-Tenure,8.0,2,57335.422012151495,0.1111111111111111,0.0,0,1
CUST_4281,38,Annual,2138.711891827472,2,22.0,0,Enterprise,0,Loyal,22.0,2,81271.05188944393,0.05128205128205128,0.0,1,0
CUST_4282,45,Annual,2522.66071403712,4,25.0,0,SMB,0,Loyal,25.0,4,113519.7321316704,0.08695652173913043,0.0,0,0
CUST_4283,6,Monthly,4372.363517324166,2,28.0,0,Enterprise,0,New,28.0,2,26234.181103944997,0.2857142857142857,0.0,1,1
CUST_4284,35,Multi-Year,1088.2414352754338,1,10.0,10,SMB,1,Mid-Tenure,10.0,1,38088.450234640186,0.027777777777777776,10.882414352754338,0,0
CUST_4285,14,Annual,1965.816601026947,1,0.0,2,SMB,0,Mid-Tenure,0.0,1,27521.432414377257,0.06666666666666667,3.9316332020538938,0,0
CUST_4286,61,Annual,3097.7603103671786,2,19.0,0,SMB,0,Loyal,19.0,2,188963.3789323979,0.03225806451612903,0.0,0,0
CUST_4287,15,Monthly,3543.753062337955,2,9.0,5,SMB,0,Mid-Tenure,9.0,2,53156.29593506932,0.125,17.718765311689776,0,1
CUST_4288,54,Annual,3935.7458394426735,4,28.0,0,Enterprise,0,Loyal,28.0,4,212530.27532990437,0.07272727272727272,0.0,1,0
CUST_4289,27,Multi-Year,1931.930581982392,1,18.0,0,SMB,0,Mid-Tenure,18.0,1,52162.12571352458,0.03571428571428571,0.0,0,0
CUST_4290,13,Monthly,1156.3661030411763,1,26.0,5,SMB,0,Mid-Tenure,26.0,1,15032.759339535292,0.07142857142857142,5.781830515205882,0,1
CUST_4291,31,Monthly,4796.776443544519,4,22.0,0,Enterprise,0,Mid-Tenure,22.0,4,148700.0697498801,0.125,0.0,1,1
CUST_4292,35,Monthly,843.7649770941777,2,20.0,2,Enterprise,1,Mid-Tenure,20.0,2,29531.774198296218,0.05555555555555555,1.6875299541883553,1,1
CUST_4293,60,Annual,931.1241010409844,4,24.0,0,SMB,0,Loyal,24.0,4,55867.446062459065,0.06557377049180328,0.0,0,0
CUST_4294,6,Monthly,2727.24143855886,5,10.0,0,SMB,0,New,10.0,5,16363.44863135316,0.7142857142857143,0.0,0,1
CUST_4295,69,Annual,4186.719626646192,5,2.0,0,SMB,0,Loyal,2.0,5,288883.6542385873,0.07142857142857142,0.0,0,0
CUST_4296,58,Monthly,3985.2684785989695,3,26.0,0,SMB,0,Loyal,26.0,3,231145.57175874023,0.05084745762711865,0.0,0,1
CUST_4297,49,Multi-Year,4719.646697873413,2,15.0,0,Enterprise,0,Loyal,15.0,2,231262.68819579727,0.04,0.0,1,0
CUST_4298,23,Monthly,1137.2115902584478,1,21.0,10,Enterprise,1,Mid-Tenure,21.0,1,26155.8665759443,0.041666666666666664,11.37211590258448,1,1
CUST_4299,34,Monthly,2190.7726567809623,1,9.0,0,SMB,1,Mid-Tenure,9.0,1,74486.27033055271,0.02857142857142857,0.0,0,1
CUST_4300,26,Annual,1769.639579247695,2,1.0,0,SMB,0,Mid-Tenure,1.0,2,46010.62906044007,0.07407407407407407,0.0,0,0
CUST_4301,47,Monthly,4373.915555996024,3,18.0,0,SMB,0,Loyal,18.0,3,205574.0311318131,0.0625,0.0,0,1
CUST_4302,5,Monthly,2697.5957912654017,2,3.0,5,SMB,0,New,3.0,2,13487.978956327008,0.3333333333333333,13.487978956327009,0,1
CUST_4303,20,Monthly,620.8157048704986,8,15.0,0,SMB,1,Mid-Tenure,15.0,8,12416.314097409973,0.38095238095238093,0.0,0,1
CUST_4304,6,Annual,3685.839830772784,2,5.0,0,SMB,0,New,5.0,2,22115.038984636703,0.2857142857142857,0.0,0,0
CUST_4305,70,Multi-Year,2249.1414402197115,2,10.0,2,SMB,0,Loyal,10.0,2,157439.9008153798,0.028169014084507043,4.498282880439423,0,0
CUST_4306,59,Multi-Year,2890.1604351695555,5,16.0,10,SMB,0,Loyal,16.0,5,170519.46567500377,0.08333333333333333,28.901604351695553,0,0
CUST_4307,64,Monthly,4522.043421544991,2,14.0,2,SMB,0,Loyal,14.0,2,289410.77897887945,0.03076923076923077,9.044086843089982,0,1
CUST_4308,18,Monthly,1655.3199858476526,1,21.0,0,SMB,0,Mid-Tenure,21.0,1,29795.759745257747,0.05263157894736842,0.0,0,1
CUST_4309,4,Annual,1581.1910402547971,3,3.0,0,Enterprise,0,New,3.0,3,6324.764161019189,0.6,0.0,1,0
CUST_4310,17,Annual,1684.366268810402,2,23.0,2,SMB,0,Mid-Tenure,23.0,2,28634.226569776834,0.1111111111111111,3.368732537620804,0,0
CUST_4311,14,Monthly,2021.485960668662,5,24.0,5,SMB,0,Mid-Tenure,24.0,5,28300.80344936127,0.3333333333333333,10.10742980334331,0,1
CUST_4312,13,Monthly,983.0928859074484,4,7.0,15,SMB,1,Mid-Tenure,7.0,4,12780.207516796829,0.2857142857142857,14.746393288611726,0,1
CUST_4313,7,Monthly,3637.488473638653,2,23.0,0,Enterprise,1,New,23.0,2,25462.41931547057,0.25,0.0,1,1
CUST_4314,44,Annual,1433.2942302311144,3,28.0,2,Enterprise,0,Loyal,28.0,3,63064.94613016903,0.06666666666666667,2.866588460462229,1,0
CUST_4315,15,Monthly,4667.655862717636,7,28.0,0,SMB,0,Mid-Tenure,28.0,7,70014.83794076454,0.4375,0.0,0,1
CUST_4316,19,Multi-Year,1470.588412594418,1,17.0,0,SMB,0,Mid-Tenure,17.0,1,27941.17983929394,0.05,0.0,0,0
CUST_4317,63,Monthly,1650.389131889488,6,13.0,0,SMB,0,Loyal,13.0,6,103974.51530903774,0.09375,0.0,0,1
CUST_4318,35,Monthly,1836.5910296486736,3,25.0,10,SMB,0,Mid-Tenure,25.0,3,64280.68603770358,0.08333333333333333,18.365910296486735,0,1
CUST_4319,35,Monthly,3958.421436551372,0,1.0,0,SMB,1,Mid-Tenure,1.0,0,138544.75027929802,0.0,0.0,0,1
CUST_4320,19,Monthly,2424.229193489134,2,15.0,0,SMB,0,Mid-Tenure,15.0,2,46060.35467629355,0.1,0.0,0,1
CUST_4321,20,Monthly,4187.005808137784,1,21.0,10,SMB,0,Mid-Tenure,21.0,1,83740.11616275567,0.047619047619047616,41.870058081377834,0,1
CUST_4322,35,Monthly,4031.841705601048,4,14.0,0,SMB,0,Mid-Tenure,14.0,4,141114.45969603668,0.1111111111111111,0.0,0,1
CUST_4323,32,Monthly,4682.7069024536,2,20.0,0,SMB,0,Mid-Tenure,20.0,2,149846.6208785152,0.06060606060606061,0.0,0,1
CUST_4324,48,Monthly,3904.7186979682474,2,5.0,2,SMB,0,Loyal,5.0,2,187426.49750247586,0.04081632653061224,7.809437395936495,0,1
CUST_4325,44,Monthly,733.6002635107827,2,8.0,2,SMB,0,Loyal,8.0,2,32278.41159447444,0.044444444444444446,1.4672005270215656,0,1
CUST_4326,24,Multi-Year,4267.765731645763,3,11.0,0,SMB,0,Mid-Tenure,11.0,3,102426.3775594983,0.12,0.0,0,0
CUST_4327,61,Annual,4721.32668517435,1,9.0,10,Enterprise,0,Loyal,9.0,1,288000.92779563536,0.016129032258064516,47.2132668517435,1,0
CUST_4328,17,Annual,4971.601366473511,4,6.0,0,SMB,0,Mid-Tenure,6.0,4,84517.22323004968,0.2222222222222222,0.0,0,0
CUST_4329,71,Monthly,1063.7041735960931,4,4.0,5,SMB,1,Loyal,4.0,4,75522.99632532262,0.05555555555555555,5.318520867980466,0,1
CUST_4330,50,Monthly,3259.729711969406,2,25.0,2,SMB,0,Loyal,25.0,2,162986.4855984703,0.0392156862745098,6.5194594239388115,0,1
CUST_4331,65,Monthly,1397.5639964787174,2,22.0,0,SMB,0,Loyal,22.0,2,90841.65977111663,0.030303030303030304,0.0,0,1
CUST_4332,32,Annual,1681.2933841066954,3,7.0,2,SMB,0,Mid-Tenure,7.0,3,53801.38829141425,0.09090909090909091,3.362586768213391,0,0
CUST_4333,36,Monthly,3855.129522002861,4,26.0,0,SMB,1,Mid-Tenure,26.0,4,138784.662792103,0.10810810810810811,0.0,0,1
CUST_4334,13,Monthly,4899.504729645772,2,11.0,0,Enterprise,1,Mid-Tenure,11.0,2,63693.56148539504,0.14285714285714285,0.0,1,1
CUST_4335,70,Annual,3176.8497565836037,3,0.0,5,Enterprise,0,Loyal,0.0,3,222379.48296085227,0.04225352112676056,15.88424878291802,1,0
CUST_4336,58,Monthly,4327.630114200113,2,9.0,0,Enterprise,0,Loyal,9.0,2,251002.54662360655,0.03389830508474576,0.0,1,1
CUST_4337,14,Monthly,539.9771172297256,4,10.0,0,SMB,1,Mid-Tenure,10.0,4,7559.679641216159,0.26666666666666666,0.0,0,1
CUST_4338,37,Monthly,664.8423793232867,2,26.0,0,SMB,0,Loyal,26.0,2,24599.168034961607,0.05263157894736842,0.0,0,1
CUST_4339,68,Annual,3185.2595179663854,6,22.0,0,SMB,0,Loyal,22.0,6,216597.6472217142,0.08695652173913043,0.0,0,0
CUST_4340,40,Annual,2250.423957201976,1,19.0,5,SMB,0,Loyal,19.0,1,90016.95828807904,0.024390243902439025,11.25211978600988,0,0
CUST_4341,59,Monthly,4503.910167379192,4,4.0,5,SMB,0,Loyal,4.0,4,265730.69987537235,0.06666666666666667,22.51955083689596,0,1
CUST_4342,16,Monthly,1858.9186088858016,2,12.0,0,Enterprise,1,Mid-Tenure,12.0,2,29742.697742172826,0.11764705882352941,0.0,1,1
CUST_4343,62,Annual,2444.229623768213,2,17.0,0,SMB,0,Loyal,17.0,2,151542.2366736292,0.031746031746031744,0.0,0,0
CUST_4344,4,Monthly,2875.591390242057,4,9.0,0,SMB,0,New,9.0,4,11502.365560968228,0.8,0.0,0,1
CUST_4345,45,Annual,1728.674747988114,3,20.0,0,SMB,0,Loyal,20.0,3,77790.36365946513,0.06521739130434782,0.0,0,0
CUST_4346,28,Annual,4588.226903539824,2,24.0,0,SMB,0,Mid-Tenure,24.0,2,128470.35329911507,0.06896551724137931,0.0,0,0
CUST_4347,66,Monthly,2590.401130961437,4,16.0,0,SMB,0,Loyal,16.0,4,170966.47464345486,0.05970149253731343,0.0,0,1
CUST_4348,31,Monthly,2408.7002410355763,1,18.0,0,SMB,0,Mid-Tenure,18.0,1,74669.70747210286,0.03125,0.0,0,1
CUST_4349,3,Annual,4323.888720204497,3,3.0,0,SMB,0,New,3.0,3,12971.666160613491,0.75,0.0,0,0
CUST_4350,8,Monthly,1903.902807415543,5,8.0,10,SMB,0,New,8.0,5,15231.222459324345,0.5555555555555556,19.039028074155432,0,1
CUST_4351,24,Monthly,4178.594050299324,1,17.0,2,SMB,0,Mid-Tenure,17.0,1,100286.25720718378,0.04,8.357188100598648,0,1
CUST_4352,15,Annual,1050.2278372460726,0,15.0,2,SMB,1,Mid-Tenure,15.0,0,15753.417558691088,0.0,2.100455674492145,0,0
CUST_4353,43,Monthly,1322.5484001420484,4,6.0,0,SMB,0,Loyal,6.0,4,56869.58120610808,0.09090909090909091,0.0,0,1
CUST_4354,31,Monthly,4778.787497772806,4,24.0,5,Enterprise,0,Mid-Tenure,24.0,4,148142.412430957,0.125,23.89393748886403,1,1
CUST_4355,45,Monthly,4291.013708634686,2,11.0,10,SMB,1,Loyal,11.0,2,193095.61688856085,0.043478260869565216,42.910137086346865,0,1
CUST_4356,66,Annual,2245.545056553828,4,25.0,10,Enterprise,1,Loyal,25.0,4,148205.97373255267,0.05970149253731343,22.455450565538282,1,0
CUST_4357,8,Monthly,3373.0540192266326,2,3.0,0,SMB,0,New,3.0,2,26984.43215381306,0.2222222222222222,0.0,0,1
CUST_4358,71,Multi-Year,4743.365852439301,1,20.0,0,Enterprise,0,Loyal,20.0,1,336778.9755231904,0.013888888888888888,0.0,1,0
CUST_4359,57,Annual,1453.3650628883793,2,27.0,0,SMB,0,Loyal,27.0,2,82841.80858463762,0.034482758620689655,0.0,0,0
CUST_4360,30,Monthly,765.5471160035029,1,11.0,0,SMB,1,Mid-Tenure,11.0,1,22966.413480105086,0.03225806451612903,0.0,0,1
CUST_4361,18,Monthly,2918.6062902738736,4,11.0,15,SMB,0,Mid-Tenure,11.0,4,52534.913224929725,0.21052631578947367,43.7790943541081,0,1
CUST_4362,69,Monthly,1141.6859539861698,6,25.0,0,Enterprise,0,Loyal,25.0,6,78776.33082504572,0.08571428571428572,0.0,1,1
CUST_4363,39,Annual,1342.9359172011882,6,3.0,0,Enterprise,1,Loyal,3.0,6,52374.50077084634,0.15,0.0,1,0
CUST_4364,60,Multi-Year,4511.926353792107,1,11.0,0,SMB,0,Loyal,11.0,1,270715.5812275264,0.01639344262295082,0.0,0,0
CUST_4365,43,Annual,533.315563902011,1,22.0,0,SMB,0,Loyal,22.0,1,22932.569247786476,0.022727272727272728,0.0,0,0
CUST_4366,45,Monthly,4175.690119087409,0,7.0,5,SMB,0,Loyal,7.0,0,187906.0553589334,0.0,20.878450595437045,0,1
CUST_4367,23,Annual,2826.278493510234,2,23.0,0,SMB,0,Mid-Tenure,23.0,2,65004.40535073538,0.08333333333333333,0.0,0,0
CUST_4368,69,Monthly,3016.824744403852,3,29.0,0,SMB,0,Loyal,29.0,3,208160.9073638658,0.04285714285714286,0.0,0,1
CUST_4369,6,Annual,3522.955822053631,1,29.0,0,SMB,0,New,29.0,1,21137.734932321786,0.14285714285714285,0.0,0,0
CUST_4370,56,Annual,2441.5024653860464,1,2.0,0,SMB,0,Loyal,2.0,1,136724.1380616186,0.017543859649122806,0.0,0,0
CUST_4371,4,Monthly,1020.2534968658664,4,15.0,2,Enterprise,0,New,15.0,4,4081.0139874634656,0.8,2.0405069937317326,1,1
CUST_4372,23,Monthly,962.6910071217072,4,1.0,2,SMB,0,Mid-Tenure,1.0,4,22141.893163799265,0.16666666666666666,1.9253820142434144,0,1
CUST_4373,6,Annual,3894.629896327741,3,5.0,0,SMB,0,New,5.0,3,23367.779377966446,0.42857142857142855,0.0,0,0
CUST_4374,32,Annual,1494.658144702782,2,27.0,10,SMB,1,Mid-Tenure,27.0,2,47829.060630489024,0.06060606060606061,14.94658144702782,0,0
CUST_4375,18,Monthly,626.457576279399,2,16.0,0,SMB,0,Mid-Tenure,16.0,2,11276.236373029182,0.10526315789473684,0.0,0,1
CUST_4376,15,Monthly,4908.262500945235,4,11.0,0,SMB,0,Mid-Tenure,11.0,4,73623.93751417853,0.25,0.0,0,1
CUST_4377,40,Annual,4911.76183712312,3,8.0,5,SMB,1,Loyal,8.0,3,196470.47348492482,0.07317073170731707,24.5588091856156,0,0
CUST_4378,6,Monthly,2201.636018047009,4,15.0,0,Enterprise,0,New,15.0,4,13209.816108282055,0.5714285714285714,0.0,1,1
CUST_4379,63,Monthly,614.8573005070094,1,6.0,0,SMB,0,Loyal,6.0,1,38736.0099319416,0.015625,0.0,0,1
CUST_4380,67,Monthly,3772.6909636673736,1,7.0,0,SMB,0,Loyal,7.0,1,252770.29456571402,0.014705882352941176,0.0,0,1
CUST_4381,11,Monthly,4239.554272185511,3,6.0,2,SMB,0,New,6.0,3,46635.09699404062,0.25,8.479108544371021,0,1
CUST_4382,43,Annual,1062.561605521144,3,20.0,10,SMB,0,Loyal,20.0,3,45690.14903740919,0.06818181818181818,10.62561605521144,0,0
CUST_4383,17,Multi-Year,1109.5637670915632,2,4.0,0,SMB,0,Mid-Tenure,4.0,2,18862.584040556576,0.1111111111111111,0.0,0,0
CUST_4384,4,Annual,4200.007998635558,2,22.0,0,SMB,0,New,22.0,2,16800.03199454223,0.4,0.0,0,0
CUST_4385,63,Monthly,4648.583249218556,8,6.0,0,SMB,0,Loyal,6.0,8,292860.7447007691,0.125,0.0,0,1
CUST_4386,68,Annual,4058.396765033673,5,17.0,2,SMB,0,Loyal,17.0,5,275970.9800222898,0.07246376811594203,8.116793530067346,0,0
CUST_4387,41,Monthly,1403.352271262883,4,17.0,0,Enterprise,0,Loyal,17.0,4,57537.443121778204,0.09523809523809523,0.0,1,1
CUST_4388,5,Monthly,2351.845487453994,0,15.0,5,SMB,0,New,15.0,0,11759.227437269969,0.0,11.759227437269969,0,1
CUST_4389,32,Multi-Year,3203.7909163966133,3,6.0,5,SMB,0,Mid-Tenure,6.0,3,102521.30932469163,0.09090909090909091,16.018954581983067,0,0
CUST_4390,70,Monthly,1221.3206321937291,2,20.0,0,SMB,0,Loyal,20.0,2,85492.44425356104,0.028169014084507043,0.0,0,1
CUST_4391,35,Multi-Year,1447.7112168462872,1,1.0,0,SMB,0,Mid-Tenure,1.0,1,50669.89258962005,0.027777777777777776,0.0,0,0
CUST_4392,22,Monthly,1772.9873243084974,2,16.0,0,SMB,0,Mid-Tenure,16.0,2,39005.721134786945,0.08695652173913043,0.0,0,1
CUST_4393,65,Annual,2792.809716308764,6,24.0,0,SMB,0,Loyal,24.0,6,181532.63156006965,0.09090909090909091,0.0,0,0
CUST_4394,22,Monthly,2798.621992298964,2,26.0,0,SMB,0,Mid-Tenure,26.0,2,61569.68383057721,0.08695652173913043,0.0,0,1
CUST_4395,11,Monthly,4164.325337063987,1,7.0,0,SMB,1,New,7.0,1,45807.578707703855,0.08333333333333333,0.0,0,1
CUST_4396,3,Monthly,3888.5459030943152,0,1.0,0,SMB,0,New,1.0,0,11665.637709282946,0.0,0.0,0,1
CUST_4397,9,Multi-Year,4611.810537994739,2,17.0,0,Enterprise,0,New,17.0,2,41506.29484195265,0.2,0.0,1,0
CUST_4398,60,Annual,4248.057752710683,2,18.0,2,SMB,0,Loyal,18.0,2,254883.46516264102,0.03278688524590164,8.496115505421367,0,0
CUST_4399,14,Multi-Year,1642.448967375446,1,19.0,2,SMB,0,Mid-Tenure,19.0,1,22994.285543256243,0.06666666666666667,3.284897934750892,0,0
CUST_4400,18,Annual,1990.8354618679996,3,8.0,15,SMB,0,Mid-Tenure,8.0,3,35835.03831362399,0.15789473684210525,29.862531928019994,0,0
CUST_4401,23,Multi-Year,2751.904596346402,2,11.0,0,Enterprise,0,Mid-Tenure,11.0,2,63293.80571596724,0.08333333333333333,0.0,1,0
CUST_4402,47,Monthly,564.2201055364006,3,21.0,0,Enterprise,0,Loyal,21.0,3,26518.34496021083,0.0625,0.0,1,1
CUST_4403,69,Monthly,4567.559028276746,0,18.0,0,Enterprise,0,Loyal,18.0,0,315161.57295109547,0.0,0.0,1,1
CUST_4404,47,Annual,699.5489565305265,1,29.0,0,SMB,0,Loyal,29.0,1,32878.80095693475,0.020833333333333332,0.0,0,0
CUST_4405,30,Annual,1950.9857186748636,0,7.0,0,SMB,0,Mid-Tenure,7.0,0,58529.57156024591,0.0,0.0,0,0
CUST_4406,25,Annual,3061.28656038383,4,21.0,0,SMB,0,Mid-Tenure,21.0,4,76532.16400959576,0.15384615384615385,0.0,0,0
CUST_4407,28,Monthly,2830.286248730896,2,7.0,0,Enterprise,0,Mid-Tenure,7.0,2,79248.0149644651,0.06896551724137931,0.0,1,1
CUST_4408,25,Monthly,3445.069517716436,3,9.0,0,Enterprise,0,Mid-Tenure,9.0,3,86126.7379429109,0.11538461538461539,0.0,1,1
CUST_4409,58,Multi-Year,2873.840788823941,2,27.0,0,SMB,0,Loyal,27.0,2,166682.76575178857,0.03389830508474576,0.0,0,0
CUST_4410,41,Annual,1530.5064156636547,5,17.0,0,SMB,0,Loyal,17.0,5,62750.763042209845,0.11904761904761904,0.0,0,0
CUST_4411,25,Monthly,1404.8518450724234,5,14.0,0,SMB,1,Mid-Tenure,14.0,5,35121.29612681059,0.19230769230769232,0.0,0,1
CUST_4412,48,Annual,4582.611810839744,3,23.0,5,SMB,0,Loyal,23.0,3,219965.36692030772,0.061224489795918366,22.91305905419872,0,0
CUST_4413,10,Multi-Year,1687.8503153101665,4,10.0,0,Enterprise,0,New,10.0,4,16878.503153101665,0.36363636363636365,0.0,1,0
CUST_4414,11,Monthly,1764.3975524578104,5,20.0,0,SMB,0,New,20.0,5,19408.373077035914,0.4166666666666667,0.0,0,1
CUST_4415,21,Multi-Year,2358.288032451551,5,25.0,0,SMB,0,Mid-Tenure,25.0,5,49524.04868148257,0.22727272727272727,0.0,0,0
CUST_4416,45,Multi-Year,1127.4724721748828,1,13.0,0,SMB,0,Loyal,13.0,1,50736.26124786973,0.021739130434782608,0.0,0,0
CUST_4417,7,Multi-Year,2782.727799904582,4,14.0,5,SMB,0,New,14.0,4,19479.09459933207,0.5,13.91363899952291,0,0
CUST_4418,64,Multi-Year,3492.642927659592,2,13.0,0,SMB,0,Loyal,13.0,2,223529.14737021388,0.03076923076923077,0.0,0,0
CUST_4419,64,Annual,4037.002214348151,2,11.0,2,Enterprise,0,Loyal,11.0,2,258368.14171828167,0.03076923076923077,8.074004428696302,1,0
CUST_4420,2,Monthly,3701.544088389031,0,3.0,0,Enterprise,0,New,3.0,0,7403.088176778062,0.0,0.0,1,1
CUST_4421,42,Monthly,1164.3618383611863,4,2.0,0,SMB,0,Loyal,2.0,4,48903.19721116983,0.09302325581395349,0.0,0,1
CUST_4422,54,Monthly,2552.3021523691577,1,11.0,5,SMB,0,Loyal,11.0,1,137824.31622793453,0.01818181818181818,12.761510761845788,0,1
CUST_4423,16,Monthly,673.6379036368029,3,24.0,2,SMB,0,Mid-Tenure,24.0,3,10778.206458188846,0.17647058823529413,1.3472758072736057,0,1
CUST_4424,18,Monthly,580.0909852442718,0,25.0,0,SMB,1,Mid-Tenure,25.0,0,10441.637734396892,0.0,0.0,0,1
CUST_4425,59,Monthly,2480.5868822321027,3,6.0,2,Enterprise,0,Loyal,6.0,3,146354.62605169407,0.05,4.961173764464205,1,1
CUST_4426,16,Monthly,1638.3222250593303,3,6.0,0,SMB,0,Mid-Tenure,6.0,3,26213.155600949285,0.17647058823529413,0.0,0,1
CUST_4427,6,Monthly,3575.1235769301325,2,21.0,0,SMB,0,New,21.0,2,21450.741461580794,0.2857142857142857,0.0,0,1
CUST_4428,57,Multi-Year,3759.083540660357,2,24.0,0,Enterprise,0,Loyal,24.0,2,214267.76181764033,0.034482758620689655,0.0,1,0
CUST_4429,47,Monthly,4529.316760512151,2,18.0,10,SMB,0,Loyal,18.0,2,212877.88774407108,0.041666666666666664,45.2931676051215,0,1
CUST_4430,48,Annual,3923.071310925674,4,13.0,0,SMB,0,Loyal,13.0,4,188307.42292443235,0.08163265306122448,0.0,0,0
CUST_4431,42,Annual,717.0985541144377,5,0.0,2,SMB,0,Loyal,0.0,5,30118.13927280638,0.11627906976744186,1.4341971082288754,0,0
CUST_4432,60,Monthly,2172.3035466099545,3,6.0,0,Enterprise,0,Loyal,6.0,3,130338.21279659728,0.04918032786885246,0.0,1,1
CUST_4433,4,Multi-Year,1728.6050828845496,3,24.0,0,Enterprise,0,New,24.0,3,6914.420331538198,0.6,0.0,1,0
CUST_4434,2,Annual,2237.5960242222254,4,21.0,5,Enterprise,0,New,21.0,4,4475.192048444451,1.3333333333333333,11.187980121111126,1,0
CUST_4435,59,Monthly,1220.340465359157,1,9.0,0,Enterprise,0,Loyal,9.0,1,72000.08745619026,0.016666666666666666,0.0,1,1
CUST_4436,27,Monthly,939.6684666076706,2,17.0,0,SMB,0,Mid-Tenure,17.0,2,25371.048598407106,0.07142857142857142,0.0,0,1
CUST_4437,27,Monthly,2844.4304412878028,3,12.0,0,SMB,0,Mid-Tenure,12.0,3,76799.62191477067,0.10714285714285714,0.0,0,1
CUST_4438,7,Monthly,3741.7158988987744,1,7.0,2,SMB,0,New,7.0,1,26192.01129229142,0.125,7.483431797797548,0,1
CUST_4439,63,Monthly,3658.599058693743,3,8.0,0,Enterprise,0,Loyal,8.0,3,230491.7406977058,0.046875,0.0,1,1
CUST_4440,46,Annual,2529.249449793022,2,25.0,0,SMB,0,Loyal,25.0,2,116345.47469047901,0.0425531914893617,0.0,0,0
CUST_4441,63,Multi-Year,2850.255438300257,1,14.0,0,Enterprise,0,Loyal,14.0,1,179566.0926129162,0.015625,0.0,1,0
CUST_4442,12,Annual,2823.479251288886,4,7.0,5,SMB,0,New,7.0,4,33881.75101546664,0.3076923076923077,14.11739625644443,0,0
CUST_4443,13,Monthly,3612.0666999562527,9,24.0,0,Enterprise,1,Mid-Tenure,24.0,9,46956.867099431285,0.6428571428571429,0.0,1,1
CUST_4444,43,Monthly,715.6632918021083,3,0.0,2,SMB,0,Loyal,0.0,3,30773.521547490658,0.06818181818181818,1.4313265836042166,0,1
CUST_4445,17,Monthly,3694.532489920508,1,2.0,2,SMB,1,Mid-Tenure,2.0,1,62807.052328648635,0.05555555555555555,7.389064979841016,0,1
CUST_4446,63,Monthly,3119.904053407793,3,18.0,0,SMB,0,Loyal,18.0,3,196553.95536469098,0.046875,0.0,0,1
CUST_4447,36,Monthly,1391.4892160220838,3,29.0,0,SMB,1,Mid-Tenure,29.0,3,50093.61177679502,0.08108108108108109,0.0,0,1
CUST_4448,8,Multi-Year,720.7648418581903,4,8.0,0,SMB,0,New,8.0,4,5766.118734865522,0.4444444444444444,0.0,0,0
CUST_4449,69,Monthly,988.375057510498,2,18.0,0,SMB,0,Loyal,18.0,2,68197.87896822437,0.02857142857142857,0.0,0,1
CUST_4450,36,Multi-Year,2861.1110363867133,5,14.0,0,SMB,0,Mid-Tenure,14.0,5,102999.99730992167,0.13513513513513514,0.0,0,0
CUST_4451,28,Monthly,3912.838385410773,5,13.0,2,SMB,1,Mid-Tenure,13.0,5,109559.47479150163,0.1724137931034483,7.825676770821546,0,1
CUST_4452,47,Multi-Year,2005.9577920602555,4,25.0,0,SMB,0,Loyal,25.0,4,94280.01622683201,0.08333333333333333,0.0,0,0
CUST_4453,30,Annual,2206.0575981734974,1,0.0,0,SMB,0,Mid-Tenure,0.0,1,66181.72794520493,0.03225806451612903,0.0,0,0
CUST_4454,23,Annual,4703.658867707506,2,2.0,0,Enterprise,0,Mid-Tenure,2.0,2,108184.15395727263,0.08333333333333333,0.0,1,0
CUST_4455,16,Monthly,1458.5588781465922,1,1.0,0,Enterprise,0,Mid-Tenure,1.0,1,23336.942050345475,0.058823529411764705,0.0,1,1
CUST_4456,14,Multi-Year,966.8724105890824,1,24.0,0,SMB,0,Mid-Tenure,24.0,1,13536.213748247153,0.06666666666666667,0.0,0,0
CUST_4457,71,Multi-Year,2045.345512100081,9,29.0,2,Enterprise,0,Loyal,29.0,9,145219.53135910575,0.125,4.0906910242001615,1,0
CUST_4458,52,Annual,3856.649537715232,0,0.0,0,Enterprise,0,Loyal,0.0,0,200545.77596119206,0.0,0.0,1,0
CUST_4459,37,Annual,3317.347809752593,3,26.0,0,Enterprise,0,Loyal,26.0,3,122741.86896084594,0.07894736842105263,0.0,1,0
CUST_4460,29,Annual,2371.0794771630617,2,17.0,2,Enterprise,0,Mid-Tenure,17.0,2,68761.30483772879,0.06666666666666667,4.742158954326124,1,0
CUST_4461,67,Monthly,4841.3863977432375,1,0.0,0,SMB,0,Loyal,0.0,1,324372.8886487969,0.014705882352941176,0.0,0,1
CUST_4462,15,Annual,3807.48397232558,3,8.0,2,SMB,0,Mid-Tenure,8.0,3,57112.2595848837,0.1875,7.61496794465116,0,0
CUST_4463,47,Multi-Year,778.376409724822,2,6.0,0,SMB,0,Loyal,6.0,2,36583.69125706663,0.041666666666666664,0.0,0,0
CUST_4464,46,Monthly,3850.8414973432177,2,29.0,2,SMB,0,Loyal,29.0,2,177138.708877788,0.0425531914893617,7.701682994686435,0,1
CUST_4465,52,Monthly,608.1735015763626,2,12.0,0,SMB,0,Loyal,12.0,2,31625.022081970856,0.03773584905660377,0.0,0,1
CUST_4466,19,Monthly,3426.4549540283247,3,16.0,0,SMB,0,Mid-Tenure,16.0,3,65102.644126538165,0.15,0.0,0,1
CUST_4467,21,Annual,1447.1727633169644,1,12.0,0,SMB,0,Mid-Tenure,12.0,1,30390.62802965625,0.045454545454545456,0.0,0,0
CUST_4468,64,Monthly,3633.9899406690097,1,12.0,0,SMB,1,Loyal,12.0,1,232575.35620281662,0.015384615384615385,0.0,0,1
CUST_4469,37,Monthly,1894.008049915083,4,9.0,2,SMB,0,Loyal,9.0,4,70078.29784685807,0.10526315789473684,3.7880160998301657,0,1
CUST_4470,27,Monthly,4428.528385800042,5,27.0,0,SMB,1,Mid-Tenure,27.0,5,119570.26641660114,0.17857142857142858,0.0,0,1
CUST_4471,55,Annual,2016.112264661572,4,5.0,0,Enterprise,0,Loyal,5.0,4,110886.17455638645,0.07142857142857142,0.0,1,0
CUST_4472,29,Monthly,3288.631349319336,2,4.0,0,SMB,0,Mid-Tenure,4.0,2,95370.30913026075,0.06666666666666667,0.0,0,1
CUST_4473,20,Annual,1786.6740184429473,2,9.0,0,Enterprise,0,Mid-Tenure,9.0,2,35733.480368858945,0.09523809523809523,0.0,1,0
CUST_4474,25,Monthly,4627.496953139802,2,13.0,0,SMB,0,Mid-Tenure,13.0,2,115687.42382849506,0.07692307692307693,0.0,0,1
CUST_4475,70,Annual,4014.481914626776,1,10.0,0,SMB,0,Loyal,10.0,1,281013.73402387433,0.014084507042253521,0.0,0,0
CUST_4476,63,Multi-Year,1594.862943550714,2,4.0,0,SMB,0,Loyal,4.0,2,100476.36544369497,0.03125,0.0,0,0
CUST_4477,36,Monthly,4769.585206513968,2,3.0,0,SMB,1,Mid-Tenure,3.0,2,171705.06743450285,0.05405405405405406,0.0,0,1
CUST_4478,2,Monthly,2107.209153093027,2,2.0,5,SMB,1,New,2.0,2,4214.418306186054,0.6666666666666666,10.536045765465134,0,1
CUST_4479,22,Multi-Year,3433.392264502344,1,13.0,0,Enterprise,0,Mid-Tenure,13.0,1,75534.62981905157,0.043478260869565216,0.0,1,0
CUST_4480,16,Monthly,3842.839540014784,0,12.0,0,SMB,0,Mid-Tenure,12.0,0,61485.43264023654,0.0,0.0,0,1
CUST_4481,18,Monthly,603.0597265921053,2,23.0,0,Enterprise,0,Mid-Tenure,23.0,2,10855.075078657896,0.10526315789473684,0.0,1,1
CUST_4482,69,Multi-Year,4815.353057707608,3,22.0,5,SMB,0,Loyal,22.0,3,332259.360981825,0.04285714285714286,24.07676528853804,0,0
CUST_4483,54,Multi-Year,2049.985877393142,1,4.0,0,SMB,0,Loyal,4.0,1,110699.23737922966,0.01818181818181818,0.0,0,0
CUST_4484,30,Annual,1354.005020440509,1,11.0,0,SMB,0,Mid-Tenure,11.0,1,40620.15061321527,0.03225806451612903,0.0,0,0
CUST_4485,45,Monthly,4328.185062778241,1,24.0,0,SMB,0,Loyal,24.0,1,194768.32782502085,0.021739130434782608,0.0,0,1
CUST_4486,19,Monthly,3663.0467727053647,2,27.0,0,SMB,0,Mid-Tenure,27.0,2,69597.88868140194,0.1,0.0,0,1
CUST_4487,34,Monthly,890.3447268050866,5,22.0,0,SMB,1,Mid-Tenure,22.0,5,30271.720711372942,0.14285714285714285,0.0,0,1
CUST_4488,13,Annual,1026.7006161954628,1,9.0,2,Enterprise,0,Mid-Tenure,9.0,1,13347.108010541016,0.07142857142857142,2.0534012323909256,1,0
CUST_4489,43,Annual,3718.36341794142,3,1.0,0,SMB,0,Loyal,1.0,3,159889.62697148105,0.06818181818181818,0.0,0,0
CUST_4490,62,Multi-Year,836.5246518158779,0,6.0,0,Enterprise,0,Loyal,6.0,0,51864.52841258443,0.0,0.0,1,0
CUST_4491,22,Monthly,4627.289458058292,3,6.0,2,SMB,1,Mid-Tenure,6.0,3,101800.36807728243,0.13043478260869565,9.254578916116586,0,1
CUST_4492,52,Annual,3836.930616264349,1,3.0,0,SMB,0,Loyal,3.0,1,199520.39204574615,0.018867924528301886,0.0,0,0
CUST_4493,52,Monthly,2009.7149268514495,2,11.0,0,SMB,0,Loyal,11.0,2,104505.17619627537,0.03773584905660377,0.0,0,1
CUST_4494,36,Monthly,2133.2245065140223,1,27.0,0,SMB,0,Mid-Tenure,27.0,1,76796.0822345048,0.02702702702702703,0.0,0,1
CUST_4495,19,Annual,2779.232432918456,3,23.0,10,SMB,1,Mid-Tenure,23.0,3,52805.41622545067,0.15,27.79232432918456,0,0
CUST_4496,38,Monthly,2124.3623614184307,2,3.0,0,SMB,0,Loyal,3.0,2,80725.76973390036,0.05128205128205128,0.0,0,1
CUST_4497,70,Annual,4025.608481472421,2,6.0,0,SMB,0,Loyal,6.0,2,281792.59370306943,0.028169014084507043,0.0,0,0
CUST_4498,57,Annual,4886.31624845727,1,19.0,0,SMB,0,Loyal,19.0,1,278520.0261620644,0.017241379310344827,0.0,0,0
CUST_4499,20,Multi-Year,3130.346819471869,2,12.0,0,SMB,0,Mid-Tenure,12.0,2,62606.93638943738,0.09523809523809523,0.0,0,0
CUST_4500,9,Annual,2507.16797450388,2,7.0,0,SMB,0,New,7.0,2,22564.51177053492,0.2,0.0,0,0
CUST_4501,32,Multi-Year,1502.4836312069774,2,13.0,2,Enterprise,0,Mid-Tenure,13.0,2,48079.47619862328,0.06060606060606061,3.0049672624139547,1,0
CUST_4502,4,Annual,3440.450386615101,2,29.0,0,SMB,0,New,29.0,2,13761.801546460403,0.4,0.0,0,0
CUST_4503,50,Monthly,3585.095878169287,2,2.0,2,SMB,0,Loyal,2.0,2,179254.79390846434,0.0392156862745098,7.170191756338574,0,1
CUST_4504,5,Monthly,3583.3577315646367,2,1.0,0,SMB,0,New,1.0,2,17916.788657823185,0.3333333333333333,0.0,0,1
CUST_4505,20,Annual,621.4326614082155,2,9.0,5,Enterprise,0,Mid-Tenure,9.0,2,12428.65322816431,0.09523809523809523,3.107163307041078,1,0
CUST_4506,37,Annual,4546.049452972119,1,5.0,10,SMB,0,Loyal,5.0,1,168203.82975996842,0.02631578947368421,45.46049452972119,0,0
CUST_4507,22,Annual,2021.479535431295,2,22.0,0,SMB,0,Mid-Tenure,22.0,2,44472.549779488494,0.08695652173913043,0.0,0,0
CUST_4508,58,Monthly,3848.745931167241,0,6.0,0,SMB,1,Loyal,6.0,0,223227.26400769997,0.0,0.0,0,1
CUST_4509,68,Monthly,3919.1310819514392,3,15.0,2,Enterprise,0,Loyal,15.0,3,266500.91357269784,0.043478260869565216,7.838262163902878,1,1
CUST_4510,44,Monthly,3427.497404655078,4,5.0,0,SMB,0,Loyal,5.0,4,150809.88580482343,0.08888888888888889,0.0,0,1
CUST_4511,34,Annual,2276.8993541493146,1,15.0,0,SMB,0,Mid-Tenure,15.0,1,77414.57804107669,0.02857142857142857,0.0,0,0
CUST_4512,42,Annual,3237.728975674365,4,26.0,10,SMB,0,Loyal,26.0,4,135984.61697832332,0.09302325581395349,32.37728975674365,0,0
CUST_4513,9,Annual,680.8941106604445,4,23.0,0,SMB,0,New,23.0,4,6128.046995944001,0.4,0.0,0,0
CUST_4514,7,Monthly,3928.5310648455775,4,11.0,0,SMB,0,New,11.0,4,27499.717453919042,0.5,0.0,0,1
CUST_4515,68,Monthly,948.1489174775252,6,21.0,2,Enterprise,0,Loyal,21.0,6,64474.12638847171,0.08695652173913043,1.8962978349550503,1,1
CUST_4516,19,Annual,2285.379166098208,4,14.0,0,SMB,0,Mid-Tenure,14.0,4,43422.20415586595,0.2,0.0,0,0
CUST_4517,31,Annual,966.2845444923496,1,21.0,0,SMB,0,Mid-Tenure,21.0,1,29954.820879262836,0.03125,0.0,0,0
CUST_4518,35,Monthly,4266.8350061859255,3,2.0,0,SMB,0,Mid-Tenure,2.0,3,149339.2252165074,0.08333333333333333,0.0,0,1
CUST_4519,57,Annual,2976.3607704618166,2,27.0,0,SMB,0,Loyal,27.0,2,169652.56391632356,0.034482758620689655,0.0,0,0
CUST_4520,61,Monthly,3609.298040761726,2,15.0,5,SMB,0,Loyal,15.0,2,220167.18048646528,0.03225806451612903,18.04649020380863,0,1
CUST_4521,31,Annual,3571.6197642917587,3,17.0,10,SMB,0,Mid-Tenure,17.0,3,110720.21269304452,0.09375,35.716197642917585,0,0
CUST_4522,53,Multi-Year,4287.22804246327,1,14.0,0,Enterprise,0,Loyal,14.0,1,227223.08625055332,0.018518518518518517,0.0,1,0
CUST_4523,32,Annual,1096.562315053106,1,22.0,2,SMB,0,Mid-Tenure,22.0,1,35089.99408169939,0.030303030303030304,2.193124630106212,0,0
CUST_4524,66,Annual,3468.7766318219788,0,5.0,0,SMB,0,Loyal,5.0,0,228939.2577002506,0.0,0.0,0,0
CUST_4525,59,Monthly,3088.1032448164583,0,16.0,0,SMB,0,Loyal,16.0,0,182198.09144417103,0.0,0.0,0,1
CUST_4526,10,Annual,639.0370515709192,4,1.0,0,Enterprise,0,New,1.0,4,6390.370515709192,0.36363636363636365,0.0,1,0
CUST_4527,2,Annual,1406.4030897026114,4,1.0,0,Enterprise,0,New,1.0,4,2812.806179405223,1.3333333333333333,0.0,1,0
CUST_4528,66,Annual,1704.0719362019936,3,16.0,0,SMB,0,Loyal,16.0,3,112468.74778933158,0.04477611940298507,0.0,0,0
CUST_4529,60,Annual,826.5036894312477,2,18.0,0,SMB,0,Loyal,18.0,2,49590.221365874866,0.03278688524590164,0.0,0,0
CUST_4530,17,Monthly,2096.2391265446067,2,4.0,0,SMB,0,Mid-Tenure,4.0,2,35636.06515125831,0.1111111111111111,0.0,0,1
CUST_4531,16,Multi-Year,622.4112892196406,1,3.0,0,SMB,0,Mid-Tenure,3.0,1,9958.58062751425,0.058823529411764705,0.0,0,0
CUST_4532,16,Annual,2989.325715159783,2,27.0,10,SMB,0,Mid-Tenure,27.0,2,47829.21144255653,0.11764705882352941,29.89325715159783,0,0
CUST_4533,46,Monthly,1451.754322609043,8,17.0,10,SMB,1,Loyal,17.0,8,66780.69884001598,0.1702127659574468,14.51754322609043,0,1
CUST_4534,39,Annual,1791.5139747913938,5,7.0,2,Enterprise,0,Loyal,7.0,5,69869.04501686436,0.125,3.5830279495827875,1,0
CUST_4535,31,Monthly,4597.122317770778,0,8.0,0,SMB,0,Mid-Tenure,8.0,0,142510.7918508941,0.0,0.0,0,1
CUST_4536,1,Monthly,2762.6758210558646,2,23.0,0,SMB,1,New,23.0,2,2762.6758210558646,1.0,0.0,0,1
CUST_4537,11,Monthly,1710.5626905998713,1,22.0,0,SMB,1,New,22.0,1,18816.189596598586,0.08333333333333333,0.0,0,1
CUST_4538,4,Annual,3193.077912116298,0,25.0,0,SMB,0,New,25.0,0,12772.311648465193,0.0,0.0,0,0
CUST_4539,71,Multi-Year,1407.5214569037305,2,17.0,0,SMB,0,Loyal,17.0,2,99934.02344016486,0.027777777777777776,0.0,0,0
CUST_4540,26,Annual,834.7805859388319,2,21.0,0,SMB,0,Mid-Tenure,21.0,2,21704.29523440963,0.07407407407407407,0.0,0,0
CUST_4541,50,Annual,594.078594801209,6,10.0,0,SMB,0,Loyal,10.0,6,29703.92974006045,0.11764705882352941,0.0,0,0
CUST_4542,12,Monthly,4781.880704193153,5,15.0,2,Enterprise,0,New,15.0,5,57382.568450317835,0.38461538461538464,9.563761408386306,1,1
CUST_4543,65,Monthly,3760.7487086440233,7,15.0,0,Enterprise,0,Loyal,15.0,7,244448.6660618615,0.10606060606060606,0.0,1,1
CUST_4544,47,Monthly,4099.76666731572,1,3.0,0,SMB,0,Loyal,3.0,1,192689.03336383885,0.020833333333333332,0.0,0,1
CUST_4545,53,Annual,4914.129776804743,5,20.0,0,SMB,0,Loyal,20.0,5,260448.8781706514,0.09259259259259259,0.0,0,0
CUST_4546,71,Multi-Year,4692.329165360477,5,8.0,0,SMB,0,Loyal,8.0,5,333155.3707405939,0.06944444444444445,0.0,0,0
CUST_4547,2,Monthly,3816.109393868822,2,12.0,0,SMB,1,New,12.0,2,7632.218787737644,0.6666666666666666,0.0,0,1
CUST_4548,24,Annual,3622.941814186937,0,24.0,0,Enterprise,0,Mid-Tenure,24.0,0,86950.60354048648,0.0,0.0,1,0
CUST_4549,4,Multi-Year,2015.824986209195,5,19.0,2,SMB,0,New,19.0,5,8063.29994483678,1.0,4.03164997241839,0,0
CUST_4550,19,Monthly,968.0776330779596,1,7.0,0,SMB,1,Mid-Tenure,7.0,1,18393.475028481233,0.05,0.0,0,1
CUST_4551,26,Annual,3081.751467654092,4,10.0,0,SMB,0,Mid-Tenure,10.0,4,80125.53815900639,0.14814814814814814,0.0,0,0
CUST_4552,40,Annual,3093.1398278986653,3,20.0,0,SMB,0,Loyal,20.0,3,123725.59311594661,0.07317073170731707,0.0,0,0
CUST_4553,50,Annual,4785.067784370848,1,8.0,0,SMB,0,Loyal,8.0,1,239253.3892185424,0.0196078431372549,0.0,0,0
CUST_4554,43,Monthly,2491.568629977692,2,17.0,0,SMB,0,Loyal,17.0,2,107137.45108904075,0.045454545454545456,0.0,0,1
CUST_4555,67,Annual,3608.634309377308,1,19.0,0,Enterprise,0,Loyal,19.0,1,241778.49872827964,0.014705882352941176,0.0,1,0
CUST_4556,12,Annual,3087.367823285248,5,2.0,0,SMB,0,New,2.0,5,37048.41387942298,0.38461538461538464,0.0,0,0
CUST_4557,67,Monthly,1295.4210309547216,1,22.0,2,SMB,0,Loyal,22.0,1,86793.20907396634,0.014705882352941176,2.590842061909443,0,1
CUST_4558,27,Annual,3164.2893848971253,6,29.0,0,Enterprise,1,Mid-Tenure,29.0,6,85435.81339222238,0.21428571428571427,0.0,1,0
CUST_4559,54,Monthly,2930.5251921326903,3,17.0,0,SMB,0,Loyal,17.0,3,158248.36037516527,0.05454545454545454,0.0,0,1
CUST_4560,66,Multi-Year,2722.5769725921,4,18.0,0,Enterprise,0,Loyal,18.0,4,179690.0801910786,0.05970149253731343,0.0,1,0
CUST_4561,49,Annual,2810.4032014181366,2,8.0,0,SMB,0,Loyal,8.0,2,137709.7568694887,0.04,0.0,0,0
CUST_4562,16,Multi-Year,1237.9458738149174,1,23.0,0,Enterprise,0,Mid-Tenure,23.0,1,19807.133981038678,0.058823529411764705,0.0,1,0
CUST_4563,2,Monthly,2585.649790538005,2,17.0,0,SMB,1,New,17.0,2,5171.29958107601,0.6666666666666666,0.0,0,1
CUST_4564,60,Monthly,3225.4397231971857,0,21.0,2,SMB,0,Loyal,21.0,0,193526.38339183113,0.0,6.450879446394372,0,1
CUST_4565,54,Monthly,2702.521394084927,1,15.0,0,Enterprise,0,Loyal,15.0,1,145936.15528058607,0.01818181818181818,0.0,1,1
CUST_4566,30,Monthly,2699.087878067663,4,13.0,0,Enterprise,0,Mid-Tenure,13.0,4,80972.63634202989,0.12903225806451613,0.0,1,1
CUST_4567,38,Monthly,848.8296940684361,1,18.0,0,SMB,0,Loyal,18.0,1,32255.52837460057,0.02564102564102564,0.0,0,1
CUST_4568,28,Annual,1358.4836840752384,2,27.0,2,SMB,0,Mid-Tenure,27.0,2,38037.54315410668,0.06896551724137931,2.7169673681504767,0,0
CUST_4569,25,Monthly,1944.377117489753,2,28.0,0,Enterprise,0,Mid-Tenure,28.0,2,48609.427937243825,0.07692307692307693,0.0,1,1
CUST_4570,10,Annual,2387.06147266658,5,21.0,0,SMB,1,New,21.0,5,23870.6147266658,0.45454545454545453,0.0,0,0
CUST_4571,60,Monthly,3172.718497363719,0,29.0,0,SMB,0,Loyal,29.0,0,190363.10984182314,0.0,0.0,0,1
CUST_4572,42,Annual,4385.052970353773,0,14.0,0,SMB,0,Loyal,14.0,0,184172.22475485847,0.0,0.0,0,0
CUST_4573,40,Annual,1216.2413213989428,2,20.0,0,SMB,0,Loyal,20.0,2,48649.65285595771,0.04878048780487805,0.0,0,0
CUST_4574,42,Annual,567.8961359481273,5,25.0,0,SMB,0,Loyal,25.0,5,23851.637709821345,0.11627906976744186,0.0,0,0
CUST_4575,47,Multi-Year,2521.567088491621,4,3.0,0,Enterprise,0,Loyal,3.0,4,118513.65315910618,0.08333333333333333,0.0,1,0
CUST_4576,37,Monthly,2444.4630383523263,3,11.0,2,SMB,0,Loyal,11.0,3,90445.13241903608,0.07894736842105263,4.888926076704653,0,1
CUST_4577,22,Monthly,2983.5554832282755,2,6.0,0,Enterprise,1,Mid-Tenure,6.0,2,65638.22063102206,0.08695652173913043,0.0,1,1
CUST_4578,57,Monthly,4249.497971171752,1,10.0,0,SMB,0,Loyal,10.0,1,242221.38435678987,0.017241379310344827,0.0,0,1
CUST_4579,27,Monthly,4110.62247942115,1,25.0,0,SMB,1,Mid-Tenure,25.0,1,110986.80694437106,0.03571428571428571,0.0,0,1
CUST_4580,41,Annual,950.1947799350504,1,6.0,0,SMB,0,Loyal,6.0,1,38957.98597733707,0.023809523809523808,0.0,0,0
CUST_4581,34,Monthly,4702.979150045032,2,19.0,0,SMB,0,Mid-Tenure,19.0,2,159901.2911015311,0.05714285714285714,0.0,0,1
CUST_4582,32,Annual,996.8647760350012,4,2.0,2,SMB,0,Mid-Tenure,2.0,4,31899.67283312004,0.12121212121212122,1.9937295520700025,0,0
CUST_4583,66,Monthly,3355.5672884040628,1,3.0,0,SMB,0,Loyal,3.0,1,221467.44103466815,0.014925373134328358,0.0,0,1
CUST_4584,12,Multi-Year,3525.8283211800904,4,1.0,2,SMB,0,New,1.0,4,42309.939854161086,0.3076923076923077,7.0516566423601805,0,0
CUST_4585,40,Multi-Year,3559.448692503897,1,19.0,0,SMB,0,Loyal,19.0,1,142377.94770015587,0.024390243902439025,0.0,0,0
CUST_4586,10,Monthly,1694.080272539259,4,14.0,2,SMB,0,New,14.0,4,16940.80272539259,0.36363636363636365,3.3881605450785184,0,1
CUST_4587,48,Monthly,1986.552912942464,5,19.0,0,Enterprise,0,Loyal,19.0,5,95354.53982123827,0.10204081632653061,0.0,1,1
CUST_4588,20,Multi-Year,2969.045938172286,1,11.0,0,SMB,0,Mid-Tenure,11.0,1,59380.91876344572,0.047619047619047616,0.0,0,0
CUST_4589,39,Multi-Year,1398.143731100443,4,20.0,0,Enterprise,0,Loyal,20.0,4,54527.605512917275,0.1,0.0,1,0
CUST_4590,60,Monthly,591.3971052500805,4,16.0,0,Enterprise,0,Loyal,16.0,4,35483.82631500483,0.06557377049180328,0.0,1,1
CUST_4591,66,Monthly,3029.6500452885903,0,17.0,0,SMB,0,Loyal,17.0,0,199956.90298904697,0.0,0.0,0,1
CUST_4592,65,Multi-Year,2593.753574054033,7,7.0,0,SMB,0,Loyal,7.0,7,168593.98231351213,0.10606060606060606,0.0,0,0
CUST_4593,51,Annual,3455.290428005579,2,23.0,15,Enterprise,1,Loyal,23.0,2,176219.81182828452,0.038461538461538464,51.829356420083684,1,0
CUST_4594,36,Monthly,1160.1525912514696,1,7.0,5,SMB,0,Mid-Tenure,7.0,1,41765.49328505291,0.02702702702702703,5.800762956257349,0,1
CUST_4595,24,Annual,4284.162025654332,4,4.0,2,Enterprise,0,Mid-Tenure,4.0,4,102819.88861570397,0.16,8.568324051308664,1,0
CUST_4596,27,Multi-Year,1157.996698072373,5,23.0,0,SMB,0,Mid-Tenure,23.0,5,31265.91084795407,0.17857142857142858,0.0,0,0
CUST_4597,2,Multi-Year,4511.046221960106,6,8.0,2,SMB,0,New,8.0,6,9022.092443920212,2.0,9.022092443920211,0,0
CUST_4598,31,Annual,2522.845276680664,4,29.0,0,SMB,0,Mid-Tenure,29.0,4,78208.20357710059,0.125,0.0,0,0
CUST_4599,57,Annual,2974.123667177126,1,19.0,0,SMB,0,Loyal,19.0,1,169525.0490290962,0.017241379310344827,0.0,0,0
CUST_4600,66,Monthly,4534.616011837949,4,19.0,0,SMB,0,Loyal,19.0,4,299284.6567813047,0.05970149253731343,0.0,0,1
CUST_4601,29,Multi-Year,1849.6087181468013,0,22.0,0,SMB,0,Mid-Tenure,22.0,0,53638.65282625724,0.0,0.0,0,0
CUST_4602,15,Monthly,1318.2214830851815,1,4.0,0,SMB,0,Mid-Tenure,4.0,1,19773.322246277723,0.0625,0.0,0,1
CUST_4603,12,Multi-Year,2505.8822936875413,1,26.0,0,SMB,0,New,26.0,1,30070.587524250495,0.07692307692307693,0.0,0,0
CUST_4604,28,Monthly,1599.6525283746803,2,9.0,0,Enterprise,0,Mid-Tenure,9.0,2,44790.27079449105,0.06896551724137931,0.0,1,1
CUST_4605,24,Multi-Year,2875.297601931427,2,0.0,2,Enterprise,0,Mid-Tenure,0.0,2,69007.14244635425,0.08,5.750595203862854,1,0
CUST_4606,21,Monthly,1738.660389999424,3,23.0,5,Enterprise,0,Mid-Tenure,23.0,3,36511.86818998791,0.13636363636363635,8.69330194999712,1,1
CUST_4607,10,Annual,4390.202910179556,0,3.0,0,SMB,0,New,3.0,0,43902.02910179556,0.0,0.0,0,0
CUST_4608,18,Monthly,3232.960665159767,3,23.0,0,SMB,1,Mid-Tenure,23.0,3,58193.291972875806,0.15789473684210525,0.0,0,1
CUST_4609,14,Annual,501.0830138430602,1,15.0,2,SMB,0,Mid-Tenure,15.0,1,7015.162193802843,0.06666666666666667,1.0021660276861204,0,0
CUST_4610,34,Multi-Year,4124.631806059211,0,17.0,0,SMB,0,Mid-Tenure,17.0,0,140237.4814060132,0.0,0.0,0,0
CUST_4611,58,Annual,1985.955515267657,4,27.0,5,SMB,0,Loyal,27.0,4,115185.4198855241,0.06779661016949153,9.929777576338285,0,0
CUST_4612,22,Annual,1940.935928697307,0,11.0,5,SMB,0,Mid-Tenure,11.0,0,42700.59043134075,0.0,9.704679643486536,0,0
CUST_4613,70,Monthly,2223.782654605103,6,19.0,0,SMB,0,Loyal,19.0,6,155664.7858223572,0.08450704225352113,0.0,0,1
CUST_4614,36,Multi-Year,3336.181376378363,3,14.0,0,SMB,0,Mid-Tenure,14.0,3,120102.52954962107,0.08108108108108109,0.0,0,0
CUST_4615,45,Annual,2489.273196774004,7,17.0,10,SMB,0,Loyal,17.0,7,112017.29385483019,0.15217391304347827,24.89273196774004,0,0
CUST_4616,36,Annual,3328.859959563661,3,4.0,10,SMB,0,Mid-Tenure,4.0,3,119838.9585442918,0.08108108108108109,33.28859959563661,0,0
CUST_4617,22,Annual,1160.5132473610656,1,25.0,0,Enterprise,0,Mid-Tenure,25.0,1,25531.291441943446,0.043478260869565216,0.0,1,0
CUST_4618,61,Annual,4865.740090358386,2,25.0,0,SMB,0,Loyal,25.0,2,296810.14551186154,0.03225806451612903,0.0,0,0
CUST_4619,56,Monthly,3783.228291877388,4,13.0,0,Enterprise,1,Loyal,13.0,4,211860.78434513372,0.07017543859649122,0.0,1,1
CUST_4620,33,Annual,1625.9319823027236,3,23.0,0,SMB,0,Mid-Tenure,23.0,3,53655.75541598988,0.08823529411764706,0.0,0,0
CUST_4621,45,Annual,3758.764586336491,5,26.0,10,Enterprise,0,Loyal,26.0,5,169144.4063851421,0.10869565217391304,37.58764586336491,1,0
CUST_4622,36,Multi-Year,3087.6145531773773,3,6.0,2,SMB,0,Mid-Tenure,6.0,3,111154.12391438558,0.08108108108108109,6.175229106354754,0,0
CUST_4623,20,Multi-Year,991.350483815816,3,10.0,0,SMB,0,Mid-Tenure,10.0,3,19827.00967631632,0.14285714285714285,0.0,0,0
CUST_4624,18,Monthly,1301.8839205465674,2,14.0,0,SMB,0,Mid-Tenure,14.0,2,23433.91056983821,0.10526315789473684,0.0,0,1
CUST_4625,38,Monthly,685.8866386465917,2,20.0,2,Enterprise,0,Loyal,20.0,2,26063.692268570485,0.05128205128205128,1.3717732772931834,1,1
CUST_4626,67,Monthly,4141.571322536065,4,10.0,0,SMB,0,Loyal,10.0,4,277485.27860991633,0.058823529411764705,0.0,0,1
CUST_4627,23,Monthly,2982.6713866785576,3,6.0,0,SMB,0,Mid-Tenure,6.0,3,68601.44189360683,0.125,0.0,0,1
CUST_4628,16,Annual,1925.3689189259533,1,20.0,0,SMB,0,Mid-Tenure,20.0,1,30805.902702815252,0.058823529411764705,0.0,0,0
CUST_4629,59,Multi-Year,1068.5520591269,4,22.0,0,SMB,0,Loyal,22.0,4,63044.571488487105,0.06666666666666667,0.0,0,0
CUST_4630,69,Monthly,2678.2064418217064,1,19.0,2,SMB,0,Loyal,19.0,1,184796.24448569774,0.014285714285714285,5.356412883643413,0,1
CUST_4631,68,Monthly,2863.6760602307245,1,19.0,5,Enterprise,0,Loyal,19.0,1,194729.97209568927,0.014492753623188406,14.318380301153622,1,1
CUST_4632,21,Multi-Year,3658.768254412274,3,25.0,0,SMB,0,Mid-Tenure,25.0,3,76834.13334265775,0.13636363636363635,0.0,0,0
CUST_4633,70,Multi-Year,4864.717447011912,0,3.0,0,SMB,0,Loyal,3.0,0,340530.22129083384,0.0,0.0,0,0
CUST_4634,12,Annual,2457.254886833186,3,26.0,0,SMB,0,New,26.0,3,29487.058641998232,0.23076923076923078,0.0,0,0
CUST_4635,16,Annual,2327.153929674662,2,23.0,0,SMB,0,Mid-Tenure,23.0,2,37234.46287479459,0.11764705882352941,0.0,0,0
CUST_4636,14,Annual,2164.685020655551,2,0.0,2,SMB,0,Mid-Tenure,0.0,2,30305.590289177715,0.13333333333333333,4.329370041311102,0,0
CUST_4637,61,Monthly,4221.157590350875,2,25.0,0,SMB,0,Loyal,25.0,2,257490.61301140336,0.03225806451612903,0.0,0,1
CUST_4638,71,Monthly,1203.4274962965706,4,20.0,5,SMB,0,Loyal,20.0,4,85443.3522370565,0.05555555555555555,6.017137481482853,0,1
CUST_4639,46,Monthly,2047.1580663579025,4,27.0,0,SMB,0,Loyal,27.0,4,94169.27105246352,0.0851063829787234,0.0,0,1
CUST_4640,32,Monthly,3762.368621939259,2,25.0,0,SMB,0,Mid-Tenure,25.0,2,120395.79590205628,0.06060606060606061,0.0,0,1
CUST_4641,15,Multi-Year,570.6272090410091,2,1.0,0,SMB,0,Mid-Tenure,1.0,2,8559.408135615136,0.125,0.0,0,0
CUST_4642,44,Annual,1802.213256225626,7,25.0,0,Enterprise,0,Loyal,25.0,7,79297.38327392755,0.15555555555555556,0.0,1,0
CUST_4643,17,Monthly,3386.512232396194,2,3.0,0,SMB,0,Mid-Tenure,3.0,2,57570.7079507353,0.1111111111111111,0.0,0,1
CUST_4644,41,Monthly,1336.7844410036212,3,4.0,0,SMB,0,Loyal,4.0,3,54808.16208114847,0.07142857142857142,0.0,0,1
CUST_4645,54,Monthly,1862.1975610592203,2,23.0,0,SMB,0,Loyal,23.0,2,100558.6682971979,0.03636363636363636,0.0,0,1
CUST_4646,44,Annual,2687.202835174531,2,1.0,10,SMB,0,Loyal,1.0,2,118236.92474767937,0.044444444444444446,26.872028351745314,0,0
CUST_4647,5,Multi-Year,2399.1060468635924,2,1.0,0,SMB,0,New,1.0,2,11995.530234317961,0.3333333333333333,0.0,0,0
CUST_4648,27,Monthly,977.1223547992048,1,17.0,0,SMB,0,Mid-Tenure,17.0,1,26382.30357957853,0.03571428571428571,0.0,0,1
CUST_4649,43,Monthly,4722.058950150346,5,29.0,0,SMB,0,Loyal,29.0,5,203048.5348564649,0.11363636363636363,0.0,0,1
CUST_4650,31,Annual,699.3172426194175,2,23.0,0,Enterprise,0,Mid-Tenure,23.0,2,21678.83452120194,0.0625,0.0,1,0
CUST_4651,17,Annual,3873.842403902681,2,27.0,0,SMB,0,Mid-Tenure,27.0,2,65855.32086634557,0.1111111111111111,0.0,0,0
CUST_4652,54,Monthly,821.4024699102085,3,13.0,0,Enterprise,1,Loyal,13.0,3,44355.73337515126,0.05454545454545454,0.0,1,1
CUST_4653,62,Annual,2602.831113612857,3,2.0,0,Enterprise,0,Loyal,2.0,3,161375.5290439971,0.047619047619047616,0.0,1,0
CUST_4654,32,Annual,1289.3508124493496,3,20.0,0,SMB,0,Mid-Tenure,20.0,3,41259.22599837919,0.09090909090909091,0.0,0,0
CUST_4655,40,Monthly,1134.9400839301638,2,17.0,0,SMB,0,Loyal,17.0,2,45397.60335720655,0.04878048780487805,0.0,0,1
CUST_4656,13,Monthly,1066.5408944377627,1,21.0,0,SMB,1,Mid-Tenure,21.0,1,13865.031627690916,0.07142857142857142,0.0,0,1
CUST_4657,35,Monthly,2537.5398651290407,2,9.0,2,SMB,0,Mid-Tenure,9.0,2,88813.89527951642,0.05555555555555555,5.075079730258081,0,1
CUST_4658,5,Multi-Year,2819.6820922428155,1,5.0,5,Enterprise,0,New,5.0,1,14098.410461214078,0.16666666666666666,14.098410461214078,1,0
CUST_4659,29,Multi-Year,1100.2302209427794,3,1.0,2,SMB,0,Mid-Tenure,1.0,3,31906.6764073406,0.1,2.200460441885559,0,0
CUST_4660,70,Multi-Year,4907.280786198077,3,19.0,0,SMB,0,Loyal,19.0,3,343509.6550338654,0.04225352112676056,0.0,0,0
CUST_4661,25,Annual,1659.946490880004,2,10.0,10,SMB,0,Mid-Tenure,10.0,2,41498.662272000096,0.07692307692307693,16.59946490880004,0,0
CUST_4662,22,Annual,2564.7860282125243,1,17.0,10,SMB,0,Mid-Tenure,17.0,1,56425.29262067554,0.043478260869565216,25.647860282125244,0,0
CUST_4663,66,Annual,1473.213009208586,2,13.0,2,SMB,0,Loyal,13.0,2,97232.05860776668,0.029850746268656716,2.946426018417172,0,0
CUST_4664,45,Multi-Year,2722.651904522955,0,25.0,0,SMB,0,Loyal,25.0,0,122519.33570353298,0.0,0.0,0,0
CUST_4665,69,Monthly,3902.074621093319,2,19.0,0,SMB,0,Loyal,19.0,2,269243.148855439,0.02857142857142857,0.0,0,1
CUST_4666,1,Annual,2844.9590643252286,2,12.0,2,SMB,0,New,12.0,2,2844.9590643252286,1.0,5.689918128650457,0,0
CUST_4667,44,Annual,1785.4199182312484,2,28.0,5,Enterprise,0,Loyal,28.0,2,78558.47640217493,0.044444444444444446,8.927099591156242,1,0
CUST_4668,39,Annual,1617.7847393027214,2,26.0,0,SMB,0,Loyal,26.0,2,63093.60483280614,0.05,0.0,0,0
CUST_4669,54,Monthly,3915.204828021741,0,6.0,0,SMB,0,Loyal,6.0,0,211421.060713174,0.0,0.0,0,1
CUST_4670,29,Annual,1032.0717907681849,1,20.0,0,SMB,0,Mid-Tenure,20.0,1,29930.08193227736,0.03333333333333333,0.0,0,0
CUST_4671,54,Annual,2164.849224826413,1,25.0,0,Enterprise,0,Loyal,25.0,1,116901.8581406263,0.01818181818181818,0.0,1,0
CUST_4672,16,Monthly,1181.672224942484,3,19.0,2,Enterprise,1,Mid-Tenure,19.0,3,18906.755599079745,0.17647058823529413,2.363344449884968,1,1
CUST_4673,20,Annual,1660.8912318251687,1,9.0,0,SMB,0,Mid-Tenure,9.0,1,33217.82463650337,0.047619047619047616,0.0,0,0
CUST_4674,46,Monthly,1187.0745461822848,2,25.0,0,SMB,0,Loyal,25.0,2,54605.429124385104,0.0425531914893617,0.0,0,1
CUST_4675,67,Multi-Year,4490.47628844092,3,18.0,2,Enterprise,0,Loyal,18.0,3,300861.9113255417,0.04411764705882353,8.98095257688184,1,0
CUST_4676,65,Annual,3793.5688955586434,2,28.0,0,SMB,0,Loyal,28.0,2,246581.97821131183,0.030303030303030304,0.0,0,0
CUST_4677,58,Annual,3024.172607199176,5,28.0,0,SMB,0,Loyal,28.0,5,175402.0112175522,0.0847457627118644,0.0,0,0
CUST_4678,53,Monthly,1509.9135012298989,2,12.0,2,SMB,0,Loyal,12.0,2,80025.41556518464,0.037037037037037035,3.019827002459798,0,1
CUST_4679,1,Monthly,2796.020722396377,1,21.0,0,Enterprise,0,New,21.0,1,2796.020722396377,0.5,0.0,1,1
CUST_4680,66,Annual,2843.749429014076,4,1.0,0,SMB,0,Loyal,1.0,4,187687.46231492903,0.05970149253731343,0.0,0,0
CUST_4681,29,Monthly,3156.816765442578,3,19.0,2,SMB,0,Mid-Tenure,19.0,3,91547.68619783476,0.1,6.313633530885156,0,1
CUST_4682,70,Annual,770.3832075022915,2,11.0,2,SMB,0,Loyal,11.0,2,53926.8245251604,0.028169014084507043,1.540766415004583,0,0
CUST_4683,8,Monthly,4878.058870385178,2,7.0,5,SMB,0,New,7.0,2,39024.470963081425,0.2222222222222222,24.390294351925892,0,1
CUST_4684,29,Multi-Year,2594.475367701454,1,17.0,0,SMB,0,Mid-Tenure,17.0,1,75239.78566334218,0.03333333333333333,0.0,0,0
CUST_4685,51,Annual,4669.392983445965,5,24.0,0,Enterprise,0,Loyal,24.0,5,238139.04215574422,0.09615384615384616,0.0,1,0
CUST_4686,33,Monthly,544.1365162128936,5,1.0,2,Enterprise,0,Mid-Tenure,1.0,5,17956.50503502549,0.14705882352941177,1.0882730324257872,1,1
CUST_4687,3,Annual,1614.01278035889,0,15.0,0,SMB,0,New,15.0,0,4842.03834107667,0.0,0.0,0,0
CUST_4688,60,Multi-Year,967.9800664100104,1,7.0,0,SMB,0,Loyal,7.0,1,58078.80398460062,0.01639344262295082,0.0,0,0
CUST_4689,35,Annual,3963.272798096472,0,15.0,0,Enterprise,0,Mid-Tenure,15.0,0,138714.5479333765,0.0,0.0,1,0
CUST_4690,69,Monthly,1940.5627231762005,1,7.0,0,SMB,0,Loyal,7.0,1,133898.82789915783,0.014285714285714285,0.0,0,1
CUST_4691,20,Annual,4282.216287870861,4,22.0,0,SMB,0,Mid-Tenure,22.0,4,85644.32575741723,0.19047619047619047,0.0,0,0
CUST_4692,39,Monthly,4245.734145721357,3,29.0,0,Enterprise,0,Loyal,29.0,3,165583.63168313293,0.075,0.0,1,1
CUST_4693,4,Monthly,3505.076567629564,6,12.0,0,Enterprise,0,New,12.0,6,14020.306270518256,1.2,0.0,1,1
CUST_4694,19,Monthly,3496.018115947897,4,25.0,15,SMB,0,Mid-Tenure,25.0,4,66424.34420301004,0.2,52.44027173921846,0,1
CUST_4695,45,Annual,3650.7186143291074,0,5.0,0,SMB,0,Loyal,5.0,0,164282.33764480983,0.0,0.0,0,0
CUST_4696,43,Monthly,3531.937255833985,2,0.0,0,SMB,0,Loyal,0.0,2,151873.30200086135,0.045454545454545456,0.0,0,1
CUST_4697,13,Multi-Year,2241.0876095795707,4,1.0,0,Enterprise,0,Mid-Tenure,1.0,4,29134.138924534418,0.2857142857142857,0.0,1,0
CUST_4698,13,Monthly,3572.7244005584566,2,6.0,0,Enterprise,0,Mid-Tenure,6.0,2,46445.41720725994,0.14285714285714285,0.0,1,1
CUST_4699,60,Monthly,4538.331361365614,1,12.0,5,SMB,0,Loyal,12.0,1,272299.8816819368,0.01639344262295082,22.691656806828068,0,1
CUST_4700,57,Monthly,1996.5807134448064,4,26.0,2,Enterprise,0,Loyal,26.0,4,113805.10066635396,0.06896551724137931,3.9931614268896127,1,1
CUST_4701,52,Monthly,4752.000617967291,0,3.0,2,Enterprise,0,Loyal,3.0,0,247104.03213429914,0.0,9.504001235934583,1,1
CUST_4702,53,Annual,561.1171455444638,5,8.0,5,SMB,0,Loyal,8.0,5,29739.208713856584,0.09259259259259259,2.805585727722319,0,0
CUST_4703,43,Monthly,2070.871422193567,3,18.0,5,SMB,0,Loyal,18.0,3,89047.47115432339,0.06818181818181818,10.354357110967834,0,1
CUST_4704,42,Monthly,1094.442807779331,2,19.0,0,SMB,0,Loyal,19.0,2,45966.5979267319,0.046511627906976744,0.0,0,1
CUST_4705,26,Monthly,1069.7892307026063,1,2.0,0,Enterprise,0,Mid-Tenure,2.0,1,27814.519998267766,0.037037037037037035,0.0,1,1
CUST_4706,23,Monthly,4169.432723052058,2,22.0,0,SMB,1,Mid-Tenure,22.0,2,95896.95263019732,0.08333333333333333,0.0,0,1
CUST_4707,43,Monthly,4632.657416375553,2,1.0,0,SMB,0,Loyal,1.0,2,199204.26890414878,0.045454545454545456,0.0,0,1
CUST_4708,28,Annual,3999.912144048435,2,15.0,0,SMB,1,Mid-Tenure,15.0,2,111997.54003335618,0.06896551724137931,0.0,0,0
CUST_4709,9,Annual,4894.770735466519,3,9.0,0,SMB,0,New,9.0,3,44052.93661919867,0.3,0.0,0,0
CUST_4710,20,Annual,1473.4803657482184,1,27.0,0,SMB,1,Mid-Tenure,27.0,1,29469.60731496437,0.047619047619047616,0.0,0,0
CUST_4711,56,Annual,1133.5996049436071,3,11.0,0,SMB,0,Loyal,11.0,3,63481.577876842,0.05263157894736842,0.0,0,0
CUST_4712,39,Annual,2843.167019178261,0,17.0,0,SMB,0,Loyal,17.0,0,110883.51374795218,0.0,0.0,0,0
CUST_4713,51,Multi-Year,4230.669266341781,5,1.0,0,SMB,0,Loyal,1.0,5,215764.13258343082,0.09615384615384616,0.0,0,0
CUST_4714,12,Monthly,679.2759087712686,1,13.0,2,SMB,0,New,13.0,1,8151.310905255224,0.07692307692307693,1.3585518175425373,0,1
CUST_4715,55,Monthly,4980.045474499469,2,11.0,0,SMB,0,Loyal,11.0,2,273902.50109747075,0.03571428571428571,0.0,0,1
CUST_4716,11,Monthly,3210.1066814239525,2,19.0,10,SMB,1,New,19.0,2,35311.173495663475,0.16666666666666666,32.10106681423952,0,1
CUST_4717,26,Monthly,4905.238154816198,1,23.0,2,SMB,0,Mid-Tenure,23.0,1,127536.19202522116,0.037037037037037035,9.810476309632397,0,1
CUST_4718,42,Monthly,2142.867349551996,3,23.0,0,SMB,1,Loyal,23.0,3,90000.42868118384,0.06976744186046512,0.0,0,1
CUST_4719,27,Annual,2561.107192401152,2,23.0,0,SMB,0,Mid-Tenure,23.0,2,69149.89419483111,0.07142857142857142,0.0,0,0
CUST_4720,11,Monthly,3885.6264907882646,5,7.0,0,SMB,0,New,7.0,5,42741.89139867091,0.4166666666666667,0.0,0,1
CUST_4721,38,Multi-Year,4067.152027525934,3,22.0,2,SMB,0,Loyal,22.0,3,154551.77704598548,0.07692307692307693,8.134304055051867,0,0
CUST_4722,43,Monthly,1548.6487400760811,1,21.0,0,SMB,0,Loyal,21.0,1,66591.8958232715,0.022727272727272728,0.0,0,1
CUST_4723,19,Monthly,4684.1048883847525,3,27.0,0,SMB,1,Mid-Tenure,27.0,3,88997.9928793103,0.15,0.0,0,1
CUST_4724,64,Multi-Year,4403.404048256279,2,6.0,0,SMB,0,Loyal,6.0,2,281817.85908840183,0.03076923076923077,0.0,0,0
CUST_4725,6,Multi-Year,581.9238639643936,2,12.0,0,SMB,0,New,12.0,2,3491.5431837863616,0.2857142857142857,0.0,0,0
CUST_4726,46,Monthly,1078.556476348324,3,14.0,10,SMB,1,Loyal,14.0,3,49613.5979120229,0.06382978723404255,10.785564763483238,0,1
CUST_4727,42,Annual,2732.436978831803,3,13.0,0,SMB,0,Loyal,13.0,3,114762.35311093573,0.06976744186046512,0.0,0,0
CUST_4728,65,Multi-Year,2574.299813509322,3,4.0,0,SMB,0,Loyal,4.0,3,167329.48787810595,0.045454545454545456,0.0,0,0
CUST_4729,59,Monthly,3687.758847656759,4,7.0,0,Enterprise,0,Loyal,7.0,4,217577.77201174878,0.06666666666666667,0.0,1,1
CUST_4730,52,Monthly,903.7011922386532,4,17.0,2,SMB,0,Loyal,17.0,4,46992.46199640997,0.07547169811320754,1.8074023844773064,0,1
CUST_4731,47,Multi-Year,3401.848880137069,4,4.0,2,SMB,0,Loyal,4.0,4,159886.89736644225,0.08333333333333333,6.803697760274138,0,0
CUST_4732,7,Annual,3273.6646901056206,3,22.0,0,Enterprise,0,New,22.0,3,22915.652830739346,0.375,0.0,1,0
CUST_4733,11,Monthly,1551.2881931511995,2,8.0,0,SMB,0,New,8.0,2,17064.170124663193,0.16666666666666666,0.0,0,1
CUST_4734,61,Annual,2940.772839207797,1,9.0,0,SMB,0,Loyal,9.0,1,179387.14319167563,0.016129032258064516,0.0,0,0
CUST_4735,68,Monthly,1499.932431481919,2,16.0,0,SMB,0,Loyal,16.0,2,101995.40534077049,0.028985507246376812,0.0,0,1
CUST_4736,25,Multi-Year,1161.1536219527284,3,26.0,10,SMB,0,Mid-Tenure,26.0,3,29028.84054881821,0.11538461538461539,11.611536219527283,0,0
CUST_4737,12,Monthly,3079.107205943317,2,24.0,0,SMB,0,New,24.0,2,36949.2864713198,0.15384615384615385,0.0,0,1
CUST_4738,26,Multi-Year,4898.634252352566,5,2.0,0,SMB,0,Mid-Tenure,2.0,5,127364.49056116672,0.18518518518518517,0.0,0,0
CUST_4739,12,Annual,1566.2000712728527,1,0.0,0,SMB,0,New,0.0,1,18794.40085527423,0.07692307692307693,0.0,0,0
CUST_4740,43,Monthly,2099.0126720981834,2,6.0,0,SMB,0,Loyal,6.0,2,90257.54490022188,0.045454545454545456,0.0,0,1
CUST_4741,51,Monthly,1654.5795169552102,4,14.0,0,SMB,0,Loyal,14.0,4,84383.55536471572,0.07692307692307693,0.0,0,1
CUST_4742,37,Annual,1699.0691974092265,4,18.0,0,Enterprise,0,Loyal,18.0,4,62865.56030414138,0.10526315789473684,0.0,1,0
CUST_4743,46,Multi-Year,2318.864603840063,1,7.0,0,SMB,0,Loyal,7.0,1,106667.7717766429,0.02127659574468085,0.0,0,0
CUST_4744,53,Monthly,3658.3497979277904,5,10.0,5,SMB,0,Loyal,10.0,5,193892.5392901729,0.09259259259259259,18.291748989638954,0,1
CUST_4745,13,Monthly,674.6203581392531,2,1.0,0,Enterprise,0,Mid-Tenure,1.0,2,8770.06465581029,0.14285714285714285,0.0,1,1
CUST_4746,54,Annual,4807.058880585021,4,19.0,0,Enterprise,0,Loyal,19.0,4,259581.17955159114,0.07272727272727272,0.0,1,0
CUST_4747,57,Annual,708.2594577016138,1,27.0,0,Enterprise,0,Loyal,27.0,1,40370.78908899199,0.017241379310344827,0.0,1,0
CUST_4748,4,Monthly,4465.639318750518,6,1.0,0,SMB,1,New,1.0,6,17862.557275002073,1.2,0.0,0,1
CUST_4749,49,Annual,4524.701444428995,0,10.0,0,Enterprise,0,Loyal,10.0,0,221710.37077702075,0.0,0.0,1,0
CUST_4750,7,Annual,2860.201344161854,6,19.0,0,SMB,0,New,19.0,6,20021.40940913298,0.75,0.0,0,0
CUST_4751,11,Monthly,1116.4857287853536,2,27.0,0,SMB,1,New,27.0,2,12281.34301663889,0.16666666666666666,0.0,0,1
CUST_4752,54,Monthly,3043.156867506247,0,16.0,0,Enterprise,0,Loyal,16.0,0,164330.47084533735,0.0,0.0,1,1
CUST_4753,45,Monthly,3328.844719562824,4,28.0,0,SMB,0,Loyal,28.0,4,149798.0123803271,0.08695652173913043,0.0,0,1
CUST_4754,23,Annual,4359.915310132001,4,9.0,0,SMB,0,Mid-Tenure,9.0,4,100278.05213303602,0.16666666666666666,0.0,0,0
CUST_4755,28,Annual,2979.029190963064,5,4.0,5,Enterprise,0,Mid-Tenure,4.0,5,83412.81734696579,0.1724137931034483,14.895145954815321,1,0
CUST_4756,57,Annual,2348.192281565022,4,2.0,0,SMB,0,Loyal,2.0,4,133846.96004920625,0.06896551724137931,0.0,0,0
CUST_4757,26,Monthly,4272.310372343512,3,8.0,0,SMB,1,Mid-Tenure,8.0,3,111080.06968093132,0.1111111111111111,0.0,0,1
CUST_4758,25,Monthly,4914.283088086785,1,19.0,0,SMB,0,Mid-Tenure,19.0,1,122857.07720216963,0.038461538461538464,0.0,0,1
CUST_4759,54,Multi-Year,3402.9644232107,3,21.0,0,SMB,0,Loyal,21.0,3,183760.07885337778,0.05454545454545454,0.0,0,0
CUST_4760,29,Monthly,4434.741667862643,1,24.0,2,SMB,1,Mid-Tenure,24.0,1,128607.50836801666,0.03333333333333333,8.869483335725286,0,1
CUST_4761,36,Annual,3194.308007730789,3,1.0,0,SMB,0,Mid-Tenure,1.0,3,114995.08827830841,0.08108108108108109,0.0,0,0
CUST_4762,14,Annual,3604.045961346376,2,22.0,0,SMB,0,Mid-Tenure,22.0,2,50456.64345884926,0.13333333333333333,0.0,0,0
CUST_4763,35,Monthly,3596.7520289701347,2,18.0,0,SMB,0,Mid-Tenure,18.0,2,125886.32101395472,0.05555555555555555,0.0,0,1
CUST_4764,30,Monthly,3671.541440781194,0,16.0,0,SMB,0,Mid-Tenure,16.0,0,110146.24322343583,0.0,0.0,0,1
CUST_4765,17,Monthly,1944.5604976788516,4,24.0,0,SMB,0,Mid-Tenure,24.0,4,33057.528460540474,0.2222222222222222,0.0,0,1
CUST_4766,67,Monthly,3090.476283222705,4,24.0,0,Enterprise,0,Loyal,24.0,4,207061.91097592126,0.058823529411764705,0.0,1,1
CUST_4767,30,Annual,3173.6101278820797,2,11.0,0,SMB,0,Mid-Tenure,11.0,2,95208.3038364624,0.06451612903225806,0.0,0,0
CUST_4768,45,Monthly,1917.822320209544,3,26.0,0,Enterprise,0,Loyal,26.0,3,86302.00440942947,0.06521739130434782,0.0,1,1
CUST_4769,51,Monthly,2074.3356546664863,1,19.0,10,Enterprise,0,Loyal,19.0,1,105791.1183879908,0.019230769230769232,20.743356546664867,1,1
CUST_4770,47,Annual,3930.110442575216,2,8.0,0,SMB,0,Loyal,8.0,2,184715.19080103515,0.041666666666666664,0.0,0,0
CUST_4771,53,Monthly,3122.257282777621,4,22.0,0,SMB,0,Loyal,22.0,4,165479.63598721393,0.07407407407407407,0.0,0,1
CUST_4772,64,Annual,1171.4501658342588,3,3.0,0,Enterprise,0,Loyal,3.0,3,74972.81061339256,0.046153846153846156,0.0,1,0
CUST_4773,38,Monthly,4269.366449072925,2,27.0,2,SMB,0,Loyal,27.0,2,162235.92506477115,0.05128205128205128,8.53873289814585,0,1
CUST_4774,64,Monthly,4474.014291834439,0,17.0,0,SMB,0,Loyal,17.0,0,286336.9146774041,0.0,0.0,0,1
CUST_4775,7,Monthly,2597.6351658101635,3,15.0,2,SMB,0,New,15.0,3,18183.446160671145,0.375,5.195270331620327,0,1
CUST_4776,22,Monthly,1440.0834441031711,5,28.0,0,SMB,0,Mid-Tenure,28.0,5,31681.835770269765,0.21739130434782608,0.0,0,1
CUST_4777,41,Multi-Year,4764.2292293220735,0,20.0,0,SMB,0,Loyal,20.0,0,195333.398402205,0.0,0.0,0,0
CUST_4778,10,Annual,4470.213040338093,4,23.0,2,SMB,0,New,23.0,4,44702.130403380936,0.36363636363636365,8.940426080676186,0,0
CUST_4779,57,Monthly,1599.7178585382733,2,9.0,5,SMB,0,Loyal,9.0,2,91183.91793668158,0.034482758620689655,7.998589292691366,0,1
CUST_4780,7,Monthly,930.1718133621384,2,25.0,0,SMB,0,New,25.0,2,6511.2026935349695,0.25,0.0,0,1
CUST_4781,50,Monthly,2482.9412339709806,2,21.0,0,Enterprise,0,Loyal,21.0,2,124147.06169854903,0.0392156862745098,0.0,1,1
CUST_4782,52,Monthly,3543.786439221828,2,11.0,0,SMB,0,Loyal,11.0,2,184276.89483953506,0.03773584905660377,0.0,0,1
CUST_4783,33,Monthly,1289.2486334897485,2,29.0,0,SMB,0,Mid-Tenure,29.0,2,42545.2049051617,0.058823529411764705,0.0,0,1
CUST_4784,1,Annual,2809.456962942866,3,27.0,5,SMB,0,New,27.0,3,2809.456962942866,1.5,14.047284814714331,0,0
CUST_4785,53,Multi-Year,2414.369724226325,2,10.0,0,SMB,0,Loyal,10.0,2,127961.59538399523,0.037037037037037035,0.0,0,0
CUST_4786,60,Monthly,4507.480169462595,4,4.0,0,SMB,0,Loyal,4.0,4,270448.8101677557,0.06557377049180328,0.0,0,1
CUST_4787,34,Annual,2433.0498476320786,0,19.0,0,Enterprise,0,Mid-Tenure,19.0,0,82723.69481949067,0.0,0.0,1,0
CUST_4788,4,Multi-Year,2901.9937718076694,0,10.0,0,Enterprise,1,New,10.0,0,11607.975087230678,0.0,0.0,1,0
CUST_4789,17,Monthly,4798.7878820082005,1,15.0,0,SMB,0,Mid-Tenure,15.0,1,81579.3939941394,0.05555555555555555,0.0,0,1
CUST_4790,4,Multi-Year,1848.6129464355408,1,14.0,0,SMB,0,New,14.0,1,7394.451785742163,0.2,0.0,0,0
CUST_4791,43,Annual,1800.459193738736,0,5.0,0,SMB,0,Loyal,5.0,0,77419.74533076565,0.0,0.0,0,0
CUST_4792,4,Monthly,4098.177859739192,2,12.0,2,SMB,0,New,12.0,2,16392.71143895677,0.4,8.196355719478385,0,1
CUST_4793,1,Multi-Year,1748.9254376478589,3,15.0,0,SMB,0,New,15.0,3,1748.9254376478589,1.5,0.0,0,0
CUST_4794,71,Monthly,4243.396415329422,2,26.0,0,SMB,0,Loyal,26.0,2,301281.14548838895,0.027777777777777776,0.0,0,1
CUST_4795,50,Monthly,929.9102421274024,2,2.0,0,SMB,1,Loyal,2.0,2,46495.51210637012,0.0392156862745098,0.0,0,1
CUST_4796,61,Annual,1000.675612892608,2,17.0,0,SMB,0,Loyal,17.0,2,61041.212386449086,0.03225806451612903,0.0,0,0
CUST_4797,35,Monthly,4555.9551837324725,2,0.0,0,SMB,0,Mid-Tenure,0.0,2,159458.43143063653,0.05555555555555555,0.0,0,1
CUST_4798,8,Monthly,2933.6552711709587,1,24.0,15,Enterprise,1,New,24.0,1,23469.24216936767,0.1111111111111111,44.00482906756438,1,1
CUST_4799,24,Monthly,3734.6642001240734,2,16.0,2,Enterprise,0,Mid-Tenure,16.0,2,89631.94080297777,0.08,7.469328400248147,1,1
CUST_4800,36,Annual,1513.8000133814494,2,26.0,2,Enterprise,0,Mid-Tenure,26.0,2,54496.80048173218,0.05405405405405406,3.0276000267628986,1,0
CUST_4801,50,Annual,1248.2346577194874,3,19.0,0,SMB,0,Loyal,19.0,3,62411.732885974365,0.058823529411764705,0.0,0,0
CUST_4802,43,Annual,4257.294180046881,5,5.0,2,SMB,0,Loyal,5.0,5,183063.64974201587,0.11363636363636363,8.51458836009376,0,0
CUST_4803,27,Multi-Year,2113.80533160462,1,8.0,0,SMB,0,Mid-Tenure,8.0,1,57072.74395332474,0.03571428571428571,0.0,0,0
CUST_4804,32,Monthly,2547.6467860489747,3,3.0,0,SMB,0,Mid-Tenure,3.0,3,81524.69715356719,0.09090909090909091,0.0,0,1
CUST_4805,18,Monthly,625.8735377391154,4,6.0,0,SMB,0,Mid-Tenure,6.0,4,11265.723679304076,0.21052631578947367,0.0,0,1
CUST_4806,28,Annual,2236.4633038683487,4,22.0,0,SMB,0,Mid-Tenure,22.0,4,62620.97250831376,0.13793103448275862,0.0,0,0
CUST_4807,29,Annual,3966.970136562403,2,28.0,0,SMB,0,Mid-Tenure,28.0,2,115042.13396030969,0.06666666666666667,0.0,0,0
CUST_4808,16,Monthly,4195.738297787762,3,29.0,0,Enterprise,0,Mid-Tenure,29.0,3,67131.8127646042,0.17647058823529413,0.0,1,1
CUST_4809,47,Monthly,3644.396549971438,1,21.0,0,SMB,0,Loyal,21.0,1,171286.63784865758,0.020833333333333332,0.0,0,1
CUST_4810,59,Multi-Year,3614.80880094684,3,24.0,0,SMB,0,Loyal,24.0,3,213273.71925586357,0.05,0.0,0,0
CUST_4811,31,Multi-Year,2778.0766996872107,3,10.0,0,SMB,0,Mid-Tenure,10.0,3,86120.37769030353,0.09375,0.0,0,0
CUST_4812,4,Annual,2922.4819816692034,4,25.0,10,SMB,0,New,25.0,4,11689.927926676814,0.8,29.224819816692033,0,0
CUST_4813,37,Monthly,3841.8428606591456,2,22.0,2,SMB,0,Loyal,22.0,2,142148.18584438838,0.05263157894736842,7.683685721318291,0,1
CUST_4814,17,Multi-Year,1612.8580947247528,2,2.0,0,Enterprise,0,Mid-Tenure,2.0,2,27418.5876103208,0.1111111111111111,0.0,1,0
CUST_4815,39,Multi-Year,1541.826807107252,4,15.0,0,SMB,0,Loyal,15.0,4,60131.245477182834,0.1,0.0,0,0
CUST_4816,48,Annual,4774.661707613246,3,5.0,0,Enterprise,0,Loyal,5.0,3,229183.7619654358,0.061224489795918366,0.0,1,0
CUST_4817,46,Multi-Year,624.6044904144892,2,6.0,0,SMB,0,Loyal,6.0,2,28731.806559066503,0.0425531914893617,0.0,0,0
CUST_4818,48,Multi-Year,1127.594586493317,3,11.0,10,SMB,0,Loyal,11.0,3,54124.54015167921,0.061224489795918366,11.275945864933169,0,0
CUST_4819,39,Multi-Year,3066.495917905616,0,6.0,0,Enterprise,0,Loyal,6.0,0,119593.34079831903,0.0,0.0,1,0
CUST_4820,4,Multi-Year,3820.256774142568,6,28.0,2,Enterprise,1,New,28.0,6,15281.027096570271,1.2,7.640513548285136,1,0
CUST_4821,30,Annual,2920.509873432553,4,21.0,2,Enterprise,0,Mid-Tenure,21.0,4,87615.29620297659,0.12903225806451613,5.841019746865106,1,0
CUST_4822,30,Annual,2097.787982741979,4,18.0,0,SMB,0,Mid-Tenure,18.0,4,62933.639482259365,0.12903225806451613,0.0,0,0
CUST_4823,22,Monthly,4900.892537088354,3,21.0,10,SMB,0,Mid-Tenure,21.0,3,107819.6358159438,0.13043478260869565,49.008925370883546,0,1
CUST_4824,66,Annual,3667.337083097806,0,15.0,0,SMB,0,Loyal,15.0,0,242044.2474844552,0.0,0.0,0,0
CUST_4825,12,Annual,4241.258784801856,3,17.0,0,SMB,0,New,17.0,3,50895.10541762227,0.23076923076923078,0.0,0,0
CUST_4826,36,Multi-Year,681.1109338469182,1,9.0,5,SMB,0,Mid-Tenure,9.0,1,24519.993618489054,0.02702702702702703,3.4055546692345913,0,0
CUST_4827,18,Monthly,1561.6404971302263,3,28.0,0,SMB,0,Mid-Tenure,28.0,3,28109.528948344072,0.15789473684210525,0.0,0,1
CUST_4828,53,Annual,2183.76992116211,1,0.0,0,Enterprise,0,Loyal,0.0,1,115739.80582159184,0.018518518518518517,0.0,1,0
CUST_4829,71,Monthly,1321.7062913702512,3,7.0,0,SMB,0,Loyal,7.0,3,93841.14668728784,0.041666666666666664,0.0,0,1
CUST_4830,1,Annual,828.0467271911624,2,2.0,2,SMB,0,New,2.0,2,828.0467271911624,1.0,1.656093454382325,0,0
CUST_4831,58,Annual,1512.912490676061,2,29.0,0,SMB,0,Loyal,29.0,2,87748.92445921154,0.03389830508474576,0.0,0,0
CUST_4832,6,Monthly,2901.360340566692,4,15.0,5,SMB,1,New,15.0,4,17408.162043400152,0.5714285714285714,14.506801702833458,0,1
CUST_4833,70,Annual,3630.853617605173,4,23.0,0,Enterprise,0,Loyal,23.0,4,254159.7532323621,0.056338028169014086,0.0,1,0
CUST_4834,44,Monthly,3983.094153342865,5,2.0,0,SMB,0,Loyal,2.0,5,175256.14274708607,0.1111111111111111,0.0,0,1
CUST_4835,24,Monthly,693.2126969047268,2,1.0,0,Enterprise,0,Mid-Tenure,1.0,2,16637.104725713445,0.08,0.0,1,1
CUST_4836,19,Annual,2425.93777495666,4,11.0,0,Enterprise,0,Mid-Tenure,11.0,4,46092.817724176544,0.2,0.0,1,0
CUST_4837,18,Monthly,1049.9521261341529,1,7.0,0,Enterprise,0,Mid-Tenure,7.0,1,18899.13827041475,0.05263157894736842,0.0,1,1
CUST_4838,30,Monthly,2440.401739001023,1,18.0,5,Enterprise,1,Mid-Tenure,18.0,1,73212.05217003069,0.03225806451612903,12.202008695005116,1,1
CUST_4839,42,Monthly,2452.891321041328,1,23.0,0,SMB,0,Loyal,23.0,1,103021.43548373577,0.023255813953488372,0.0,0,1
CUST_4840,33,Monthly,2741.952590205097,4,17.0,2,SMB,0,Mid-Tenure,17.0,4,90484.4354767682,0.11764705882352941,5.4839051804101935,0,1
CUST_4841,12,Annual,4517.737818184578,2,19.0,0,SMB,0,New,19.0,2,54212.853818214935,0.15384615384615385,0.0,0,0
CUST_4842,27,Monthly,4122.929761808402,2,24.0,0,SMB,0,Mid-Tenure,24.0,2,111319.10356882686,0.07142857142857142,0.0,0,1
CUST_4843,39,Multi-Year,3365.243803113763,0,14.0,0,Enterprise,0,Loyal,14.0,0,131244.50832143676,0.0,0.0,1,0
CUST_4844,9,Monthly,4484.332953200888,0,16.0,0,SMB,0,New,16.0,0,40358.99657880799,0.0,0.0,0,1
CUST_4845,21,Monthly,3553.108774270805,3,17.0,0,SMB,0,Mid-Tenure,17.0,3,74615.2842596869,0.13636363636363635,0.0,0,1
CUST_4846,29,Monthly,4184.847323433838,2,17.0,0,SMB,1,Mid-Tenure,17.0,2,121360.57237958131,0.06666666666666667,0.0,0,1
CUST_4847,33,Annual,3037.00235442857,1,8.0,2,SMB,0,Mid-Tenure,8.0,1,100221.0776961428,0.029411764705882353,6.07400470885714,0,0
CUST_4848,62,Annual,2863.482132339053,6,25.0,0,SMB,0,Loyal,25.0,6,177535.8922050213,0.09523809523809523,0.0,0,0
CUST_4849,15,Multi-Year,3758.437592475731,5,4.0,0,SMB,1,Mid-Tenure,4.0,5,56376.56388713596,0.3125,0.0,0,0
CUST_4850,2,Annual,588.6019038908798,4,10.0,5,SMB,0,New,10.0,4,1177.2038077817597,1.3333333333333333,2.943009519454399,0,0
CUST_4851,52,Monthly,3606.6990723414056,4,28.0,10,SMB,0,Loyal,28.0,4,187548.3517617531,0.07547169811320754,36.06699072341406,0,1
CUST_4852,44,Annual,4705.331982819641,2,3.0,5,SMB,0,Loyal,3.0,2,207034.6072440642,0.044444444444444446,23.526659914098204,0,0
CUST_4853,54,Multi-Year,3712.7393592203935,1,25.0,2,SMB,0,Loyal,25.0,1,200487.92539790124,0.01818181818181818,7.425478718440787,0,0
CUST_4854,18,Monthly,665.5717593374833,1,9.0,0,SMB,0,Mid-Tenure,9.0,1,11980.291668074698,0.05263157894736842,0.0,0,1
CUST_4855,3,Monthly,2200.485383477257,6,3.0,5,SMB,1,New,3.0,6,6601.456150431772,1.5,11.002426917386284,0,1
CUST_4856,7,Annual,4143.115860220787,4,22.0,2,Enterprise,0,New,22.0,4,29001.81102154551,0.5,8.286231720441574,1,0
CUST_4857,43,Monthly,4813.73847519989,6,2.0,10,SMB,1,Loyal,2.0,6,206990.75443359526,0.13636363636363635,48.1373847519989,0,1
CUST_4858,38,Multi-Year,2165.7351003636977,0,24.0,0,SMB,0,Loyal,24.0,0,82297.9338138205,0.0,0.0,0,0
CUST_4859,37,Monthly,4285.373251446086,0,15.0,5,Enterprise,1,Loyal,15.0,0,158558.8103035052,0.0,21.42686625723043,1,1
CUST_4860,58,Monthly,4387.144438856809,0,20.0,0,SMB,0,Loyal,20.0,0,254454.3774536949,0.0,0.0,0,1
CUST_4861,33,Multi-Year,1054.7887969672252,2,10.0,0,SMB,0,Mid-Tenure,10.0,2,34808.03029991843,0.058823529411764705,0.0,0,0
CUST_4862,59,Multi-Year,4306.048100234093,3,8.0,0,SMB,0,Loyal,8.0,3,254056.8379138115,0.05,0.0,0,0
CUST_4863,11,Monthly,1959.124530373768,4,0.0,5,SMB,1,New,0.0,4,21550.369834111447,0.3333333333333333,9.79562265186884,0,1
CUST_4864,68,Multi-Year,3169.569747044378,3,9.0,0,SMB,0,Loyal,9.0,3,215530.7427990177,0.043478260869565216,0.0,0,0
CUST_4865,68,Monthly,2925.3295371038944,0,11.0,15,SMB,0,Loyal,11.0,0,198922.4085230648,0.0,43.87994305655842,0,1
CUST_4866,22,Monthly,3483.742386812543,5,29.0,0,SMB,1,Mid-Tenure,29.0,5,76642.33250987594,0.21739130434782608,0.0,0,1
CUST_4867,66,Multi-Year,3832.090929251286,3,23.0,0,SMB,0,Loyal,23.0,3,252918.00133058487,0.04477611940298507,0.0,0,0
CUST_4868,44,Annual,2483.9649392836104,1,1.0,0,SMB,0,Loyal,1.0,1,109294.45732847886,0.022222222222222223,0.0,0,0
CUST_4869,6,Monthly,4497.398699671096,1,14.0,0,SMB,0,New,14.0,1,26984.39219802658,0.14285714285714285,0.0,0,1
CUST_4870,42,Monthly,4142.742897027026,1,29.0,0,SMB,0,Loyal,29.0,1,173995.2016751351,0.023255813953488372,0.0,0,1
CUST_4871,25,Annual,4034.394916915369,4,23.0,0,SMB,0,Mid-Tenure,23.0,4,100859.87292288423,0.15384615384615385,0.0,0,0
CUST_4872,57,Monthly,2562.110788704313,3,19.0,0,SMB,0,Loyal,19.0,3,146040.31495614586,0.05172413793103448,0.0,0,1
CUST_4873,55,Annual,669.0779863007457,2,15.0,0,SMB,0,Loyal,15.0,2,36799.28924654101,0.03571428571428571,0.0,0,0
CUST_4874,16,Annual,2715.15382870525,4,1.0,0,SMB,0,Mid-Tenure,1.0,4,43442.461259284,0.23529411764705882,0.0,0,0
CUST_4875,14,Monthly,4543.004903648824,3,12.0,5,SMB,0,Mid-Tenure,12.0,3,63602.068651083544,0.2,22.71502451824412,0,1
CUST_4876,39,Annual,1357.0257002338349,3,17.0,0,SMB,0,Loyal,17.0,3,52924.00230911956,0.075,0.0,0,0
CUST_4877,28,Multi-Year,4921.666124047645,0,28.0,0,SMB,0,Mid-Tenure,28.0,0,137806.65147333406,0.0,0.0,0,0
CUST_4878,51,Monthly,4134.607790059272,1,21.0,0,Enterprise,0,Loyal,21.0,1,210864.99729302287,0.019230769230769232,0.0,1,1
CUST_4879,49,Monthly,3694.234065269292,4,18.0,2,SMB,0,Loyal,18.0,4,181017.4691981953,0.08,7.388468130538584,0,1
CUST_4880,9,Monthly,3547.2198106504434,2,10.0,0,SMB,0,New,10.0,2,31924.97829585399,0.2,0.0,0,1
CUST_4881,58,Annual,3141.616468701932,2,13.0,0,SMB,0,Loyal,13.0,2,182213.75518471203,0.03389830508474576,0.0,0,0
CUST_4882,45,Multi-Year,3743.016454621094,0,29.0,0,SMB,0,Loyal,29.0,0,168435.74045794923,0.0,0.0,0,0
CUST_4883,22,Monthly,2398.5750029869423,2,25.0,10,SMB,0,Mid-Tenure,25.0,2,52768.65006571273,0.08695652173913043,23.985750029869422,0,1
CUST_4884,32,Monthly,4303.796486090583,3,2.0,0,Enterprise,0,Mid-Tenure,2.0,3,137721.48755489866,0.09090909090909091,0.0,1,1
CUST_4885,69,Monthly,3633.556802428764,1,8.0,0,SMB,0,Loyal,8.0,1,250715.41936758472,0.014285714285714285,0.0,0,1
CUST_4886,69,Annual,3970.6390057079702,4,4.0,0,Enterprise,0,Loyal,4.0,4,273974.0913938499,0.05714285714285714,0.0,1,0
CUST_4887,42,Monthly,4066.193399746908,3,13.0,10,SMB,0,Loyal,13.0,3,170780.12278937016,0.06976744186046512,40.661933997469085,0,1
CUST_4888,53,Multi-Year,914.3152056900616,4,6.0,0,SMB,0,Loyal,6.0,4,48458.70590157327,0.07407407407407407,0.0,0,0
CUST_4889,59,Monthly,750.3834770948207,2,11.0,0,Enterprise,0,Loyal,11.0,2,44272.62514859442,0.03333333333333333,0.0,1,1
CUST_4890,39,Annual,4104.436408181311,0,20.0,0,SMB,0,Loyal,20.0,0,160073.0199190711,0.0,0.0,0,0
CUST_4891,15,Annual,1667.228094672108,2,17.0,10,SMB,0,Mid-Tenure,17.0,2,25008.42142008162,0.125,16.67228094672108,0,0
CUST_4892,71,Annual,3118.8641338031643,1,10.0,2,SMB,0,Loyal,10.0,1,221439.35350002468,0.013888888888888888,6.237728267606329,0,0
CUST_4893,29,Monthly,2496.6988484854382,5,26.0,0,Enterprise,0,Mid-Tenure,26.0,5,72404.26660607771,0.16666666666666666,0.0,1,1
CUST_4894,3,Annual,599.176416504354,1,23.0,0,SMB,0,New,23.0,1,1797.529249513062,0.25,0.0,0,0
CUST_4895,10,Monthly,681.2656617482216,4,8.0,0,SMB,1,New,8.0,4,6812.6566174822165,0.36363636363636365,0.0,0,1
CUST_4896,29,Monthly,4222.06359025458,1,10.0,0,SMB,0,Mid-Tenure,10.0,1,122439.84411738282,0.03333333333333333,0.0,0,1
CUST_4897,35,Annual,3234.5490266992574,1,17.0,0,SMB,0,Mid-Tenure,17.0,1,113209.215934474,0.027777777777777776,0.0,0,0
CUST_4898,6,Annual,2857.293854315802,3,1.0,5,SMB,0,New,1.0,3,17143.763125894813,0.42857142857142855,14.28646927157901,0,0
CUST_4899,12,Monthly,4749.584375622876,1,19.0,0,SMB,0,New,19.0,1,56995.012507474516,0.07692307692307693,0.0,0,1
CUST_4900,38,Monthly,1279.017616679802,0,12.0,0,SMB,0,Loyal,12.0,0,48602.669433832474,0.0,0.0,0,1
CUST_4901,19,Multi-Year,1660.868778464593,1,14.0,10,Enterprise,1,Mid-Tenure,14.0,1,31556.50679082727,0.05,16.60868778464593,1,0
CUST_4902,67,Multi-Year,3905.325852060322,2,7.0,0,SMB,0,Loyal,7.0,2,261656.83208804158,0.029411764705882353,0.0,0,0
CUST_4903,8,Monthly,3988.5585258106826,6,4.0,2,Enterprise,1,New,4.0,6,31908.46820648546,0.6666666666666666,7.977117051621365,1,1
CUST_4904,8,Annual,2322.03738397624,2,4.0,0,SMB,0,New,4.0,2,18576.29907180992,0.2222222222222222,0.0,0,0
CUST_4905,47,Monthly,4779.40295589692,0,6.0,5,SMB,0,Loyal,6.0,0,224631.93892715522,0.0,23.897014779484596,0,1
CUST_4906,4,Annual,4722.145599718268,3,11.0,2,Enterprise,0,New,11.0,3,18888.582398873074,0.6,9.444291199436536,1,0
CUST_4907,51,Multi-Year,555.843717770718,4,19.0,2,SMB,0,Loyal,19.0,4,28348.029606306616,0.07692307692307693,1.111687435541436,0,0
CUST_4908,67,Monthly,1275.4755605332623,3,11.0,0,SMB,1,Loyal,11.0,3,85456.86255572857,0.04411764705882353,0.0,0,1
CUST_4909,45,Annual,4190.98748757742,2,8.0,0,SMB,0,Loyal,8.0,2,188594.43694098393,0.043478260869565216,0.0,0,0
CUST_4910,8,Monthly,2008.4750817170373,0,3.0,10,SMB,1,New,3.0,0,16067.800653736298,0.0,20.084750817170374,0,1
CUST_4911,16,Annual,929.5820541492278,3,7.0,0,Enterprise,0,Mid-Tenure,7.0,3,14873.312866387645,0.17647058823529413,0.0,1,0
CUST_4912,67,Annual,4032.496284906126,3,18.0,2,SMB,0,Loyal,18.0,3,270177.25108871044,0.04411764705882353,8.064992569812253,0,0
CUST_4913,9,Multi-Year,2545.6257750884424,8,21.0,0,Enterprise,0,New,21.0,8,22910.631975795983,0.8,0.0,1,0
CUST_4914,60,Monthly,2715.848540219173,2,0.0,0,Enterprise,0,Loyal,0.0,2,162950.9124131504,0.03278688524590164,0.0,1,1
CUST_4915,71,Monthly,1338.6622496727707,4,22.0,0,SMB,0,Loyal,22.0,4,95045.01972676672,0.05555555555555555,0.0,0,1
CUST_4916,15,Monthly,3474.027742725175,4,10.0,0,SMB,1,Mid-Tenure,10.0,4,52110.41614087763,0.25,0.0,0,1
CUST_4917,71,Multi-Year,2980.58593155178,1,22.0,15,SMB,0,Loyal,22.0,1,211621.60114017638,0.013888888888888888,44.7087889732767,0,0
CUST_4918,41,Annual,1430.0282200508411,3,12.0,5,SMB,0,Loyal,12.0,3,58631.15702208449,0.07142857142857142,7.1501411002542055,0,0
CUST_4919,22,Annual,2031.4917879764305,2,17.0,0,Enterprise,0,Mid-Tenure,17.0,2,44692.81933548147,0.08695652173913043,0.0,1,0
CUST_4920,24,Monthly,3185.956793012774,3,20.0,2,SMB,0,Mid-Tenure,20.0,3,76462.96303230658,0.12,6.371913586025548,0,1
CUST_4921,44,Multi-Year,4661.925149450345,0,19.0,0,SMB,0,Loyal,19.0,0,205124.7065758152,0.0,0.0,0,0
CUST_4922,1,Multi-Year,4641.6935764467125,1,9.0,2,SMB,0,New,9.0,1,4641.6935764467125,0.5,9.283387152893425,0,0
CUST_4923,10,Annual,1795.5765697886734,4,12.0,2,SMB,0,New,12.0,4,17955.765697886734,0.36363636363636365,3.591153139577347,0,0
CUST_4924,56,Monthly,3810.294399919482,3,24.0,0,SMB,0,Loyal,24.0,3,213376.486395491,0.05263157894736842,0.0,0,1
CUST_4925,50,Monthly,3989.835862357143,3,11.0,0,SMB,1,Loyal,11.0,3,199491.79311785716,0.058823529411764705,0.0,0,1
CUST_4926,12,Annual,4139.703949922577,2,12.0,0,SMB,0,New,12.0,2,49676.44739907092,0.15384615384615385,0.0,0,0
CUST_4927,60,Annual,3068.4302813816603,3,1.0,10,Enterprise,0,Loyal,1.0,3,184105.8168828996,0.04918032786885246,30.684302813816604,1,0
CUST_4928,26,Monthly,547.2859914481451,4,2.0,0,SMB,1,Mid-Tenure,2.0,4,14229.435777651772,0.14814814814814814,0.0,0,1
CUST_4929,41,Annual,3927.543284508119,7,28.0,5,SMB,0,Loyal,28.0,7,161029.2746648329,0.16666666666666666,19.637716422540596,0,0
CUST_4930,36,Monthly,979.6885242320752,2,16.0,2,SMB,0,Mid-Tenure,16.0,2,35268.78687235471,0.05405405405405406,1.9593770484641504,0,1
CUST_4931,23,Annual,1025.921237991808,4,25.0,0,SMB,0,Mid-Tenure,25.0,4,23596.188473811584,0.16666666666666666,0.0,0,0
CUST_4932,43,Annual,3225.311611907687,5,20.0,5,SMB,0,Loyal,20.0,5,138688.39931203055,0.11363636363636363,16.126558059538436,0,0
CUST_4933,6,Monthly,4925.842344613858,1,18.0,0,Enterprise,0,New,18.0,1,29555.054067683144,0.14285714285714285,0.0,1,1
CUST_4934,69,Annual,1591.4276296960993,2,11.0,0,SMB,0,Loyal,11.0,2,109808.50644903086,0.02857142857142857,0.0,0,0
CUST_4935,43,Monthly,3406.148960230434,1,15.0,2,SMB,0,Loyal,15.0,1,146464.40528990867,0.022727272727272728,6.8122979204608685,0,1
CUST_4936,25,Monthly,1866.4414058192049,3,19.0,0,SMB,0,Mid-Tenure,19.0,3,46661.03514548012,0.11538461538461539,0.0,0,1
CUST_4937,18,Multi-Year,4544.267511247384,3,19.0,0,SMB,0,Mid-Tenure,19.0,3,81796.81520245291,0.15789473684210525,0.0,0,0
CUST_4938,62,Monthly,3170.826014512388,3,21.0,0,SMB,1,Loyal,21.0,3,196591.21289976806,0.047619047619047616,0.0,0,1
CUST_4939,13,Monthly,1433.6479744541189,3,9.0,0,SMB,0,Mid-Tenure,9.0,3,18637.423667903546,0.21428571428571427,0.0,0,1
CUST_4940,43,Monthly,1679.5897270044272,1,22.0,10,SMB,0,Loyal,22.0,1,72222.35826119037,0.022727272727272728,16.79589727004427,0,1
CUST_4941,28,Monthly,2446.163286881544,3,22.0,10,Enterprise,0,Mid-Tenure,22.0,3,68492.57203268324,0.10344827586206896,24.46163286881544,1,1
CUST_4942,18,Monthly,1049.196029134157,2,14.0,0,SMB,0,Mid-Tenure,14.0,2,18885.528524414825,0.10526315789473684,0.0,0,1
CUST_4943,59,Monthly,854.3001571856674,4,29.0,0,SMB,0,Loyal,29.0,4,50403.70927395438,0.06666666666666667,0.0,0,1
CUST_4944,60,Annual,3560.2762808658026,1,26.0,2,Enterprise,0,Loyal,26.0,1,213616.57685194816,0.01639344262295082,7.120552561731605,1,0
CUST_4945,63,Monthly,2332.2427794010414,1,7.0,0,SMB,1,Loyal,7.0,1,146931.2951022656,0.015625,0.0,0,1
CUST_4946,57,Annual,3768.016063416247,2,18.0,0,SMB,0,Loyal,18.0,2,214776.91561472608,0.034482758620689655,0.0,0,0
CUST_4947,51,Monthly,995.2619019692968,2,4.0,2,SMB,0,Loyal,4.0,2,50758.35700043414,0.038461538461538464,1.9905238039385935,0,1
CUST_4948,56,Monthly,3244.394965554931,2,11.0,2,SMB,0,Loyal,11.0,2,181686.11807107614,0.03508771929824561,6.488789931109862,0,1
CUST_4949,27,Monthly,2494.880570163832,1,9.0,0,Enterprise,0,Mid-Tenure,9.0,1,67361.77539442347,0.03571428571428571,0.0,1,1
CUST_4950,32,Multi-Year,760.9939450566285,1,21.0,2,SMB,0,Mid-Tenure,21.0,1,24351.80624181211,0.030303030303030304,1.521987890113257,0,0
CUST_4951,9,Annual,2951.608902241896,0,13.0,0,SMB,0,New,13.0,0,26564.480120177064,0.0,0.0,0,0
CUST_4952,68,Annual,872.6192362154559,3,27.0,0,SMB,0,Loyal,27.0,3,59338.108062651,0.043478260869565216,0.0,0,0
CUST_4953,46,Monthly,4224.738865059537,0,21.0,0,SMB,0,Loyal,21.0,0,194337.98779273868,0.0,0.0,0,1
CUST_4954,67,Multi-Year,3343.8085942551297,0,11.0,0,SMB,0,Loyal,11.0,0,224035.17581509368,0.0,0.0,0,0
CUST_4955,26,Monthly,3006.353901922018,2,23.0,0,SMB,0,Mid-Tenure,23.0,2,78165.20144997246,0.07407407407407407,0.0,0,1
CUST_4956,8,Monthly,1100.6105201134656,2,12.0,2,SMB,0,New,12.0,2,8804.884160907724,0.2222222222222222,2.201221040226931,0,1
CUST_4957,6,Annual,1793.5570107683734,2,20.0,5,Enterprise,0,New,20.0,2,10761.34206461024,0.2857142857142857,8.967785053841867,1,0
CUST_4958,24,Monthly,2717.941537108847,2,20.0,0,SMB,0,Mid-Tenure,20.0,2,65230.59689061233,0.08,0.0,0,1
CUST_4959,48,Multi-Year,3349.775811378596,0,16.0,5,SMB,0,Loyal,16.0,0,160789.23894617258,0.0,16.74887905689298,0,0
CUST_4960,45,Monthly,1324.5382343397,1,0.0,0,SMB,0,Loyal,0.0,1,59604.2205452865,0.021739130434782608,0.0,0,1
CUST_4961,13,Multi-Year,539.8982516013052,1,21.0,0,SMB,0,Mid-Tenure,21.0,1,7018.677270816968,0.07142857142857142,0.0,0,0
CUST_4962,69,Annual,2051.42084271183,3,9.0,0,SMB,0,Loyal,9.0,3,141548.03814711628,0.04285714285714286,0.0,0,0
CUST_4963,25,Annual,2672.921545503096,2,25.0,0,Enterprise,0,Mid-Tenure,25.0,2,66823.0386375774,0.07692307692307693,0.0,1,0
CUST_4964,20,Monthly,1329.9507751856136,1,4.0,0,Enterprise,0,Mid-Tenure,4.0,1,26599.01550371227,0.047619047619047616,0.0,1,1
CUST_4965,66,Monthly,2714.744776348426,2,10.0,5,Enterprise,0,Loyal,10.0,2,179173.1552389961,0.029850746268656716,13.573723881742131,1,1
CUST_4966,45,Multi-Year,2023.1863635617087,1,9.0,0,SMB,0,Loyal,9.0,1,91043.3863602769,0.021739130434782608,0.0,0,0
CUST_4967,47,Monthly,2547.9034974788347,0,5.0,0,SMB,0,Loyal,5.0,0,119751.46438150523,0.0,0.0,0,1
CUST_4968,63,Annual,2063.559877603673,0,14.0,2,Enterprise,0,Loyal,14.0,0,130004.2722890314,0.0,4.127119755207346,1,0
CUST_4969,55,Multi-Year,3328.105324040601,2,8.0,0,Enterprise,0,Loyal,8.0,2,183045.79282223305,0.03571428571428571,0.0,1,0
CUST_4970,19,Monthly,693.0365494710726,5,7.0,0,SMB,0,Mid-Tenure,7.0,5,13167.69443995038,0.25,0.0,0,1
CUST_4971,35,Annual,1269.073804749231,4,22.0,0,Enterprise,0,Mid-Tenure,22.0,4,44417.583166223085,0.1111111111111111,0.0,1,0
CUST_4972,53,Annual,2447.378910999498,3,22.0,0,Enterprise,0,Loyal,22.0,3,129711.08228297341,0.05555555555555555,0.0,1,0
CUST_4973,26,Monthly,2103.3352199833557,3,5.0,2,SMB,0,Mid-Tenure,5.0,3,54686.71571956725,0.1111111111111111,4.206670439966712,0,1
CUST_4974,14,Monthly,2262.3438017921767,2,5.0,0,SMB,0,Mid-Tenure,5.0,2,31672.813225090475,0.13333333333333333,0.0,0,1
CUST_4975,45,Monthly,4116.923126962159,5,16.0,0,SMB,0,Loyal,16.0,5,185261.54071329714,0.10869565217391304,0.0,0,1
CUST_4976,44,Monthly,4488.492462113146,0,11.0,0,Enterprise,0,Loyal,11.0,0,197493.6683329784,0.0,0.0,1,1
CUST_4977,65,Annual,1619.009525739065,3,6.0,0,SMB,0,Loyal,6.0,3,105235.61917303923,0.045454545454545456,0.0,0,0
CUST_4978,51,Monthly,4263.759771288374,3,4.0,0,SMB,0,Loyal,4.0,3,217451.7483357071,0.057692307692307696,0.0,0,1
CUST_4979,43,Multi-Year,2564.5543938066103,6,15.0,0,SMB,0,Loyal,15.0,6,110275.83893368424,0.13636363636363635,0.0,0,0
CUST_4980,23,Monthly,1732.1927867879936,1,22.0,0,SMB,1,Mid-Tenure,22.0,1,39840.43409612385,0.041666666666666664,0.0,0,1
CUST_4981,56,Annual,4934.552319521053,1,5.0,0,SMB,0,Loyal,5.0,1,276334.9298931789,0.017543859649122806,0.0,0,0
CUST_4982,19,Annual,4211.608061453753,1,7.0,0,SMB,0,Mid-Tenure,7.0,1,80020.55316762131,0.05,0.0,0,0
CUST_4983,55,Monthly,4974.139935889412,4,2.0,10,Enterprise,1,Loyal,2.0,4,273577.6964739177,0.07142857142857142,49.74139935889412,1,1
CUST_4984,60,Monthly,1256.8585299271458,2,7.0,10,SMB,0,Loyal,7.0,2,75411.51179562874,0.03278688524590164,12.568585299271458,0,1
CUST_4985,59,Annual,1147.292032765364,4,28.0,0,Enterprise,0,Loyal,28.0,4,67690.22993315647,0.06666666666666667,0.0,1,0
CUST_4986,33,Multi-Year,2765.2007882490766,3,6.0,0,SMB,0,Mid-Tenure,6.0,3,91251.62601221952,0.08823529411764706,0.0,0,0
CUST_4987,19,Monthly,3373.896920155493,2,16.0,0,SMB,1,Mid-Tenure,16.0,2,64104.041482954366,0.1,0.0,0,1
CUST_4988,28,Monthly,1269.7704164000825,2,18.0,0,Enterprise,0,Mid-Tenure,18.0,2,35553.57165920231,0.06896551724137931,0.0,1,1
CUST_4989,52,Monthly,4371.938006398442,2,25.0,0,SMB,0,Loyal,25.0,2,227340.77633271896,0.03773584905660377,0.0,0,1
CUST_4990,49,Monthly,2894.060653985135,4,19.0,0,SMB,0,Loyal,19.0,4,141808.97204527163,0.08,0.0,0,1
CUST_4991,37,Annual,2349.2382494929134,0,13.0,2,SMB,0,Loyal,13.0,0,86921.8152312378,0.0,4.698476498985827,0,0
CUST_4992,26,Multi-Year,3209.241528171703,7,24.0,0,SMB,0,Mid-Tenure,24.0,7,83440.27973246427,0.25925925925925924,0.0,0,0
CUST_4993,40,Monthly,3357.2917083753014,4,27.0,10,SMB,1,Loyal,27.0,4,134291.66833501204,0.0975609756097561,33.57291708375301,0,1
CUST_4994,38,Multi-Year,692.5247644270736,2,5.0,0,SMB,0,Loyal,5.0,2,26315.941048228797,0.05128205128205128,0.0,0,0
CUST_4995,54,Monthly,4999.517000172722,3,6.0,0,SMB,0,Loyal,6.0,3,269973.91800932697,0.05454545454545454,0.0,0,1
CUST_4996,22,Annual,2137.63809562014,2,29.0,5,SMB,0,Mid-Tenure,29.0,2,47028.038103643084,0.08695652173913043,10.688190478100699,0,0
CUST_4997,16,Monthly,776.9419110945329,2,4.0,0,Enterprise,1,Mid-Tenure,4.0,2,12431.070577512526,0.11764705882352941,0.0,1,1
CUST_4998,28,Monthly,4335.4542864898185,2,18.0,10,SMB,1,Mid-Tenure,18.0,2,121392.72002171492,0.06896551724137931,43.354542864898185,0,1
CUST_4999,35,Monthly,4968.5840564554055,1,20.0,0,SMB,0,Mid-Tenure,20.0,1,173900.4419759392,0.027777777777777776,0.0,0,1
CUST_5000,60,Monthly,4173.613291472406,1,27.0,10,SMB,1,Loyal,27.0,1,250416.79748834434,0.01639344262295082,41.73613291472406,0,1
